TIME	EVENT	NODES
0.3342244987032609	O	n42
0.35793305376362283	S	n42;1;n45;2;n46;3
0.3938896002367926	I	n45;2
0.4066753845391696	E	n46;3
0.43048184675792817	E	n45;2
