TIME	EVENT	NODES
0.35878827474455083	O	n46
0.4066753845391696	E	n46;1
