TIME	EVENT	NODES
0.4471866435102851	O	n74
0.4956791982998115	E	n74;1
