TIME	EVENT	NODES
0.5452176374916144	O	n82
0.6049905299992304	E	n82;1
