TIME	EVENT	NODES
0.5794245045856066	O	n99
0.6633287276540377	E	n99;1
