TIME	EVENT	NODES
0.6798770347540717	O	n105
0.7109290296217277	E	n105;1
