TIME	EVENT	NODES
0.7035608627796316	O	n135
0.7099753554541903	E	n135;1
