TIME	EVENT	NODES
0.7459461145492953	O	n152
0.7869910465073588	E	n152;1
