TIME	EVENT	NODES
0.7924498190407041	O	n182
0.7978498612135019	E	n182;1
