TIME	EVENT	NODES
0.8100069731579114	O	n145
0.8813881991268552	E	n145;1
