TIME	EVENT	NODES
0.8520529758090551	O	n212
0.8601577711503859	S	n212;1;n227;2;n228;3
0.8974496054601573	E	n227;2
0.9814100407416381	E	n228;3
