TIME	EVENT	NODES
0.8805770088861421	O	n219
0.8825998228348834	S	n219;1;n231;2;n232;3
0.921954449245773	S	n231;2;n253;4;n254;5
0.9262180312867804	E	n232;3
0.9331189763794548	S	n253;4;n261;6;n262;7
0.9382537776095115	S	n254;5;n263;8;n264;9
0.9453738548637767	E	n263;8
0.9486013636009557	S	n261;6;n267;10;n268;11
0.9621233290640864	S	n262;7;n277;12;n278;13
0.9774128112905862	E	n264;9
0.983455035698425	E	n268;11
0.9838251299642106	E	n267;10
1.0	F	n278;13
1.0	F	n277;12
