TIME	EVENT	NODES
0.8819666333413809	O	n229
0.8843366822854161	E	n229;1
