TIME	EVENT	NODES
0.897480168955421	O	n231
0.921954449245773	S	n231;1;n253;2;n254;3
0.9331189763794548	S	n253;2;n261;4;n262;5
0.9382537776095115	S	n254;3;n263;6;n264;7
0.9453738548637767	E	n263;6
0.9486013636009557	S	n261;4;n267;8;n268;9
0.9621233290640864	S	n262;5;n277;10;n278;11
0.9774128112905862	E	n264;7
0.983455035698425	E	n268;9
0.9838251299642106	E	n267;8
1.0	F	n278;11
1.0	F	n277;10
