TIME	EVENT	NODES
0.9024596721096912	O	n235
0.905185808726317	E	n235;1
