TIME	EVENT	NODES
0.9105161482212554	O	n220
0.9598159582018603	S	n220;1;n273;2;n274;3
0.9689023525530531	S	n273;2;n279;4;n280;5
0.971640391490068	S	n279;4;n281;6;n282;7
0.9866315391651298	S	n282;7;n291;8;n292;9
0.993707679202344	S	n291;8;n299;10;n300;11
0.998644442566671	E	n281;6
1.0	F	n300;11
1.0	F	n280;5
1.0	F	n299;10
1.0	F	n274;3
1.0	F	n292;9
