TIME	EVENT	NODES
313.7004415529544	O	n192
316.27600896896894	E	n192;1
