TIME	EVENT	NODES
313.83458969737103	O	n218
327.1046107185982	E	n218;1
