TIME	EVENT	NODES
313.797734464191	O	n222
314.3193370741534	E	n222;1
