TIME	EVENT	NODES
313.8182779541393	O	n236
329.29324362247183	I	n236;1
331.02825248126715	E	n236;1
