TIME	EVENT	NODES
314.00165666496247	O	n230
366.02254983135435	I	n230;1
368.33285918754166	F	n230;1
