TIME	EVENT	NODES
1.2079969222669922	O	n1
12.049627919615546	E	n1;1
