TIME	EVENT	NODES
314.3509078492017	O	n170
349.99728144363627	I	n170;1
368.33285918754166	F	n170;1
