TIME	EVENT	NODES
1.234504020422259	O	n1
12.049627919615546	E	n1;1
