TIME	EVENT	NODES
314.25980400650786	O	n237
326.59708559788425	C	n237;1
333.32555224845487	I	n237;1
339.96246034945096	S	n237;1;n273;2;n274;3
342.2318908484911	L	n274;3
365.43190125744275	S	n273;2;n325;4;n326;5
368.33285918754166	F	n325;4
368.33285918754166	F	n326;5
