TIME	EVENT	NODES
314.4719702592393	O	n237
339.96246034945096	S	n237;1;n273;2;n274;3
353.6498839020948	L	n274;3
365.43190125744275	S	n273;2;n325;4;n326;5
368.33285918754166	F	n325;4
368.33285918754166	F	n326;5
