TIME	EVENT	NODES
314.37173572517884	O	n238
368.33285918754166	F	n238;1
