TIME	EVENT	NODES
314.73901734859027	O	n192
316.27600896896894	E	n192;1
