TIME	EVENT	NODES
314.6838756288453	O	n183
325.626682362174	I	n183;1
349.00530575206363	E	n183;1
