TIME	EVENT	NODES
314.98913366590335	O	n170
368.33285918754166	F	n170;1
