TIME	EVENT	NODES
314.84468040597056	O	n211
321.56036537375917	L	n211;1
