TIME	EVENT	NODES
1.9662493968371215	O	n1
12.049627919615546	E	n1;1
