TIME	EVENT	NODES
2.629255712107893	O	n1
12.049627919615546	E	n1;1
