TIME	EVENT	NODES
315.97434861789003	O	n236
331.02825248126715	E	n236;1
