TIME	EVENT	NODES
315.9545340507159	O	n203
318.9566040063278	S	n203;1;n241;2;n242;3
319.46754669552956	I	n241;2
335.6967060113735	S	n241;2;n261;4;n262;5
340.3911648246526	I	n261;4
350.53960376877336	S	n262;5;n293;6;n294;7
351.9720974793845	I	n293;6
357.5857405816071	I	n242;3
359.16454116420584	E	n261;4
362.7244982165096	I	n293;6
368.33285918754166	F	n293;6
368.33285918754166	F	n242;3
368.33285918754166	F	n294;7
