TIME	EVENT	NODES
2.9472165619338235	O	n1
12.049627919615546	E	n1;1
