TIME	EVENT	NODES
316.2455166981343	O	n221
333.2243139310976	I	n221;1
347.48764549536304	C	n221;1
368.33285918754166	F	n221;1
