TIME	EVENT	NODES
316.4251982878358	O	n181
326.9191915703628	E	n181;1
