TIME	EVENT	NODES
316.4232025339199	O	n212
362.8172342110032	C	n212;1
364.14479088522387	E	n212;1
