TIME	EVENT	NODES
3.3211963303686973	O	n4
6.0891450189117755	S	n4;1;n5;2;n6;3
22.209503324279204	I	n5;2
41.7308661144652	E	n6;3
65.79458869924449	S	n5;2;n11;4;n12;5
72.3989957087772	C	n11;4
72.64329710395097	I	n11;4
78.67196232775571	E	n11;4
80.59920766624008	E	n12;5
