TIME	EVENT	NODES
316.6147878416276	O	n183
349.00530575206363	E	n183;1
