TIME	EVENT	NODES
316.83362380509726	O	n211
323.451126983794	S	n211;1;n247;2;n248;3
326.9299560409181	S	n248;3;n249;4;n250;5
334.64198406508626	S	n249;4;n255;6;n256;7
338.51097831531484	S	n247;2;n269;8;n270;9
340.0233594756859	I	n269;8
343.82467045991694	C	n270;9
350.6693778737364	C	n269;8
351.3681074054671	E	n270;9
351.37042779145395	E	n255;6
356.5243775902817	S	n250;5;n303;10;n304;11
357.47824161345613	D	n269;8;n269;12;n269;13
359.43466135079467	S	n269;12;n307;14;n308;15
359.43466135079467	S	n269;13;n307;16;n308;17
363.55054535006326	I	n307;16
364.49514583717956	S	n304;11;n319;18;n320;19
365.0168302374957	S	n256;7;n323;20;n324;21
365.72534945671595	C	n307;14
368.1525611161385	S	n324;21;n331;22;n332;23
368.33285918754166	F	n307;16
368.33285918754166	F	n307;14
368.33285918754166	F	n303;10
368.33285918754166	F	n308;15
368.33285918754166	F	n308;17
368.33285918754166	F	n331;22
368.33285918754166	F	n323;20
368.33285918754166	F	n320;19
368.33285918754166	F	n332;23
368.33285918754166	F	n319;18
