TIME	EVENT	NODES
316.9127397301691	O	n181
326.9191915703628	E	n181;1
