TIME	EVENT	NODES
317.26675635312665	O	n225
324.7848548775896	E	n225;1
