TIME	EVENT	NODES
317.4185348887312	O	n218
327.1046107185982	E	n218;1
