TIME	EVENT	NODES
317.67721994510913	O	n203
318.6575202441293	I	n203;1
318.9566040063278	S	n203;1;n241;2;n242;3
327.36902734364156	T	n242;3;n242;4;n187;5
333.4126196802527	I	n242;4
335.1858972990282	L	n241;2
335.822040876782	I	n187;5
356.3119546325315	E	n187;5
368.33285918754166	F	n242;4
