TIME	EVENT	NODES
317.7091353560554	O	n234
341.15676117496884	I	n234;1
368.33285918754166	F	n234;1
