TIME	EVENT	NODES
317.7711232821315	O	n166
325.62016585225894	E	n166;1
