TIME	EVENT	NODES
317.87898437829625	O	n226
324.2601856628277	E	n226;1
