TIME	EVENT	NODES
317.8608320287316	O	n236
331.02825248126715	E	n236;1
