TIME	EVENT	NODES
318.1533224936167	O	n221
332.25249161547407	I	n221;1
366.209148907393	I	n221;1
368.33285918754166	F	n221;1
