TIME	EVENT	NODES
318.30932488387094	O	n236
319.9319030619593	I	n236;1
331.02825248126715	E	n236;1
