TIME	EVENT	NODES
318.5429703518504	O	n240
321.67181999645015	I	n240;1
348.6720819320871	E	n240;1
