TIME	EVENT	NODES
318.6451685636434	O	n238
320.3551688144806	I	n238;1
323.1713101597072	I	n238;1
364.17032890462986	I	n238;1
368.33285918754166	F	n238;1
