TIME	EVENT	NODES
318.5497910434024	O	n205
345.1748626462467	I	n205;1
353.9504502431209	I	n205;1
356.10359043255374	I	n205;1
363.72092949357767	S	n205;1;n313;2;n314;3
368.33285918754166	F	n314;3
368.33285918754166	F	n313;2
