TIME	EVENT	NODES
318.61615150327583	O	n225
324.7848548775896	E	n225;1
