TIME	EVENT	NODES
318.71837944925466	O	n239
320.14686286222064	I	n239;1
365.6675909654996	S	n239;1;n327;2;n328;3
368.33285918754166	F	n327;2
368.33285918754166	F	n328;3
