TIME	EVENT	NODES
318.68903879784784	O	n218
321.1602594810191	C	n218;1
327.1046107185982	E	n218;1
