TIME	EVENT	NODES
318.88761473782745	O	n236
320.41469603384525	I	n236;1
322.2176285273803	I	n236;1
331.02825248126715	E	n236;1
