TIME	EVENT	NODES
319.04974436699655	O	n215
319.2520186349729	I	n215;1
334.12578195886795	I	n215;1
334.6431933887997	I	n215;1
341.5385477573434	S	n215;1;n277;2;n278;3
351.9224747757006	I	n278;3
363.7179365725955	E	n277;2
368.33285918754166	F	n278;3
