TIME	EVENT	NODES
319.0195689578935	O	n231
335.14844581859495	S	n231;1;n259;2;n260;3
336.6597110011539	C	n260;3
343.6001046256249	T	n259;2;n259;4;n276;5
344.87623729018316	I	n276;5
348.7564267084988	E	n259;4
350.6247674253394	S	n276;5;n295;6;n296;7
355.8778505990836	S	n295;6;n301;8;n302;9
357.1757291726746	S	n301;8;n305;10;n306;11
360.66748199542366	E	n306;11
364.0086300239402	S	n305;10;n315;12;n316;13
364.8824680743981	S	n302;9;n321;14;n322;15
365.3354294195512	E	n260;3
366.13710343262716	C	n315;12
366.28617395488055	I	n315;12
368.33285918754166	F	n316;13
368.33285918754166	F	n322;15
368.33285918754166	F	n296;7
368.33285918754166	F	n321;14
368.33285918754166	F	n315;12
