TIME	EVENT	NODES
319.06398981049233	O	n235
321.78135305229097	E	n235;1
