TIME	EVENT	NODES
319.01444577528156	O	n229
329.10389502575026	I	n229;1
337.10932653973396	S	n229;1;n267;2;n268;3
338.76173538002763	C	n267;2
342.1368897672253	S	n267;2;n279;4;n280;5
346.5471506808192	S	n280;5;n285;6;n286;7
347.3589689447561	S	n268;3;n289;8;n290;9
353.58241279740776	I	n290;9
362.14507068748986	S	n289;8;n311;10;n312;11
362.93877184850265	E	n279;4
363.6662602641916	C	n286;7
365.46126665330166	L	n285;6
368.33285918754166	F	n286;7
368.33285918754166	F	n312;11
368.33285918754166	F	n311;10
368.33285918754166	F	n290;9
