TIME	EVENT	NODES
319.34373522261376	O	n225
324.7848548775896	E	n225;1
