TIME	EVENT	NODES
319.2955376394436	O	n235
321.78135305229097	E	n235;1
