TIME	EVENT	NODES
319.58695238640195	O	n238
368.33285918754166	F	n238;1
