TIME	EVENT	NODES
319.4889618598949	O	n238
348.8953942909868	T	n238;1;n238;2;n263;3
350.8980116251893	L	n238;2
365.0417268907298	E	n263;3
