TIME	EVENT	NODES
6.37015793616998	O	n5
33.44455665788241	L	n5;1
