TIME	EVENT	NODES
319.66023143888714	O	n234
328.86407514288106	I	n234;1
334.73552138579305	I	n234;1
368.33285918754166	F	n234;1
