TIME	EVENT	NODES
319.6152589805206	O	n242
327.45143223710494	I	n242;1
337.1864199298853	I	n242;1
368.33285918754166	F	n242;1
