TIME	EVENT	NODES
319.807958011669	O	n225
324.7848548775896	E	n225;1
