TIME	EVENT	NODES
319.81193636686356	O	n212
328.6922575626122	T	n212;1;n212;2;n240;3
329.49614869881907	I	n212;2
337.8184674811953	T	n212;2;n212;4;n228;5
342.3523845263514	S	n228;5;n281;6;n282;7
348.6720819320871	E	n240;3
351.75525017089205	C	n281;6
364.14479088522387	E	n212;4
368.33285918754166	F	n282;7
368.33285918754166	F	n281;6
