TIME	EVENT	NODES
6.384056885359122	O	n5
13.600394443362111	I	n5;1
18.59624714063327	L	n5;1
