TIME	EVENT	NODES
319.85212780721497	O	n226
324.2601856628277	E	n226;1
