TIME	EVENT	NODES
319.9054699358358	O	n218
327.1046107185982	E	n218;1
