TIME	EVENT	NODES
320.02019851454713	O	n228
320.33849483184713	T	n228;1;n228;2;n238;3
342.3523845263514	S	n228;2;n281;4;n282;5
348.63650742805805	I	n282;5
353.57427865668427	I	n282;5
368.33285918754166	F	n282;5
368.33285918754166	F	n281;4
368.33285918754166	F	n238;3
