TIME	EVENT	NODES
320.2747807917115	O	n230
352.16255934040265	C	n230;1
368.33285918754166	F	n230;1
