TIME	EVENT	NODES
320.2719358371357	O	n215
341.5385477573434	S	n215;1;n277;2;n278;3
342.8216680648467	I	n278;3
343.693943649857	I	n277;2
355.18942024603274	I	n277;2
355.3977337512351	I	n278;3
363.7179365725955	E	n277;2
368.33285918754166	F	n278;3
