TIME	EVENT	NODES
320.358942548055	O	n211
323.19347810724383	I	n211;1
323.451126983794	S	n211;1;n247;2;n248;3
326.9299560409181	S	n248;3;n249;4;n250;5
334.64198406508626	S	n249;4;n255;6;n256;7
334.6528259556815	I	n256;7
338.51097831531484	S	n247;2;n269;8;n270;9
343.5708610319073	T	n250;5;n250;10;n252;11
351.3681074054671	E	n270;9
351.37042779145395	E	n255;6
352.2740406563581	I	n256;7
355.0556808865474	I	n252;11
356.5243775902817	S	n250;10;n303;12;n304;13
359.43466135079467	S	n269;8;n307;14;n308;15
360.28718874899863	I	n252;11
362.6952339851356	I	n303;12
364.49514583717956	S	n304;13;n319;16;n320;17
365.0168302374957	S	n256;7;n323;18;n324;19
366.11053489386865	I	n320;17
368.1525611161385	S	n324;19;n331;20;n332;21
368.33285918754166	F	n307;14
368.33285918754166	F	n303;12
368.33285918754166	F	n308;15
368.33285918754166	F	n331;20
368.33285918754166	F	n323;18
368.33285918754166	F	n252;11
368.33285918754166	F	n320;17
368.33285918754166	F	n332;21
368.33285918754166	F	n319;16
