TIME	EVENT	NODES
320.3874864629941	O	n236
323.8455067807512	I	n236;1
331.02825248126715	E	n236;1
