TIME	EVENT	NODES
320.32128042630376	O	n234
366.7882306562053	I	n234;1
368.33285918754166	F	n234;1
