TIME	EVENT	NODES
320.39797783975877	O	n218
327.1046107185982	E	n218;1
