TIME	EVENT	NODES
320.4560736091595	O	n212
364.14479088522387	E	n212;1
