TIME	EVENT	NODES
6.633275626135582	O	n1
12.049627919615546	E	n1;1
