TIME	EVENT	NODES
320.6585756706125	O	n228
330.18388172570104	T	n228;1;n228;2;n183;3
342.3523845263514	S	n228;2;n281;4;n282;5
349.00530575206363	E	n183;3
357.8364528045946	L	n281;4
368.33285918754166	F	n282;5
