TIME	EVENT	NODES
320.8848151499104	O	n187
338.4065941512178	I	n187;1
356.3119546325315	E	n187;1
