TIME	EVENT	NODES
321.02214629199	O	n187
322.28227029770517	C	n187;1
333.08375381857013	I	n187;1
347.1408801255198	D	n187;1;n187;2;n187;3
356.3119546325315	E	n187;2
356.3119546325315	E	n187;3
