TIME	EVENT	NODES
320.9450378289029	O	n205
340.84527151486634	L	n205;1
