TIME	EVENT	NODES
321.0326295422197	O	n234
368.33285918754166	F	n234;1
