TIME	EVENT	NODES
321.06575000856316	O	n235
321.78135305229097	E	n235;1
