TIME	EVENT	NODES
6.994194208166287	O	n6
41.7308661144652	E	n6;1
