TIME	EVENT	NODES
321.30245453941205	O	n226
324.2601856628277	E	n226;1
