TIME	EVENT	NODES
321.6037327085709	O	n215
341.5385477573434	S	n215;1;n277;2;n278;3
363.7179365725955	E	n277;2
368.33285918754166	F	n278;3
