TIME	EVENT	NODES
321.7855420407667	O	n170
368.33285918754166	F	n170;1
