TIME	EVENT	NODES
321.7664342928261	O	n242
322.0219878916506	I	n242;1
329.52217279108385	I	n242;1
335.2181929265087	I	n242;1
351.98665208934887	I	n242;1
368.33285918754166	F	n242;1
