TIME	EVENT	NODES
321.70178313350755	O	n183
328.5523502778041	I	n183;1
341.22554160763457	I	n183;1
349.00530575206363	E	n183;1
