TIME	EVENT	NODES
322.0124722811739	O	n242
368.33285918754166	F	n242;1
