TIME	EVENT	NODES
322.0187073574642	O	n242
333.4126196802527	I	n242;1
368.33285918754166	F	n242;1
