TIME	EVENT	NODES
322.1383981638968	O	n239
328.40566187236226	I	n239;1
343.24057764806827	I	n239;1
365.6675909654996	S	n239;1;n327;2;n328;3
368.33285918754166	F	n327;2
368.33285918754166	F	n328;3
