TIME	EVENT	NODES
322.1640092335481	O	n225
324.7848548775896	E	n225;1
