TIME	EVENT	NODES
322.13029617306444	O	n223
327.68708843484586	S	n223;1;n251;2;n252;3
333.20742123084636	I	n252;3
334.9897297167016	S	n251;2;n257;4;n258;5
341.7085745399686	I	n258;5
344.02040770953147	S	n258;5;n283;6;n284;7
345.3738495103044	I	n283;6
346.5990500281604	S	n283;6;n287;8;n288;9
353.2274467652559	S	n284;7;n297;10;n298;11
353.4262085420484	I	n298;11
357.2868751441014	T	n252;3;n252;12;n273;13
365.43190125744275	S	n273;13;n325;14;n326;15
368.33285918754166	F	n287;8
368.33285918754166	F	n257;4
368.33285918754166	F	n288;9
368.33285918754166	F	n325;14
368.33285918754166	F	n326;15
368.33285918754166	F	n252;12
368.33285918754166	F	n297;10
368.33285918754166	F	n298;11
