TIME	EVENT	NODES
7.726947340853967	O	n5
11.441003896231868	I	n5;1
31.62433779796184	I	n5;1
65.79458869924449	S	n5;1;n11;2;n12;3
78.67196232775571	E	n11;2
80.59920766624008	E	n12;3
