TIME	EVENT	NODES
322.40578199672456	O	n183
327.33871626510125	T	n183;1;n183;2;n228;3
342.3523845263514	S	n228;3;n281;4;n282;5
349.00530575206363	E	n183;2
364.1974421113861	T	n282;5;n282;6;n260;7
365.3354294195512	E	n260;7
368.33285918754166	F	n282;6
368.33285918754166	F	n281;4
