TIME	EVENT	NODES
322.48509493118587	O	n240
348.6720819320871	E	n240;1
