TIME	EVENT	NODES
322.5208704393865	O	n244
368.33285918754166	F	n244;1
