TIME	EVENT	NODES
322.4167810596418	O	n187
356.3119546325315	E	n187;1
