TIME	EVENT	NODES
322.89026851751	O	n245
338.89935941368094	E	n245;1
