TIME	EVENT	NODES
323.021957751282	O	n244
368.33285918754166	F	n244;1
