TIME	EVENT	NODES
323.1826744497113	O	n236
331.02825248126715	E	n236;1
