TIME	EVENT	NODES
323.2996670398023	O	n238
368.33285918754166	F	n238;1
