TIME	EVENT	NODES
323.3076393354292	O	n230
328.2133597375522	C	n230;1
334.7026586801482	C	n230;1
345.08649500709276	I	n230;1
367.38182193948694	I	n230;1
368.33285918754166	F	n230;1
