TIME	EVENT	NODES
323.39959244434164	O	n236
331.02825248126715	E	n236;1
