TIME	EVENT	NODES
323.2735897504695	O	n166
325.62016585225894	E	n166;1
