TIME	EVENT	NODES
323.36474951143924	O	n245
332.57291552217157	I	n245;1
337.41869716857354	I	n245;1
338.89935941368094	E	n245;1
