TIME	EVENT	NODES
323.47782559321047	O	n205
345.1748626462467	I	n205;1
353.9504502431209	I	n205;1
356.7524499271363	T	n205;1;n205;2;n256;3
363.72092949357767	S	n205;2;n313;4;n314;5
365.0168302374957	S	n256;3;n323;6;n324;7
368.1525611161385	S	n324;7;n331;8;n332;9
368.33285918754166	F	n331;8
368.33285918754166	F	n323;6
368.33285918754166	F	n314;5
368.33285918754166	F	n332;9
368.33285918754166	F	n313;4
