TIME	EVENT	NODES
323.51554532446227	O	n242
368.33285918754166	F	n242;1
