TIME	EVENT	NODES
8.60554549947051	O	n6
41.7308661144652	E	n6;1
