TIME	EVENT	NODES
323.87137774858587	O	n231
335.14844581859495	S	n231;1;n259;2;n260;3
340.4919620665369	T	n260;3;n260;4;n274;5
342.16057802432397	L	n274;5
342.68221269286886	C	n260;4
345.0631094685167	L	n260;4
345.7715031759084	C	n259;2
348.7564267084988	E	n259;2
