TIME	EVENT	NODES
323.8692950518404	O	n183
349.00530575206363	E	n183;1
