TIME	EVENT	NODES
323.73079353768526	O	n187
356.3119546325315	E	n187;1
