TIME	EVENT	NODES
323.91250179512963	O	n244
368.33285918754166	F	n244;1
