TIME	EVENT	NODES
324.089624340994	O	n247
338.51097831531484	S	n247;1;n269;2;n270;3
351.3681074054671	E	n270;3
359.43466135079467	S	n269;2;n307;4;n308;5
364.8983215789612	C	n307;4
367.45621198914245	T	n307;4;n307;6;n303;7
368.33285918754166	F	n307;6
368.33285918754166	F	n303;7
368.33285918754166	F	n308;5
