TIME	EVENT	NODES
324.23076069672516	O	n187
324.2444127992295	L	n187;1
