TIME	EVENT	NODES
9.420749997092264	O	n5
16.245166068451066	I	n5;1
64.09437437778018	I	n5;1
65.79458869924449	S	n5;1;n11;2;n12;3
74.06156145222288	I	n12;3
74.8009767041303	I	n11;2
78.67196232775571	E	n11;2
80.59920766624008	E	n12;3
