TIME	EVENT	NODES
324.39465103558655	O	n237
339.96246034945096	S	n237;1;n273;2;n274;3
354.3594229455014	I	n273;2
355.7899662740194	E	n274;3
360.6422666073258	I	n273;2
365.43190125744275	S	n273;2;n325;4;n326;5
367.44313157788037	I	n325;4
368.33285918754166	F	n325;4
368.33285918754166	F	n326;5
