TIME	EVENT	NODES
324.4610709909774	O	n187
356.3119546325315	E	n187;1
