TIME	EVENT	NODES
324.75858148683056	O	n236
331.02825248126715	E	n236;1
