TIME	EVENT	NODES
324.98872883720566	O	n183
335.33749306322994	I	n183;1
349.00530575206363	E	n183;1
