TIME	EVENT	NODES
324.97892308830643	O	n215
341.5385477573434	S	n215;1;n277;2;n278;3
341.9988112836212	C	n278;3
343.4541015751296	C	n278;3
363.3175701402811	I	n277;2
363.7179365725955	E	n277;2
368.33285918754166	F	n278;3
