TIME	EVENT	NODES
324.9927979467786	O	n166
325.62016585225894	E	n166;1
