TIME	EVENT	NODES
325.6136414678096	O	n241
332.5026001423605	I	n241;1
335.6967060113735	S	n241;1;n261;2;n262;3
350.53960376877336	S	n262;3;n293;4;n294;5
359.0871959759253	C	n261;2
359.16454116420584	E	n261;2
361.5397957213917	L	n294;5
368.33285918754166	F	n293;4
