TIME	EVENT	NODES
10.076340590515212	O	n5
13.094923970681407	L	n5;1
