TIME	EVENT	NODES
325.6834542777002	O	n181
326.9191915703628	E	n181;1
