TIME	EVENT	NODES
325.6860709332255	O	n244
368.33285918754166	F	n244;1
