TIME	EVENT	NODES
10.16424988824923	O	n5
21.46399729995488	C	n5;1
65.79458869924449	S	n5;1;n11;2;n12;3
78.67196232775571	E	n11;2
80.59920766624008	E	n12;3
