TIME	EVENT	NODES
326.3481444787214	O	n183
342.84933856543773	C	n183;1
349.00530575206363	E	n183;1
