TIME	EVENT	NODES
326.45290025466016	O	n218
327.1046107185982	E	n218;1
