TIME	EVENT	NODES
326.3609282873702	O	n170
328.307386966194	L	n170;1
