TIME	EVENT	NODES
326.48165112995025	O	n170
366.2276009869937	I	n170;1
368.33285918754166	F	n170;1
