TIME	EVENT	NODES
326.4817433226194	O	n248
326.9299560409181	S	n248;1;n249;2;n250;3
334.64198406508626	S	n249;2;n255;4;n256;5
334.7541284059964	I	n256;5
351.37042779145395	E	n255;4
354.10798764238285	T	n250;3;n250;6;n244;7
356.5243775902817	S	n250;6;n303;8;n304;9
364.49514583717956	S	n304;9;n319;10;n320;11
365.0168302374957	S	n256;5;n323;12;n324;13
366.4086747722245	T	n319;10;n319;14;n257;15
368.1525611161385	S	n324;13;n331;16;n332;17
368.33285918754166	F	n303;8
368.33285918754166	F	n257;15
368.33285918754166	F	n331;16
368.33285918754166	F	n323;12
368.33285918754166	F	n244;7
368.33285918754166	F	n320;11
368.33285918754166	F	n332;17
368.33285918754166	F	n319;14
