TIME	EVENT	NODES
326.5835636530003	O	n187
331.8500708822202	I	n187;1
356.3119546325315	E	n187;1
