TIME	EVENT	NODES
326.533647173794	O	n245
338.89935941368094	E	n245;1
