TIME	EVENT	NODES
326.5899464093554	O	n237
332.2784532779352	I	n237;1
339.96246034945096	S	n237;1;n273;2;n274;3
355.7899662740194	E	n274;3
365.43190125744275	S	n273;2;n325;4;n326;5
368.33285918754166	F	n325;4
368.33285918754166	F	n326;5
