TIME	EVENT	NODES
326.7244998666802	O	n221
368.33285918754166	F	n221;1
