TIME	EVENT	NODES
326.77957919775827	O	n221
331.6933454148605	I	n221;1
368.33285918754166	F	n221;1
