TIME	EVENT	NODES
327.03295012148874	O	n236
331.02825248126715	E	n236;1
