TIME	EVENT	NODES
10.88028334223529	O	n1
12.049627919615546	E	n1;1
