TIME	EVENT	NODES
327.09236280014505	O	n234
368.33285918754166	F	n234;1
