TIME	EVENT	NODES
327.1197806516876	O	n242
345.67284508848206	I	n242;1
364.30897272570144	I	n242;1
368.33285918754166	F	n242;1
