TIME	EVENT	NODES
327.10710482740507	O	n244
350.26948367359995	I	n244;1
358.428897058889	I	n244;1
368.33285918754166	F	n244;1
