TIME	EVENT	NODES
327.1359473901025	O	n231
335.14844581859495	S	n231;1;n259;2;n260;3
348.7564267084988	E	n259;2
351.1415742892509	I	n260;3
353.5214167632681	C	n260;3
362.29665565121337	I	n260;3
365.3354294195512	E	n260;3
