TIME	EVENT	NODES
327.08038003825226	O	n221
331.1126709654438	I	n221;1
357.26258960906495	L	n221;1
