TIME	EVENT	NODES
11.141551752832362	O	n6
26.102212126513024	L	n6;1
