TIME	EVENT	NODES
327.5802155295817	O	n244
368.33285918754166	F	n244;1
