TIME	EVENT	NODES
327.61801141173544	O	n221
353.1364991691652	L	n221;1
