TIME	EVENT	NODES
327.9211895472703	O	n228
337.13373927715503	C	n228;1
342.3523845263514	S	n228;1;n281;2;n282;3
344.08516961546707	I	n282;3
368.33285918754166	F	n282;3
368.33285918754166	F	n281;2
