TIME	EVENT	NODES
327.94248157103357	O	n212
361.1853681117364	I	n212;1
364.14479088522387	E	n212;1
