TIME	EVENT	NODES
328.2080541087315	O	n221
331.1126709654438	I	n221;1
352.13338953220676	L	n221;1
