TIME	EVENT	NODES
328.4041046995705	O	n244
368.33285918754166	F	n244;1
