TIME	EVENT	NODES
328.3300583639644	O	n221
368.33285918754166	F	n221;1
