TIME	EVENT	NODES
328.4258930557771	O	n170
368.33285918754166	F	n170;1
