TIME	EVENT	NODES
328.41075507599373	O	n245
338.89935941368094	E	n245;1
