TIME	EVENT	NODES
328.77630751946003	O	n228
339.15758412012457	I	n228;1
342.3523845263514	S	n228;1;n281;2;n282;3
343.6008953189923	I	n281;2
358.1019261902247	I	n282;3
368.33285918754166	F	n282;3
368.33285918754166	F	n281;2
