TIME	EVENT	NODES
329.0313254243552	O	n221
368.33285918754166	F	n221;1
