TIME	EVENT	NODES
329.099322076716	O	n183
349.00530575206363	E	n183;1
