TIME	EVENT	NODES
329.29775726082556	O	n221
368.33285918754166	F	n221;1
