TIME	EVENT	NODES
329.3695590648179	O	n247
338.51097831531484	S	n247;1;n269;2;n270;3
351.3681074054671	E	n270;3
355.8472465832166	T	n269;2;n269;4;n234;5
358.15122054199577	T	n269;4;n269;6;n242;7
359.43466135079467	S	n269;6;n307;8;n308;9
366.7882306562053	I	n234;5
368.33285918754166	F	n307;8
368.33285918754166	F	n242;7
368.33285918754166	F	n308;9
368.33285918754166	F	n234;5
