TIME	EVENT	NODES
329.57345859003686	O	n236
331.02825248126715	E	n236;1
