TIME	EVENT	NODES
329.5658723630637	O	n245
334.1345873322853	L	n245;1
