TIME	EVENT	NODES
329.5526649797681	O	n242
368.33285918754166	F	n242;1
