TIME	EVENT	NODES
329.7009225920029	O	n170
368.33285918754166	F	n170;1
