TIME	EVENT	NODES
329.6993610093563	O	n238
331.5651094110081	I	n238;1
349.35664243273163	C	n238;1
368.33285918754166	F	n238;1
