TIME	EVENT	NODES
329.6642607423393	O	n183
349.00530575206363	E	n183;1
