TIME	EVENT	NODES
330.0150438542564	O	n234
336.72505210805224	I	n234;1
347.2822820908067	I	n234;1
368.33285918754166	F	n234;1
