TIME	EVENT	NODES
13.2761746518556	O	n6
41.7308661144652	E	n6;1
