TIME	EVENT	NODES
13.453033954836364	O	n6
41.7308661144652	E	n6;1
