TIME	EVENT	NODES
330.4396712391556	O	n228
342.3523845263514	S	n228;1;n281;2;n282;3
368.33285918754166	F	n282;3
368.33285918754166	F	n281;2
