TIME	EVENT	NODES
330.4306219225258	O	n215
341.5385477573434	S	n215;1;n277;2;n278;3
343.693943649857	I	n277;2
345.8681909845052	I	n277;2
349.8310258079853	C	n277;2
354.9060143103699	C	n277;2
355.3977337512351	I	n278;3
358.7419256124301	I	n277;2
363.7179365725955	E	n277;2
368.33285918754166	F	n278;3
