TIME	EVENT	NODES
330.9079140537072	O	n230
349.520227337875	I	n230;1
358.02355224812567	L	n230;1
