TIME	EVENT	NODES
331.03452904510976	O	n239
340.55911664297986	I	n239;1
364.79215553309297	I	n239;1
365.6675909654996	S	n239;1;n327;2;n328;3
368.33285918754166	F	n327;2
368.33285918754166	F	n328;3
