TIME	EVENT	NODES
331.12310881117065	O	n240
348.6720819320871	E	n240;1
