TIME	EVENT	NODES
331.31579706092884	O	n212
364.14479088522387	E	n212;1
