TIME	EVENT	NODES
331.43900332694994	O	n239
336.0428329172861	I	n239;1
365.6675909654996	S	n239;1;n327;2;n328;3
368.33285918754166	F	n327;2
368.33285918754166	F	n328;3
