TIME	EVENT	NODES
331.67994351372636	O	n221
333.3268767710134	I	n221;1
368.33285918754166	F	n221;1
