TIME	EVENT	NODES
331.83178232510176	O	n221
340.11353634385534	I	n221;1
368.33285918754166	F	n221;1
