TIME	EVENT	NODES
331.94292636833353	O	n212
362.8172342110032	C	n212;1
364.14479088522387	E	n212;1
