TIME	EVENT	NODES
332.3428938238493	O	n221
368.33285918754166	F	n221;1
