TIME	EVENT	NODES
332.45702374832035	O	n238
359.57685535189745	D	n238;1;n238;2;n238;3
368.33285918754166	F	n238;2
368.33285918754166	F	n238;3
