TIME	EVENT	NODES
332.679824526771	O	n212
352.55350323008355	L	n212;1
