TIME	EVENT	NODES
332.8926389811327	O	n245
338.89935941368094	E	n245;1
