TIME	EVENT	NODES
332.8046385117821	O	n239
359.5769323947232	L	n239;1
