TIME	EVENT	NODES
333.0483357756537	O	n234
341.5597886843061	I	n234;1
368.33285918754166	F	n234;1
