TIME	EVENT	NODES
333.0336424552732	O	n252
360.7716002088989	I	n252;1
368.33285918754166	F	n252;1
