TIME	EVENT	NODES
333.2164800170894	O	n205
342.36324756670217	I	n205;1
356.26234207766583	I	n205;1
363.72092949357767	S	n205;1;n313;2;n314;3
368.33285918754166	F	n314;3
368.33285918754166	F	n313;2
