TIME	EVENT	NODES
333.20881572217576	O	n240
348.6720819320871	E	n240;1
