TIME	EVENT	NODES
333.2595518221814	O	n183
339.3757785404551	I	n183;1
349.00530575206363	E	n183;1
