TIME	EVENT	NODES
333.52463972881696	O	n187
356.3119546325315	E	n187;1
