TIME	EVENT	NODES
333.6048522070082	O	n237
339.96246034945096	S	n237;1;n273;2;n274;3
346.99624664416984	T	n273;2;n273;4;n238;5
355.7899662740194	E	n274;3
365.43190125744275	S	n273;4;n325;6;n326;7
368.33285918754166	F	n325;6
368.33285918754166	F	n326;7
368.33285918754166	F	n238;5
