TIME	EVENT	NODES
18.208788588777697	O	n6
41.7308661144652	E	n6;1
