TIME	EVENT	NODES
334.2123199052986	O	n239
365.6675909654996	S	n239;1;n327;2;n328;3
366.69370643526895	C	n328;3
368.33285918754166	F	n327;2
368.33285918754166	F	n328;3
