TIME	EVENT	NODES
334.18487784409166	O	n253
335.56914169881117	I	n253;1
345.71198993976384	E	n253;1
