TIME	EVENT	NODES
334.46715031237017	O	n240
338.75335734748364	D	n240;1;n240;2;n240;3
348.6720819320871	E	n240;2
348.6720819320871	E	n240;3
