TIME	EVENT	NODES
334.604591039351	O	n251
334.9897297167016	S	n251;1;n257;2;n258;3
336.5482940853122	I	n258;3
344.02040770953147	S	n258;3;n283;4;n284;5
346.5990500281604	S	n283;4;n287;6;n288;7
352.5594787226948	D	n257;2;n257;8;n257;9
353.2274467652559	S	n284;5;n297;10;n298;11
368.33285918754166	F	n287;6
368.33285918754166	F	n257;8
368.33285918754166	F	n257;9
368.33285918754166	F	n288;7
368.33285918754166	F	n297;10
368.33285918754166	F	n298;11
