TIME	EVENT	NODES
18.756136089149003	O	n6
41.7308661144652	E	n6;1
