TIME	EVENT	NODES
334.8983862706348	O	n240
345.2842480503443	I	n240;1
348.6720819320871	E	n240;1
