TIME	EVENT	NODES
334.7221832302683	O	n245
334.78985031979914	C	n245;1
338.89935941368094	E	n245;1
