TIME	EVENT	NODES
335.0790963772806	O	n238
368.33285918754166	F	n238;1
