TIME	EVENT	NODES
335.09728456904196	O	n240
335.9808152324455	I	n240;1
348.6720819320871	E	n240;1
