TIME	EVENT	NODES
335.2821969286944	O	n242
368.33285918754166	F	n242;1
