TIME	EVENT	NODES
335.24305896789895	O	n183
342.47328190227523	I	n183;1
349.00530575206363	E	n183;1
