TIME	EVENT	NODES
335.2813919963497	O	n240
348.6720819320871	E	n240;1
