TIME	EVENT	NODES
335.52207951193907	O	n257
368.33285918754166	F	n257;1
