TIME	EVENT	NODES
335.5804080245673	O	n240
348.6720819320871	E	n240;1
