TIME	EVENT	NODES
335.6744821232397	O	n244
339.7182399727587	I	n244;1
368.33285918754166	F	n244;1
