TIME	EVENT	NODES
335.95272449907895	O	n230
368.33285918754166	F	n230;1
