TIME	EVENT	NODES
336.158084686754	O	n240
339.39871077062554	I	n240;1
344.3953555923527	C	n240;1
348.6720819320871	E	n240;1
