TIME	EVENT	NODES
335.99128678306556	O	n205
358.3633397875162	I	n205;1
363.72092949357767	S	n205;1;n313;2;n314;3
366.9675481722017	C	n314;3
368.33285918754166	F	n314;3
368.33285918754166	F	n313;2
