TIME	EVENT	NODES
21.124110006777954	O	n6
41.7308661144652	E	n6;1
