TIME	EVENT	NODES
336.05545268344974	O	n170
368.33285918754166	F	n170;1
