TIME	EVENT	NODES
336.20763507851115	O	n228
342.3523845263514	S	n228;1;n281;2;n282;3
352.32944441421955	I	n282;3
355.68964542018165	I	n282;3
367.9231586597616	I	n281;2
368.33285918754166	F	n282;3
368.33285918754166	F	n281;2
