TIME	EVENT	NODES
336.36075191409805	O	n266
337.9466629699342	E	n266;1
