TIME	EVENT	NODES
21.357876822893328	O	n5
28.90500321874531	I	n5;1
30.517632699414744	L	n5;1
