TIME	EVENT	NODES
336.5318728669034	O	n262
349.3502873156924	C	n262;1
350.53960376877336	S	n262;1;n293;2;n294;3
368.33285918754166	F	n293;2
368.33285918754166	F	n294;3
