TIME	EVENT	NODES
336.5455365626681	O	n230
368.33285918754166	F	n230;1
