TIME	EVENT	NODES
336.77977612725573	O	n259
338.9366383764748	I	n259;1
348.7564267084988	E	n259;1
