TIME	EVENT	NODES
337.00979120399677	O	n212
356.3039154050554	L	n212;1
