TIME	EVENT	NODES
336.9431456033766	O	n255
351.37042779145395	E	n255;1
