TIME	EVENT	NODES
336.91693895381457	O	n266
337.9466629699342	E	n266;1
