TIME	EVENT	NODES
337.2519884128961	O	n183
341.22554160763457	I	n183;1
349.00530575206363	E	n183;1
