TIME	EVENT	NODES
337.2243668490488	O	n234
368.33285918754166	F	n234;1
