TIME	EVENT	NODES
22.262678164520302	O	n5
26.82659839241574	I	n5;1
30.33194634613029	C	n5;1
65.79458869924449	S	n5;1;n11;2;n12;3
76.60076695800359	I	n11;2
78.67196232775571	E	n11;2
80.59920766624008	E	n12;3
