TIME	EVENT	NODES
337.4063088411995	O	n245
338.89935941368094	E	n245;1
