TIME	EVENT	NODES
337.31517581753616	O	n242
363.7098275545476	I	n242;1
368.33285918754166	F	n242;1
