TIME	EVENT	NODES
22.40997909668432	O	n6
30.127225903326455	I	n6;1
41.7308661144652	E	n6;1
