TIME	EVENT	NODES
337.6636147993687	O	n266
337.9466629699342	E	n266;1
