TIME	EVENT	NODES
338.0497726980982	O	n238
345.77504785070226	T	n238;1;n238;2;n255;3
351.37042779145395	E	n255;3
368.33285918754166	F	n238;2
