TIME	EVENT	NODES
338.049902108153	O	n205
339.7658923254064	I	n205;1
357.42578338096706	L	n205;1
