TIME	EVENT	NODES
338.1028771335374	O	n253
345.71198993976384	E	n253;1
