TIME	EVENT	NODES
338.2393705227054	O	n238
368.33285918754166	F	n238;1
