TIME	EVENT	NODES
338.9610472897574	O	n259
348.7564267084988	E	n259;1
