TIME	EVENT	NODES
338.8919136041285	O	n264
339.658731161582	S	n264;1;n271;2;n272;3
343.87106562833486	L	n272;3
368.33285918754166	F	n271;2
