TIME	EVENT	NODES
338.9893483846458	O	n260
365.3354294195512	E	n260;1
