TIME	EVENT	NODES
339.1071423656472	O	n230
368.33285918754166	F	n230;1
