TIME	EVENT	NODES
339.19824703540104	O	n230
368.33285918754166	F	n230;1
