TIME	EVENT	NODES
339.2003929720684	O	n183
349.00530575206363	E	n183;1
