TIME	EVENT	NODES
24.282900676754984	O	n5
39.726842499121034	C	n5;1
65.79458869924449	S	n5;1;n11;2;n12;3
77.51276002413223	D	n12;3;n12;4;n12;5
78.67196232775571	E	n11;2
80.59920766624008	E	n12;4
80.59920766624008	E	n12;5
