TIME	EVENT	NODES
339.39452261799454	O	n228
341.2567276933019	L	n228;1
