TIME	EVENT	NODES
339.45390092919945	O	n262
340.8733143793077	C	n262;1
350.53960376877336	S	n262;1;n293;2;n294;3
361.747642407419	C	n294;3
364.35284617055726	I	n293;2
368.33285918754166	F	n293;2
368.33285918754166	F	n294;3
