TIME	EVENT	NODES
339.3920436123956	O	n238
345.2000476492082	L	n238;1
