TIME	EVENT	NODES
339.7492457499323	O	n262
350.53960376877336	S	n262;1;n293;2;n294;3
356.61493375697324	I	n294;3
368.33285918754166	F	n293;2
368.33285918754166	F	n294;3
