TIME	EVENT	NODES
25.21379839463181	O	n6
41.7308661144652	E	n6;1
