TIME	EVENT	NODES
339.9544230306632	O	n238
355.7015699983063	I	n238;1
368.33285918754166	F	n238;1
