TIME	EVENT	NODES
340.1396126283746	O	n260
345.8359588057385	I	n260;1
365.3354294195512	E	n260;1
