TIME	EVENT	NODES
340.15232063172783	O	n244
350.6277986983726	L	n244;1
