TIME	EVENT	NODES
340.2520663933231	O	n250
341.80975842684654	I	n250;1
355.8092103222733	L	n250;1
