TIME	EVENT	NODES
340.2549256873203	O	n261
359.16454116420584	E	n261;1
