TIME	EVENT	NODES
340.22542798933415	O	n170
359.289928459828	L	n170;1
