TIME	EVENT	NODES
340.2588732506716	O	n271
368.33285918754166	F	n271;1
