TIME	EVENT	NODES
340.32915335985876	O	n221
355.14624857943664	I	n221;1
368.33285918754166	F	n221;1
