TIME	EVENT	NODES
340.4118453553563	O	n228
342.3523845263514	S	n228;1;n281;2;n282;3
352.1222727624795	I	n282;3
359.22174006908926	T	n282;3;n282;4;n256;5
365.0168302374957	S	n256;5;n323;6;n324;7
368.1525611161385	S	n324;7;n331;8;n332;9
368.33285918754166	F	n282;4
368.33285918754166	F	n331;8
368.33285918754166	F	n323;6
368.33285918754166	F	n281;2
368.33285918754166	F	n332;9
