TIME	EVENT	NODES
340.41687511028596	O	n255
348.5174318075804	T	n255;1;n255;2;n270;3
351.3681074054671	E	n270;3
351.37042779145395	E	n255;2
