TIME	EVENT	NODES
340.5804610497517	O	n234
352.333321988538	I	n234;1
360.61057234778076	C	n234;1
368.33285918754166	F	n234;1
