TIME	EVENT	NODES
340.69763081954125	O	n252
368.33285918754166	F	n252;1
