TIME	EVENT	NODES
340.53368246157396	O	n240
348.6720819320871	E	n240;1
