TIME	EVENT	NODES
340.5361726263601	O	n265
357.83898267386695	E	n265;1
