TIME	EVENT	NODES
25.908140801657307	O	n6
41.7308661144652	E	n6;1
