TIME	EVENT	NODES
340.78887555148407	O	n212
364.14479088522387	E	n212;1
