TIME	EVENT	NODES
340.803024030188	O	n274
355.7899662740194	E	n274;1
