TIME	EVENT	NODES
341.05201740209964	O	n183
349.00530575206363	E	n183;1
