TIME	EVENT	NODES
340.9386785514835	O	n271
368.33285918754166	F	n271;1
