TIME	EVENT	NODES
341.2303232796937	O	n221
368.33285918754166	F	n221;1
