TIME	EVENT	NODES
341.21859600331527	O	n183
341.22554160763457	I	n183;1
349.00530575206363	E	n183;1
