TIME	EVENT	NODES
341.1609411384234	O	n170
354.11788126470606	I	n170;1
368.33285918754166	F	n170;1
