TIME	EVENT	NODES
341.1189701999788	O	n265
357.83898267386695	E	n265;1
