TIME	EVENT	NODES
341.51604967868275	O	n257
368.33285918754166	F	n257;1
