TIME	EVENT	NODES
341.4926409526116	O	n267
342.1368897672253	S	n267;1;n279;2;n280;3
346.5471506808192	S	n280;3;n285;4;n286;5
360.22429866369447	I	n279;2
361.3655370053452	I	n285;4
362.93877184850265	E	n279;2
368.33285918754166	F	n285;4
368.33285918754166	F	n286;5
