TIME	EVENT	NODES
341.56210131019947	O	n239
358.70483189491057	L	n239;1
