TIME	EVENT	NODES
341.64054501817054	O	n258
344.02040770953147	S	n258;1;n283;2;n284;3
345.4039246962429	I	n284;3
346.5990500281604	S	n283;2;n287;4;n288;5
352.22858050507926	I	n288;5
352.2286238414535	I	n288;5
353.2274467652559	S	n284;3;n297;6;n298;7
363.7236375843045	I	n297;6
367.65655982743453	I	n298;7
368.33285918754166	F	n287;4
368.33285918754166	F	n288;5
368.33285918754166	F	n297;6
368.33285918754166	F	n298;7
