TIME	EVENT	NODES
341.6076782767695	O	n265
357.83898267386695	E	n265;1
