TIME	EVENT	NODES
341.87333187598006	O	n258
344.02040770953147	S	n258;1;n283;2;n284;3
346.5990500281604	S	n283;2;n287;4;n288;5
351.8421830888168	C	n287;4
353.2274467652559	S	n284;3;n297;6;n298;7
353.4262085420484	I	n298;7
356.7109364804647	L	n288;5
368.33285918754166	F	n287;4
368.33285918754166	F	n297;6
368.33285918754166	F	n298;7
