TIME	EVENT	NODES
341.77386663017273	O	n244
368.33285918754166	F	n244;1
