TIME	EVENT	NODES
341.8930591477625	O	n221
368.33285918754166	F	n221;1
