TIME	EVENT	NODES
341.8757283053024	O	n262
350.53960376877336	S	n262;1;n293;2;n294;3
351.6588701753525	I	n293;2
368.33285918754166	F	n293;2
368.33285918754166	F	n294;3
