TIME	EVENT	NODES
342.0263627108775	O	n262
350.53960376877336	S	n262;1;n293;2;n294;3
363.45483526093653	D	n294;3;n294;4;n294;5
368.33285918754166	F	n293;2
368.33285918754166	F	n294;4
368.33285918754166	F	n294;5
