TIME	EVENT	NODES
342.23132028914824	O	n259
348.7564267084988	E	n259;1
