TIME	EVENT	NODES
342.3789740772528	O	n259
348.7564267084988	E	n259;1
