TIME	EVENT	NODES
342.30272615362554	O	n271
342.8026856123971	L	n271;1
