TIME	EVENT	NODES
342.5201495279677	O	n230
368.33285918754166	F	n230;1
