TIME	EVENT	NODES
342.5346462938164	O	n253
345.71198993976384	E	n253;1
