TIME	EVENT	NODES
342.59862327949156	O	n238
368.33285918754166	F	n238;1
