TIME	EVENT	NODES
342.6184456087926	O	n270
346.59143385806783	C	n270;1
351.3681074054671	E	n270;1
