TIME	EVENT	NODES
342.6602920678252	O	n263
365.0417268907298	E	n263;1
