TIME	EVENT	NODES
342.75594671128937	O	n212
364.14479088522387	E	n212;1
