TIME	EVENT	NODES
342.8515949964228	O	n253
345.71198993976384	E	n253;1
