TIME	EVENT	NODES
342.8883298830605	O	n170
367.1124614369003	I	n170;1
368.33285918754166	F	n170;1
