TIME	EVENT	NODES
342.92963831771124	O	n262
350.53960376877336	S	n262;1;n293;2;n294;3
352.37260190340123	C	n294;3
355.67068882523415	C	n293;2
356.61493375697324	I	n294;3
368.053331038294	I	n293;2
368.33285918754166	F	n293;2
368.33285918754166	F	n294;3
