TIME	EVENT	NODES
342.99485742543925	O	n255
351.37042779145395	E	n255;1
