TIME	EVENT	NODES
30.59971228072634	O	n6
41.7308661144652	E	n6;1
