TIME	EVENT	NODES
343.37137709871666	O	n212
357.6291539305534	I	n212;1
364.14479088522387	E	n212;1
