TIME	EVENT	NODES
343.45925583966726	O	n281
368.33285918754166	F	n281;1
