TIME	EVENT	NODES
343.6551867790629	O	n273
343.7027330123707	I	n273;1
352.3050204829446	C	n273;1
365.43190125744275	S	n273;1;n325;2;n326;3
368.33285918754166	F	n325;2
368.33285918754166	F	n326;3
