TIME	EVENT	NODES
343.55142523637323	O	n270
351.3681074054671	E	n270;1
