TIME	EVENT	NODES
343.63685016551506	O	n276
350.6247674253394	S	n276;1;n295;2;n296;3
355.8778505990836	S	n295;2;n301;4;n302;5
357.1757291726746	S	n301;4;n305;6;n306;7
358.2627039640183	T	n305;6;n305;8;n289;9
360.66748199542366	E	n306;7
362.14507068748986	S	n289;9;n311;10;n312;11
363.00126013746194	I	n296;3
364.0086300239402	S	n305;8;n315;12;n316;13
364.8824680743981	S	n302;5;n321;14;n322;15
366.424718646982	I	n296;3
367.9652338482892	I	n322;15
368.33285918754166	F	n316;13
368.33285918754166	F	n322;15
368.33285918754166	F	n296;3
368.33285918754166	F	n312;11
368.33285918754166	F	n311;10
368.33285918754166	F	n321;14
368.33285918754166	F	n315;12
