TIME	EVENT	NODES
343.73657550976156	O	n277
345.45489524559207	I	n277;1
363.7179365725955	E	n277;1
