TIME	EVENT	NODES
344.02236017398474	O	n284
353.2274467652559	S	n284;1;n297;2;n298;3
363.0972454732712	I	n297;2
368.33285918754166	F	n297;2
368.33285918754166	F	n298;3
