TIME	EVENT	NODES
343.9826496252073	O	n253
345.71198993976384	E	n253;1
