TIME	EVENT	NODES
344.03558073592814	O	n253
345.71198993976384	E	n253;1
