TIME	EVENT	NODES
344.04527907141005	O	n282
353.8348181886846	I	n282;1
363.33842571818224	C	n282;1
368.33285918754166	F	n282;1
