TIME	EVENT	NODES
344.07096852691313	O	n276
350.6247674253394	S	n276;1;n295;2;n296;3
355.8778505990836	S	n295;2;n301;4;n302;5
357.1757291726746	S	n301;4;n305;6;n306;7
360.66748199542366	E	n306;7
363.25563385497793	I	n296;3
364.0086300239402	S	n305;6;n315;8;n316;9
364.8824680743981	S	n302;5;n321;10;n322;11
367.60553889536186	T	n315;8;n315;12;n319;13
368.33285918754166	F	n316;9
368.33285918754166	F	n322;11
368.33285918754166	F	n296;3
368.33285918754166	F	n321;10
368.33285918754166	F	n319;13
368.33285918754166	F	n315;12
