TIME	EVENT	NODES
31.38599909299224	O	n5
65.24884699890451	T	n5;1;n5;2;n10;3
65.79458869924449	S	n5;2;n11;4;n12;5
71.06956396501987	I	n11;4
76.83040379162496	S	n10;3;n13;6;n14;7
77.09812996482208	I	n14;7
78.67196232775571	E	n11;4
80.59920766624008	E	n12;5
80.65664055191147	S	n14;7;n15;8;n16;9
80.96165912694897	L	n16;9
80.96165912694897	T	n13;6;n13;10;n16;11
90.03849608767848	E	n15;8
90.74528338734476	E	n16;11
100.0082568610545	S	n13;10;n17;12;n18;13
102.69672600301921	L	n17;12
111.66586617081315	S	n18;13;n21;14;n22;15
118.55100004001298	I	n21;14
131.05163357451565	E	n21;14
137.33366044182898	S	n22;15;n25;16;n26;17
138.6082522963192	I	n26;17
142.7155834077547	E	n25;16
149.3238145096331	S	n26;17;n29;18;n30;19
150.84222171296392	E	n30;19
177.87469340990455	I	n29;18
198.4579808392204	I	n29;18
224.34369207996875	S	n29;18;n91;20;n92;21
227.54637249049256	E	n91;20
251.1517682979901	S	n92;21;n127;22;n128;23
251.5390235914055	E	n128;23
252.87678478256842	E	n127;22
