TIME	EVENT	NODES
344.17105661340804	O	n265
357.83898267386695	E	n265;1
