TIME	EVENT	NODES
344.27310458684946	O	n274
355.7899662740194	E	n274;1
