TIME	EVENT	NODES
31.65819451249499	O	n6
41.7308661144652	E	n6;1
