TIME	EVENT	NODES
344.2571896052744	O	n273
354.3594229455014	I	n273;1
360.6422666073258	I	n273;1
365.43190125744275	S	n273;1;n325;2;n326;3
368.33285918754166	F	n325;2
368.33285918754166	F	n326;3
