TIME	EVENT	NODES
344.23546642158	O	n187
356.3119546325315	E	n187;1
