TIME	EVENT	NODES
344.2472081173858	O	n244
368.33285918754166	F	n244;1
