TIME	EVENT	NODES
344.4352938564111	O	n255
351.37042779145395	E	n255;1
