TIME	EVENT	NODES
344.52047934859473	O	n271
368.33285918754166	F	n271;1
