TIME	EVENT	NODES
344.44938390458526	O	n253
345.71198993976384	E	n253;1
