TIME	EVENT	NODES
344.4449136844812	O	n284
353.2274467652559	S	n284;1;n297;2;n298;3
366.00902459148455	I	n297;2
368.33285918754166	F	n297;2
368.33285918754166	F	n298;3
