TIME	EVENT	NODES
344.64338730572405	O	n259
348.7564267084988	E	n259;1
