TIME	EVENT	NODES
344.5924755539339	O	n265
357.83898267386695	E	n265;1
