TIME	EVENT	NODES
344.80300934518976	O	n234
368.33285918754166	F	n234;1
