TIME	EVENT	NODES
344.94281510450355	O	n269
359.43466135079467	S	n269;1;n307;2;n308;3
368.33285918754166	F	n307;2
368.33285918754166	F	n308;3
