TIME	EVENT	NODES
344.90327994934097	O	n252
353.6253777250622	I	n252;1
368.33285918754166	F	n252;1
