TIME	EVENT	NODES
345.1335489721439	O	n170
368.33285918754166	F	n170;1
