TIME	EVENT	NODES
345.075376843918	O	n277
363.7179365725955	E	n277;1
