TIME	EVENT	NODES
345.19314034426645	O	n242
368.33285918754166	F	n242;1
