TIME	EVENT	NODES
345.28377100605894	O	n230
368.33285918754166	F	n230;1
