TIME	EVENT	NODES
345.208319119998	O	n257
368.33285918754166	F	n257;1
