TIME	EVENT	NODES
345.344965648182	O	n242
350.340740963467	I	n242;1
368.33285918754166	F	n242;1
