TIME	EVENT	NODES
345.40215309058055	O	n240
348.6720819320871	E	n240;1
