TIME	EVENT	NODES
345.42496512018715	O	n221
368.33285918754166	F	n221;1
