TIME	EVENT	NODES
345.4949473705924	O	n281
368.33285918754166	F	n281;1
