TIME	EVENT	NODES
345.56798304823104	O	n170
368.33285918754166	F	n170;1
