TIME	EVENT	NODES
345.5798599322577	O	n244
368.33285918754166	F	n244;1
