TIME	EVENT	NODES
345.7707592717617	O	n259
348.7564267084988	E	n259;1
