TIME	EVENT	NODES
345.8307607864467	O	n283
346.5990500281604	S	n283;1;n287;2;n288;3
359.8700496814496	C	n288;3
368.33285918754166	F	n287;2
368.33285918754166	F	n288;3
