TIME	EVENT	NODES
345.8081294559295	O	n284
353.2274467652559	S	n284;1;n297;2;n298;3
353.5025980775264	I	n298;3
368.33285918754166	F	n297;2
368.33285918754166	F	n298;3
