TIME	EVENT	NODES
345.90065746171683	O	n269
354.34159906493653	I	n269;1
359.43466135079467	S	n269;1;n307;2;n308;3
368.33285918754166	F	n307;2
368.33285918754166	F	n308;3
