TIME	EVENT	NODES
345.94071335846104	O	n260
365.3354294195512	E	n260;1
