TIME	EVENT	NODES
345.97801772454324	O	n282
368.33285918754166	F	n282;1
