TIME	EVENT	NODES
346.1265482380665	O	n281
366.6602767797612	I	n281;1
368.33285918754166	F	n281;1
