TIME	EVENT	NODES
33.828573203648816	O	n6
41.7308661144652	E	n6;1
