TIME	EVENT	NODES
346.3149290203327	O	n257
368.33285918754166	F	n257;1
