TIME	EVENT	NODES
346.3518054432695	O	n273
356.54899961845945	T	n273;1;n273;2;n296;3
365.43190125744275	S	n273;2;n325;4;n326;5
368.33285918754166	F	n296;3
368.33285918754166	F	n325;4
368.33285918754166	F	n326;5
