TIME	EVENT	NODES
346.44759998754154	O	n281
355.5885060913253	I	n281;1
368.33285918754166	F	n281;1
