TIME	EVENT	NODES
346.38791955416355	O	n275
348.7700363029201	S	n275;1;n291;2;n292;3
355.0583586205711	S	n292;3;n299;4;n300;5
358.96227818356414	I	n299;4
360.1807027249935	I	n299;4
368.33285918754166	F	n291;2
368.33285918754166	F	n300;5
368.33285918754166	F	n299;4
