TIME	EVENT	NODES
346.4338452750964	O	n242
368.33285918754166	F	n242;1
