TIME	EVENT	NODES
346.41829626363017	O	n271
358.9583590327649	I	n271;1
368.33285918754166	F	n271;1
