TIME	EVENT	NODES
346.49012511792955	O	n244
368.33285918754166	F	n244;1
