TIME	EVENT	NODES
346.4595114811331	O	n260
351.1415742892509	I	n260;1
353.5214167632681	C	n260;1
362.29665565121337	I	n260;1
365.3354294195512	E	n260;1
