TIME	EVENT	NODES
346.50611630711387	O	n187
356.3119546325315	E	n187;1
