TIME	EVENT	NODES
346.7413625057066	O	n260
365.3354294195512	E	n260;1
