TIME	EVENT	NODES
346.7408512243476	O	n265
357.83898267386695	E	n265;1
