TIME	EVENT	NODES
346.85017603290635	O	n255
351.37042779145395	E	n255;1
