TIME	EVENT	NODES
346.8822797787848	O	n239
351.0664630044514	C	n239;1
365.6675909654996	S	n239;1;n327;2;n328;3
368.33285918754166	F	n327;2
368.33285918754166	F	n328;3
