TIME	EVENT	NODES
346.85973354021695	O	n279
362.93877184850265	E	n279;1
