TIME	EVENT	NODES
346.95441920578287	O	n250
355.33844776806205	L	n250;1
