TIME	EVENT	NODES
346.97430980911656	O	n278
368.33285918754166	F	n278;1
