TIME	EVENT	NODES
34.446309596961115	O	n7
38.93229756398959	L	n7;1
