TIME	EVENT	NODES
347.1704175698156	O	n281
361.29493306456135	C	n281;1
368.33285918754166	F	n281;1
