TIME	EVENT	NODES
347.1287829206695	O	n255
349.8549836195303	C	n255;1
351.37042779145395	E	n255;1
