TIME	EVENT	NODES
347.37346991254407	O	n287
368.33285918754166	F	n287;1
