TIME	EVENT	NODES
347.23213096484534	O	n230
368.33285918754166	F	n230;1
