TIME	EVENT	NODES
347.38524356842737	O	n259
348.7564267084988	E	n259;1
