TIME	EVENT	NODES
347.6788991538366	O	n234
356.8719709156321	I	n234;1
368.33285918754166	F	n234;1
