TIME	EVENT	NODES
347.5770455759327	O	n265
357.83898267386695	E	n265;1
