TIME	EVENT	NODES
347.90099939359857	O	n287
368.33285918754166	F	n287;1
