TIME	EVENT	NODES
347.8613524747548	O	n240
348.6720819320871	E	n240;1
