TIME	EVENT	NODES
347.8386665306883	O	n259
348.7564267084988	E	n259;1
