TIME	EVENT	NODES
347.8533417839326	O	n187
356.3119546325315	E	n187;1
