TIME	EVENT	NODES
347.8864915760689	O	n259
348.7564267084988	E	n259;1
