TIME	EVENT	NODES
347.9900815307391	O	n234
367.00793407088645	L	n234;1
