TIME	EVENT	NODES
348.1059496667857	O	n277
363.7179365725955	E	n277;1
