TIME	EVENT	NODES
348.1537037876525	O	n260
353.778798663518	D	n260;1;n260;2;n260;3
365.3354294195512	E	n260;2
365.3354294195512	E	n260;3
