TIME	EVENT	NODES
348.23133647078697	O	n261
359.16454116420584	E	n261;1
