TIME	EVENT	NODES
348.36876056031997	O	n238
368.33285918754166	F	n238;1
