TIME	EVENT	NODES
348.474534325586	O	n242
368.33285918754166	F	n242;1
