TIME	EVENT	NODES
348.5941861483115	O	n230
368.33285918754166	F	n230;1
