TIME	EVENT	NODES
348.57402727849956	O	n259
348.7564267084988	E	n259;1
