TIME	EVENT	NODES
348.5030323268409	O	n240
348.6720819320871	E	n240;1
