TIME	EVENT	NODES
348.7097314454583	O	n265
357.83898267386695	E	n265;1
