TIME	EVENT	NODES
348.72106236466556	O	n285
361.3964330336565	I	n285;1
368.33285918754166	F	n285;1
