TIME	EVENT	NODES
348.6716534473418	O	n265
357.83898267386695	E	n265;1
