TIME	EVENT	NODES
348.7655946931659	O	n290
368.33285918754166	F	n290;1
