TIME	EVENT	NODES
348.7818413710378	O	n288
361.6919516242395	I	n288;1
368.33285918754166	F	n288;1
