TIME	EVENT	NODES
348.9588229450437	O	n281
368.33285918754166	F	n281;1
