TIME	EVENT	NODES
349.10837930073967	O	n286
368.33285918754166	F	n286;1
