TIME	EVENT	NODES
349.01752264179567	O	n256
365.0168302374957	S	n256;1;n323;2;n324;3
366.688838646879	I	n323;2
368.1525611161385	S	n324;3;n331;4;n332;5
368.33285918754166	F	n331;4
368.33285918754166	F	n323;2
368.33285918754166	F	n332;5
