TIME	EVENT	NODES
349.0279166405536	O	n221
368.33285918754166	F	n221;1
