TIME	EVENT	NODES
349.1086178270419	O	n230
354.84560300095563	I	n230;1
367.55353322747044	I	n230;1
368.33285918754166	F	n230;1
