TIME	EVENT	NODES
349.1828820994445	O	n265
357.83898267386695	E	n265;1
