TIME	EVENT	NODES
349.17651101267603	O	n263
365.0417268907298	E	n263;1
