TIME	EVENT	NODES
349.39134672720263	O	n282
368.33285918754166	F	n282;1
