TIME	EVENT	NODES
349.516353109817	O	n288
350.8176003735088	I	n288;1
353.118241409938	C	n288;1
368.33285918754166	F	n288;1
