TIME	EVENT	NODES
36.79652000610066	O	n7
70.6855552878254	I	n7;1
130.89436644757282	I	n7;1
152.63308264867726	S	n7;1;n33;2;n34;3
162.77617771303431	S	n34;3;n37;4;n38;5
164.0650225736182	E	n38;5
165.2249719103747	E	n33;2
170.8476011813241	I	n37;4
187.1981154176181	S	n37;4;n59;6;n60;7
197.574740969038	S	n60;7;n71;8;n72;9
198.78740033853788	I	n59;6
218.19293059211535	C	n72;9
224.87883338170167	E	n71;8
251.91737397158224	S	n59;6;n131;10;n132;11
253.4300542804939	T	n132;11;n132;12;n114;13
254.2371808775152	I	n72;9
254.31869674795763	S	n72;9;n137;14;n138;15
260.0079447944091	E	n114;13
262.48313050699846	S	n137;14;n155;16;n156;17
264.256074713361	S	n131;10;n159;18;n160;19
268.08312347105647	S	n138;15;n163;20;n164;21
276.3461244053339	C	n132;12
277.8106349986983	E	n163;20
279.3689247604448	E	n164;21
279.6882904407767	L	n159;18
280.29106815103813	L	n132;12
280.9346084359787	E	n156;17
283.003644560383	E	n160;19
302.77518792485097	S	n155;16;n221;22;n222;23
303.20810982052006	I	n222;23
314.3193370741534	E	n222;23
368.33285918754166	F	n221;22
