TIME	EVENT	NODES
349.7775818398663	O	n244
353.7533337509783	I	n244;1
354.10974447075046	I	n244;1
360.41175156520734	I	n244;1
368.33285918754166	F	n244;1
