TIME	EVENT	NODES
349.8371653688058	O	n255
351.37042779145395	E	n255;1
