TIME	EVENT	NODES
349.89569939211225	O	n288
352.2286238414535	I	n288;1
368.33285918754166	F	n288;1
