TIME	EVENT	NODES
349.7833546355096	O	n221
356.67502868899936	L	n221;1
