TIME	EVENT	NODES
349.7785630783366	O	n279
354.41565723587587	I	n279;1
362.93877184850265	E	n279;1
