TIME	EVENT	NODES
349.9074925287657	O	n274
355.7899662740194	E	n274;1
