TIME	EVENT	NODES
350.0484131753114	O	n239
361.1500954852064	I	n239;1
365.6675909654996	S	n239;1;n327;2;n328;3
368.33285918754166	F	n327;2
368.33285918754166	F	n328;3
