TIME	EVENT	NODES
37.142375261063975	O	n7
45.269040332222225	I	n7;1
117.00796200771893	L	n7;1
