TIME	EVENT	NODES
37.2551612684878	O	n7
42.34152147908236	L	n7;1
