TIME	EVENT	NODES
350.16459807987854	O	n287
368.33285918754166	F	n287;1
