TIME	EVENT	NODES
350.3256013920841	O	n273
359.7351860504833	T	n273;1;n273;2;n303;3
365.43190125744275	S	n273;2;n325;4;n326;5
368.33285918754166	F	n303;3
368.33285918754166	F	n325;4
368.33285918754166	F	n326;5
