TIME	EVENT	NODES
350.56805400690115	O	n221
368.33285918754166	F	n221;1
