TIME	EVENT	NODES
350.548270736376	O	n270
351.3681074054671	E	n270;1
