TIME	EVENT	NODES
350.5519098295158	O	n281
368.33285918754166	F	n281;1
