TIME	EVENT	NODES
350.68105012048744	O	n242
357.7238543956617	I	n242;1
361.92006925349176	I	n242;1
368.33285918754166	F	n242;1
