TIME	EVENT	NODES
350.6956658339399	O	n257
368.33285918754166	F	n257;1
