TIME	EVENT	NODES
350.6321702271261	O	n288
368.33285918754166	F	n288;1
