TIME	EVENT	NODES
350.6125231043492	O	n238
368.33285918754166	F	n238;1
