TIME	EVENT	NODES
350.7298877935328	O	n277
361.70617425139494	C	n277;1
363.7179365725955	E	n277;1
