TIME	EVENT	NODES
350.75090740428095	O	n263
365.0417268907298	E	n263;1
