TIME	EVENT	NODES
350.83747192292446	O	n230
368.33285918754166	F	n230;1
