TIME	EVENT	NODES
350.81009305412783	O	n285
364.51408011132514	T	n285;1;n285;2;n271;3
368.33285918754166	F	n271;3
368.33285918754166	F	n285;2
