TIME	EVENT	NODES
350.8873924421555	O	n234
355.00992471633856	L	n234;1
