TIME	EVENT	NODES
350.9983928075149	O	n170
357.52405143575277	L	n170;1
