TIME	EVENT	NODES
351.0157806032109	O	n238
359.26554793593647	I	n238;1
368.33285918754166	F	n238;1
