TIME	EVENT	NODES
351.0363935902935	O	n270
351.3681074054671	E	n270;1
