TIME	EVENT	NODES
351.22867611789906	O	n281
368.33285918754166	F	n281;1
