TIME	EVENT	NODES
351.27464795291627	O	n234
352.333321988538	I	n234;1
368.33285918754166	F	n234;1
