TIME	EVENT	NODES
351.5336356989862	O	n271
368.33285918754166	F	n271;1
