TIME	EVENT	NODES
351.67107807390823	O	n239
365.6675909654996	S	n239;1;n327;2;n328;3
366.8583197178368	I	n327;2
368.33285918754166	F	n327;2
368.33285918754166	F	n328;3
