TIME	EVENT	NODES
39.44385558452276	O	n5
59.22223520200831	D	n5;1;n5;2;n5;3
62.45823857149068	L	n5;3
65.79458869924449	S	n5;2;n11;4;n12;5
78.67196232775571	E	n11;4
80.59920766624008	E	n12;5
