TIME	EVENT	NODES
351.953881578471	O	n294
368.33285918754166	F	n294;1
