TIME	EVENT	NODES
352.0874567764234	O	n294
356.2104242821431	T	n294;1;n294;2;n271;3
368.33285918754166	F	n271;3
368.33285918754166	F	n294;2
