TIME	EVENT	NODES
352.0100855410858	O	n292
355.0583586205711	S	n292;1;n299;2;n300;3
368.33285918754166	F	n300;3
368.33285918754166	F	n299;2
