TIME	EVENT	NODES
352.1396013638139	O	n244
368.33285918754166	F	n244;1
