TIME	EVENT	NODES
352.13682869852255	O	n293
357.27958805055835	L	n293;1
