TIME	EVENT	NODES
352.11624959338263	O	n287
368.33285918754166	F	n287;1
