TIME	EVENT	NODES
352.09586738507943	O	n296
368.33285918754166	F	n296;1
