TIME	EVENT	NODES
352.1598101194048	O	n260
365.3354294195512	E	n260;1
