TIME	EVENT	NODES
352.15218646221695	O	n260
365.3354294195512	E	n260;1
