TIME	EVENT	NODES
352.1710732034439	O	n257
368.33285918754166	F	n257;1
