TIME	EVENT	NODES
352.28954383153007	O	n294
368.33285918754166	F	n294;1
