TIME	EVENT	NODES
352.4136188015455	O	n290
368.33285918754166	F	n290;1
