TIME	EVENT	NODES
352.4182508414117	O	n187
356.3119546325315	E	n187;1
