TIME	EVENT	NODES
352.4156079535031	O	n294
365.505513995605	I	n294;1
368.33285918754166	F	n294;1
