TIME	EVENT	NODES
352.6607610643755	O	n239
356.1927734999512	L	n239;1
