TIME	EVENT	NODES
352.63238334035293	O	n221
368.33285918754166	F	n221;1
