TIME	EVENT	NODES
352.5614021060987	O	n291
368.33285918754166	F	n291;1
