TIME	EVENT	NODES
352.9064084112009	O	n261
359.16454116420584	E	n261;1
