TIME	EVENT	NODES
352.86271461611886	O	n293
356.07738728640095	I	n293;1
368.33285918754166	F	n293;1
