TIME	EVENT	NODES
352.84413706971776	O	n244
368.33285918754166	F	n244;1
