TIME	EVENT	NODES
352.879244910302	O	n239
363.0566027328151	I	n239;1
365.6675909654996	S	n239;1;n327;2;n328;3
368.33285918754166	F	n327;2
368.33285918754166	F	n328;3
