TIME	EVENT	NODES
353.03083810109666	O	n271
368.33285918754166	F	n271;1
