TIME	EVENT	NODES
353.27264911020785	O	n298
354.7611561717557	I	n298;1
368.33285918754166	F	n298;1
