TIME	EVENT	NODES
353.1209023464218	O	n279
362.93877184850265	E	n279;1
