TIME	EVENT	NODES
353.31195387952437	O	n244
356.5781291368508	C	n244;1
368.33285918754166	F	n244;1
