TIME	EVENT	NODES
353.39450543444985	O	n257
368.33285918754166	F	n257;1
