TIME	EVENT	NODES
353.44838910185695	O	n295
355.8778505990836	S	n295;1;n301;2;n302;3
357.1757291726746	S	n301;2;n305;4;n306;5
358.19920108228746	D	n305;4;n305;6;n305;7
360.66748199542366	E	n306;5
364.0086300239402	S	n305;6;n315;8;n316;9
364.0086300239402	S	n305;7;n315;10;n316;11
364.8824680743981	S	n302;3;n321;12;n322;13
368.33285918754166	F	n316;9
368.33285918754166	F	n316;11
368.33285918754166	F	n322;13
368.33285918754166	F	n321;12
368.33285918754166	F	n315;8
368.33285918754166	F	n315;10
