TIME	EVENT	NODES
41.62908849094143	O	n6
41.7308661144652	E	n6;1
