TIME	EVENT	NODES
353.51999598316564	O	n274
355.7899662740194	E	n274;1
