TIME	EVENT	NODES
353.7955575989381	O	n257
368.33285918754166	F	n257;1
