TIME	EVENT	NODES
353.94610308479133	O	n279
362.93877184850265	E	n279;1
