TIME	EVENT	NODES
353.97169216191963	O	n238
368.33285918754166	F	n238;1
