TIME	EVENT	NODES
354.0644268544714	O	n261
359.16454116420584	E	n261;1
