TIME	EVENT	NODES
354.1483733109534	O	n293
355.8134817630635	I	n293;1
368.33285918754166	F	n293;1
