TIME	EVENT	NODES
354.2205771551902	O	n294
355.4022284866635	I	n294;1
360.0579905639973	T	n294;1;n294;2;n239;3
363.5770629836266	I	n294;2
365.6675909654996	S	n239;3;n327;4;n328;5
368.33285918754166	F	n327;4
368.33285918754166	F	n328;5
368.33285918754166	F	n294;2
