TIME	EVENT	NODES
354.1740251211232	O	n288
368.33285918754166	F	n288;1
