TIME	EVENT	NODES
354.4301735021474	O	n293
358.36200148349684	T	n293;1;n293;2;n205;3
363.72092949357767	S	n205;3;n313;4;n314;5
366.1916889748353	I	n293;2
368.33285918754166	F	n293;2
368.33285918754166	F	n314;5
368.33285918754166	F	n313;4
