TIME	EVENT	NODES
354.51802465227706	O	n288
368.33285918754166	F	n288;1
