TIME	EVENT	NODES
354.47095108949685	O	n187
356.3119546325315	E	n187;1
