TIME	EVENT	NODES
354.6355310740643	O	n271
368.33285918754166	F	n271;1
