TIME	EVENT	NODES
43.75571233712229	O	n7
52.066496171109314	C	n7;1
70.88000080698292	I	n7;1
120.68741787752654	I	n7;1
152.63308264867726	S	n7;1;n33;2;n34;3
155.0077903845662	I	n33;2
162.77617771303431	S	n34;3;n37;4;n38;5
164.0650225736182	E	n38;5
165.2249719103747	E	n33;2
187.1981154176181	S	n37;4;n59;6;n60;7
197.574740969038	S	n60;7;n71;8;n72;9
224.87883338170167	E	n71;8
251.91737397158224	S	n59;6;n131;10;n132;11
254.17851409846185	I	n72;9
254.31869674795763	S	n72;9;n137;12;n138;13
259.10429276331394	I	n132;11
262.48313050699846	S	n137;12;n155;14;n156;15
264.039785269931	I	n155;14
264.256074713361	S	n131;10;n159;16;n160;17
268.08312347105647	S	n138;13;n163;18;n164;19
268.6201755849701	L	n156;15
272.13616170693734	I	n132;11
276.67741255602084	I	n163;18
277.8106349986983	E	n163;18
277.8502432981919	L	n132;11
279.3689247604448	E	n164;19
279.6131188937911	I	n159;16
283.003644560383	E	n160;17
297.2042757763397	L	n159;16
302.77518792485097	S	n155;14;n221;20;n222;21
310.36210854383177	L	n222;21
352.0007156123829	I	n221;20
357.1170336576805	I	n221;20
368.33285918754166	F	n221;20
