TIME	EVENT	NODES
354.783343145304	O	n278
363.7012461409899	I	n278;1
368.33285918754166	F	n278;1
