TIME	EVENT	NODES
354.7604090876961	O	n296
368.33285918754166	F	n296;1
