TIME	EVENT	NODES
354.99948392212576	O	n263
365.0417268907298	E	n263;1
