TIME	EVENT	NODES
354.9394340074286	O	n212
364.14479088522387	E	n212;1
