TIME	EVENT	NODES
354.94235602364665	O	n285
358.3746037428643	C	n285;1
368.33285918754166	F	n285;1
