TIME	EVENT	NODES
355.10586456264605	O	n299
361.1258340127795	T	n299;1;n299;2;n212;3
361.65872795917574	C	n212;3
364.14479088522387	E	n212;3
368.33285918754166	F	n299;2
