TIME	EVENT	NODES
355.14072154997814	O	n291
368.33285918754166	F	n291;1
