TIME	EVENT	NODES
355.1279896885434	O	n260
362.29665565121337	I	n260;1
365.3354294195512	E	n260;1
