TIME	EVENT	NODES
355.3163360355988	O	n170
368.33285918754166	F	n170;1
