TIME	EVENT	NODES
355.26959239473933	O	n234
368.33285918754166	F	n234;1
