TIME	EVENT	NODES
355.2567610843115	O	n293
368.33285918754166	F	n293;1
