TIME	EVENT	NODES
355.4278509855111	O	n263
365.0417268907298	E	n263;1
