TIME	EVENT	NODES
355.4713198440838	O	n291
368.33285918754166	F	n291;1
