TIME	EVENT	NODES
355.54166397482896	O	n252
368.33285918754166	F	n252;1
