TIME	EVENT	NODES
355.61360120997585	O	n279
362.93877184850265	E	n279;1
