TIME	EVENT	NODES
355.514192147653	O	n296
368.33285918754166	F	n296;1
