TIME	EVENT	NODES
355.62617840271133	O	n256
362.3993247982543	I	n256;1
365.0168302374957	S	n256;1;n323;2;n324;3
368.1525611161385	S	n324;3;n331;4;n332;5
368.33285918754166	F	n331;4
368.33285918754166	F	n323;2
368.33285918754166	F	n332;5
