TIME	EVENT	NODES
356.08792879555136	O	n260
362.29665565121337	I	n260;1
365.3354294195512	E	n260;1
