TIME	EVENT	NODES
356.1277368392018	O	n261
359.16454116420584	E	n261;1
