TIME	EVENT	NODES
356.16408354171597	O	n282
368.33285918754166	F	n282;1
