TIME	EVENT	NODES
356.11448593999484	O	n212
364.14479088522387	E	n212;1
