TIME	EVENT	NODES
356.1409494088572	O	n288
368.33285918754166	F	n288;1
