TIME	EVENT	NODES
356.26444160997266	O	n291
368.33285918754166	F	n291;1
