TIME	EVENT	NODES
356.19278434863423	O	n287
368.33285918754166	F	n287;1
