TIME	EVENT	NODES
356.27209829476857	O	n271
368.33285918754166	F	n271;1
