TIME	EVENT	NODES
356.556535475727	O	n285
368.33285918754166	F	n285;1
