TIME	EVENT	NODES
356.730520217679	O	n242
368.33285918754166	F	n242;1
