TIME	EVENT	NODES
356.7432926676237	O	n293
365.9164557631864	C	n293;1
368.33285918754166	F	n293;1
