TIME	EVENT	NODES
356.87594500383614	O	n279
362.93877184850265	E	n279;1
