TIME	EVENT	NODES
356.8596805025491	O	n238
368.33285918754166	F	n238;1
