TIME	EVENT	NODES
356.9023343082269	O	n244
368.33285918754166	F	n244;1
