TIME	EVENT	NODES
356.9144708838594	O	n301
357.1757291726746	S	n301;1;n305;2;n306;3
359.9441074382429	L	n305;2
360.66748199542366	E	n306;3
