TIME	EVENT	NODES
357.04503025622824	O	n279
362.93877184850265	E	n279;1
