TIME	EVENT	NODES
46.617047506328156	O	n5
65.79458869924449	S	n5;1;n11;2;n12;3
69.18093716837329	L	n11;2
69.18093716837329	T	n12;3;n12;4;n11;5
73.03456535965974	I	n12;4
78.67196232775571	E	n11;5
80.59920766624008	E	n12;4
