TIME	EVENT	NODES
357.0661225547853	O	n285
368.33285918754166	F	n285;1
