TIME	EVENT	NODES
357.1459260273419	O	n265
357.83898267386695	E	n265;1
