TIME	EVENT	NODES
357.32100996833447	O	n285
362.1696173260555	I	n285;1
368.33285918754166	F	n285;1
