TIME	EVENT	NODES
357.34159763703883	O	n299
368.33285918754166	F	n299;1
