TIME	EVENT	NODES
357.2628495040869	O	n300
368.33285918754166	F	n300;1
