TIME	EVENT	NODES
357.29676499851604	O	n306
360.66748199542366	E	n306;1
