TIME	EVENT	NODES
357.38805127440247	O	n278
364.14317369758993	D	n278;1;n278;2;n278;3
368.33285918754166	F	n278;2
368.33285918754166	F	n278;3
