TIME	EVENT	NODES
357.4159503249831	O	n244
368.33285918754166	F	n244;1
