TIME	EVENT	NODES
357.51007378038287	O	n261
359.16454116420584	E	n261;1
