TIME	EVENT	NODES
357.62378849218857	O	n306
360.66748199542366	E	n306;1
