TIME	EVENT	NODES
357.7379438126054	O	n282
358.30956752442273	T	n282;1;n282;2;n261;3
359.16454116420584	E	n261;3
368.33285918754166	F	n282;2
