TIME	EVENT	NODES
357.90960193304767	O	n212
364.14479088522387	E	n212;1
