TIME	EVENT	NODES
357.8906199306561	O	n244
368.33285918754166	F	n244;1
