TIME	EVENT	NODES
358.12161247961836	O	n242
368.33285918754166	F	n242;1
