TIME	EVENT	NODES
358.21008227268123	O	n290
368.33285918754166	F	n290;1
