TIME	EVENT	NODES
358.2476142747851	O	n205
362.57496612515735	I	n205;1
363.72092949357767	S	n205;1;n313;2;n314;3
364.5812303094524	T	n313;2;n313;4;n281;5
368.33285918754166	F	n281;5
368.33285918754166	F	n314;3
368.33285918754166	F	n313;4
