TIME	EVENT	NODES
358.1726516836166	O	n260
365.3354294195512	E	n260;1
