TIME	EVENT	NODES
358.27004277107915	O	n221
368.33285918754166	F	n221;1
