TIME	EVENT	NODES
358.472498566471	O	n294
368.33285918754166	F	n294;1
