TIME	EVENT	NODES
358.5669095058112	O	n297
359.28067001554547	I	n297;1
368.33285918754166	F	n297;1
