TIME	EVENT	NODES
358.5678991541832	O	n244
368.33285918754166	F	n244;1
