TIME	EVENT	NODES
358.56851414085975	O	n290
368.33285918754166	F	n290;1
