TIME	EVENT	NODES
358.60490650503993	O	n279
362.93877184850265	E	n279;1
