TIME	EVENT	NODES
358.7245467678241	O	n279
362.93877184850265	E	n279;1
