TIME	EVENT	NODES
358.69649945997355	O	n282
368.33285918754166	F	n282;1
