TIME	EVENT	NODES
358.7056441040728	O	n230
368.33285918754166	F	n230;1
