TIME	EVENT	NODES
358.75501260410823	O	n287
368.33285918754166	F	n287;1
