TIME	EVENT	NODES
358.77786711324717	O	n296
368.33285918754166	F	n296;1
