TIME	EVENT	NODES
358.89804336373703	O	n293
368.33285918754166	F	n293;1
