TIME	EVENT	NODES
358.8760404007857	O	n291
368.33285918754166	F	n291;1
