TIME	EVENT	NODES
358.89464703986715	O	n297
368.33285918754166	F	n297;1
