TIME	EVENT	NODES
358.95675928042897	O	n300
363.8502497357626	I	n300;1
368.33285918754166	F	n300;1
