TIME	EVENT	NODES
358.9717283981494	O	n279
362.93877184850265	E	n279;1
