TIME	EVENT	NODES
359.04089547882546	O	n271
368.33285918754166	F	n271;1
