TIME	EVENT	NODES
359.04914407911633	O	n294
368.33285918754166	F	n294;1
