TIME	EVENT	NODES
359.01793875237496	O	n230
359.03481986265615	C	n230;1
368.33285918754166	F	n230;1
