TIME	EVENT	NODES
359.04372243793114	O	n238
368.33285918754166	F	n238;1
