TIME	EVENT	NODES
359.0863169777467	O	n287
368.33285918754166	F	n287;1
