TIME	EVENT	NODES
359.12965076218944	O	n260
360.61324834229447	I	n260;1
365.3354294195512	E	n260;1
