TIME	EVENT	NODES
359.14571112895425	O	n238
359.26554793593647	I	n238;1
363.1360965020053	I	n238;1
368.33285918754166	F	n238;1
