TIME	EVENT	NODES
359.2642776167366	O	n287
368.33285918754166	F	n287;1
