TIME	EVENT	NODES
359.3770373260817	O	n170
368.33285918754166	F	n170;1
