TIME	EVENT	NODES
359.3614637377659	O	n252
368.33285918754166	F	n252;1
