TIME	EVENT	NODES
359.41805337441696	O	n260
364.2938925195476	I	n260;1
365.3354294195512	E	n260;1
