TIME	EVENT	NODES
359.6697097211319	O	n257
368.33285918754166	F	n257;1
