TIME	EVENT	NODES
359.90646104096925	O	n302
364.8824680743981	S	n302;1;n321;2;n322;3
368.33285918754166	F	n322;3
368.33285918754166	F	n321;2
