TIME	EVENT	NODES
50.623549084382795	O	n7
69.93785703372882	L	n7;1
