TIME	EVENT	NODES
360.0774102563097	O	n306
360.66748199542366	E	n306;1
