TIME	EVENT	NODES
360.04150090655236	O	n277
363.7179365725955	E	n277;1
