TIME	EVENT	NODES
360.12007690271923	O	n290
368.33285918754166	F	n290;1
