TIME	EVENT	NODES
360.08804266430195	O	n277
361.70617425139494	C	n277;1
363.7179365725955	E	n277;1
