TIME	EVENT	NODES
360.24644349509487	O	n299
368.33285918754166	F	n299;1
