TIME	EVENT	NODES
360.2561810348682	O	n271
368.33285918754166	F	n271;1
