TIME	EVENT	NODES
360.4672486131523	O	n212
364.14479088522387	E	n212;1
