TIME	EVENT	NODES
360.4478850578869	O	n291
368.33285918754166	F	n291;1
