TIME	EVENT	NODES
360.5658668687012	O	n290
368.33285918754166	F	n290;1
