TIME	EVENT	NODES
360.79705867274936	O	n291
368.33285918754166	F	n291;1
