TIME	EVENT	NODES
360.96015781631365	O	n271
368.33285918754166	F	n271;1
