TIME	EVENT	NODES
361.024573900408	O	n287
368.33285918754166	F	n287;1
