TIME	EVENT	NODES
360.9988444051434	O	n307
368.33285918754166	F	n307;1
