TIME	EVENT	NODES
361.07963390067505	O	n290
368.33285918754166	F	n290;1
