TIME	EVENT	NODES
361.2510247532138	O	n263
365.0417268907298	E	n263;1
