TIME	EVENT	NODES
361.24286723459073	O	n297
368.33285918754166	F	n297;1
