TIME	EVENT	NODES
361.2855222483652	O	n297
368.33285918754166	F	n297;1
