TIME	EVENT	NODES
361.53814432588086	O	n281
368.33285918754166	F	n281;1
