TIME	EVENT	NODES
361.56277622428934	O	n308
368.33285918754166	F	n308;1
