TIME	EVENT	NODES
361.6572187142308	O	n238
368.33285918754166	F	n238;1
