TIME	EVENT	NODES
361.77551693667016	O	n294
368.33285918754166	F	n294;1
