TIME	EVENT	NODES
361.9563620424523	O	n293
366.1916889748353	I	n293;1
368.33285918754166	F	n293;1
