TIME	EVENT	NODES
361.96495057906264	O	n205
363.72092949357767	S	n205;1;n313;2;n314;3
365.8574216840483	D	n313;2;n313;4;n313;5
368.33285918754166	F	n314;3
368.33285918754166	F	n313;4
368.33285918754166	F	n313;5
