TIME	EVENT	NODES
361.9312100047139	O	n286
368.33285918754166	F	n286;1
