TIME	EVENT	NODES
361.95150310472616	O	n242
368.33285918754166	F	n242;1
