TIME	EVENT	NODES
362.2738931686428	O	n294
368.33285918754166	F	n294;1
