TIME	EVENT	NODES
362.4446872331316	O	n304
364.49514583717956	S	n304;1;n319;2;n320;3
367.52516995158777	I	n320;3
368.33285918754166	F	n320;3
368.33285918754166	F	n319;2
