TIME	EVENT	NODES
362.52874913778066	O	n291
368.33285918754166	F	n291;1
