TIME	EVENT	NODES
362.5227667951989	O	n252
368.33285918754166	F	n252;1
