TIME	EVENT	NODES
362.6637104643711	O	n282
368.33285918754166	F	n282;1
