TIME	EVENT	NODES
362.6379002274515	O	n297
368.33285918754166	F	n297;1
