TIME	EVENT	NODES
362.57932827537365	O	n234
368.33285918754166	F	n234;1
