TIME	EVENT	NODES
362.84117564799044	O	n271
368.33285918754166	F	n271;1
