TIME	EVENT	NODES
362.82297679891263	O	n293
368.33285918754166	F	n293;1
