TIME	EVENT	NODES
362.9248086681336	O	n238
366.63694089912923	D	n238;1;n238;2;n238;3
368.33285918754166	F	n238;2
368.33285918754166	F	n238;3
