TIME	EVENT	NODES
362.98951997487285	O	n260
365.3354294195512	E	n260;1
