TIME	EVENT	NODES
362.982423941529	O	n308
368.33285918754166	F	n308;1
