TIME	EVENT	NODES
363.09155776463183	O	n221
368.33285918754166	F	n221;1
