TIME	EVENT	NODES
363.18086214377155	O	n309
368.33285918754166	F	n309;1
