TIME	EVENT	NODES
363.3083973993115	O	n285
368.33285918754166	F	n285;1
