TIME	EVENT	NODES
363.2761929284006	O	n288
368.33285918754166	F	n288;1
