TIME	EVENT	NODES
363.3544594411202	O	n310
364.39265661618424	S	n310;1;n317;2;n318;3
365.9406802548836	S	n318;3;n329;4;n330;5
368.33285918754166	F	n330;5
368.33285918754166	F	n329;4
368.33285918754166	F	n317;2
