TIME	EVENT	NODES
363.3091632949627	O	n281
368.33285918754166	F	n281;1
