TIME	EVENT	NODES
363.3650125583076	O	n260
365.3354294195512	E	n260;1
