TIME	EVENT	NODES
363.47009829801016	O	n311
368.33285918754166	F	n311;1
