TIME	EVENT	NODES
363.45732148056084	O	n221
368.33285918754166	F	n221;1
