TIME	EVENT	NODES
363.5959842074933	O	n281
368.33285918754166	F	n281;1
