TIME	EVENT	NODES
363.5429509175756	O	n299
368.33285918754166	F	n299;1
