TIME	EVENT	NODES
363.82841722828596	O	n297
368.33285918754166	F	n297;1
