TIME	EVENT	NODES
363.9167982141446	O	n290
368.33285918754166	F	n290;1
