TIME	EVENT	NODES
364.0240200599691	O	n282
368.33285918754166	F	n282;1
