TIME	EVENT	NODES
364.0010538996193	O	n312
368.33285918754166	F	n312;1
