TIME	EVENT	NODES
363.9339572542442	O	n298
368.33285918754166	F	n298;1
