TIME	EVENT	NODES
363.9307495617359	O	n271
368.33285918754166	F	n271;1
