TIME	EVENT	NODES
364.0469008361693	O	n312
368.33285918754166	F	n312;1
