TIME	EVENT	NODES
364.0908345858464	O	n290
368.33285918754166	F	n290;1
