TIME	EVENT	NODES
364.339425051157	O	n252
368.33285918754166	F	n252;1
