TIME	EVENT	NODES
364.32020783936025	O	n316
368.33285918754166	F	n316;1
