TIME	EVENT	NODES
364.4768676074948	O	n260
365.3354294195512	E	n260;1
