TIME	EVENT	NODES
364.5187793842115	O	n285
368.33285918754166	F	n285;1
