TIME	EVENT	NODES
364.5844737957879	O	n296
368.33285918754166	F	n296;1
