TIME	EVENT	NODES
364.5738433579475	O	n230
368.33285918754166	F	n230;1
