TIME	EVENT	NODES
364.80943809286316	O	n221
368.33285918754166	F	n221;1
