TIME	EVENT	NODES
364.9552587395257	O	n230
368.33285918754166	F	n230;1
