TIME	EVENT	NODES
364.9580148014627	O	n285
368.33285918754166	F	n285;1
