TIME	EVENT	NODES
364.9634007951109	O	n221
368.33285918754166	F	n221;1
