TIME	EVENT	NODES
365.0121648091215	O	n257
368.33285918754166	F	n257;1
