TIME	EVENT	NODES
364.9926276294084	O	n287
368.33285918754166	F	n287;1
