TIME	EVENT	NODES
365.0611280296902	O	n323
368.33285918754166	F	n323;1
