TIME	EVENT	NODES
365.1592937382332	O	n260
365.3354294195512	E	n260;1
