TIME	EVENT	NODES
365.31894872099883	O	n320
368.33285918754166	F	n320;1
