TIME	EVENT	NODES
365.2855672799	O	n287
368.33285918754166	F	n287;1
