TIME	EVENT	NODES
365.42771025835856	O	n323
368.33285918754166	F	n323;1
