TIME	EVENT	NODES
365.5075585720032	O	n313
368.33285918754166	F	n313;1
