TIME	EVENT	NODES
365.5180426598879	O	n309
368.33285918754166	F	n309;1
