TIME	EVENT	NODES
365.60325921030784	O	n271
368.33285918754166	F	n271;1
