TIME	EVENT	NODES
365.604614187513	O	n282
368.33285918754166	F	n282;1
