TIME	EVENT	NODES
365.6805423879218	O	n290
368.33285918754166	F	n290;1
