TIME	EVENT	NODES
365.6673762783145	O	n230
367.55353322747044	I	n230;1
368.33285918754166	F	n230;1
