TIME	EVENT	NODES
365.9640371789763	O	n290
368.33285918754166	F	n290;1
