TIME	EVENT	NODES
366.1165199187369	O	n244
368.33285918754166	F	n244;1
