TIME	EVENT	NODES
366.2159450320789	O	n312
368.33285918754166	F	n312;1
