TIME	EVENT	NODES
366.23574016449203	O	n329
368.33285918754166	F	n329;1
