TIME	EVENT	NODES
366.32984113539095	O	n317
368.33285918754166	F	n317;1
