TIME	EVENT	NODES
366.30073639691926	O	n291
368.33285918754166	F	n291;1
