TIME	EVENT	NODES
366.43741716051017	O	n286
368.33285918754166	F	n286;1
