TIME	EVENT	NODES
366.4298005786613	O	n315
368.33285918754166	F	n315;1
