TIME	EVENT	NODES
366.4989870191426	O	n281
368.33285918754166	F	n281;1
