TIME	EVENT	NODES
366.50129877048596	O	n234
368.33285918754166	F	n234;1
