TIME	EVENT	NODES
366.69892864634846	O	n221
368.33285918754166	F	n221;1
