TIME	EVENT	NODES
366.7802921710632	O	n300
368.33285918754166	F	n300;1
