TIME	EVENT	NODES
56.39585687339569	O	n7
58.34978535907476	I	n7;1
81.89526744403872	I	n7;1
96.36887251934539	I	n7;1
142.27632056874947	I	n7;1
152.63308264867726	S	n7;1;n33;2;n34;3
162.77617771303431	S	n34;3;n37;4;n38;5
164.0650225736182	E	n38;5
165.2249719103747	E	n33;2
187.1981154176181	S	n37;4;n59;6;n60;7
197.574740969038	S	n60;7;n71;8;n72;9
199.5255002419766	L	n59;6
209.52397577295838	C	n71;8
214.55373890285364	I	n72;9
224.87883338170167	E	n71;8
225.7448494006148	I	n72;9
254.31869674795763	S	n72;9;n137;10;n138;11
255.56248294815632	C	n137;10
262.48313050699846	S	n137;10;n155;12;n156;13
268.08312347105647	S	n138;11;n163;14;n164;15
272.49333444812396	D	n155;12;n155;16;n155;17
276.0926722952685	I	n156;13
277.8106349986983	E	n163;14
279.3689247604448	E	n164;15
280.3019232744168	I	n155;16
280.3019232744168	I	n155;17
280.9346084359787	E	n156;13
302.77518792485097	S	n155;17;n221;18;n222;19
302.77518792485097	S	n155;16;n221;20;n222;21
314.3193370741534	E	n222;19
314.3193370741534	E	n222;21
334.16553394793107	T	n221;18;n221;22;n254;23
335.92113620132585	S	n254;23;n263;24;n264;25
339.658731161582	S	n264;25;n271;26;n272;27
361.7971077523211	S	n272;27;n309;28;n310;29
364.39265661618424	S	n310;29;n317;30;n318;31
365.0417268907298	E	n263;24
365.9406802548836	S	n318;31;n329;32;n330;33
366.30045997839187	C	n317;30
367.72227399396786	I	n221;20
368.33285918754166	F	n330;33
368.33285918754166	F	n329;32
368.33285918754166	F	n271;26
368.33285918754166	F	n317;30
368.33285918754166	F	n221;22
368.33285918754166	F	n221;20
368.33285918754166	F	n309;28
