TIME	EVENT	NODES
366.7619587995022	O	n322
368.33285918754166	F	n322;1
