TIME	EVENT	NODES
366.7927583717742	O	n323
368.33285918754166	F	n323;1
