TIME	EVENT	NODES
366.9180201528008	O	n281
368.33285918754166	F	n281;1
