TIME	EVENT	NODES
366.93619004046985	O	n278
368.33285918754166	F	n278;1
