TIME	EVENT	NODES
366.9798323026756	O	n312
368.33285918754166	F	n312;1
