TIME	EVENT	NODES
367.06253178030767	O	n297
368.33285918754166	F	n297;1
