TIME	EVENT	NODES
367.0667331240839	O	n287
368.33285918754166	F	n287;1
