TIME	EVENT	NODES
367.07921329160786	O	n322
368.33285918754166	F	n322;1
