TIME	EVENT	NODES
367.1736842684101	O	n311
368.33285918754166	F	n311;1
