TIME	EVENT	NODES
367.1702317971114	O	n314
368.33285918754166	F	n314;1
