TIME	EVENT	NODES
367.2604347431755	O	n298
368.33285918754166	F	n298;1
