TIME	EVENT	NODES
367.2943294712011	O	n322
368.33285918754166	F	n322;1
