TIME	EVENT	NODES
367.48279136148153	O	n311
368.33285918754166	F	n311;1
