TIME	EVENT	NODES
367.4705806697151	O	n316
368.33285918754166	F	n316;1
