TIME	EVENT	NODES
367.70232253283115	O	n257
368.33285918754166	F	n257;1
