TIME	EVENT	NODES
367.7164106025143	O	n230
368.33285918754166	F	n230;1
