TIME	EVENT	NODES
367.79336828884834	O	n323
368.33285918754166	F	n323;1
