TIME	EVENT	NODES
367.7824086472927	O	n230
368.33285918754166	F	n230;1
