TIME	EVENT	NODES
367.81252571934937	O	n287
368.33285918754166	F	n287;1
