TIME	EVENT	NODES
367.95534616913403	O	n290
368.33285918754166	F	n290;1
