TIME	EVENT	NODES
367.940648234508	O	n296
368.33285918754166	F	n296;1
