TIME	EVENT	NODES
367.9148930188374	O	n317
368.33285918754166	F	n317;1
