TIME	EVENT	NODES
368.0321299116712	O	n286
368.33285918754166	F	n286;1
