TIME	EVENT	NODES
368.14664592113604	O	n287
368.33285918754166	F	n287;1
