TIME	EVENT	NODES
368.1621521886803	O	n221
368.33285918754166	F	n221;1
