TIME	EVENT	NODES
368.1767110943661	O	n315
368.33285918754166	F	n315;1
