TIME	EVENT	NODES
368.31277006333187	O	n285
368.33285918754166	F	n285;1
