TIME	EVENT	NODES
58.71673648846333	O	n7
64.01023980997324	I	n7;1
152.63308264867726	S	n7;1;n33;2;n34;3
154.5307757296689	I	n33;2
158.15604973286457	L	n34;3
161.23537473639652	I	n33;2
165.2249719103747	E	n33;2
