TIME	EVENT	NODES
58.76651473359774	O	n5
65.22142532887267	I	n5;1
65.79458869924449	S	n5;1;n11;2;n12;3
66.91574918531062	L	n11;2
80.59920766624008	E	n12;3
