TIME	EVENT	NODES
60.09353416003628	O	n7
81.3365408350249	I	n7;1
152.63308264867726	S	n7;1;n33;2;n34;3
162.77617771303431	S	n34;3;n37;4;n38;5
164.0650225736182	E	n38;5
165.2249719103747	E	n33;2
187.1981154176181	S	n37;4;n59;6;n60;7
197.574740969038	S	n60;7;n71;8;n72;9
224.87883338170167	E	n71;8
226.49577928158962	L	n72;9
251.91737397158224	S	n59;6;n131;10;n132;11
264.256074713361	S	n131;10;n159;12;n160;13
267.02273484588	I	n132;11
276.59732911514175	I	n160;13
283.003644560383	E	n160;13
288.5496408940298	S	n132;11;n189;14;n190;15
297.2325938618031	S	n190;15;n211;16;n212;17
300.2364266246502	I	n211;16
306.18779637717876	E	n189;14
323.451126983794	S	n211;16;n247;18;n248;19
326.5294526517292	I	n212;17
326.9299560409181	S	n248;19;n249;20;n250;21
328.2146319613769	S	n159;12;n253;22;n254;23
334.64198406508626	S	n249;20;n255;24;n256;25
335.92113620132585	S	n254;23;n263;26;n264;27
338.51097831531484	S	n247;18;n269;28;n270;29
339.658731161582	S	n264;27;n271;30;n272;31
345.71198993976384	E	n253;22
350.0483483214521	I	n263;26
351.3681074054671	E	n270;29
351.37042779145395	E	n255;24
351.6987875062959	C	n271;30
356.5243775902817	S	n250;21;n303;32;n304;33
359.43466135079467	S	n269;28;n307;34;n308;35
361.1853681117364	I	n212;17
361.7971077523211	S	n272;31;n309;36;n310;37
362.6952339851356	I	n303;32
364.14479088522387	E	n212;17
364.39265661618424	S	n310;37;n317;38;n318;39
364.49514583717956	S	n304;33;n319;40;n320;41
365.0168302374957	S	n256;25;n323;42;n324;43
365.0417268907298	E	n263;26
365.9406802548836	S	n318;39;n329;44;n330;45
366.11053489386865	I	n320;41
367.3668639604971	C	n308;35
368.1525611161385	S	n324;43;n331;46;n332;47
368.33285918754166	F	n330;45
368.33285918754166	F	n307;34
368.33285918754166	F	n329;44
368.33285918754166	F	n303;32
368.33285918754166	F	n271;30
368.33285918754166	F	n308;35
368.33285918754166	F	n331;46
368.33285918754166	F	n323;42
368.33285918754166	F	n320;41
368.33285918754166	F	n332;47
368.33285918754166	F	n317;38
368.33285918754166	F	n309;36
368.33285918754166	F	n319;40
