TIME	EVENT	NODES
63.22496569743129	O	n7
75.1413431046393	I	n7;1
104.83881488704338	T	n7;1;n7;2;n18;3
111.66586617081315	S	n18;3;n21;4;n22;5
115.05972022798262	I	n21;4
118.18462841166748	L	n7;2
131.05163357451565	E	n21;4
137.33366044182898	S	n22;5;n25;6;n26;7
142.7155834077547	E	n25;6
149.3238145096331	S	n26;7;n29;8;n30;9
150.84222171296392	E	n30;9
154.87174503190445	L	n29;8
