TIME	EVENT	NODES
63.25309299872297	O	n7
66.78019019114733	I	n7;1
80.69759694799308	L	n7;1
