TIME	EVENT	NODES
66.02259194031409	O	n9
77.94644880132734	I	n9;1
82.03095307456674	I	n9;1
102.45796089101437	I	n9;1
102.88084729327288	S	n9;1;n19;2;n20;3
148.9849759202454	S	n20;3;n27;4;n28;5
150.6111206173828	L	n28;5
156.20799338769692	L	n27;4
166.02285266263334	L	n19;2
