TIME	EVENT	NODES
67.09906582820832	O	n12
80.59920766624008	E	n12;1
