TIME	EVENT	NODES
68.1733699255374	O	n10
76.83040379162496	S	n10;1;n13;2;n14;3
80.65664055191147	S	n14;3;n15;4;n16;5
84.73983787598729	L	n13;2
90.03849608767848	E	n15;4
90.74528338734476	E	n16;5
