TIME	EVENT	NODES
71.64791164295643	O	n9
102.88084729327288	S	n9;1;n19;2;n20;3
110.08203923027806	C	n19;2
115.96729755434158	L	n19;2
129.78920293177615	I	n20;3
148.9849759202454	S	n20;3;n27;4;n28;5
153.15396712937255	S	n28;5;n35;6;n36;7
166.54278869017284	E	n27;4
168.98360319176706	S	n36;7;n43;8;n44;9
170.74431018111153	S	n43;8;n45;10;n46;11
172.7134354678535	S	n35;6;n51;12;n52;13
177.51846234063663	E	n45;10
181.390702358074	I	n52;13
184.38473418243225	S	n51;12;n57;14;n58;15
187.68489901940544	E	n46;11
189.4429084824666	S	n44;9;n63;16;n64;17
195.81562732113593	E	n58;15
199.3404950915714	E	n57;14
202.98103196918368	I	n63;16
204.7737934230686	L	n64;17
217.10122037003637	S	n63;16;n87;18;n88;19
224.42074098395472	S	n87;18;n93;20;n94;21
226.12172633556082	I	n93;20
227.7086322008703	S	n52;13;n97;22;n98;23
230.65288688659555	I	n98;23
232.2598634713699	E	n94;21
232.8439288366906	E	n88;19
245.46924855286684	I	n97;22
249.03530572249304	S	n97;22;n123;24;n124;25
253.54691924446132	I	n93;20
254.59397657947247	S	n123;24;n139;26;n140;27
255.08922900163986	E	n139;26
258.8150958922131	S	n124;25;n149;28;n150;29
263.1946935408616	S	n93;20;n157;30;n158;31
263.5573497021682	I	n149;28
265.48018358793956	I	n157;30
269.32649752913716	I	n149;28
271.0359830191678	S	n158;31;n165;32;n166;33
275.3394929136777	E	n140;27
276.1901383707441	I	n150;29
279.84654300724833	I	n157;30
281.3263248755788	I	n166;33
281.86281336619095	S	n157;30;n181;34;n182;35
282.5730823602451	I	n182;35
288.3490588385241	C	n165;32
288.8363289232313	I	n98;23
293.4401227103343	E	n150;29
296.01438219947346	I	n181;34
297.3759122122873	E	n182;35
297.82959460464184	E	n98;23
300.66408360617874	S	n165;32;n217;36;n218;37
301.39480262224913	S	n217;36;n219;38;n220;39
302.72062604121993	L	n219;38
305.728733924016	I	n220;39
309.22719658015154	E	n220;39
311.0927644648807	I	n181;34
313.2735372024965	E	n149;28
313.31681944729553	I	n218;37
321.2138082550796	C	n218;37
325.62016585225894	E	n166;33
326.9191915703628	E	n181;34
327.1046107185982	E	n218;37
