TIME	EVENT	NODES
72.2370153598716	O	n12
80.59920766624008	E	n12;1
