TIME	EVENT	NODES
72.45308203933044	O	n7
120.45793120611832	L	n7;1
