TIME	EVENT	NODES
72.77241220614714	O	n12
80.59920766624008	E	n12;1
