TIME	EVENT	NODES
72.84539827093768	O	n10
76.83040379162496	S	n10;1;n13;2;n14;3
80.65664055191147	S	n14;3;n15;4;n16;5
90.03849608767848	E	n15;4
90.74528338734476	E	n16;5
100.0082568610545	S	n13;2;n17;6;n18;7
111.66586617081315	S	n18;7;n21;8;n22;9
120.12254757373113	I	n17;6
124.63896050240905	I	n17;6
126.59857169565785	I	n22;9
127.09439606284033	S	n17;6;n23;10;n24;11
131.05163357451565	E	n21;8
137.33366044182898	S	n22;9;n25;12;n26;13
140.02993517454846	I	n24;11
142.7155834077547	E	n25;12
149.3238145096331	S	n26;13;n29;14;n30;15
150.59684320495808	I	n30;15
150.84222171296392	E	n30;15
151.41608628417967	S	n24;11;n31;16;n32;17
162.93377013284965	L	n31;16
171.45748821204532	S	n23;10;n49;18;n50;19
172.81919894875847	I	n49;18
176.11005676811268	S	n49;18;n55;20;n56;21
180.2815413788047	I	n32;17
180.68423174771254	E	n50;19
181.03681647232327	I	n55;20
188.99377288291518	S	n56;21;n61;22;n62;23
189.14008923582807	I	n61;22
190.23711454489407	I	n55;20
191.35598736312272	S	n62;23;n65;24;n66;25
193.54890914381417	S	n32;17;n67;26;n68;27
196.74632570764513	E	n66;25
198.10582231088713	L	n67;26
199.92339656775204	I	n29;14
201.22235517776974	I	n55;20
203.43648906911199	C	n55;20
208.64366004924258	I	n68;27
209.12732908645617	I	n61;22
209.3577660631694	I	n55;20
212.14935991177535	E	n65;24
218.24436794960837	C	n29;14
219.30629635419024	D	n68;27;n68;28;n68;29
221.4844260935815	S	n61;22;n89;30;n90;31
224.34369207996875	S	n29;14;n91;32;n92;33
227.54637249049256	E	n91;32
227.74447505539555	S	n68;28;n99;34;n100;35
227.74447505539555	S	n68;29;n99;36;n100;37
227.79180205667913	E	n99;34
227.79180205667913	E	n99;36
231.2895298785254	E	n89;30
238.066136604651	E	n55;20
240.6015620950032	S	n100;35;n113;38;n114;39
240.6015620950032	S	n100;37;n113;40;n114;41
241.40125603290733	I	n90;31
243.66865700957763	I	n90;31
244.91743305775393	I	n92;33
251.1517682979901	S	n92;33;n127;42;n128;43
251.5390235914055	E	n128;43
251.990661041949	I	n90;31
252.87678478256842	E	n127;42
260.0079447944091	E	n114;39
260.0079447944091	E	n114;41
271.9082078468765	I	n113;38
276.06674945851347	E	n113;38
276.06674945851347	E	n113;40
280.88338111280893	E	n90;31
