TIME	EVENT	NODES
72.88603804712925	O	n9
99.30697439595194	L	n9;1
