TIME	EVENT	NODES
73.27010619920215	O	n7
130.42492662380485	I	n7;1
152.63308264867726	S	n7;1;n33;2;n34;3
155.44682229161344	L	n34;3
159.3373765158283	I	n33;2
165.2249719103747	E	n33;2
