TIME	EVENT	NODES
74.12684654729563	O	n7
99.52114045542466	I	n7;1
142.22145608857593	C	n7;1
152.63308264867726	S	n7;1;n33;2;n34;3
162.20557231354715	I	n33;2
162.77617771303431	S	n34;3;n37;4;n38;5
164.0650225736182	E	n38;5
165.2249719103747	E	n33;2
167.02190599818113	I	n37;4
175.0383836367499	L	n37;4
