TIME	EVENT	NODES
74.54419011708922	O	n7
81.3365408350249	I	n7;1
152.63308264867726	S	n7;1;n33;2;n34;3
161.23537473639652	I	n33;2
162.77617771303431	S	n34;3;n37;4;n38;5
164.0650225736182	E	n38;5
165.2249719103747	E	n33;2
187.1981154176181	S	n37;4;n59;6;n60;7
197.574740969038	S	n60;7;n71;8;n72;9
224.87883338170167	E	n71;8
251.91737397158224	S	n59;6;n131;10;n132;11
254.31869674795763	S	n72;9;n137;12;n138;13
262.48313050699846	S	n137;12;n155;14;n156;15
264.256074713361	S	n131;10;n159;16;n160;17
268.08312347105647	S	n138;13;n163;18;n164;19
270.7938128725574	I	n155;14
270.9649397412636	I	n159;16
271.0174046970441	I	n163;18
276.67057273107747	C	n156;15
277.8106349986983	E	n163;18
279.3689247604448	E	n164;19
280.9346084359787	E	n156;15
283.003644560383	E	n160;17
288.5496408940298	S	n132;11;n189;20;n190;21
290.95391741608375	I	n155;14
297.2325938618031	S	n190;21;n211;22;n212;23
302.77518792485097	S	n155;14;n221;24;n222;25
306.18779637717876	E	n189;20
314.3193370741534	E	n222;25
319.7014967309578	I	n212;23
319.84730672250197	I	n212;23
323.451126983794	S	n211;22;n247;26;n248;27
326.9299560409181	S	n248;27;n249;28;n250;29
328.2146319613769	S	n159;16;n253;30;n254;31
329.9239204216288	I	n221;24
334.1350726362432	L	n250;29
334.64198406508626	S	n249;28;n255;32;n256;33
335.92113620132585	S	n254;31;n263;34;n264;35
336.1324079056895	L	n264;35
338.51097831531484	S	n247;26;n269;36;n270;37
340.35087678767894	L	n255;32
340.35087678767894	T	n256;33;n256;38;n255;39
345.71198993976384	E	n253;30
351.0502501678732	L	n269;36
351.3681074054671	E	n270;37
351.37042779145395	E	n255;39
354.02312041775826	L	n221;24
364.14479088522387	E	n212;23
365.0168302374957	S	n256;38;n323;40;n324;41
365.0417268907298	E	n263;34
368.1525611161385	S	n324;41;n331;42;n332;43
368.33285918754166	F	n331;42
368.33285918754166	F	n323;40
368.33285918754166	F	n332;43
