TIME	EVENT	NODES
77.55880408984801	O	n14
80.65664055191147	S	n14;1;n15;2;n16;3
82.1608962498906	L	n15;2
82.1608962498906	T	n16;3;n16;4;n15;5
90.03849608767848	E	n15;5
90.74528338734476	E	n16;4
