TIME	EVENT	NODES
81.97712588589489	O	n13
100.0082568610545	S	n13;1;n17;2;n18;3
104.47287661938047	I	n17;2
111.66586617081315	S	n18;3;n21;4;n22;5
117.51288827656813	I	n17;2
122.55707051996879	I	n17;2
123.0969152184757	C	n21;4
127.09439606284033	S	n17;2;n23;6;n24;7
129.09395289959005	I	n23;6
131.05163357451565	E	n21;4
137.33366044182898	S	n22;5;n25;8;n26;9
138.94294417505563	L	n24;7
142.7155834077547	E	n25;8
149.3238145096331	S	n26;9;n29;10;n30;11
150.84222171296392	E	n30;11
154.11991856977107	D	n23;6;n23;12;n23;13
156.77617519768202	I	n23;13
162.6482618045751	I	n23;12
164.38085401884652	I	n23;12
164.38085401884652	I	n23;13
171.45748821204532	S	n23;13;n49;14;n50;15
171.45748821204532	S	n23;12;n49;16;n50;17
176.11005676811268	S	n49;14;n55;18;n56;19
176.11005676811268	S	n49;16;n55;20;n56;21
180.68423174771254	E	n50;15
180.68423174771254	E	n50;17
187.41605113204523	I	n56;21
188.6154569317456	I	n55;20
188.99377288291518	S	n56;19;n61;22;n62;23
188.99377288291518	S	n56;21;n61;24;n62;25
189.909301822821	I	n29;10
191.1289961588519	I	n55;18
191.35598736312272	S	n62;23;n65;26;n66;27
191.35598736312272	S	n62;25;n65;28;n66;29
193.768075617452	C	n55;18
196.74632570764513	E	n66;27
196.74632570764513	E	n66;29
201.22235517776974	I	n55;18
207.74657186132538	I	n55;18
207.85954112649316	I	n65;28
212.14935991177535	E	n65;26
212.14935991177535	E	n65;28
221.4844260935815	S	n61;22;n89;30;n90;31
221.4844260935815	S	n61;24;n89;32;n90;33
224.34369207996875	S	n29;10;n91;34;n92;35
225.51583358470376	I	n89;30
225.51583358470376	I	n89;32
227.54637249049256	E	n91;34
228.70128898681938	L	n89;32
230.715609125604	L	n90;33
231.2895298785254	E	n89;30
238.066136604651	E	n55;20
238.066136604651	E	n55;18
251.1517682979901	S	n92;35;n127;36;n128;37
251.5390235914055	E	n128;37
252.87678478256842	E	n127;36
280.88338111280893	E	n90;31
