TIME	EVENT	NODES
82.39154058692144	O	n7
96.36887251934539	I	n7;1
114.80465715359908	I	n7;1
134.69423919153863	T	n7;1;n7;2;n22;3
137.33366044182898	S	n22;3;n25;4;n26;5
137.39950761574624	L	n26;5
137.9439774111534	I	n7;2
142.7155834077547	E	n25;4
152.63308264867726	S	n7;2;n33;6;n34;7
162.77617771303431	S	n34;7;n37;8;n38;9
164.0650225736182	E	n38;9
165.2249719103747	E	n33;6
167.8287215812372	I	n37;8
187.1981154176181	S	n37;8;n59;10;n60;11
197.574740969038	S	n60;11;n71;12;n72;13
201.14162719063793	L	n59;10
207.51213110967754	I	n71;12
224.87883338170167	E	n71;12
254.31869674795763	S	n72;13;n137;14;n138;15
254.98528187313883	I	n138;15
260.35975764771234	C	n138;15
262.48313050699846	S	n137;14;n155;16;n156;17
263.81548324034964	C	n138;15
268.08312347105647	S	n138;15;n163;18;n164;19
275.48279419153624	I	n156;17
277.8106349986983	E	n163;18
279.3689247604448	E	n164;19
279.66304227246366	I	n155;16
279.7304188228471	L	n156;17
287.9578037546808	I	n155;16
302.77518792485097	S	n155;16;n221;20;n222;21
314.3193370741534	E	n222;21
341.65998784899216	T	n221;20;n221;22;n261;23
344.8631889701614	I	n261;23
351.2987482683486	C	n221;22
359.16454116420584	E	n261;23
368.33285918754166	F	n221;22
