TIME	EVENT	NODES
82.7272080543487	O	n16
90.74528338734476	E	n16;1
