TIME	EVENT	NODES
83.62400110007438	O	n16
90.74528338734476	E	n16;1
