TIME	EVENT	NODES
85.37034900736047	O	n7
124.61685017032076	I	n7;1
125.3979902557901	I	n7;1
140.8292338502971	I	n7;1
142.27632056874947	I	n7;1
152.63308264867726	S	n7;1;n33;2;n34;3
162.77617771303431	S	n34;3;n37;4;n38;5
164.0650225736182	E	n38;5
164.62394480420676	L	n37;4
165.2249719103747	E	n33;2
