TIME	EVENT	NODES
85.39415664157316	O	n16
86.24342389636719	C	n16;1
90.74528338734476	E	n16;1
