TIME	EVENT	NODES
87.16994576254262	O	n16
90.74528338734476	E	n16;1
