TIME	EVENT	NODES
87.19037436508378	O	n15
90.03849608767848	E	n15;1
