TIME	EVENT	NODES
87.22792803865381	O	n15
90.03849608767848	E	n15;1
