TIME	EVENT	NODES
87.92298848902266	O	n15
90.03849608767848	E	n15;1
