TIME	EVENT	NODES
88.34532942268936	O	n15
90.03849608767848	E	n15;1
