TIME	EVENT	NODES
88.61100885595089	O	n16
90.74528338734476	E	n16;1
