TIME	EVENT	NODES
90.47938082558623	O	n16
90.74528338734476	E	n16;1
