TIME	EVENT	NODES
97.5659079330975	O	n9
97.75313046289588	I	n9;1
102.45796089101437	I	n9;1
102.88084729327288	S	n9;1;n19;2;n20;3
118.93020096623836	I	n19;2
126.60289153126529	L	n20;3
137.65383057874286	L	n19;2
