TIME	EVENT	NODES
98.04015021211572	O	n13
100.0082568610545	S	n13;1;n17;2;n18;3
108.57299142012896	L	n17;2
111.66586617081315	S	n18;3;n21;4;n22;5
131.05163357451565	E	n21;4
137.33366044182898	S	n22;5;n25;6;n26;7
139.20560862465453	T	n25;6;n25;8;n23;9
139.21894179382315	I	n25;8
142.7155834077547	E	n25;8
149.3238145096331	S	n26;7;n29;10;n30;11
150.84222171296392	E	n30;11
162.60007901884157	I	n29;10
164.3417186532448	C	n29;10
171.45748821204532	S	n23;9;n49;12;n50;13
176.11005676811268	S	n49;12;n55;14;n56;15
176.91256279487155	I	n56;15
179.2605406854152	L	n29;10
180.68423174771254	E	n50;13
188.6154569317456	I	n55;14
188.99377288291518	S	n56;15;n61;16;n62;17
190.8332698847729	D	n62;17;n62;18;n62;19
191.35598736312272	S	n62;18;n65;20;n66;21
191.35598736312272	S	n62;19;n65;22;n66;23
196.74632570764513	E	n66;21
196.74632570764513	E	n66;23
212.14935991177535	E	n65;20
212.14935991177535	E	n65;22
219.02369055281525	T	n55;14;n55;24;n64;25
221.4844260935815	S	n61;16;n89;26;n90;27
222.7288975372753	I	n55;24
231.2895298785254	E	n89;26
238.066136604651	E	n55;24
248.88117897606477	E	n64;25
265.90936845309363	I	n90;27
271.41461259537937	I	n90;27
280.88338111280893	E	n90;27
