TIME	EVENT	NODES
99.39480422298962	O	n7
111.95772173691681	L	n7;1
