TIME	EVENT	NODES
100.6185523423179	O	n18
107.32278215504778	I	n18;1
111.66586617081315	S	n18;1;n21;2;n22;3
131.05163357451565	E	n21;2
137.33366044182898	S	n22;3;n25;4;n26;5
142.7155834077547	E	n25;4
143.1889845774384	C	n26;5
146.05732799635524	I	n26;5
149.3238145096331	S	n26;5;n29;6;n30;7
150.84222171296392	E	n30;7
189.909301822821	I	n29;6
200.79097990897762	D	n29;6;n29;8;n29;9
224.34369207996875	S	n29;8;n91;10;n92;11
224.34369207996875	S	n29;9;n91;12;n92;13
227.54637249049256	E	n91;10
227.54637249049256	E	n91;12
251.1517682979901	S	n92;11;n127;14;n128;15
251.1517682979901	S	n92;13;n127;16;n128;17
251.5390235914055	E	n128;15
251.5390235914055	E	n128;17
252.87678478256842	E	n127;14
252.87678478256842	E	n127;16
