TIME	EVENT	NODES
102.17337663656683	O	n18
111.66586617081315	S	n18;1;n21;2;n22;3
125.78628200188759	I	n22;3
131.05163357451565	E	n21;2
137.33366044182898	S	n22;3;n25;4;n26;5
142.7155834077547	E	n25;4
149.3238145096331	S	n26;5;n29;6;n30;7
150.84222171296392	E	n30;7
189.4504124947066	T	n29;6;n29;8;n61;9
210.15590691254573	I	n61;9
221.4844260935815	S	n61;9;n89;10;n90;11
224.34369207996875	S	n29;8;n91;12;n92;13
225.78399840388084	I	n89;10
226.76537799071846	I	n89;10
227.54637249049256	E	n91;12
231.2895298785254	E	n89;10
240.00084961274646	I	n90;11
251.1517682979901	S	n92;13;n127;14;n128;15
251.5390235914055	E	n128;15
252.87678478256842	E	n127;14
280.88338111280893	E	n90;11
