TIME	EVENT	NODES
102.8445099646664	O	n18
111.66586617081315	S	n18;1;n21;2;n22;3
115.05972022798262	I	n21;2
131.05163357451565	E	n21;2
137.33366044182898	S	n22;3;n25;4;n26;5
139.30850934921648	I	n26;5
142.7155834077547	E	n25;4
149.3238145096331	S	n26;5;n29;6;n30;7
150.84222171296392	E	n30;7
196.12442346567477	I	n29;6
197.78648504990576	I	n29;6
212.22712088833842	I	n29;6
224.34369207996875	S	n29;6;n91;8;n92;9
227.54637249049256	E	n91;8
251.1517682979901	S	n92;9;n127;10;n128;11
251.5390235914055	E	n128;11
252.87678478256842	E	n127;10
