TIME	EVENT	NODES
103.43440219925338	O	n20
140.00498444383456	I	n20;1
148.9849759202454	S	n20;1;n27;2;n28;3
153.15396712937255	S	n28;3;n35;4;n36;5
162.40644600978996	I	n27;2
166.54278869017284	E	n27;2
168.98360319176706	S	n36;5;n43;6;n44;7
170.74431018111153	S	n43;6;n45;8;n46;9
171.12160575011828	I	n45;8
172.7134354678535	S	n35;4;n51;10;n52;11
177.51846234063663	E	n45;8
177.78376832851953	L	n52;11
178.4692853982123	D	n51;10;n51;12;n51;13
179.88169251339787	I	n46;9
184.38473418243225	S	n51;12;n57;14;n58;15
184.38473418243225	S	n51;13;n57;16;n58;17
187.68489901940544	E	n46;9
189.4429084824666	S	n44;7;n63;18;n64;19
195.81562732113593	E	n58;15
195.81562732113593	E	n58;17
199.3404950915714	E	n57;14
199.3404950915714	E	n57;16
206.1543874836971	I	n64;19
217.10122037003637	S	n63;18;n87;20;n88;21
221.43117542078457	I	n64;19
224.42074098395472	S	n87;20;n93;22;n94;23
226.92015647959747	D	n94;23;n94;24;n94;25
228.85808130196645	L	n94;24
230.00863610302255	I	n93;22
232.2598634713699	E	n94;25
232.8439288366906	E	n88;21
248.88117897606477	E	n64;19
263.1946935408616	S	n93;22;n157;26;n158;27
271.0359830191678	S	n158;27;n165;28;n166;29
281.86281336619095	S	n157;26;n181;30;n182;31
297.3759122122873	E	n182;31
299.15538476963206	I	n166;29
300.66408360617874	S	n165;28;n217;32;n218;33
301.39480262224913	S	n217;32;n219;34;n220;35
301.7336902850808	D	n219;34;n219;36;n219;37
304.6289112127961	I	n220;35
305.07520080625005	I	n218;33
309.22719658015154	E	n220;35
322.23550031039156	S	n219;36;n243;38;n244;39
322.23550031039156	S	n219;37;n243;40;n244;41
325.13853382706463	I	n243;38
325.13853382706463	I	n243;40
325.43707776390954	I	n166;29
325.62016585225894	E	n166;29
326.9191915703628	E	n181;30
327.1046107185982	E	n218;33
336.27194991669535	S	n243;40;n265;42;n266;43
336.27194991669535	S	n243;38;n265;44;n266;45
337.9466629699342	E	n266;43
337.9466629699342	E	n266;45
357.83898267386695	E	n265;42
357.83898267386695	E	n265;44
368.33285918754166	F	n244;39
368.33285918754166	F	n244;41
