TIME	EVENT	NODES
105.9059203376595	O	n20
140.00498444383456	I	n20;1
148.9849759202454	S	n20;1;n27;2;n28;3
151.75841598689064	L	n27;2
153.15396712937255	S	n28;3;n35;4;n36;5
168.98360319176706	S	n36;5;n43;6;n44;7
170.74431018111153	S	n43;6;n45;8;n46;9
171.12160575011828	I	n45;8
172.7134354678535	S	n35;4;n51;10;n52;11
177.51846234063663	E	n45;8
184.38473418243225	S	n51;10;n57;12;n58;13
187.68489901940544	E	n46;9
189.4429084824666	S	n44;7;n63;14;n64;15
192.6023831097884	I	n52;11
194.91906691184516	I	n58;13
195.81562732113593	E	n58;13
199.3404950915714	E	n57;12
202.9928670758236	L	n52;11
209.3174835058464	I	n64;15
217.10122037003637	S	n63;14;n87;16;n88;17
224.42074098395472	S	n87;16;n93;18;n94;19
230.00863610302255	I	n93;18
232.2598634713699	E	n94;19
232.8439288366906	E	n88;17
246.43704001268122	I	n64;15
248.88117897606477	E	n64;15
263.1946935408616	S	n93;18;n157;20;n158;21
271.0359830191678	S	n158;21;n165;22;n166;23
281.86281336619095	S	n157;20;n181;24;n182;25
287.8669456522898	I	n181;24
297.3759122122873	E	n182;25
297.4862886184103	I	n165;22
300.66408360617874	S	n165;22;n217;26;n218;27
301.39480262224913	S	n217;26;n219;28;n220;29
303.4011533498921	I	n219;28
309.22719658015154	E	n220;29
309.9627003382464	I	n219;28
322.23550031039156	S	n219;28;n243;30;n244;31
325.43707776390954	I	n166;23
325.62016585225894	E	n166;23
326.9191915703628	E	n181;24
327.1046107185982	E	n218;27
333.4517098064388	I	n244;31
336.27194991669535	S	n243;30;n265;32;n266;33
337.9466629699342	E	n266;33
357.83898267386695	E	n265;32
358.1520119237384	I	n244;31
368.33285918754166	F	n244;31
