TIME	EVENT	NODES
105.94620075266721	O	n7
123.97252951175011	I	n7;1
152.63308264867726	S	n7;1;n33;2;n34;3
162.77617771303431	S	n34;3;n37;4;n38;5
164.0650225736182	E	n38;5
165.2249719103747	E	n33;2
187.1981154176181	S	n37;4;n59;6;n60;7
196.29489120315944	L	n59;6
197.574740969038	S	n60;7;n71;8;n72;9
216.69457458569147	I	n72;9
224.87883338170167	E	n71;8
254.31869674795763	S	n72;9;n137;10;n138;11
262.48313050699846	S	n137;10;n155;12;n156;13
262.5569682888521	I	n138;11
264.039785269931	I	n155;12
268.08312347105647	S	n138;11;n163;14;n164;15
270.85815941253753	C	n164;15
272.22950821935103	I	n163;14
277.8106349986983	E	n163;14
279.3689247604448	E	n164;15
280.9346084359787	E	n156;13
302.77518792485097	S	n155;12;n221;16;n222;17
307.47494417323486	C	n221;16
312.50678778293224	T	n221;16;n221;18;n215;19
314.3193370741534	E	n222;17
317.5060484531377	C	n221;18
320.9045785685108	I	n215;19
327.003145923467	T	n215;19;n215;20;n236;21
331.02825248126715	E	n236;21
336.1328099613853	I	n221;18
341.5385477573434	S	n215;20;n277;22;n278;23
357.41563474000964	D	n277;22;n277;24;n277;25
363.7012461409899	I	n278;23
363.7179365725955	E	n277;24
363.7179365725955	E	n277;25
368.33285918754166	F	n221;18
368.33285918754166	F	n278;23
