TIME	EVENT	NODES
106.25333208456793	O	n18
107.32278215504778	I	n18;1
111.66586617081315	S	n18;1;n21;2;n22;3
112.78873954522729	I	n22;3
116.23201861452017	I	n21;2
121.1786495408379	D	n21;2;n21;4;n21;5
131.05163357451565	E	n21;4
131.05163357451565	E	n21;5
137.33366044182898	S	n22;3;n25;6;n26;7
142.7155834077547	E	n25;6
149.3238145096331	S	n26;7;n29;8;n30;9
150.84222171296392	E	n30;9
158.07812353108963	I	n29;8
198.4579808392204	I	n29;8
224.34369207996875	S	n29;8;n91;10;n92;11
227.54637249049256	E	n91;10
251.1517682979901	S	n92;11;n127;12;n128;13
251.5390235914055	E	n128;13
252.12530402237599	C	n127;12
252.87678478256842	E	n127;12
