TIME	EVENT	NODES
106.62695433389011	O	n19
115.02263337818047	L	n19;1
