TIME	EVENT	NODES
108.59543669163232	O	n19
171.2809686135886	S	n19;1;n47;2;n48;3
174.7830182839217	L	n47;2
213.17466710899342	I	n48;3
252.7654186094099	L	n48;3
