TIME	EVENT	NODES
110.97119279878946	O	n20
148.9849759202454	S	n20;1;n27;2;n28;3
153.15396712937255	S	n28;3;n35;4;n36;5
160.13645441185184	I	n35;4
161.28200666546059	L	n36;5
166.54278869017284	E	n27;2
168.42560449848003	I	n35;4
172.7134354678535	S	n35;4;n51;6;n52;7
182.14815934644238	I	n52;7
184.38473418243225	S	n51;6;n57;8;n58;9
195.81562732113593	E	n58;9
199.3404950915714	E	n57;8
227.7086322008703	S	n52;7;n97;10;n98;11
229.43990796684568	L	n97;10
263.9497268286646	T	n98;11;n98;12;n90;13
280.88338111280893	E	n90;13
297.82959460464184	E	n98;12
