TIME	EVENT	NODES
112.32081739646857	O	n21
131.05163357451565	E	n21;1
