TIME	EVENT	NODES
113.08695264167555	O	n7
126.1370587775615	I	n7;1
126.35469638585263	I	n7;1
152.63308264867726	S	n7;1;n33;2;n34;3
154.81101485858946	L	n33;2
162.77617771303431	S	n34;3;n37;4;n38;5
164.0650225736182	E	n38;5
185.29064566202717	I	n37;4
187.1981154176181	S	n37;4;n59;6;n60;7
197.574740969038	S	n60;7;n71;8;n72;9
222.9333009159518	I	n72;9
224.87883338170167	E	n71;8
251.91737397158224	S	n59;6;n131;10;n132;11
254.31869674795763	S	n72;9;n137;12;n138;13
259.5050710508444	T	n131;10;n131;14;n147;15
260.90279685748203	L	n132;11
262.48313050699846	S	n137;12;n155;16;n156;17
263.9907334676307	D	n131;14;n131;18;n131;19
264.256074713361	S	n131;18;n159;20;n160;21
264.256074713361	S	n131;19;n159;22;n160;23
268.08312347105647	S	n138;13;n163;24;n164;25
270.48535394630096	I	n160;21
270.48535394630096	I	n160;23
277.6146745266688	I	n163;24
277.8106349986983	E	n163;24
278.23088639788915	I	n159;20
278.23088639788915	I	n159;22
279.3689247604448	E	n164;25
280.9346084359787	E	n156;17
283.003644560383	E	n160;23
283.003644560383	E	n160;21
283.3629310829571	S	n147;15;n183;26;n184;27
285.8772675604321	T	n155;16;n155;28;n149;29
293.6183387782659	E	n184;27
296.7260942470411	I	n183;26
299.7793375976871	I	n159;22
299.7793375976871	I	n159;20
302.77518792485097	S	n155;28;n221;30;n222;31
313.2735372024965	E	n149;29
314.3193370741534	E	n222;31
328.2146319613769	S	n159;20;n253;32;n254;33
328.2146319613769	S	n159;22;n253;34;n254;35
335.92113620132585	S	n254;33;n263;36;n264;37
335.92113620132585	S	n254;35;n263;38;n264;39
339.658731161582	S	n264;37;n271;40;n272;41
339.658731161582	S	n264;39;n271;42;n272;43
339.98028808067687	L	n272;41
342.5990251400446	I	n272;43
345.6628583306989	L	n263;36
345.71198993976384	E	n253;32
345.71198993976384	E	n253;34
349.00530575206363	E	n183;26
351.5113361967628	I	n272;43
361.7971077523211	S	n272;43;n309;44;n310;45
364.39265661618424	S	n310;45;n317;46;n318;47
365.0417268907298	E	n263;38
365.9406802548836	S	n318;47;n329;48;n330;49
368.33285918754166	F	n330;49
368.33285918754166	F	n329;48
368.33285918754166	F	n271;40
368.33285918754166	F	n271;42
368.33285918754166	F	n317;46
368.33285918754166	F	n221;30
368.33285918754166	F	n309;44
