TIME	EVENT	NODES
113.80290187186108	O	n21
116.23201861452017	I	n21;1
121.80776729325207	C	n21;1
131.05163357451565	E	n21;1
