TIME	EVENT	NODES
114.47649741039552	O	n21
115.05972022798262	I	n21;1
131.05163357451565	E	n21;1
