TIME	EVENT	NODES
115.6886392309433	O	n20
146.06878103737358	L	n20;1
