TIME	EVENT	NODES
116.41551517442315	O	n20
131.2729942605553	C	n20;1
148.9849759202454	S	n20;1;n27;2;n28;3
153.15396712937255	S	n28;3;n35;4;n36;5
159.56987177518374	T	n36;5;n36;6;n33;7
162.02419777736827	I	n27;2
165.2249719103747	E	n33;7
166.54278869017284	E	n27;2
168.98360319176706	S	n36;6;n43;8;n44;9
169.05354593202392	C	n44;9
170.74431018111153	S	n43;8;n45;10;n46;11
172.7134354678535	S	n35;4;n51;12;n52;13
177.51846234063663	E	n45;10
181.87196095464023	C	n46;11
184.38473418243225	S	n51;12;n57;14;n58;15
187.68489901940544	E	n46;11
188.02472049109625	L	n57;14
189.4429084824666	S	n44;9;n63;16;n64;17
193.28582930504638	I	n63;16
193.69941176257697	L	n58;15
202.04678109885788	I	n63;16
204.4290518210229	C	n64;17
217.10122037003637	S	n63;16;n87;18;n88;19
217.98980691513495	T	n52;13;n52;20;n77;21
224.42074098395472	S	n87;18;n93;22;n94;23
225.79095611622103	I	n77;21
226.08451416191318	E	n77;21
227.7086322008703	S	n52;20;n97;24;n98;25
230.82854699473123	I	n98;25
232.2598634713699	E	n94;23
232.8439288366906	E	n88;19
242.92925463480364	I	n64;17
246.70878186918142	I	n97;24
248.88117897606477	E	n64;17
249.03530572249304	S	n97;24;n123;26;n124;27
254.59397657947247	S	n123;26;n139;28;n140;29
255.08922900163986	E	n139;28
258.8150958922131	S	n124;27;n149;30;n150;31
261.34583841499926	L	n98;25
263.1946935408616	S	n93;22;n157;32;n158;33
269.9663931891822	I	n157;32
271.0359830191678	S	n158;33;n165;34;n166;35
271.2742870207934	I	n150;31
271.3443842279853	I	n166;35
275.3394929136777	E	n140;29
279.94008698553745	L	n150;31
281.86281336619095	S	n157;32;n181;36;n182;37
297.3759122122873	E	n182;37
300.66408360617874	S	n165;34;n217;38;n218;39
301.39480262224913	S	n217;38;n219;40;n220;41
303.3307715038492	I	n181;36
309.22719658015154	E	n220;41
313.20921954296705	I	n218;39
313.2735372024965	E	n149;30
322.23550031039156	S	n219;40;n243;42;n244;43
325.62016585225894	E	n166;35
326.9191915703628	E	n181;36
327.1046107185982	E	n218;39
331.70334085605754	I	n243;42
336.27194991669535	S	n243;42;n265;44;n266;45
337.4463072842943	L	n244;43
337.9466629699342	E	n266;45
357.83898267386695	E	n265;44
