TIME	EVENT	NODES
119.82191087217703	O	n21
131.05163357451565	E	n21;1
