TIME	EVENT	NODES
120.28821197136342	O	n22
137.33366044182898	S	n22;1;n25;2;n26;3
139.21894179382315	I	n25;2
140.59057114228017	L	n25;2
149.3238145096331	S	n26;3;n29;4;n30;5
150.84222171296392	E	n30;5
162.60007901884157	I	n29;4
175.18404352874134	T	n29;4;n29;6;n51;7
177.4702855784547	I	n29;6
184.38473418243225	S	n51;7;n57;8;n58;9
195.81562732113593	E	n58;9
199.3404950915714	E	n57;8
212.22712088833842	I	n29;6
224.34369207996875	S	n29;6;n91;10;n92;11
227.54637249049256	E	n91;10
251.1517682979901	S	n92;11;n127;12;n128;13
251.5390235914055	E	n128;13
252.87678478256842	E	n127;12
