TIME	EVENT	NODES
0	O	Root
0.0	S	Root;1;n1;2;n2;3
3.2265121368497676	S	n2;3;n3;4;n4;5
6.0891450189117755	S	n4;5;n5;6;n6;7
11.042863412892764	I	n5;6
12.049627919615546	E	n1;2
23.067930249681396	I	n3;4
30.337553612540763	S	n3;4;n7;8;n8;9
34.000464323286245	L	n6;7
34.000464323286245	T	n7;8;n7;10;n6;11
34.18920170456023	I	n7;10
41.7308661144652	E	n6;11
46.478728420132114	S	n8;9;n9;12;n10;13
47.81125705952125	I	n5;6
59.70567268892826	C	n7;10
64.46759114018897	L	n9;12
65.79458869924449	S	n5;6;n11;14;n12;15
70.6855552878254	I	n7;10
76.60076695800359	I	n11;14
76.83040379162496	S	n10;13;n13;16;n14;17
78.67196232775571	E	n11;14
80.59920766624008	E	n12;15
80.65664055191147	S	n14;17;n15;18;n16;19
90.03849608767848	E	n15;18
90.74528338734476	E	n16;19
99.66907436519891	C	n13;16
100.0082568610545	S	n13;16;n17;20;n18;21
106.10296841032432	L	n17;20
108.37984649574176	I	n18;21
111.66586617081315	S	n18;21;n21;22;n22;23
116.23201861452017	I	n21;22
131.05163357451565	E	n21;22
137.33366044182898	S	n22;23;n25;24;n26;25
139.4627286720196	C	n25;24
142.7155834077547	E	n25;24
149.3238145096331	S	n26;25;n29;26;n30;27
150.84222171296392	E	n30;27
152.63308264867726	S	n7;10;n33;28;n34;29
162.77617771303431	S	n34;29;n37;30;n38;31
164.0650225736182	E	n38;31
165.2249719103747	E	n33;28
177.87469340990455	I	n29;26
187.1981154176181	S	n37;30;n59;32;n60;33
197.574740969038	S	n60;33;n71;34;n72;35
198.69658913314495	I	n71;34
204.42994853998928	I	n29;26
209.78209956275745	I	n72;35
214.0735870818539	I	n72;35
214.18453598088348	I	n59;32
224.34369207996875	S	n29;26;n91;36;n92;37
224.87883338170167	E	n71;34
227.54637249049256	E	n91;36
227.736392953267	I	n92;37
232.51172325160243	T	n59;32;n59;38;n55;39
238.066136604651	E	n55;39
245.0945059839935	I	n59;38
249.14587154172273	L	n59;38
251.1517682979901	S	n92;37;n127;40;n128;41
251.5390235914055	E	n128;41
252.87678478256842	E	n127;40
254.31869674795763	S	n72;35;n137;42;n138;43
262.48313050699846	S	n137;42;n155;44;n156;45
268.08312347105647	S	n138;43;n163;46;n164;47
277.8106349986983	E	n163;46
279.3689247604448	E	n164;47
280.9346084359787	E	n156;45
302.77518792485097	S	n155;44;n221;48;n222;49
314.3193370741534	E	n222;49
368.33285918754166	F	n221;48
