TIME	EVENT	NODES
122.50418561558587	O	n21
131.05163357451565	E	n21;1
