TIME	EVENT	NODES
123.47405733325785	O	n21
131.05163357451565	E	n21;1
