TIME	EVENT	NODES
123.92246138433012	O	n21
131.05163357451565	E	n21;1
