TIME	EVENT	NODES
124.41694387885762	O	n22
137.33366044182898	S	n22;1;n25;2;n26;3
142.7155834077547	E	n25;2
149.3238145096331	S	n26;3;n29;4;n30;5
150.66371876436537	I	n30;5
150.84222171296392	E	n30;5
165.31967225440678	I	n29;4
216.31864324065236	I	n29;4
224.34369207996875	S	n29;4;n91;6;n92;7
227.54637249049256	E	n91;6
230.08040904712436	I	n92;7
251.1517682979901	S	n92;7;n127;8;n128;9
251.5390235914055	E	n128;9
252.87678478256842	E	n127;8
