TIME	EVENT	NODES
124.9532677813059	O	n21
131.05163357451565	E	n21;1
