TIME	EVENT	NODES
126.54787335142132	O	n20
148.9849759202454	S	n20;1;n27;2;n28;3
153.15396712937255	S	n28;3;n35;4;n36;5
164.76146222626792	I	n27;2
166.54278869017284	E	n27;2
168.98360319176706	S	n36;5;n43;6;n44;7
170.74431018111153	S	n43;6;n45;8;n46;9
172.10011832696856	I	n45;8
172.7134354678535	S	n35;4;n51;10;n52;11
177.51846234063663	E	n45;8
181.08878661958036	I	n51;10
184.38473418243225	S	n51;10;n57;12;n58;13
187.68489901940544	E	n46;9
189.4429084824666	S	n44;7;n63;14;n64;15
195.81562732113593	E	n58;13
199.3404950915714	E	n57;12
203.82913207842728	L	n52;11
212.10327959951152	I	n64;15
212.8782045847937	I	n64;15
217.10122037003637	S	n63;14;n87;16;n88;17
220.73994525193314	I	n87;16
222.42230666603686	I	n88;17
224.42074098395472	S	n87;16;n93;18;n94;19
226.49385614607323	I	n88;17
232.2598634713699	E	n94;19
232.8439288366906	E	n88;17
248.88117897606477	E	n64;15
252.0443836459967	I	n93;18
263.1946935408616	S	n93;18;n157;20;n158;21
271.0359830191678	S	n158;21;n165;22;n166;23
275.89296821285615	I	n157;20
277.37600181328713	I	n166;23
281.86281336619095	S	n157;20;n181;24;n182;25
297.3759122122873	E	n182;25
300.66408360617874	S	n165;22;n217;26;n218;27
301.39480262224913	S	n217;26;n219;28;n220;29
303.13381588816884	D	n166;23;n166;30;n166;31
308.0205970674986	I	n220;29
309.21166079793545	L	n220;29
322.23550031039156	S	n219;28;n243;32;n244;33
325.4737104638525	I	n166;30
325.4737104638525	I	n166;31
325.5678977765498	T	n166;30;n166;34;n242;35
325.62016585225894	E	n166;31
325.62016585225894	E	n166;34
326.9191915703628	E	n181;24
327.1046107185982	E	n218;27
327.45143223710494	I	n242;35
331.30761343493685	I	n243;32
336.27194991669535	S	n243;32;n265;36;n266;37
337.9466629699342	E	n266;37
357.83898267386695	E	n265;36
368.33285918754166	F	n242;35
368.33285918754166	F	n244;33
