TIME	EVENT	NODES
126.64332017360215	O	n22
137.33366044182898	S	n22;1;n25;2;n26;3
142.7155834077547	E	n25;2
146.05732799635524	I	n26;3
149.3238145096331	S	n26;3;n29;4;n30;5
150.84222171296392	E	n30;5
183.072707009581	T	n29;4;n29;6;n52;7
189.909301822821	I	n29;6
217.55749906970573	I	n52;7
224.34369207996875	S	n29;6;n91;8;n92;9
227.54637249049256	E	n91;8
227.7086322008703	S	n52;7;n97;10;n98;11
229.84546133915305	C	n92;9
233.1055025643504	L	n98;11
249.03530572249304	S	n97;10;n123;12;n124;13
251.1517682979901	S	n92;9;n127;14;n128;15
251.5390235914055	E	n128;15
252.87678478256842	E	n127;14
254.59397657947247	S	n123;12;n139;16;n140;17
255.08922900163986	E	n139;16
258.8150958922131	S	n124;13;n149;18;n150;19
275.3394929136777	E	n140;17
293.4401227103343	E	n150;19
304.5212957872675	I	n149;18
313.2735372024965	E	n149;18
