TIME	EVENT	NODES
126.8824458152294	O	n17
127.09439606284033	S	n17;1;n23;2;n24;3
131.10929079220745	L	n24;3
171.45748821204532	S	n23;2;n49;4;n50;5
176.11005676811268	S	n49;4;n55;6;n56;7
180.68423174771254	E	n50;5
188.99377288291518	S	n56;7;n61;8;n62;9
191.35598736312272	S	n62;9;n65;10;n66;11
196.74632570764513	E	n66;11
199.14213699610357	I	n55;6
212.14935991177535	E	n65;10
221.4844260935815	S	n61;8;n89;12;n90;13
227.75032833734494	I	n90;13
229.67254305862318	C	n89;12
231.2895298785254	E	n89;12
238.066136604651	E	n55;6
246.1590541100384	D	n90;13;n90;14;n90;15
249.2874729712058	I	n90;14
256.0959659342989	I	n90;15
262.2008130159441	L	n90;14
280.88338111280893	E	n90;15
