TIME	EVENT	NODES
126.92663671390598	O	n21
131.05163357451565	E	n21;1
