TIME	EVENT	NODES
126.97965716239567	O	n21
131.05163357451565	E	n21;1
