TIME	EVENT	NODES
127.53976380069649	O	n23
143.89588590725083	L	n23;1
