TIME	EVENT	NODES
127.86752042654989	O	n23
134.44320157174215	I	n23;1
171.45748821204532	S	n23;1;n49;2;n50;3
176.11005676811268	S	n49;2;n55;4;n56;5
180.68423174771254	E	n50;3
188.99377288291518	S	n56;5;n61;6;n62;7
191.35598736312272	S	n62;7;n65;8;n66;9
191.65290121762195	I	n61;6
196.53216013787076	L	n55;4
196.74632570764513	E	n66;9
201.1679249087081	I	n61;6
212.14935991177535	E	n65;8
221.4844260935815	S	n61;6;n89;10;n90;11
231.2895298785254	E	n89;10
258.2535302331873	I	n90;11
280.88338111280893	E	n90;11
