TIME	EVENT	NODES
130.62510208882216	O	n23
146.37666184314116	I	n23;1
163.53996174439618	I	n23;1
171.45748821204532	S	n23;1;n49;2;n50;3
176.11005676811268	S	n49;2;n55;4;n56;5
180.68423174771254	E	n50;3
185.66612820276012	I	n56;5
186.4073724228066	L	n55;4
186.4073724228066	T	n56;5;n56;6;n55;7
188.99377288291518	S	n56;6;n61;8;n62;9
191.35598736312272	S	n62;9;n65;10;n66;11
195.32059392447732	L	n55;7
196.74632570764513	E	n66;11
209.82308662336635	L	n65;10
213.25489665730305	C	n61;8
221.4844260935815	S	n61;8;n89;12;n90;13
226.8707460438085	D	n90;13;n90;14;n90;15
231.2895298785254	E	n89;12
270.6336862936536	I	n90;14
270.6336862936536	I	n90;15
271.7170818175748	I	n90;15
271.7170818175748	I	n90;14
280.88338111280893	E	n90;14
280.88338111280893	E	n90;15
