TIME	EVENT	NODES
131.33673018774988	O	n7
142.27632056874947	I	n7;1
152.63308264867726	S	n7;1;n33;2;n34;3
162.77617771303431	S	n34;3;n37;4;n38;5
164.0650225736182	E	n38;5
165.2249719103747	E	n33;2
167.8287215812372	I	n37;4
185.82679023157982	I	n37;4
187.1981154176181	S	n37;4;n59;6;n60;7
193.33773950245984	I	n59;6
197.574740969038	S	n60;7;n71;8;n72;9
204.00669830215958	I	n72;9
224.87883338170167	E	n71;8
237.86464344588222	I	n59;6
237.87497424291797	L	n59;6
254.31869674795763	S	n72;9;n137;10;n138;11
262.48313050699846	S	n137;10;n155;12;n156;13
268.08312347105647	S	n138;11;n163;14;n164;15
275.54472217655433	I	n164;15
277.8106349986983	E	n163;14
278.4023845063155	I	n156;13
279.3689247604448	E	n164;15
280.9346084359787	E	n156;13
287.9578037546808	I	n155;12
302.77518792485097	S	n155;12;n221;16;n222;17
304.43299031103703	C	n221;16
314.3193370741534	E	n222;17
368.33285918754166	F	n221;16
