TIME	EVENT	NODES
133.87769560999521	O	n20
148.50605032567552	T	n20;1;n20;2;n23;3
148.9849759202454	S	n20;2;n27;4;n28;5
153.15396712937255	S	n28;5;n35;6;n36;7
155.04580674480258	I	n35;6
160.13645441185184	I	n35;6
164.2235512386896	I	n36;7
166.54278869017284	E	n27;4
168.98360319176706	S	n36;7;n43;8;n44;9
170.74431018111153	S	n43;8;n45;10;n46;11
171.45748821204532	S	n23;3;n49;12;n50;13
172.7134354678535	S	n35;6;n51;14;n52;15
176.11005676811268	S	n49;12;n55;16;n56;17
176.46389547681292	L	n56;17
177.51846234063663	E	n45;10
177.57652345559683	I	n50;13
178.20531760446352	I	n55;16
180.68423174771254	E	n50;13
182.14815934644238	I	n52;15
184.38473418243225	S	n51;14;n57;18;n58;19
184.66815442850887	L	n44;9
187.68489901940544	E	n46;11
195.81562732113593	E	n58;19
199.14213699610357	I	n55;16
199.3404950915714	E	n57;18
217.55749906970573	I	n52;15
219.13092772357376	C	n55;16
227.7086322008703	S	n52;15;n97;20;n98;21
235.97636267054955	C	n98;21
238.066136604651	E	n55;16
239.54083796330215	I	n98;21
243.8098232517348	C	n97;20
249.03530572249304	S	n97;20;n123;22;n124;23
254.59397657947247	S	n123;22;n139;24;n140;25
254.90153539252105	I	n98;21
255.08922900163986	E	n139;24
258.8150958922131	S	n124;23;n149;26;n150;27
271.2742870207934	I	n150;27
273.18957819772584	I	n150;27
275.3394929136777	E	n140;25
293.4401227103343	E	n150;27
297.82959460464184	E	n98;21
313.2735372024965	E	n149;26
