TIME	EVENT	NODES
136.14556709579855	O	n22
137.33366044182898	S	n22;1;n25;2;n26;3
142.7155834077547	E	n25;2
149.3238145096331	S	n26;3;n29;4;n30;5
150.43002615219575	L	n30;5
152.5965462922101	L	n29;4
