TIME	EVENT	NODES
136.70198613654753	O	n23
171.45748821204532	S	n23;1;n49;2;n50;3
172.81919894875847	I	n49;2
176.11005676811268	S	n49;2;n55;4;n56;5
180.68423174771254	E	n50;3
182.78969811669265	I	n56;5
188.99377288291518	S	n56;5;n61;6;n62;7
191.35598736312272	S	n62;7;n65;8;n66;9
195.05061992336886	L	n66;9
201.22235517776974	I	n55;4
212.14935991177535	E	n65;8
221.4844260935815	S	n61;6;n89;10;n90;11
231.2895298785254	E	n89;10
238.066136604651	E	n55;4
243.66865700957763	I	n90;11
244.3496329295528	I	n90;11
274.0853903236676	I	n90;11
280.88338111280893	E	n90;11
