TIME	EVENT	NODES
137.12095977094535	O	n22
137.33366044182898	S	n22;1;n25;2;n26;3
142.7155834077547	E	n25;2
149.3238145096331	S	n26;3;n29;4;n30;5
150.84222171296392	E	n30;5
158.07812353108963	I	n29;4
188.2200257567884	I	n29;4
224.34369207996875	S	n29;4;n91;6;n92;7
227.54637249049256	E	n91;6
251.1517682979901	S	n92;7;n127;8;n128;9
251.24954371864487	C	n127;8
251.5390235914055	E	n128;9
252.87678478256842	E	n127;8
