TIME	EVENT	NODES
137.8777528188599	O	n25
142.7155834077547	E	n25;1
