TIME	EVENT	NODES
138.028389575761	O	n26
149.3238145096331	S	n26;1;n29;2;n30;3
150.84222171296392	E	n30;3
151.48576323794362	I	n29;2
166.0268131652332	L	n29;2
