TIME	EVENT	NODES
138.2821340765999	O	n20
148.9849759202454	S	n20;1;n27;2;n28;3
153.15396712937255	S	n28;3;n35;4;n36;5
154.08992490351883	I	n27;2
166.54278869017284	E	n27;2
168.98360319176706	S	n36;5;n43;6;n44;7
170.74431018111153	S	n43;6;n45;8;n46;9
172.7134354678535	S	n35;4;n51;10;n52;11
177.51846234063663	E	n45;8
184.38473418243225	S	n51;10;n57;12;n58;13
187.68489901940544	E	n46;9
189.4429084824666	S	n44;7;n63;14;n64;15
195.81562732113593	E	n58;13
199.3404950915714	E	n57;12
213.9080470259984	I	n63;14
217.10122037003637	S	n63;14;n87;16;n88;17
224.42074098395472	S	n87;16;n93;18;n94;19
227.7086322008703	S	n52;11;n97;20;n98;21
231.68911564962357	I	n98;21
232.2598634713699	E	n94;19
232.8439288366906	E	n88;17
248.88117897606477	E	n64;15
249.03530572249304	S	n97;20;n123;22;n124;23
249.15814236930922	I	n123;22
254.59397657947247	S	n123;22;n139;24;n140;25
255.08922900163986	E	n139;24
258.8150958922131	S	n124;23;n149;26;n150;27
262.3644148766499	C	n93;18
263.1946935408616	S	n93;18;n157;28;n158;29
271.0359830191678	S	n158;29;n165;30;n166;31
275.3394929136777	E	n140;25
281.86281336619095	S	n157;28;n181;32;n182;33
285.7043293143227	I	n182;33
293.4401227103343	E	n150;27
295.01789417715975	I	n182;33
296.2171724220751	C	n149;26
296.3991420273424	I	n165;30
297.3759122122873	E	n182;33
297.82959460464184	E	n98;21
298.04106042265215	I	n149;26
300.66408360617874	S	n165;30;n217;34;n218;35
301.39480262224913	S	n217;34;n219;36;n220;37
309.22719658015154	E	n220;37
310.95089261530495	I	n219;36
313.2735372024965	E	n149;26
322.23550031039156	S	n219;36;n243;38;n244;39
325.62016585225894	E	n166;31
326.38896015047465	I	n244;39
326.4412417846996	I	n218;35
326.9191915703628	E	n181;32
327.1046107185982	E	n218;35
336.27194991669535	S	n243;38;n265;40;n266;41
337.8162741291757	I	n244;39
337.9466629699342	E	n266;41
346.37498290188773	I	n244;39
357.83898267386695	E	n265;40
368.33285918754166	F	n244;39
