TIME	EVENT	NODES
138.85512057826227	O	n20
148.9849759202454	S	n20;1;n27;2;n28;3
153.15396712937255	S	n28;3;n35;4;n36;5
166.54278869017284	E	n27;2
168.5331116349678	I	n36;5
168.98360319176706	S	n36;5;n43;6;n44;7
170.74431018111153	S	n43;6;n45;8;n46;9
172.7134354678535	S	n35;4;n51;10;n52;11
174.5366534702494	L	n46;9
174.5366534702494	T	n51;10;n51;12;n46;13
177.51846234063663	E	n45;8
181.78065620711104	I	n44;7
182.21468271670963	I	n52;11
182.89345652255705	I	n51;12
184.23169426370617	T	n46;13;n46;14;n56;15
184.38473418243225	S	n51;12;n57;16;n58;17
187.68489901940544	E	n46;14
187.78040897889525	I	n44;7
188.99377288291518	S	n56;15;n61;18;n62;19
189.39593550903987	C	n57;16
189.4429084824666	S	n44;7;n63;20;n64;21
191.35598736312272	S	n62;19;n65;22;n66;23
193.9486269361423	I	n66;23
195.31337123521482	I	n57;16
195.81562732113593	E	n58;17
196.74632570764513	E	n66;23
199.3404950915714	E	n57;16
207.6338217503265	I	n63;20
210.15590691254573	I	n61;18
212.14935991177535	E	n65;22
214.92993231412532	I	n64;21
217.10122037003637	S	n63;20;n87;24;n88;25
219.9216388968374	I	n64;21
221.4844260935815	S	n61;18;n89;26;n90;27
224.42074098395472	S	n87;24;n93;28;n94;29
225.78399840388084	I	n89;26
226.49385614607323	I	n88;25
226.76537799071846	I	n89;26
227.7086322008703	S	n52;11;n97;30;n98;31
228.0206674143332	I	n88;25
231.2895298785254	E	n89;26
232.2598634713699	E	n94;29
232.8439288366906	E	n88;25
233.02336811705368	L	n93;28
240.00084961274646	I	n90;27
246.48710453583016	L	n98;31
248.88117897606477	E	n64;21
249.03530572249304	S	n97;30;n123;32;n124;33
254.59397657947247	S	n123;32;n139;34;n140;35
255.08922900163986	E	n139;34
258.8150958922131	S	n124;33;n149;36;n150;37
271.2742870207934	I	n150;37
273.1412717038939	C	n150;37
275.3394929136777	E	n140;35
280.88338111280893	E	n90;27
282.82371443874297	I	n150;37
293.4401227103343	E	n150;37
313.2735372024965	E	n149;36
