TIME	EVENT	NODES
0	O	Root
0.0	S	Root;1;n1;2;n2;3
2.8680897333644264	I	n1;2
3.2265121368497676	S	n2;3;n3;4;n4;5
6.0891450189117755	S	n4;5;n5;6;n6;7
12.049627919615546	E	n1;2
18.863174681873954	L	n6;7
22.78580865685977	L	n3;4
26.82659839241574	I	n5;6
30.436066974337464	I	n5;6
31.70358348469806	C	n5;6
33.01837389465897	I	n5;6
65.79458869924449	S	n5;6;n11;8;n12;9
73.03456535965974	I	n12;9
78.67196232775571	E	n11;8
80.59920766624008	E	n12;9
