TIME	EVENT	NODES
140.45460113923505	O	n19
140.81105703513106	L	n19;1
