TIME	EVENT	NODES
140.61409607665198	O	n26
149.3238145096331	S	n26;1;n29;2;n30;3
149.96580578278503	C	n30;3
150.84222171296392	E	n30;3
177.87469340990455	I	n29;2
198.4579808392204	I	n29;2
208.39423771916537	I	n29;2
224.34369207996875	S	n29;2;n91;4;n92;5
225.30544473344972	C	n92;5
227.54637249049256	E	n91;4
239.45903175694662	I	n92;5
251.1517682979901	S	n92;5;n127;6;n128;7
251.5390235914055	E	n128;7
252.87678478256842	E	n127;6
