TIME	EVENT	NODES
143.85009884902922	O	n7
152.63308264867726	S	n7;1;n33;2;n34;3
162.77617771303431	S	n34;3;n37;4;n38;5
164.0650225736182	E	n38;5
165.2249719103747	E	n33;2
187.1981154176181	S	n37;4;n59;6;n60;7
197.574740969038	S	n60;7;n71;8;n72;9
198.78740033853788	I	n59;6
209.19438933399334	L	n71;8
223.18203288199982	I	n59;6
224.17093923844365	I	n72;9
251.91737397158224	S	n59;6;n131;10;n132;11
254.31869674795763	S	n72;9;n137;12;n138;13
254.4930241044267	C	n138;13
257.3633207474852	I	n137;12
262.48313050699846	S	n137;12;n155;14;n156;15
262.92689318959526	I	n138;13
264.256074713361	S	n131;10;n159;16;n160;17
268.08312347105647	S	n138;13;n163;18;n164;19
271.73143208399296	I	n155;14
277.8106349986983	E	n163;18
279.3689247604448	E	n164;19
280.9346084359787	E	n156;15
283.003644560383	E	n160;17
285.8750454013584	I	n155;14
285.9845668028134	L	n132;11
302.77518792485097	S	n155;14;n221;20;n222;21
314.3193370741534	E	n222;21
326.9226621708812	I	n221;20
328.2146319613769	S	n159;16;n253;22;n254;23
335.92113620132585	S	n254;23;n263;24;n264;25
339.658731161582	S	n264;25;n271;26;n272;27
345.71198993976384	E	n253;22
350.3446283742862	I	n271;26
354.1721066881027	I	n221;20
361.1058667206497	I	n271;26
361.7971077523211	S	n272;27;n309;28;n310;29
362.34490449185506	I	n263;24
364.39265661618424	S	n310;29;n317;30;n318;31
365.0417268907298	E	n263;24
365.9406802548836	S	n318;31;n329;32;n330;33
368.33285918754166	F	n330;33
368.33285918754166	F	n329;32
368.33285918754166	F	n271;26
368.33285918754166	F	n317;30
368.33285918754166	F	n221;20
368.33285918754166	F	n309;28
