TIME	EVENT	NODES
144.73952050370713	O	n23
151.40545604201444	I	n23;1
166.19082610330886	D	n23;1;n23;2;n23;3
171.45748821204532	S	n23;2;n49;4;n50;5
171.45748821204532	S	n23;3;n49;6;n50;7
176.11005676811268	S	n49;4;n55;8;n56;9
176.11005676811268	S	n49;6;n55;10;n56;11
180.68423174771254	E	n50;5
180.68423174771254	E	n50;7
183.6028337398682	I	n55;8
183.6028337398682	I	n55;10
184.3957635307195	L	n56;11
188.6154569317456	I	n55;10
188.6154569317456	I	n55;8
188.99377288291518	S	n56;9;n61;12;n62;13
191.35598736312272	S	n62;13;n65;14;n66;15
196.74632570764513	E	n66;15
212.14935991177535	E	n65;14
213.44448089760616	L	n61;12
238.066136604651	E	n55;8
238.066136604651	E	n55;10
