TIME	EVENT	NODES
147.10635658635198	O	n7
152.63308264867726	S	n7;1;n33;2;n34;3
162.77617771303431	S	n34;3;n37;4;n38;5
164.0650225736182	E	n38;5
165.2249719103747	E	n33;2
187.1981154176181	S	n37;4;n59;6;n60;7
191.7434126650566	I	n60;7
197.574740969038	S	n60;7;n71;8;n72;9
213.84739412548237	I	n72;9
218.88088372705545	I	n72;9
224.87883338170167	E	n71;8
239.88028048856364	I	n72;9
251.91737397158224	S	n59;6;n131;10;n132;11
254.31869674795763	S	n72;9;n137;12;n138;13
256.5118060635313	L	n131;10
256.5118060635313	T	n137;12;n137;14;n131;15
262.48313050699846	S	n137;14;n155;16;n156;17
263.466644128342	C	n132;11
264.256074713361	S	n131;15;n159;18;n160;19
268.08312347105647	S	n138;13;n163;20;n164;21
276.76802771116996	C	n159;18
277.8106349986983	E	n163;20
279.3689247604448	E	n164;21
280.9346084359787	E	n156;17
283.003644560383	E	n160;19
288.5496408940298	S	n132;11;n189;22;n190;23
297.2325938618031	S	n190;23;n211;24;n212;25
302.77518792485097	S	n155;16;n221;26;n222;27
306.18779637717876	E	n189;22
314.3193370741534	E	n222;27
323.451126983794	S	n211;24;n247;28;n248;29
325.3357706177903	I	n247;28
326.9299560409181	S	n248;29;n249;30;n250;31
328.2146319613769	S	n159;18;n253;32;n254;33
334.64198406508626	S	n249;30;n255;34;n256;35
335.28240381260315	C	n250;31
335.92113620132585	S	n254;33;n263;36;n264;37
337.7721043519087	I	n264;37
338.51097831531484	S	n247;28;n269;38;n270;39
339.658731161582	S	n264;37;n271;40;n272;41
340.17272924259964	L	n263;36
345.71198993976384	E	n253;32
347.28871863097237	C	n221;26
351.3681074054671	E	n270;39
351.37042779145395	E	n255;34
356.5243775902817	S	n250;31;n303;42;n304;43
358.1702461307203	I	n256;35
359.43466135079467	S	n269;38;n307;44;n308;45
361.7971077523211	S	n272;41;n309;46;n310;47
362.3993247982543	I	n256;35
364.14479088522387	E	n212;25
364.39265661618424	S	n310;47;n317;48;n318;49
364.49514583717956	S	n304;43;n319;50;n320;51
365.0168302374957	S	n256;35;n323;52;n324;53
365.9406802548836	S	n318;49;n329;54;n330;55
368.1525611161385	S	n324;53;n331;56;n332;57
368.33285918754166	F	n330;55
368.33285918754166	F	n307;44
368.33285918754166	F	n329;54
368.33285918754166	F	n303;42
368.33285918754166	F	n271;40
368.33285918754166	F	n308;45
368.33285918754166	F	n331;56
368.33285918754166	F	n323;52
368.33285918754166	F	n320;51
368.33285918754166	F	n332;57
368.33285918754166	F	n317;48
368.33285918754166	F	n221;26
368.33285918754166	F	n309;46
368.33285918754166	F	n319;50
