TIME	EVENT	NODES
147.5150272962236	O	n26
149.3238145096331	S	n26;1;n29;2;n30;3
150.84222171296392	E	n30;3
157.641523657711	T	n29;2;n29;4;n35;5
160.34389014099688	L	n35;5
189.94380589978923	I	n29;4
224.34369207996875	S	n29;4;n91;6;n92;7
227.54637249049256	E	n91;6
251.1517682979901	S	n92;7;n127;8;n128;9
251.5390235914055	E	n128;9
252.87678478256842	E	n127;8
