TIME	EVENT	NODES
148.20503620150703	O	n7
152.63308264867726	S	n7;1;n33;2;n34;3
162.77617771303431	S	n34;3;n37;4;n38;5
164.0650225736182	E	n38;5
165.2249719103747	E	n33;2
183.04681987583282	T	n37;4;n37;6;n51;7
184.38473418243225	S	n51;7;n57;8;n58;9
187.1981154176181	S	n37;6;n59;10;n60;11
195.81562732113593	E	n58;9
197.574740969038	S	n60;11;n71;12;n72;13
199.3404950915714	E	n57;8
212.0442081720495	I	n59;10
217.11546756562876	I	n59;10
217.64652100025216	I	n71;12
224.87883338170167	E	n71;12
233.00408883488063	I	n59;10
251.91737397158224	S	n59;10;n131;14;n132;15
252.95947034924166	I	n132;15
254.31869674795763	S	n72;13;n137;16;n138;17
262.48313050699846	S	n137;16;n155;18;n156;19
264.256074713361	S	n131;14;n159;20;n160;21
268.08312347105647	S	n138;17;n163;22;n164;23
276.15180559154004	I	n164;23
277.8106349986983	E	n163;22
279.3689247604448	E	n164;23
280.9346084359787	E	n156;19
283.003644560383	E	n160;21
286.00084448631225	L	n159;20
288.5496408940298	S	n132;15;n189;24;n190;25
297.2325938618031	S	n190;25;n211;26;n212;27
302.77518792485097	S	n155;18;n221;28;n222;29
306.18779637717876	E	n189;24
306.5799078960527	C	n212;27
310.27138031694716	L	n222;29
323.451126983794	S	n211;26;n247;30;n248;31
326.9299560409181	S	n248;31;n249;32;n250;33
334.64198406508626	S	n249;32;n255;34;n256;35
338.51097831531484	S	n247;30;n269;36;n270;37
343.01035002180316	I	n250;33
346.49924320066793	I	n250;33
346.850663061184	I	n255;34
351.3681074054671	E	n270;37
351.37042779145395	E	n255;34
354.67211978769	I	n212;27
356.5243775902817	S	n250;33;n303;38;n304;39
357.3439468410252	I	n303;38
359.43466135079467	S	n269;36;n307;40;n308;41
362.9471119143899	L	n212;27
364.49514583717956	S	n304;39;n319;42;n320;43
364.8146362410501	C	n307;40
365.0168302374957	S	n256;35;n323;44;n324;45
367.91352552733326	I	n303;38
368.1525611161385	S	n324;45;n331;46;n332;47
368.33285918754166	F	n307;40
368.33285918754166	F	n303;38
368.33285918754166	F	n308;41
368.33285918754166	F	n331;46
368.33285918754166	F	n323;44
368.33285918754166	F	n320;43
368.33285918754166	F	n332;47
368.33285918754166	F	n221;28
368.33285918754166	F	n319;42
