TIME	EVENT	NODES
148.62278040792347	O	n26
149.3238145096331	S	n26;1;n29;2;n30;3
150.84222171296392	E	n30;3
189.909301822821	I	n29;2
193.0739347396819	I	n29;2
224.34369207996875	S	n29;2;n91;4;n92;5
227.54637249049256	E	n91;4
247.71276996446824	I	n92;5
251.1517682979901	S	n92;5;n127;6;n128;7
251.5390235914055	E	n128;7
252.87678478256842	E	n127;6
