TIME	EVENT	NODES
148.66219840168614	O	n26
149.3238145096331	S	n26;1;n29;2;n30;3
149.36365727446992	L	n30;3
162.22229351986024	I	n29;2
199.92339656775204	I	n29;2
224.34369207996875	S	n29;2;n91;4;n92;5
225.73807574041837	L	n92;5
227.54637249049256	E	n91;4
