TIME	EVENT	NODES
148.84993305356625	O	n20
148.9849759202454	S	n20;1;n27;2;n28;3
153.08595971753527	D	n27;2;n27;4;n27;5
153.15396712937255	S	n28;3;n35;6;n36;7
160.4412742129099	I	n35;6
166.54278869017284	E	n27;4
166.54278869017284	E	n27;5
168.98360319176706	S	n36;7;n43;8;n44;9
170.74431018111153	S	n43;8;n45;10;n46;11
172.7134354678535	S	n35;6;n51;12;n52;13
176.45082325616983	C	n51;12
177.51846234063663	E	n45;10
180.6082597447427	C	n46;11
184.38473418243225	S	n51;12;n57;14;n58;15
187.68489901940544	E	n46;11
189.4429084824666	S	n44;9;n63;16;n64;17
192.76433527042354	I	n63;16
195.81562732113593	E	n58;15
199.3404950915714	E	n57;14
203.78691525334986	C	n64;17
206.1543874836971	I	n64;17
207.114690133627	I	n63;16
209.3174835058464	I	n64;17
212.842443447124	L	n63;16
221.3999442503224	I	n52;13
223.31455307220432	L	n52;13
248.88117897606477	E	n64;17
