TIME	EVENT	NODES
150.67085837841114	O	n23
165.82385225485135	L	n23;1
