TIME	EVENT	NODES
150.95335822578537	O	n27
156.08369216436088	I	n27;1
166.54278869017284	E	n27;1
