TIME	EVENT	NODES
153.19986524036594	O	n19
163.1291166156951	I	n19;1
171.2809686135886	S	n19;1;n47;2;n48;3
190.48971669345238	L	n47;2
197.59251849017573	C	n48;3
242.12188936407227	I	n48;3
270.50846597342445	E	n48;3
