TIME	EVENT	NODES
154.68095628233888	O	n33
165.2249719103747	E	n33;1
