TIME	EVENT	NODES
154.896870712005	O	n33
160.67984083414115	T	n33;1;n33;2;n29;3
165.2249719103747	E	n33;2
172.4080531369268	L	n29;3
