TIME	EVENT	NODES
155.0172774585997	O	n29
184.2452539146438	I	n29;1
205.1949407088358	I	n29;1
224.34369207996875	S	n29;1;n91;2;n92;3
227.54637249049256	E	n91;2
233.78629239455645	D	n92;3;n92;4;n92;5
241.19596601629704	I	n92;4
241.19596601629704	I	n92;5
251.1517682979901	S	n92;5;n127;6;n128;7
251.1517682979901	S	n92;4;n127;8;n128;9
251.5390235914055	E	n128;7
251.5390235914055	E	n128;9
252.87678478256842	E	n127;6
252.87678478256842	E	n127;8
