TIME	EVENT	NODES
155.21650505068476	O	n23
162.35912164775434	I	n23;1
171.45748821204532	S	n23;1;n49;2;n50;3
176.11005676811268	S	n49;2;n55;4;n56;5
177.7966525362378	L	n56;5
180.68423174771254	E	n50;3
227.7521978004292	I	n55;4
238.066136604651	E	n55;4
