TIME	EVENT	NODES
155.22460990848	O	n27
166.54278869017284	E	n27;1
