TIME	EVENT	NODES
155.48596085172287	O	n33
158.43200871484788	C	n33;1
165.2249719103747	E	n33;1
