TIME	EVENT	NODES
155.65116181268633	O	n27
166.54278869017284	E	n27;1
