TIME	EVENT	NODES
155.6925242989323	O	n33
162.20557231354715	I	n33;1
165.2249719103747	E	n33;1
