TIME	EVENT	NODES
155.81991880767654	O	n31
163.9261290432081	L	n31;1
