TIME	EVENT	NODES
155.93781037605436	O	n33
165.2249719103747	E	n33;1
