TIME	EVENT	NODES
156.3946727162496	O	n27
166.54278869017284	E	n27;1
