TIME	EVENT	NODES
156.77562970342566	O	n31
165.1799971652594	S	n31;1;n39;2;n40;3
166.42281919880233	S	n40;3;n41;4;n42;5
169.09281682708968	E	n41;4
169.40844172015872	E	n39;2
173.3420775141136	S	n42;5;n53;6;n54;7
173.88687652149895	E	n54;7
193.21615987991336	L	n53;6
