TIME	EVENT	NODES
157.29046103852437	O	n27
160.4576289656853	I	n27;1
161.44687521385313	C	n27;1
166.54278869017284	E	n27;1
