TIME	EVENT	NODES
157.4711248107872	O	n35
172.7134354678535	S	n35;1;n51;2;n52;3
184.38473418243225	S	n51;2;n57;4;n58;5
195.81562732113593	E	n58;5
199.3404950915714	E	n57;4
213.2083255747118	I	n52;3
227.7086322008703	S	n52;3;n97;6;n98;7
248.94956779508917	I	n98;7
249.03530572249304	S	n97;6;n123;8;n124;9
251.51846011921296	T	n98;7;n98;10;n112;11
254.59397657947247	S	n123;8;n139;12;n140;13
255.08922900163986	E	n139;12
255.20524612731379	I	n112;11
258.8150958922131	S	n124;9;n149;14;n150;15
270.1832610451006	C	n112;11
272.6767349114643	I	n98;10
275.3394929136777	E	n140;13
278.4525291252385	E	n112;11
293.4401227103343	E	n150;15
297.82959460464184	E	n98;10
313.2735372024965	E	n149;14
