TIME	EVENT	NODES
157.62102184531696	O	n34
162.77617771303431	S	n34;1;n37;2;n38;3
164.0650225736182	E	n38;3
187.1981154176181	S	n37;2;n59;4;n60;5
197.574740969038	S	n60;5;n71;6;n72;7
198.1351084639716	I	n72;7
198.78740033853788	I	n59;4
207.76136777058096	L	n72;7
220.0256879840732	I	n59;4
224.87883338170167	E	n71;6
251.91737397158224	S	n59;4;n131;8;n132;9
258.1791483383645	L	n131;8
270.100201547897	L	n132;9
