TIME	EVENT	NODES
158.58483679874254	O	n29
177.0312597063057	I	n29;1
224.34369207996875	S	n29;1;n91;2;n92;3
227.54637249049256	E	n91;2
240.73006418091927	I	n92;3
246.1519479472348	C	n92;3
251.1517682979901	S	n92;3;n127;4;n128;5
251.5390235914055	E	n128;5
252.87678478256842	E	n127;4
