TIME	EVENT	NODES
159.04334848026483	O	n36
168.98360319176706	S	n36;1;n43;2;n44;3
170.74431018111153	S	n43;2;n45;4;n46;5
172.10011832696856	I	n45;4
177.51846234063663	E	n45;4
186.52915269572333	D	n46;5;n46;6;n46;7
187.68489901940544	E	n46;6
187.68489901940544	E	n46;7
189.4429084824666	S	n44;3;n63;8;n64;9
212.10327959951152	I	n64;9
212.8782045847937	I	n64;9
217.10122037003637	S	n63;8;n87;10;n88;11
218.31448772274692	I	n88;11
220.73994525193314	I	n87;10
224.42074098395472	S	n87;10;n93;12;n94;13
232.2598634713699	E	n94;13
232.8439288366906	E	n88;11
248.88117897606477	E	n64;9
263.1946935408616	S	n93;12;n157;14;n158;15
271.0359830191678	S	n158;15;n165;16;n166;17
275.89296821285615	I	n157;14
281.86281336619095	S	n157;14;n181;18;n182;19
282.61255130363196	I	n182;19
289.30835248994754	I	n182;19
297.3759122122873	E	n182;19
300.66408360617874	S	n165;16;n217;20;n218;21
301.39480262224913	S	n217;20;n219;22;n220;23
309.22719658015154	E	n220;23
315.4943818409336	T	n218;21;n218;24;n225;25
322.0281126950584	C	n225;25
322.23550031039156	S	n219;22;n243;26;n244;27
324.7848548775896	E	n225;25
325.4737104638525	I	n166;17
325.62016585225894	E	n166;17
326.9191915703628	E	n181;18
327.1046107185982	E	n218;24
331.30761343493685	I	n243;26
333.63609957428855	D	n243;26;n243;28;n243;29
336.27194991669535	S	n243;28;n265;30;n266;31
336.27194991669535	S	n243;29;n265;32;n266;33
337.9466629699342	E	n266;31
337.9466629699342	E	n266;33
357.83898267386695	E	n265;30
357.83898267386695	E	n265;32
368.33285918754166	F	n244;27
