TIME	EVENT	NODES
159.10034836729363	O	n31
165.1799971652594	S	n31;1;n39;2;n40;3
166.42281919880233	S	n40;3;n41;4;n42;5
169.09281682708968	E	n41;4
169.40844172015872	E	n39;2
171.81113513842703	I	n42;5
173.3420775141136	S	n42;5;n53;6;n54;7
173.88687652149895	E	n54;7
226.86452868796613	S	n53;6;n95;8;n96;9
227.4301669659656	I	n95;8
233.55443944646427	S	n96;9;n105;10;n106;11
242.04513272602634	I	n105;10
245.2378986387229	L	n106;11
262.94527190252023	I	n105;10
271.5541373875477	S	n95;8;n167;12;n168;13
275.3926559793795	I	n167;12
278.37777927242377	S	n168;13;n179;14;n180;15
278.6214938342557	E	n167;12
282.56958360049487	E	n179;14
287.2898658895813	E	n105;10
292.321064504694	E	n180;15
