TIME	EVENT	NODES
159.17014267682373	O	n36
168.98360319176706	S	n36;1;n43;2;n44;3
170.74431018111153	S	n43;2;n45;4;n46;5
177.51846234063663	E	n45;4
187.07770648400486	I	n46;5
187.68489901940544	E	n46;5
189.4429084824666	S	n44;3;n63;6;n64;7
189.7886170663922	C	n64;7
199.2010696862037	C	n63;6
217.10122037003637	S	n63;6;n87;8;n88;9
218.91080382826158	I	n87;8
224.42074098395472	S	n87;8;n93;10;n94;11
232.2598634713699	E	n94;11
232.8439288366906	E	n88;9
248.88117897606477	E	n64;7
263.1946935408616	S	n93;10;n157;12;n158;13
265.71689619099885	C	n158;13
271.0359830191678	S	n158;13;n165;14;n166;15
279.8373989289696	I	n165;14
279.9114225800011	C	n165;14
281.86281336619095	S	n157;12;n181;16;n182;17
290.122819143956	L	n165;14
297.3759122122873	E	n182;17
303.47021780164545	C	n166;15
322.09578371517523	L	n166;15
326.9191915703628	E	n181;16
