TIME	EVENT	NODES
159.87682841262105	O	n23
171.45748821204532	S	n23;1;n49;2;n50;3
173.1257795598171	I	n50;3
176.11005676811268	S	n49;2;n55;4;n56;5
176.28320672199246	C	n56;5
180.68423174771254	E	n50;3
188.99377288291518	S	n56;5;n61;6;n62;7
191.35598736312272	S	n62;7;n65;8;n66;9
194.74184156774595	T	n55;4;n55;10;n52;11
196.74632570764513	E	n66;9
199.36503648538334	I	n55;10
203.67757220624154	I	n52;11
212.14935991177535	E	n65;8
221.4844260935815	S	n61;6;n89;12;n90;13
223.50150224720215	I	n52;11
227.7086322008703	S	n52;11;n97;14;n98;15
227.75032833734494	I	n90;13
229.67254305862318	C	n89;12
231.2895298785254	E	n89;12
238.066136604651	E	n55;10
244.95871946875525	I	n98;15
249.03530572249304	S	n97;14;n123;16;n124;17
249.69809400831238	C	n123;16
254.59397657947247	S	n123;16;n139;18;n140;19
255.08922900163986	E	n139;18
256.0959659342989	I	n90;13
258.8150958922131	S	n124;17;n149;20;n150;21
268.9424575473736	I	n98;15
275.3394929136777	E	n140;19
280.88338111280893	E	n90;13
281.777607169424	I	n98;15
283.7487888568035	I	n98;15
293.4401227103343	E	n150;21
297.82959460464184	E	n98;15
313.2735372024965	E	n149;20
