TIME	EVENT	NODES
160.00077697364347	O	n31
165.1799971652594	S	n31;1;n39;2;n40;3
166.42281919880233	S	n40;3;n41;4;n42;5
169.09281682708968	E	n41;4
169.40844172015872	E	n39;2
171.81113513842703	I	n42;5
173.3420775141136	S	n42;5;n53;6;n54;7
173.88687652149895	E	n54;7
226.86452868796613	S	n53;6;n95;8;n96;9
227.4301669659656	I	n95;8
233.55443944646427	S	n96;9;n105;10;n106;11
247.89276809742267	S	n106;11;n121;12;n122;13
250.6055744959858	C	n105;10
260.38207918077933	I	n122;13
261.6291738439399	E	n121;12
271.5541373875477	S	n95;8;n167;14;n168;15
273.5864034493894	E	n122;13
275.3926559793795	I	n167;14
277.6037895781442	T	n168;15;n168;16;n156;17
278.37777927242377	S	n168;16;n179;18;n180;19
278.6214938342557	E	n167;14
280.9346084359787	E	n156;17
282.56958360049487	E	n179;18
284.7384853309536	T	n180;19;n180;20;n155;21
286.23755717339736	I	n105;10
287.2898658895813	E	n105;10
292.321064504694	E	n180;20
302.77518792485097	S	n155;21;n221;22;n222;23
314.3193370741534	E	n222;23
368.33285918754166	F	n221;22
