TIME	EVENT	NODES
161.8416942623044	O	n27
166.54278869017284	E	n27;1
