TIME	EVENT	NODES
161.90560921983624	O	n29
162.60007901884157	I	n29;1
177.4702855784547	I	n29;1
186.45814725913112	I	n29;1
224.34369207996875	S	n29;1;n91;2;n92;3
227.54637249049256	E	n91;2
233.5039258684104	T	n92;3;n92;4;n55;5
238.066136604651	E	n55;5
247.79086686393518	I	n92;4
251.1517682979901	S	n92;4;n127;6;n128;7
251.5390235914055	E	n128;7
252.87678478256842	E	n127;6
