TIME	EVENT	NODES
161.97489890627796	O	n29
177.4702855784547	I	n29;1
186.45814725913112	I	n29;1
210.45456253012802	I	n29;1
212.22712088833842	I	n29;1
224.34369207996875	S	n29;1;n91;2;n92;3
227.54637249049256	E	n91;2
230.951140843898	T	n92;3;n92;4;n104;5
240.4400248471713	S	n104;5;n111;6;n112;7
249.8483184241242	I	n111;6
251.1517682979901	S	n92;4;n127;8;n128;9
251.5390235914055	E	n128;9
252.87678478256842	E	n127;8
254.1474396940903	S	n111;6;n135;10;n136;11
262.7178663639928	I	n112;7
269.9568136455443	E	n136;11
270.02458037840927	L	n135;10
278.4525291252385	E	n112;7
