TIME	EVENT	NODES
162.40583651230023	O	n35
172.7134354678535	S	n35;1;n51;2;n52;3
182.82328673727832	I	n52;3
184.38473418243225	S	n51;2;n57;4;n58;5
186.8621502089486	I	n52;3
195.81562732113593	E	n58;5
199.3404950915714	E	n57;4
201.33279879777487	I	n52;3
227.24917160321922	I	n52;3
227.7086322008703	S	n52;3;n97;6;n98;7
232.09505500922094	I	n97;6
237.40170014493938	I	n98;7
240.29232213502183	C	n98;7
240.3331960884654	I	n97;6
242.65770202322346	I	n98;7
249.03530572249304	S	n97;6;n123;8;n124;9
252.77141324569288	I	n123;8
254.59397657947247	S	n123;8;n139;10;n140;11
255.08922900163986	E	n139;10
256.53648627368875	C	n124;9
256.64231642783636	I	n98;7
258.8150958922131	S	n124;9;n149;12;n150;13
273.1422561391772	I	n98;7
275.3394929136777	E	n140;11
285.4694107373424	I	n98;7
293.4401227103343	E	n150;13
297.82959460464184	E	n98;7
313.2735372024965	E	n149;12
