TIME	EVENT	NODES
0	O	Root
0.0	S	Root;1;n1;2;n2;3
3.2265121368497676	S	n2;3;n3;4;n4;5
6.0891450189117755	S	n4;5;n5;6;n6;7
12.049627919615546	E	n1;2
30.337553612540763	S	n3;4;n7;8;n8;9
41.7308661144652	E	n6;7
42.50508976529542	I	n7;8
46.478728420132114	S	n8;9;n9;10;n10;11
49.75379665390739	L	n10;11
53.33837032772131	C	n9;10
57.97547763848398	L	n5;6
62.904761095626455	L	n9;10
80.37647466197548	I	n7;8
86.74638508295274	I	n7;8
100.14398081865309	I	n7;8
106.39786166837813	I	n7;8
113.4537965265736	L	n7;8
