TIME	EVENT	NODES
165.19282279654266	O	n37
173.99631135810552	I	n37;1
187.1981154176181	S	n37;1;n59;2;n60;3
197.574740969038	S	n60;3;n71;4;n72;5
210.31207136712467	C	n59;2
224.87883338170167	E	n71;4
237.39548532706766	I	n72;5
237.92311264589623	L	n72;5
251.91737397158224	S	n59;2;n131;6;n132;7
263.28749218357956	C	n131;6
264.256074713361	S	n131;6;n159;8;n160;9
267.5284591765637	C	n159;8
276.1142291509775	I	n132;7
283.003644560383	E	n160;9
288.5496408940298	S	n132;7;n189;10;n190;11
297.2325938618031	S	n190;11;n211;12;n212;13
306.18779637717876	E	n189;10
313.42901552358154	L	n211;12
313.76245832504014	I	n212;13
328.2146319613769	S	n159;8;n253;14;n254;15
335.92113620132585	S	n254;15;n263;16;n264;17
339.658731161582	S	n264;17;n271;18;n272;19
343.93506237572296	I	n212;13
345.71198993976384	E	n253;14
352.8804598531047	T	n212;13;n212;20;n290;21
353.07528120999166	I	n212;20
361.7971077523211	S	n272;19;n309;22;n310;23
364.14479088522387	E	n212;20
364.39265661618424	S	n310;23;n317;24;n318;25
364.58247236910813	I	n271;18
364.6752711486771	T	n309;22;n309;26;n239;27
364.79215553309297	I	n239;27
365.0417268907298	E	n263;16
365.6675909654996	S	n239;27;n327;28;n328;29
365.9406802548836	S	n318;25;n329;30;n330;31
368.33285918754166	F	n330;31
368.33285918754166	F	n329;30
368.33285918754166	F	n271;18
368.33285918754166	F	n327;28
368.33285918754166	F	n328;29
368.33285918754166	F	n317;24
368.33285918754166	F	n309;26
368.33285918754166	F	n290;21
