TIME	EVENT	NODES
165.94087819607182	O	n40
166.42281919880233	S	n40;1;n41;2;n42;3
169.09281682708968	E	n41;2
173.3420775141136	S	n42;3;n53;4;n54;5
173.88687652149895	E	n54;5
213.86970544288553	T	n53;4;n53;6;n61;7
221.4844260935815	S	n61;7;n89;8;n90;9
226.86452868796613	S	n53;6;n95;10;n96;11
231.2895298785254	E	n89;8
233.55443944646427	S	n96;11;n105;12;n106;13
246.24523142719244	D	n105;12;n105;14;n105;15
247.89276809742267	S	n106;13;n121;16;n122;17
254.3366834760363	C	n90;9
259.21975144987493	I	n95;10
261.26664543609127	I	n105;14
261.26664543609127	I	n105;15
261.6291738439399	E	n121;16
267.40743961506746	I	n105;15
267.40743961506746	I	n105;14
268.81104675781813	I	n95;10
271.5541373875477	S	n95;10;n167;18;n168;19
271.79854590847935	I	n122;17
272.23556454167283	I	n122;17
273.5864034493894	E	n122;17
273.81119077843687	I	n105;14
273.81119077843687	I	n105;15
278.37777927242377	S	n168;19;n179;20;n180;21
278.6214938342557	E	n167;18
280.88338111280893	E	n90;9
282.56958360049487	E	n179;20
283.2296173000348	L	n105;14
287.2898658895813	E	n105;15
290.51005428213483	I	n180;21
292.321064504694	E	n180;21
