TIME	EVENT	NODES
166.64263396989733	O	n36
168.98360319176706	S	n36;1;n43;2;n44;3
170.74431018111153	S	n43;2;n45;4;n46;5
177.51846234063663	E	n45;4
187.68489901940544	E	n46;5
189.4429084824666	S	n44;3;n63;6;n64;7
199.9736444262347	I	n63;6
205.47751007449423	L	n63;6
229.0486668119933	T	n64;7;n64;8;n96;9
233.55443944646427	S	n96;9;n105;10;n106;11
240.53862056999074	I	n106;11
247.89276809742267	S	n106;11;n121;12;n122;13
248.88117897606477	E	n64;8
253.71895002327983	I	n121;12
260.78837433756223	I	n122;13
261.6291738439399	E	n121;12
273.5864034493894	E	n122;13
287.2898658895813	E	n105;10
