TIME	EVENT	NODES
166.78463448154977	O	n35
172.7134354678535	S	n35;1;n51;2;n52;3
184.38473418243225	S	n51;2;n57;4;n58;5
184.470362602366	D	n58;5;n58;6;n58;7
186.8621502089486	I	n52;3
195.81562732113593	E	n58;6
195.81562732113593	E	n58;7
199.3404950915714	E	n57;4
227.7086322008703	S	n52;3;n97;8;n98;9
232.09505500922094	I	n97;8
237.40170014493938	I	n98;9
240.3331960884654	I	n97;8
249.03530572249304	S	n97;8;n123;10;n124;11
252.77141324569288	I	n123;10
254.59397657947247	S	n123;10;n139;12;n140;13
255.08922900163986	E	n139;12
257.96878039955334	I	n140;13
258.8150958922131	S	n124;11;n149;14;n150;15
261.1339336003912	T	n98;9;n98;16;n154;17
267.6230845290778	E	n154;17
275.3394929136777	E	n140;13
282.33055585500057	I	n149;14
293.4401227103343	E	n150;15
297.82959460464184	E	n98;16
313.2735372024965	E	n149;14
