TIME	EVENT	NODES
167.08299159673467	O	n29
177.87469340990455	I	n29;1
188.71570723182916	C	n29;1
198.4579808392204	I	n29;1
224.34369207996875	S	n29;1;n91;2;n92;3
227.54637249049256	E	n91;2
251.1517682979901	S	n92;3;n127;4;n128;5
251.5390235914055	E	n128;5
252.87678478256842	E	n127;4
