TIME	EVENT	NODES
167.36033717956167	O	n42
173.3420775141136	S	n42;1;n53;2;n54;3
173.88687652149895	E	n54;3
226.86452868796613	S	n53;2;n95;4;n96;5
233.55443944646427	S	n96;5;n105;6;n106;7
247.89276809742267	S	n106;7;n121;8;n122;9
254.4218403376494	I	n121;8
257.631524108831	I	n121;8
261.5229739998466	I	n105;6
261.6291738439399	E	n121;8
265.19089245118187	D	n105;6;n105;10;n105;11
266.3038083652559	C	n105;11
266.51594415954344	T	n105;10;n105;12;n113;13
271.40450099979864	L	n105;11
271.5541373875477	S	n95;4;n167;14;n168;15
273.5864034493894	E	n122;9
273.81119077843687	I	n105;12
276.06674945851347	E	n113;13
278.37777927242377	S	n168;15;n179;16;n180;17
278.6214938342557	E	n167;14
282.56958360049487	E	n179;16
287.2898658895813	E	n105;12
292.321064504694	E	n180;17
