TIME	EVENT	NODES
167.6034784748177	O	n36
168.98360319176706	S	n36;1;n43;2;n44;3
170.74431018111153	S	n43;2;n45;4;n46;5
171.12160575011828	I	n45;4
177.51846234063663	E	n45;4
187.68489901940544	E	n46;5
189.4429084824666	S	n44;3;n63;6;n64;7
206.1543874836971	I	n64;7
206.20670997538576	C	n63;6
207.26369616252924	I	n63;6
209.3174835058464	I	n64;7
211.34321064696496	I	n63;6
217.10122037003637	S	n63;6;n87;8;n88;9
221.16390986099512	C	n88;9
224.42074098395472	S	n87;8;n93;10;n94;11
228.2726942071271	I	n93;10
232.2598634713699	E	n94;11
232.8439288366906	E	n88;9
244.66010783443784	D	n93;10;n93;12;n93;13
245.012008332543	L	n93;13
248.88117897606477	E	n64;7
253.54691924446132	I	n93;12
263.1946935408616	S	n93;12;n157;14;n158;15
265.48018358793956	I	n157;14
271.0359830191678	S	n158;15;n165;16;n166;17
279.84654300724833	I	n157;14
281.3263248755788	I	n166;17
281.86281336619095	S	n157;14;n181;18;n182;19
295.9505742677847	I	n182;19
297.3759122122873	E	n182;19
300.66408360617874	S	n165;16;n217;20;n218;21
301.39480262224913	S	n217;20;n219;22;n220;23
304.57540317938475	I	n219;22
309.22719658015154	E	n220;23
311.0927644648807	I	n181;18
315.01006392738725	C	n218;21
319.2362453493611	I	n166;17
322.23550031039156	S	n219;22;n243;24;n244;25
325.62016585225894	E	n166;17
325.69359225955196	I	n244;25
326.9191915703628	E	n181;18
327.1046107185982	E	n218;21
333.6018029871956	L	n244;25
336.27194991669535	S	n243;24;n265;26;n266;27
337.9466629699342	E	n266;27
357.83898267386695	E	n265;26
