TIME	EVENT	NODES
167.70500263328304	O	n39
169.40844172015872	E	n39;1
