TIME	EVENT	NODES
168.37543554474155	O	n42
169.0517883710495	T	n42;1;n42;2;n39;3
169.40844172015872	E	n39;3
173.3420775141136	S	n42;2;n53;4;n54;5
173.88687652149895	E	n54;5
208.7381968591122	I	n53;4
225.02153564009805	D	n53;4;n53;6;n53;7
226.86452868796613	S	n53;6;n95;8;n96;9
226.86452868796613	S	n53;7;n95;10;n96;11
233.55443944646427	S	n96;9;n105;12;n106;13
233.55443944646427	S	n96;11;n105;14;n106;15
236.89857165934293	T	n105;12;n105;16;n97;17
239.36517901340696	L	n106;13
244.64633121022376	I	n97;17
244.76145770585555	I	n105;16
244.76145770585555	I	n105;14
247.89276809742267	S	n106;15;n121;18;n122;19
247.99699905135236	L	n121;18
249.03530572249304	S	n97;17;n123;20;n124;21
253.4835035765019	I	n124;21
254.59397657947247	S	n123;20;n139;22;n140;23
255.08922900163986	E	n139;22
258.8150958922131	S	n124;21;n149;24;n150;25
271.5541373875477	S	n95;8;n167;26;n168;27
271.5541373875477	S	n95;10;n167;28;n168;29
273.5864034493894	E	n122;19
275.3394929136777	E	n140;23
275.69502858964074	L	n168;29
277.36690504227056	I	n105;14
277.36690504227056	I	n105;16
278.37777927242377	S	n168;27;n179;30;n180;31
278.6214938342557	E	n167;26
278.6214938342557	E	n167;28
282.56958360049487	E	n179;30
287.2898658895813	E	n105;16
287.2898658895813	E	n105;14
287.7166975512618	I	n180;31
292.321064504694	E	n180;31
293.4401227103343	E	n150;25
298.04106042265215	I	n149;24
313.2735372024965	E	n149;24
