TIME	EVENT	NODES
168.87723200673094	O	n39
169.40844172015872	E	n39;1
