TIME	EVENT	NODES
169.00771003974398	O	n44
189.4429084824666	S	n44;1;n63;2;n64;3
196.69742307503972	L	n64;3
201.42465579414878	I	n63;2
217.10122037003637	S	n63;2;n87;4;n88;5
224.42074098395472	S	n87;4;n93;6;n94;7
232.2598634713699	E	n94;7
232.8439288366906	E	n88;5
263.1946935408616	S	n93;6;n157;8;n158;9
271.0359830191678	S	n158;9;n165;10;n166;11
281.86281336619095	S	n157;8;n181;12;n182;13
289.49814596508384	T	n182;13;n182;14;n186;15
292.01152244219134	S	n186;15;n195;16;n196;17
296.7804733096652	S	n196;17;n207;18;n208;19
297.3759122122873	E	n182;14
297.77429733878824	E	n208;19
298.5182981782411	E	n207;18
300.66408360617874	S	n165;10;n217;20;n218;21
301.39480262224913	S	n217;20;n219;22;n220;23
301.5187902891868	E	n195;16
303.7028684693965	I	n181;12
309.22719658015154	E	n220;23
322.23550031039156	S	n219;22;n243;24;n244;25
325.62016585225894	E	n166;11
326.9191915703628	E	n181;12
327.1046107185982	E	n218;21
336.27194991669535	S	n243;24;n265;26;n266;27
337.63751547750144	L	n244;25
337.9466629699342	E	n266;27
357.83898267386695	E	n265;26
