TIME	EVENT	NODES
169.27835058782057	O	n44
188.58264070546855	I	n44;1
189.4429084824666	S	n44;1;n63;2;n64;3
190.420680914535	I	n63;2
193.30324602160314	T	n64;3;n64;4;n66;5
196.74632570764513	E	n66;5
217.10122037003637	S	n63;2;n87;6;n88;7
224.42074098395472	S	n87;6;n93;8;n94;9
232.2598634713699	E	n94;9
232.8439288366906	E	n88;7
242.92925463480364	I	n64;4
248.88117897606477	E	n64;4
263.1946935408616	S	n93;8;n157;10;n158;11
271.0359830191678	S	n158;11;n165;12;n166;13
273.607224075922	I	n157;10
273.6177815107598	T	n157;10;n157;14;n140;15
275.3394929136777	E	n140;15
278.15276708635014	D	n157;14;n157;16;n157;17
281.86281336619095	S	n157;16;n181;18;n182;19
281.86281336619095	S	n157;17;n181;20;n182;21
297.3759122122873	E	n182;19
297.3759122122873	E	n182;21
300.66408360617874	S	n165;12;n217;22;n218;23
301.39480262224913	S	n217;22;n219;24;n220;25
303.3067385245188	I	n220;25
309.22719658015154	E	n220;25
313.98713397706325	I	n166;13
322.23550031039156	S	n219;24;n243;26;n244;27
325.62016585225894	E	n166;13
326.9191915703628	E	n181;18
326.9191915703628	E	n181;20
327.1046107185982	E	n218;23
333.1694336167502	I	n244;27
336.27194991669535	S	n243;26;n265;28;n266;29
337.6158345079353	I	n244;27
337.9466629699342	E	n266;29
357.83898267386695	E	n265;28
367.161600549236	I	n244;27
368.33285918754166	F	n244;27
