TIME	EVENT	NODES
169.73684831216502	O	n43
170.44202290403095	I	n43;1
170.74431018111153	S	n43;1;n45;2;n46;3
177.51846234063663	E	n45;2
181.70107627474343	I	n46;3
187.68489901940544	E	n46;3
