TIME	EVENT	NODES
170.51494596113378	O	n42
173.3420775141136	S	n42;1;n53;2;n54;3
173.88687652149895	E	n54;3
179.3631613755746	I	n53;2
221.06616435877322	I	n53;2
225.72636153794207	I	n53;2
226.86452868796613	S	n53;2;n95;4;n96;5
227.56999325383796	I	n96;5
228.16787177734838	I	n95;4
228.75321231073139	I	n95;4
233.55443944646427	S	n96;5;n105;6;n106;7
247.89276809742267	S	n106;7;n121;8;n122;9
261.6291738439399	E	n121;8
262.94527190252023	I	n105;6
263.99871370767045	I	n122;9
271.5541373875477	S	n95;4;n167;10;n168;11
273.5864034493894	E	n122;9
278.37777927242377	S	n168;11;n179;12;n180;13
278.6214938342557	E	n167;10
282.56958360049487	E	n179;12
287.2898658895813	E	n105;6
292.321064504694	E	n180;13
