TIME	EVENT	NODES
170.83409390937214	O	n19
171.2809686135886	S	n19;1;n47;2;n48;3
188.55125142698085	L	n47;2
194.43083158126754	I	n48;3
261.9136653607604	I	n48;3
270.50846597342445	E	n48;3
