TIME	EVENT	NODES
171.0724661601878	O	n46
177.12007651643094	I	n46;1
185.18837631708382	I	n46;1
187.68489901940544	E	n46;1
