TIME	EVENT	NODES
171.40630580674582	O	n45
177.51846234063663	E	n45;1
