TIME	EVENT	NODES
171.62847476788878	O	n44
189.4429084824666	S	n44;1;n63;2;n64;3
217.10122037003637	S	n63;2;n87;4;n88;5
223.35820643274639	C	n88;5
224.42074098395472	S	n87;4;n93;6;n94;7
232.2598634713699	E	n94;7
232.8439288366906	E	n88;5
238.28102294197072	C	n93;6
248.88117897606477	E	n64;3
253.54691924446132	I	n93;6
263.1946935408616	S	n93;6;n157;8;n158;9
264.07759712420966	D	n158;9;n158;10;n158;11
271.0359830191678	S	n158;10;n165;12;n166;13
271.0359830191678	S	n158;11;n165;14;n166;15
274.73292306437014	L	n166;15
276.5471977057935	I	n165;14
281.86281336619095	S	n157;8;n181;16;n182;17
297.3759122122873	E	n182;17
300.66408360617874	S	n165;12;n217;18;n218;19
300.66408360617874	S	n165;14;n217;20;n218;21
301.39480262224913	S	n217;18;n219;22;n220;23
301.39480262224913	S	n217;20;n219;24;n220;25
305.41669350339305	C	n219;22
305.728733924016	I	n220;23
305.728733924016	I	n220;25
306.39027860512965	I	n166;13
307.05487381862844	T	n181;16;n181;26;n222;27
309.22719658015154	E	n220;25
309.22719658015154	E	n220;23
313.31681944729553	I	n218;21
314.3193370741534	E	n222;27
321.2138082550796	C	n218;21
322.23550031039156	S	n219;24;n243;28;n244;29
322.23550031039156	S	n219;22;n243;30;n244;31
323.7845016038217	I	n243;30
325.62016585225894	E	n166;13
326.9191915703628	E	n181;26
327.1046107185982	E	n218;21
327.1046107185982	E	n218;19
336.27194991669535	S	n243;28;n265;32;n266;33
336.27194991669535	S	n243;30;n265;34;n266;35
337.9466629699342	E	n266;33
337.9466629699342	E	n266;35
340.1389816847589	I	n244;31
342.69677258953504	I	n244;29
349.260475633971	I	n244;29
353.7533337509783	I	n244;31
354.10974447075046	I	n244;29
354.10974447075046	I	n244;31
357.83898267386695	E	n265;32
357.83898267386695	E	n265;34
360.41175156520734	I	n244;31
368.33285918754166	F	n244;31
368.33285918754166	F	n244;29
