TIME	EVENT	NODES
172.28890276570965	O	n50
173.1257795598171	I	n50;1
180.68423174771254	E	n50;1
