TIME	EVENT	NODES
172.42206466341963	O	n49
176.11005676811268	S	n49;1;n55;2;n56;3
188.99377288291518	S	n56;3;n61;4;n62;5
189.14008923582807	I	n61;4
191.35598736312272	S	n62;5;n65;6;n66;7
196.74632570764513	E	n66;7
201.00913175606325	C	n55;2
212.14935991177535	E	n65;6
221.4844260935815	S	n61;4;n89;8;n90;9
222.14218028194998	T	n89;8;n89;10;n53;11
226.86452868796613	S	n53;11;n95;12;n96;13
231.2895298785254	E	n89;10
233.55443944646427	S	n96;13;n105;14;n106;15
238.066136604651	E	n55;2
239.39685269292963	T	n95;12;n95;16;n72;17
241.40125603290733	I	n90;9
247.89276809742267	S	n106;15;n121;18;n122;19
251.99459041075957	I	n121;18
254.31869674795763	S	n72;17;n137;20;n138;21
254.98528187313883	I	n138;21
259.2253383168663	I	n122;19
261.6291738439399	E	n121;18
262.48313050699846	S	n137;20;n155;22;n156;23
262.92689318959526	I	n138;21
268.08312347105647	S	n138;21;n163;24;n164;25
271.5541373875477	S	n95;16;n167;26;n168;27
273.5864034493894	E	n122;19
274.8836712854533	T	n105;14;n105;28;n162;29
275.15511750938634	I	n168;27
277.8106349986983	E	n163;24
278.37777927242377	S	n168;27;n179;30;n180;31
278.6214938342557	E	n167;26
279.3689247604448	E	n164;25
279.66304227246366	I	n155;22
280.88338111280893	E	n90;9
280.9346084359787	E	n156;23
281.23791238251084	I	n180;31
282.56958360049487	E	n179;30
282.70445513443894	I	n105;28
285.9456044299885	S	n162;29;n185;32;n186;33
287.2898658895813	E	n105;28
287.9578037546808	I	n155;22
291.1616941546316	I	n155;22
292.01152244219134	S	n186;33;n195;34;n196;35
292.321064504694	E	n180;31
296.7804733096652	S	n196;35;n207;36;n208;37
297.77429733878824	E	n208;37
298.5182981782411	E	n207;36
301.5187902891868	E	n195;34
302.77518792485097	S	n155;22;n221;38;n222;39
306.7118637562414	E	n185;32
314.3193370741534	E	n222;39
368.33285918754166	F	n221;38
