TIME	EVENT	NODES
172.4432757027492	O	n45
177.51846234063663	E	n45;1
