TIME	EVENT	NODES
172.57930419422146	O	n37
181.0849768321362	I	n37;1
187.1981154176181	S	n37;1;n59;2;n60;3
191.7434126650566	I	n60;3
197.574740969038	S	n60;3;n71;4;n72;5
213.84739412548237	I	n72;5
224.87883338170167	E	n71;4
239.88028048856364	I	n72;5
245.19091321217783	L	n72;5
248.89190020772745	I	n59;2
251.91737397158224	S	n59;2;n131;6;n132;7
264.256074713361	S	n131;6;n159;8;n160;9
283.003644560383	E	n160;9
288.5496408940298	S	n132;7;n189;10;n190;11
297.2325938618031	S	n190;11;n211;12;n212;13
306.18779637717876	E	n189;10
311.48113817409615	I	n159;8
313.23998780787304	I	n159;8
323.451126983794	S	n211;12;n247;14;n248;15
325.3357706177903	I	n247;14
326.9299560409181	S	n248;15;n249;16;n250;17
328.2146319613769	S	n159;8;n253;18;n254;19
334.64198406508626	S	n249;16;n255;20;n256;21
334.7541284059964	I	n256;21
335.92113620132585	S	n254;19;n263;22;n264;23
336.40407468947797	L	n250;17
338.51097831531484	S	n247;14;n269;24;n270;25
339.658731161582	S	n264;23;n271;26;n272;27
345.71198993976384	E	n253;18
351.3681074054671	E	n270;25
351.37042779145395	E	n255;20
351.82911819364017	I	n269;24
359.43466135079467	S	n269;24;n307;28;n308;29
361.7971077523211	S	n272;27;n309;30;n310;31
364.14479088522387	E	n212;13
364.39265661618424	S	n310;31;n317;32;n318;33
365.0168302374957	S	n256;21;n323;34;n324;35
365.0417268907298	E	n263;22
365.9406802548836	S	n318;33;n329;36;n330;37
368.1525611161385	S	n324;35;n331;38;n332;39
368.33285918754166	F	n330;37
368.33285918754166	F	n307;28
368.33285918754166	F	n329;36
368.33285918754166	F	n271;26
368.33285918754166	F	n308;29
368.33285918754166	F	n331;38
368.33285918754166	F	n323;34
368.33285918754166	F	n332;39
368.33285918754166	F	n317;32
368.33285918754166	F	n309;30
