TIME	EVENT	NODES
172.73630205502982	O	n52
202.83321865476069	I	n52;1
213.2083255747118	I	n52;1
227.7086322008703	S	n52;1;n97;2;n98;3
248.94956779508917	I	n98;3
249.03530572249304	S	n97;2;n123;4;n124;5
254.59397657947247	S	n123;4;n139;6;n140;7
255.08922900163986	E	n139;6
258.8150958922131	S	n124;5;n149;8;n150;9
268.8044083154347	L	n149;8
272.6767349114643	I	n98;3
275.3394929136777	E	n140;7
293.4401227103343	E	n150;9
297.82959460464184	E	n98;3
