TIME	EVENT	NODES
172.9435922297875	O	n46
187.68489901940544	E	n46;1
