TIME	EVENT	NODES
173.6015089632218	O	n49
174.80824439484172	I	n49;1
176.11005676811268	S	n49;1;n55;2;n56;3
188.99377288291518	S	n56;3;n61;4;n62;5
191.35598736312272	S	n62;5;n65;6;n66;7
196.74632570764513	E	n66;7
212.14935991177535	E	n65;6
221.4844260935815	S	n61;4;n89;8;n90;9
228.9604790771255	I	n89;8
229.75062735597953	I	n90;9
231.2895298785254	E	n89;8
232.8355419485009	I	n55;2
238.066136604651	E	n55;2
256.0959659342989	I	n90;9
259.50166193448206	I	n90;9
280.88338111280893	E	n90;9
