TIME	EVENT	NODES
174.347621197834	O	n29
189.94380589978923	I	n29;1
198.8163819753191	I	n29;1
224.34369207996875	S	n29;1;n91;2;n92;3
227.54637249049256	E	n91;2
240.34318945725929	L	n92;3
