TIME	EVENT	NODES
174.67134236872494	O	n46
187.68489901940544	E	n46;1
