TIME	EVENT	NODES
174.8109367418483	O	n50
180.68423174771254	E	n50;1
