TIME	EVENT	NODES
174.91524987069366	O	n53
206.23834286266415	I	n53;1
226.86452868796613	S	n53;1;n95;2;n96;3
227.97395980296739	T	n96;3;n96;4;n64;5
233.55443944646427	S	n96;4;n105;6;n106;7
235.66254731222156	I	n95;2
244.3071437505408	C	n95;2
247.89276809742267	S	n106;7;n121;8;n122;9
248.88117897606477	E	n64;5
251.99459041075957	I	n121;8
261.6291738439399	E	n121;8
266.63749215604156	I	n95;2
271.5541373875477	S	n95;2;n167;10;n168;11
273.5864034493894	E	n122;9
278.37777927242377	S	n168;11;n179;12;n180;13
278.6214938342557	E	n167;10
282.56958360049487	E	n179;12
287.2898658895813	E	n105;6
292.321064504694	E	n180;13
