TIME	EVENT	NODES
174.95692788113683	O	n53
226.86452868796613	S	n53;1;n95;2;n96;3
233.55443944646427	S	n96;3;n105;4;n106;5
240.34993764559462	I	n95;2
243.3766033919532	I	n105;4
247.21873692624501	L	n95;2
247.89276809742267	S	n106;5;n121;6;n122;7
247.9892903017055	I	n121;6
261.6291738439399	E	n121;6
273.5864034493894	E	n122;7
287.2898658895813	E	n105;4
