TIME	EVENT	NODES
175.0856076138051	O	n53
226.7876139519364	I	n53;1
226.86452868796613	S	n53;1;n95;2;n96;3
233.55443944646427	S	n96;3;n105;4;n106;5
242.6360042742203	C	n106;5
247.89276809742267	S	n106;5;n121;6;n122;7
252.1804107594487	L	n105;4
261.6291738439399	E	n121;6
268.81104675781813	I	n95;2
270.0176450662464	I	n95;2
271.5541373875477	S	n95;2;n167;8;n168;9
273.5864034493894	E	n122;7
276.6038602586936	L	n168;9
278.6214938342557	E	n167;8
