TIME	EVENT	NODES
175.16902001204522	O	n29
199.92339656775204	I	n29;1
218.24436794960837	C	n29;1
224.34369207996875	S	n29;1;n91;2;n92;3
226.1992402549472	T	n92;3;n92;4;n48;5
227.54637249049256	E	n91;2
234.24373681072984	I	n48;5
244.91743305775393	I	n92;4
247.93653982692078	I	n48;5
251.1517682979901	S	n92;4;n127;6;n128;7
251.5390235914055	E	n128;7
252.87678478256842	E	n127;6
255.45002037984645	I	n48;5
270.50846597342445	E	n48;5
