TIME	EVENT	NODES
175.27648572743675	O	n52
193.41051383762812	I	n52;1
203.1518298283029	I	n52;1
212.30649539150878	L	n52;1
