TIME	EVENT	NODES
175.57596505458423	O	n52
181.65688322784237	I	n52;1
227.7086322008703	S	n52;1;n97;2;n98;3
230.16905916413376	I	n98;3
244.64633121022376	I	n97;2
249.03530572249304	S	n97;2;n123;4;n124;5
252.5354712968635	T	n98;3;n98;6;n107;7
254.59397657947247	S	n123;4;n139;8;n140;9
255.08922900163986	E	n139;8
258.8150958922131	S	n124;5;n149;10;n150;11
263.0569565899279	I	n107;7
266.80294771333917	S	n107;7;n161;12;n162;13
273.71896957771065	I	n140;9
274.7140441527643	I	n98;6
275.3394929136777	E	n140;9
276.9191361119077	I	n162;13
277.04604187489826	E	n161;12
285.9456044299885	S	n162;13;n185;14;n186;15
292.01152244219134	S	n186;15;n195;16;n196;17
293.4401227103343	E	n150;11
296.7804733096652	S	n196;17;n207;18;n208;19
297.77429733878824	E	n208;19
297.82959460464184	E	n98;6
298.04106042265215	I	n149;10
298.5182981782411	E	n207;18
301.5187902891868	E	n195;16
306.7118637562414	E	n185;14
308.5651746702541	I	n149;10
313.2735372024965	E	n149;10
