TIME	EVENT	NODES
175.66568212371988	O	n50
180.68423174771254	E	n50;1
