TIME	EVENT	NODES
175.67694296236579	O	n50
180.68423174771254	E	n50;1
