TIME	EVENT	NODES
176.46261088709193	O	n50
180.68423174771254	E	n50;1
