TIME	EVENT	NODES
176.54607741178296	O	n32
182.64943557329457	L	n32;1
