TIME	EVENT	NODES
177.216953672492	O	n51
184.38473418243225	S	n51;1;n57;2;n58;3
191.5930191141499	C	n57;2
195.81562732113593	E	n58;3
199.3404950915714	E	n57;2
