TIME	EVENT	NODES
177.63483597949565	O	n48
261.9136653607604	I	n48;1
270.50846597342445	E	n48;1
