TIME	EVENT	NODES
178.13679732020972	O	n44
189.4429084824666	S	n44;1;n63;2;n64;3
199.9736444262347	I	n63;2
211.08295005272288	I	n63;2
217.10122037003637	S	n63;2;n87;4;n88;5
224.42074098395472	S	n87;4;n93;6;n94;7
232.2598634713699	E	n94;7
232.8439288366906	E	n88;5
248.88117897606477	E	n64;3
263.1946935408616	S	n93;6;n157;8;n158;9
271.0359830191678	S	n158;9;n165;10;n166;11
281.86281336619095	S	n157;8;n181;12;n182;13
289.86277160193583	C	n182;13
297.3759122122873	E	n182;13
300.66408360617874	S	n165;10;n217;14;n218;15
301.39480262224913	S	n217;14;n219;16;n220;17
303.2271600921493	L	n220;17
303.2271600921493	T	n219;16;n219;18;n220;19
307.22894177295757	I	n181;12
307.38395435412264	I	n166;11
309.22719658015154	E	n220;19
314.740694237223	L	n219;18
325.62016585225894	E	n166;11
326.9191915703628	E	n181;12
327.1046107185982	E	n218;15
