TIME	EVENT	NODES
178.25041551607305	O	n48
270.50846597342445	E	n48;1
