TIME	EVENT	NODES
178.76298500372303	O	n46
187.68489901940544	E	n46;1
