TIME	EVENT	NODES
178.8970010662817	O	n29
189.94380589978923	I	n29;1
196.912236271599	I	n29;1
205.1949407088358	I	n29;1
224.34369207996875	S	n29;1;n91;2;n92;3
227.54637249049256	E	n91;2
230.4318116286375	C	n92;3
251.1517682979901	S	n92;3;n127;4;n128;5
251.5390235914055	E	n128;5
252.87678478256842	E	n127;4
