TIME	EVENT	NODES
179.3464764758729	O	n46
187.68489901940544	E	n46;1
