TIME	EVENT	NODES
179.66463077712078	O	n52
189.11763874808256	L	n52;1
