TIME	EVENT	NODES
179.762842327549	O	n44
189.4429084824666	S	n44;1;n63;2;n64;3
214.39592276206966	C	n64;3
217.10122037003637	S	n63;2;n87;4;n88;5
224.42074098395472	S	n87;4;n93;6;n94;7
227.08608458209656	L	n64;3
228.21110529228426	I	n94;7
229.8591796462208	I	n88;5
232.2598634713699	E	n94;7
232.8128889535172	I	n88;5
232.8439288366906	E	n88;5
263.1946935408616	S	n93;6;n157;8;n158;9
271.0359830191678	S	n158;9;n165;10;n166;11
281.86281336619095	S	n157;8;n181;12;n182;13
292.0498527361061	I	n182;13
292.4060195354978	I	n182;13
297.3759122122873	E	n182;13
300.66408360617874	S	n165;10;n217;14;n218;15
301.39480262224913	S	n217;14;n219;16;n220;17
305.87877921015064	D	n181;12;n181;18;n181;19
309.22719658015154	E	n220;17
313.50264109407226	T	n181;19;n181;20;n203;21
318.9566040063278	S	n203;21;n241;22;n242;23
319.10652424728346	I	n241;22
319.2362453493611	I	n166;11
322.23550031039156	S	n219;16;n243;24;n244;25
323.11216206519015	D	n241;22;n241;26;n241;27
324.1292764634471	I	n218;15
325.62016585225894	E	n166;11
326.9191915703628	E	n181;18
326.9191915703628	E	n181;20
327.1046107185982	E	n218;15
335.6967060113735	S	n241;26;n261;28;n262;29
335.6967060113735	S	n241;27;n261;30;n262;31
336.27194991669535	S	n243;24;n265;32;n266;33
336.6970442698209	L	n262;31
337.9466629699342	E	n266;33
339.8575086757971	I	n265;32
343.2244835606076	I	n265;32
345.2003141765761	I	n242;23
350.53960376877336	S	n262;29;n293;34;n294;35
351.8206588433542	T	n294;35;n294;36;n278;37
353.7371760265445	C	n244;25
355.5973070728412	I	n244;25
356.205108252789	D	n244;25;n244;38;n244;39
357.83898267386695	E	n265;32
359.16454116420584	E	n261;28
359.16454116420584	E	n261;30
365.00069628741915	I	n293;34
367.04165453308576	I	n293;34
368.33285918754166	F	n293;34
368.33285918754166	F	n242;23
368.33285918754166	F	n244;38
368.33285918754166	F	n244;39
368.33285918754166	F	n294;36
368.33285918754166	F	n278;37
