TIME	EVENT	NODES
180.2810755826453	O	n46
187.68489901940544	E	n46;1
