TIME	EVENT	NODES
180.3131042559523	O	n50
180.68423174771254	E	n50;1
