TIME	EVENT	NODES
180.43897826144692	O	n53
192.84954606667077	I	n53;1
205.249221766458	C	n53;1
206.17037891309826	I	n53;1
226.86452868796613	S	n53;1;n95;2;n96;3
233.55443944646427	S	n96;3;n105;4;n106;5
244.4393485186724	I	n95;2
246.4683912878318	I	n105;4
247.89276809742267	S	n106;5;n121;6;n122;7
259.99102422158086	I	n95;2
261.6291738439399	E	n121;6
271.5541373875477	S	n95;2;n167;8;n168;9
273.5864034493894	E	n122;7
278.37777927242377	S	n168;9;n179;10;n180;11
278.6214938342557	E	n167;8
282.56958360049487	E	n179;10
285.3849096725638	I	n105;4
287.2898658895813	E	n105;4
292.321064504694	E	n180;11
