TIME	EVENT	NODES
180.56020727014692	O	n48
195.0340889498857	I	n48;1
237.86879832591345	T	n48;1;n48;2;n92;3
246.29324174877698	I	n48;2
251.1517682979901	S	n92;3;n127;4;n128;5
251.5390235914055	E	n128;5
252.87678478256842	E	n127;4
255.80814018276587	T	n48;2;n48;6;n135;7
259.1836178411792	I	n135;7
270.50846597342445	E	n48;6
297.944722411288	S	n135;7;n213;8;n214;9
299.1473251872138	E	n214;9
305.3065589137974	S	n213;8;n225;10;n226;11
324.2601856628277	E	n226;11
324.7848548775896	E	n225;10
