TIME	EVENT	NODES
180.78299778515185	O	n46
187.68489901940544	E	n46;1
