TIME	EVENT	NODES
181.2342741971651	O	n48
257.71386439484195	I	n48;1
270.50846597342445	E	n48;1
