TIME	EVENT	NODES
181.26818928995127	O	n48
185.6133054290989	I	n48;1
195.46022293630017	D	n48;1;n48;2;n48;3
215.55111284108014	I	n48;2
215.55111284108014	I	n48;3
219.5532543042646	I	n48;3
219.5532543042646	I	n48;2
230.38254478304165	I	n48;2
230.38254478304165	I	n48;3
232.50503728308755	I	n48;3
232.50503728308755	I	n48;2
239.71250099238864	T	n48;3;n48;4;n108;5
249.10861886800265	S	n108;5;n125;6;n126;7
256.96114287753085	S	n126;7;n147;8;n148;9
257.0872368403602	C	n125;6
262.43014142332055	E	n148;9
267.57563004741246	I	n48;2
267.57563004741246	I	n48;4
270.50846597342445	E	n48;4
270.50846597342445	E	n48;2
275.11850929823515	S	n125;6;n171;10;n172;11
283.3629310829571	S	n147;8;n183;12;n184;13
293.6183387782659	E	n184;13
294.1998026308451	E	n171;10
315.41472492191235	E	n172;11
342.5237357049151	I	n183;12
349.00530575206363	E	n183;12
