TIME	EVENT	NODES
181.349521195348	O	n55
238.066136604651	E	n55;1
