TIME	EVENT	NODES
181.7174657405416	O	n29
224.34369207996875	S	n29;1;n91;2;n92;3
227.54637249049256	E	n91;2
240.73006418091927	I	n92;3
241.11222547917382	L	n92;3
