TIME	EVENT	NODES
181.91566614622843	O	n55
190.74647329264081	I	n55;1
198.00482758034067	I	n55;1
233.0693731197017	C	n55;1
236.22800012164996	C	n55;1
238.066136604651	E	n55;1
