TIME	EVENT	NODES
182.20363575258773	O	n56
188.99377288291518	S	n56;1;n61;2;n62;3
191.35598736312272	S	n62;3;n65;4;n66;5
196.74632570764513	E	n66;5
199.01063199446432	L	n65;4
205.01609137601537	I	n61;2
221.4844260935815	S	n61;2;n89;6;n90;7
222.16776786648987	I	n89;6
225.8976786706194	I	n90;7
227.75032833734494	I	n90;7
231.2895298785254	E	n89;6
243.72741599249719	I	n90;7
246.18874112752152	I	n90;7
275.67383388770565	I	n90;7
280.88338111280893	E	n90;7
