TIME	EVENT	NODES
182.255000508966	O	n44
189.4429084824666	S	n44;1;n63;2;n64;3
217.10122037003637	S	n63;2;n87;4;n88;5
224.42074098395472	S	n87;4;n93;6;n94;7
225.73846126241907	T	n88;5;n88;8;n92;9
232.2598634713699	E	n94;7
232.8439288366906	E	n88;8
248.88117897606477	E	n64;3
251.1517682979901	S	n92;9;n127;10;n128;11
251.5390235914055	E	n128;11
252.87678478256842	E	n127;10
263.1946935408616	S	n93;6;n157;12;n158;13
263.69986438401844	I	n158;13
271.0359830191678	S	n158;13;n165;14;n166;15
273.5466976810097	I	n157;12
275.6228065150732	L	n165;14
278.3331394510357	I	n157;12
279.7564914733015	I	n166;15
281.86281336619095	S	n157;12;n181;16;n182;17
297.3759122122873	E	n182;17
316.50185167991765	C	n166;15
325.62016585225894	E	n166;15
326.9191915703628	E	n181;16
