TIME	EVENT	NODES
182.43365374517325	O	n55
238.066136604651	E	n55;1
