TIME	EVENT	NODES
182.56475082785545	O	n56
185.66612820276012	I	n56;1
188.99377288291518	S	n56;1;n61;2;n62;3
191.35598736312272	S	n62;3;n65;4;n66;5
196.74632570764513	E	n66;5
212.14935991177535	E	n65;4
221.4844260935815	S	n61;2;n89;6;n90;7
231.2895298785254	E	n89;6
263.7369604429714	I	n90;7
275.4276147766509	T	n90;7;n90;8;n113;9
276.06674945851347	E	n113;9
280.88338111280893	E	n90;8
