TIME	EVENT	NODES
182.71488607759844	O	n51
184.38473418243225	S	n51;1;n57;2;n58;3
186.79892341911315	I	n57;2
195.81562732113593	E	n58;3
199.3404950915714	E	n57;2
