TIME	EVENT	NODES
182.96079623139838	O	n52
184.4459084260924	I	n52;1
207.97765171872652	C	n52;1
227.7086322008703	S	n52;1;n97;2;n98;3
243.04966469572275	I	n97;2
249.03530572249304	S	n97;2;n123;4;n124;5
253.50322969543055	L	n123;4
258.8150958922131	S	n124;5;n149;6;n150;7
271.2742870207934	I	n150;7
293.4401227103343	E	n150;7
297.82959460464184	E	n98;3
313.2735372024965	E	n149;6
