TIME	EVENT	NODES
182.9802755800142	O	n48
205.35764267036475	T	n48;1;n48;2;n68;3
217.52183169942688	I	n68;3
225.09877575279697	I	n48;2
227.74447505539555	S	n68;3;n99;4;n100;5
227.79180205667913	E	n99;4
230.06195250861145	C	n100;5
240.6015620950032	S	n100;5;n113;6;n114;7
243.9450167600502	I	n113;6
260.0079447944091	E	n114;7
270.50846597342445	E	n48;2
276.06674945851347	E	n113;6
