TIME	EVENT	NODES
183.61085264512323	O	n46
187.68489901940544	E	n46;1
