TIME	EVENT	NODES
183.6645159444988	O	n46
187.68489901940544	E	n46;1
