TIME	EVENT	NODES
184.7078744252157	O	n46
184.89769331437145	T	n46;1;n46;2;n58;3
187.68489901940544	E	n46;2
191.641398232761	L	n58;3
