TIME	EVENT	NODES
184.92758926436878	O	n46
187.68489901940544	E	n46;1
