TIME	EVENT	NODES
184.98929548827684	O	n55
202.02765897081147	C	n55;1
238.066136604651	E	n55;1
