TIME	EVENT	NODES
185.03391980816374	O	n53
199.04898161248957	I	n53;1
226.86452868796613	S	n53;1;n95;2;n96;3
227.2561525411439	I	n95;2
233.55443944646427	S	n96;3;n105;4;n106;5
237.8175340900109	I	n106;5
247.89276809742267	S	n106;5;n121;6;n122;7
249.62401536892085	I	n105;4
253.54758289016436	L	n95;2
255.28838919736637	I	n121;6
261.6291738439399	E	n121;6
273.5864034493894	E	n122;7
287.2898658895813	E	n105;4
