TIME	EVENT	NODES
185.18765679582148	O	n57
199.3404950915714	E	n57;1
