TIME	EVENT	NODES
185.36875305825288	O	n56
188.99377288291518	S	n56;1;n61;2;n62;3
191.35598736312272	S	n62;3;n65;4;n66;5
192.0510761767692	L	n66;5
201.9992379059012	L	n61;2
204.66192226272784	T	n65;4;n65;6;n63;7
212.14935991177535	E	n65;6
217.10122037003637	S	n63;7;n87;8;n88;9
224.42074098395472	S	n87;8;n93;10;n94;11
227.7380197209061	L	n88;9
227.7380197209061	T	n93;10;n93;12;n88;13
230.00863610302255	I	n93;12
232.2598634713699	E	n94;11
232.8439288366906	E	n88;13
263.1946935408616	S	n93;12;n157;14;n158;15
271.0359830191678	S	n158;15;n165;16;n166;17
281.86281336619095	S	n157;14;n181;18;n182;19
282.47059326389694	D	n181;18;n181;20;n181;21
297.3759122122873	E	n182;19
297.4862886184103	I	n165;16
300.66408360617874	S	n165;16;n217;22;n218;23
301.39480262224913	S	n217;22;n219;24;n220;25
303.4011533498921	I	n219;24
309.22719658015154	E	n220;25
309.9627003382464	I	n219;24
316.3476384792394	I	n181;21
322.23096660681705	I	n181;20
322.23550031039156	S	n219;24;n243;26;n244;27
325.43707776390954	I	n166;17
325.62016585225894	E	n166;17
326.9191915703628	E	n181;20
326.9191915703628	E	n181;21
327.1046107185982	E	n218;23
333.4517098064388	I	n244;27
336.27194991669535	S	n243;26;n265;28;n266;29
337.9466629699342	E	n266;29
357.83898267386695	E	n265;28
358.1520119237384	I	n244;27
368.33285918754166	F	n244;27
