TIME	EVENT	NODES
185.69781859138297	O	n56
188.99377288291518	S	n56;1;n61;2;n62;3
191.35598736312272	S	n62;3;n65;4;n66;5
196.6972512900898	I	n61;2
196.74632570764513	E	n66;5
205.02736605310025	C	n61;2
209.3026833920613	I	n61;2
212.14935991177535	E	n65;4
221.4844260935815	S	n61;2;n89;6;n90;7
227.75032833734494	I	n90;7
231.2895298785254	E	n89;6
256.0959659342989	I	n90;7
259.50166193448206	I	n90;7
280.88338111280893	E	n90;7
