TIME	EVENT	NODES
185.83211408834637	O	n58
195.81562732113593	E	n58;1
