TIME	EVENT	NODES
186.2239652974355	O	n29
189.94380589978923	I	n29;1
197.98692400903366	I	n29;1
224.34369207996875	S	n29;1;n91;2;n92;3
227.54637249049256	E	n91;2
239.1480409222618	I	n92;3
251.1517682979901	S	n92;3;n127;4;n128;5
251.5390235914055	E	n128;5
252.87678478256842	E	n127;4
