TIME	EVENT	NODES
186.26080952363404	O	n57
198.5315216424567	I	n57;1
199.3404950915714	E	n57;1
