TIME	EVENT	NODES
186.41993110122945	O	n57
199.3404950915714	E	n57;1
