TIME	EVENT	NODES
186.44627122271055	O	n37
187.1981154176181	S	n37;1;n59;2;n60;3
197.574740969038	S	n60;3;n71;4;n72;5
212.0442081720495	I	n59;2
217.11546756562876	I	n59;2
217.64652100025216	I	n71;4
224.87883338170167	E	n71;4
251.91737397158224	S	n59;2;n131;6;n132;7
252.95947034924166	I	n132;7
254.31869674795763	S	n72;5;n137;8;n138;9
260.3783127094177	I	n132;7
262.48313050699846	S	n137;8;n155;10;n156;11
264.256074713361	S	n131;6;n159;12;n160;13
268.08312347105647	S	n138;9;n163;14;n164;15
276.15180559154004	I	n164;15
277.8106349986983	E	n163;14
279.3689247604448	E	n164;15
280.9346084359787	E	n156;11
283.003644560383	E	n160;13
288.5496408940298	S	n132;7;n189;16;n190;17
291.8490966475494	C	n159;12
296.8953874532837	C	n190;17
297.2325938618031	S	n190;17;n211;18;n212;19
302.77518792485097	S	n155;10;n221;20;n222;21
306.18779637717876	E	n189;16
309.8102643408512	L	n159;12
314.3193370741534	E	n222;21
320.06015787817074	I	n212;19
323.451126983794	S	n211;18;n247;22;n248;23
325.29157350610575	I	n248;23
326.9299560409181	S	n248;23;n249;24;n250;25
328.00164525430046	I	n212;19
332.6720917460163	I	n247;22
334.64198406508626	S	n249;24;n255;26;n256;27
334.72733984980283	I	n255;26
335.0680365865061	I	n247;22
338.51097831531484	S	n247;22;n269;28;n270;29
351.3681074054671	E	n270;29
351.37042779145395	E	n255;26
354.9518315230898	L	n256;27
356.5243775902817	S	n250;25;n303;30;n304;31
359.43466135079467	S	n269;28;n307;32;n308;33
361.79163627372105	L	n212;19
364.49514583717956	S	n304;31;n319;34;n320;35
368.33285918754166	F	n307;32
368.33285918754166	F	n303;30
368.33285918754166	F	n308;33
368.33285918754166	F	n320;35
368.33285918754166	F	n221;20
368.33285918754166	F	n319;34
