TIME	EVENT	NODES
186.62927536264039	O	n56
188.99377288291518	S	n56;1;n61;2;n62;3
191.35598736312272	S	n62;3;n65;4;n66;5
196.74632570764513	E	n66;5
202.7652566441007	I	n61;2
212.14935991177535	E	n65;4
214.20419547700112	L	n61;2
