TIME	EVENT	NODES
186.76027285883612	O	n46
187.68489901940544	E	n46;1
