TIME	EVENT	NODES
187.47640749400915	O	n46
187.68489901940544	E	n46;1
