TIME	EVENT	NODES
187.95235081773356	O	n57
199.3404950915714	E	n57;1
