TIME	EVENT	NODES
189.0835795995738	O	n48
255.53128180212184	I	n48;1
270.50846597342445	E	n48;1
