TIME	EVENT	NODES
189.25885990437592	O	n55
238.066136604651	E	n55;1
