TIME	EVENT	NODES
189.52441585608108	O	n59
198.3680990873167	I	n59;1
251.91737397158224	S	n59;1;n131;2;n132;3
264.256074713361	S	n131;2;n159;4;n160;5
270.48535394630096	I	n160;5
278.23088639788915	I	n159;4
283.003644560383	E	n160;5
283.88956208007096	I	n159;4
285.7536383936206	I	n159;4
288.5496408940298	S	n132;3;n189;6;n190;7
297.2325938618031	S	n190;7;n211;8;n212;9
299.7793375976871	I	n159;4
300.2364266246502	I	n211;8
306.18779637717876	E	n189;6
310.60753374800777	I	n159;4
319.1662244603013	I	n159;4
323.451126983794	S	n211;8;n247;10;n248;11
326.9299560409181	S	n248;11;n249;12;n250;13
328.2146319613769	S	n159;4;n253;14;n254;15
330.44409217188655	C	n254;15
334.64198406508626	S	n249;12;n255;16;n256;17
335.92113620132585	S	n254;15;n263;18;n264;19
336.33468717214987	L	n253;14
338.51097831531484	S	n247;10;n269;20;n270;21
339.658731161582	S	n264;19;n271;22;n272;23
339.80762382915583	C	n250;13
345.0677020020055	I	n212;9
349.1338199672426	I	n272;23
351.3681074054671	E	n270;21
351.37042779145395	E	n255;16
356.5243775902817	S	n250;13;n303;24;n304;25
359.43466135079467	S	n269;20;n307;26;n308;27
361.7971077523211	S	n272;23;n309;28;n310;29
364.14479088522387	E	n212;9
364.39265661618424	S	n310;29;n317;30;n318;31
364.49514583717956	S	n304;25;n319;32;n320;33
365.0168302374957	S	n256;17;n323;34;n324;35
365.0417268907298	E	n263;18
365.9406802548836	S	n318;31;n329;36;n330;37
365.95427931402367	T	n309;28;n309;38;n298;39
368.1525611161385	S	n324;35;n331;40;n332;41
368.33285918754166	F	n330;37
368.33285918754166	F	n307;26
368.33285918754166	F	n329;36
368.33285918754166	F	n303;24
368.33285918754166	F	n271;22
368.33285918754166	F	n308;27
368.33285918754166	F	n331;40
368.33285918754166	F	n323;34
368.33285918754166	F	n320;33
368.33285918754166	F	n332;41
368.33285918754166	F	n317;30
368.33285918754166	F	n309;38
368.33285918754166	F	n319;32
368.33285918754166	F	n298;39
