TIME	EVENT	NODES
189.79945638516995	O	n61
221.4844260935815	S	n61;1;n89;2;n90;3
231.2895298785254	E	n89;2
241.57499833862158	I	n90;3
261.61161930284806	I	n90;3
280.88338111280893	E	n90;3
