TIME	EVENT	NODES
189.82041719103023	O	n62
191.35598736312272	S	n62;1;n65;2;n66;3
196.74632570764513	E	n66;3
198.86464775175082	L	n65;2
