TIME	EVENT	NODES
190.31985913921784	O	n64
248.88117897606477	E	n64;1
