TIME	EVENT	NODES
190.87546953781217	O	n29
205.2539099729994	L	n29;1
