TIME	EVENT	NODES
190.9562357768455	O	n55
206.56058609585654	I	n55;1
238.066136604651	E	n55;1
