TIME	EVENT	NODES
191.02714257181182	O	n60
197.574740969038	S	n60;1;n71;2;n72;3
217.64652100025216	I	n71;2
224.87883338170167	E	n71;2
232.43174286975358	D	n72;3;n72;4;n72;5
254.31869674795763	S	n72;4;n137;6;n138;7
254.31869674795763	S	n72;5;n137;8;n138;9
262.48313050699846	S	n137;6;n155;10;n156;11
262.48313050699846	S	n137;8;n155;12;n156;13
268.08312347105647	S	n138;7;n163;14;n164;15
268.08312347105647	S	n138;9;n163;16;n164;17
275.11086078361586	C	n164;15
276.15180559154004	I	n164;17
277.8106349986983	E	n163;14
277.8106349986983	E	n163;16
279.3689247604448	E	n164;17
279.3689247604448	E	n164;15
280.9346084359787	E	n156;11
280.9346084359787	E	n156;13
302.77518792485097	S	n155;10;n221;18;n222;19
302.77518792485097	S	n155;12;n221;20;n222;21
314.3193370741534	E	n222;19
314.3193370741534	E	n222;21
368.33285918754166	F	n221;18
368.33285918754166	F	n221;20
