TIME	EVENT	NODES
191.17936234077624	O	n53
203.75663452656016	L	n53;1
