TIME	EVENT	NODES
191.63842787189637	O	n66
196.0215227562063	C	n66;1
196.74632570764513	E	n66;1
