TIME	EVENT	NODES
192.06621967491645	O	n55
238.066136604651	E	n55;1
