TIME	EVENT	NODES
192.07481875042444	O	n64
196.48013982546658	D	n64;1;n64;2;n64;3
209.98678565646827	L	n64;3
248.88117897606477	E	n64;2
