TIME	EVENT	NODES
192.34741059399153	O	n58
195.81562732113593	E	n58;1
