TIME	EVENT	NODES
192.40378552125478	O	n48
224.85642873200896	I	n48;1
225.38090431681997	I	n48;1
230.35374200408657	C	n48;1
255.45002037984645	I	n48;1
270.50846597342445	E	n48;1
