TIME	EVENT	NODES
192.68318133216474	O	n48
219.45299646345887	C	n48;1
270.50846597342445	E	n48;1
