TIME	EVENT	NODES
193.02183341627781	O	n55
199.04501469704576	C	n55;1
238.066136604651	E	n55;1
