TIME	EVENT	NODES
193.07681135148587	O	n66
196.74632570764513	E	n66;1
