TIME	EVENT	NODES
193.08153515469095	O	n48
218.25150130387996	L	n48;1
