TIME	EVENT	NODES
194.4458084271307	O	n68
227.74447505539555	S	n68;1;n99;2;n100;3
227.79180205667913	E	n99;2
240.6015620950032	S	n100;3;n113;4;n114;5
247.31031693571558	I	n113;4
247.7401476316604	I	n114;5
255.35745380644408	L	n114;5
263.3259868857025	I	n113;4
276.06674945851347	E	n113;4
