TIME	EVENT	NODES
194.68058727200648	O	n55
206.56058609585654	I	n55;1
221.9305363925096	L	n55;1
