TIME	EVENT	NODES
194.7371876522961	O	n57
199.3404950915714	E	n57;1
