TIME	EVENT	NODES
194.86635157666927	O	n58
195.81562732113593	E	n58;1
