TIME	EVENT	NODES
195.10252931318536	O	n58
195.81562732113593	E	n58;1
