TIME	EVENT	NODES
195.2275290087858	O	n65
212.14935991177535	E	n65;1
