TIME	EVENT	NODES
195.40280749959828	O	n61
209.3026833920613	I	n61;1
221.4844260935815	S	n61;1;n89;2;n90;3
231.2895298785254	E	n89;2
252.6577727104108	C	n90;3
280.88338111280893	E	n90;3
