TIME	EVENT	NODES
195.5688692601457	O	n68
227.74447505539555	S	n68;1;n99;2;n100;3
227.79180205667913	E	n99;2
240.6015620950032	S	n100;3;n113;4;n114;5
244.76878225030015	D	n114;5;n114;6;n114;7
249.24982737971453	T	n113;4;n113;8;n48;9
258.5274637189027	C	n114;6
260.0079447944091	E	n114;7
260.0079447944091	E	n114;6
260.46706076447066	I	n113;8
270.50846597342445	E	n48;9
276.06674945851347	E	n113;8
