TIME	EVENT	NODES
195.67776699567474	O	n61
221.4844260935815	S	n61;1;n89;2;n90;3
231.2895298785254	E	n89;2
237.38450264945473	I	n90;3
241.40125603290733	I	n90;3
243.66865700957763	I	n90;3
280.88338111280893	E	n90;3
