TIME	EVENT	NODES
195.7421211933932	O	n48
229.99930043915754	I	n48;1
270.50846597342445	E	n48;1
