TIME	EVENT	NODES
195.76947119701322	O	n55
224.42934590412736	C	n55;1
233.0341306672799	C	n55;1
238.066136604651	E	n55;1
