TIME	EVENT	NODES
196.01688267417148	O	n60
197.574740969038	S	n60;1;n71;2;n72;3
224.87883338170167	E	n71;2
254.31869674795763	S	n72;3;n137;4;n138;5
254.7521971880637	D	n137;4;n137;6;n137;7
257.6445339345643	I	n137;6
258.5804811224541	C	n137;7
262.48313050699846	S	n137;7;n155;8;n156;9
262.48313050699846	S	n137;6;n155;10;n156;11
268.08312347105647	S	n138;5;n163;12;n164;13
271.0174046970441	I	n163;12
277.8106349986983	E	n163;12
279.3689247604448	E	n164;13
280.9346084359787	E	n156;9
280.9346084359787	E	n156;11
290.95391741608375	I	n155;8
290.95391741608375	I	n155;10
302.77518792485097	S	n155;10;n221;14;n222;15
302.77518792485097	S	n155;8;n221;16;n222;17
314.3193370741534	E	n222;15
314.3193370741534	E	n222;17
329.9239204216288	I	n221;14
332.66171313378584	I	n221;14
334.9811267705983	I	n221;14
368.33285918754166	F	n221;14
368.33285918754166	F	n221;16
