TIME	EVENT	NODES
196.13770582435285	O	n63
217.10122037003637	S	n63;1;n87;2;n88;3
224.42074098395472	S	n87;2;n93;4;n94;5
231.5571464371633	I	n88;3
232.2598634713699	E	n94;5
232.8439288366906	E	n88;3
234.11319908768832	I	n93;4
263.1946935408616	S	n93;4;n157;6;n158;7
270.046542059784	T	n158;7;n158;8;n145;9
271.0359830191678	S	n158;8;n165;10;n166;11
275.51157750852633	I	n145;9
275.8505257194636	S	n145;9;n173;12;n174;13
279.49114061349326	I	n165;10
281.86281336619095	S	n157;6;n181;14;n182;15
296.19267675483087	I	n174;13
297.3759122122873	E	n182;15
299.0214409104911	L	n181;14
300.66408360617874	S	n165;10;n217;16;n218;17
301.39480262224913	S	n217;16;n219;18;n220;19
308.53114082874686	C	n174;13
309.22719658015154	E	n220;19
314.5087251124538	E	n173;12
316.64521563171144	E	n174;13
318.40176582549344	I	n166;11
322.23550031039156	S	n219;18;n243;20;n244;21
325.13853382706463	I	n243;20
325.62016585225894	E	n166;11
327.1046107185982	E	n218;17
336.27194991669535	S	n243;20;n265;22;n266;23
337.9466629699342	E	n266;23
338.690586845661	T	n244;21;n244;24;n255;25
351.37042779145395	E	n255;25
357.83898267386695	E	n265;22
368.33285918754166	F	n244;24
