TIME	EVENT	NODES
196.15509800926748	O	n48
229.33906632652597	L	n48;1
