TIME	EVENT	NODES
196.5023779991125	O	n55
232.88507673931164	I	n55;1
238.066136604651	E	n55;1
