TIME	EVENT	NODES
197.36979534397	O	n57
199.3404950915714	E	n57;1
