TIME	EVENT	NODES
197.3854848204679	O	n64
212.76947916147702	C	n64;1
248.88117897606477	E	n64;1
