TIME	EVENT	NODES
197.46721457338617	O	n68
204.71240992085453	C	n68;1
227.74447505539555	S	n68;1;n99;2;n100;3
227.79180205667913	E	n99;2
237.32085838002098	T	n100;3;n100;4;n93;5
240.6015620950032	S	n100;4;n113;6;n114;7
260.0079447944091	E	n114;7
263.1946935408616	S	n93;5;n157;8;n158;9
265.3554634214022	D	n157;8;n157;10;n157;11
271.0359830191678	S	n158;9;n165;12;n166;13
276.06674945851347	E	n113;6
279.70983293588375	I	n157;10
279.70983293588375	I	n157;11
281.86281336619095	S	n157;11;n181;14;n182;15
281.86281336619095	S	n157;10;n181;16;n182;17
286.40557631025115	C	n166;13
286.63915201620324	I	n166;13
294.87182430427805	I	n166;13
297.3759122122873	E	n182;15
297.3759122122873	E	n182;17
300.66408360617874	S	n165;12;n217;18;n218;19
301.39480262224913	S	n217;18;n219;20;n220;21
304.73569908895183	I	n166;13
305.40056679414835	T	n219;20;n219;22;n198;23
306.16335882896084	D	n181;14;n181;24;n181;25
309.21205838172443	S	n198;23;n231;26;n232;27
309.22719658015154	E	n220;21
310.7901976314392	C	n232;27
317.30612004847615	S	n232;27;n239;28;n240;29
321.6998445269163	I	n231;26
322.23550031039156	S	n219;22;n243;30;n244;31
325.62016585225894	E	n166;13
326.9191915703628	E	n181;24
326.9191915703628	E	n181;25
326.9191915703628	E	n181;16
327.1046107185982	E	n218;19
329.29817677326054	I	n231;26
331.30761343493685	I	n243;30
335.14844581859495	S	n231;26;n259;32;n260;33
335.9808152324455	I	n240;29
336.27194991669535	S	n243;30;n265;34;n266;35
337.9466629699342	E	n266;35
348.6720819320871	E	n240;29
348.7564267084988	E	n259;32
351.3602091274572	C	n260;33
352.6309878777763	C	n239;28
354.8892252751782	L	n239;28
357.83898267386695	E	n265;34
365.3354294195512	E	n260;33
368.33285918754166	F	n244;31
