TIME	EVENT	NODES
197.53300958784325	O	n57
199.3404950915714	E	n57;1
