TIME	EVENT	NODES
197.53992908323423	O	n64
248.88117897606477	E	n64;1
