TIME	EVENT	NODES
197.7465654344689	O	n48
254.75602790576045	D	n48;1;n48;2;n48;3
270.50846597342445	E	n48;2
270.50846597342445	E	n48;3
