TIME	EVENT	NODES
197.82823392329624	O	n68
222.04142386786054	D	n68;1;n68;2;n68;3
227.74447505539555	S	n68;2;n99;4;n100;5
227.74447505539555	S	n68;3;n99;6;n100;7
227.79180205667913	E	n99;4
227.79180205667913	E	n99;6
239.43986653762724	I	n100;5
239.43986653762724	I	n100;7
240.6015620950032	S	n100;7;n113;8;n114;9
240.6015620950032	S	n100;5;n113;10;n114;11
253.3066945314821	L	n113;10
260.0079447944091	E	n114;9
260.0079447944091	E	n114;11
276.06674945851347	E	n113;8
