TIME	EVENT	NODES
197.94933725558724	O	n65
212.14935991177535	E	n65;1
