TIME	EVENT	NODES
198.24569524793247	O	n53
226.86452868796613	S	n53;1;n95;2;n96;3
233.55443944646427	S	n96;3;n105;4;n106;5
243.30096724713678	I	n106;5
247.89276809742267	S	n106;5;n121;6;n122;7
249.95924889663488	T	n105;4;n105;8;n117;9
253.67242853748573	I	n105;8
258.60865144918176	I	n121;6
261.6291738439399	E	n121;6
271.5541373875477	S	n95;2;n167;10;n168;11
273.4164575551095	I	n122;7
273.5864034493894	E	n122;7
274.0950939834774	I	n167;10
278.37777927242377	S	n168;11;n179;12;n180;13
278.6214938342557	E	n167;10
278.8778393829385	E	n117;9
282.56958360049487	E	n179;12
283.10812510945766	I	n180;13
287.2898658895813	E	n105;8
292.321064504694	E	n180;13
