TIME	EVENT	NODES
198.3118263729893	O	n61
198.7833493433951	I	n61;1
221.4844260935815	S	n61;1;n89;2;n90;3
231.2895298785254	E	n89;2
280.88338111280893	E	n90;3
