TIME	EVENT	NODES
198.49814338874742	O	n63
217.10122037003637	S	n63;1;n87;2;n88;3
218.31448772274692	I	n88;3
224.42074098395472	S	n87;2;n93;4;n94;5
226.49385614607323	I	n88;3
232.2598634713699	E	n94;5
232.8439288366906	E	n88;3
248.3801940543695	I	n93;4
263.1946935408616	S	n93;4;n157;6;n158;7
263.3669429307131	I	n158;7
271.0359830191678	S	n158;7;n165;8;n166;9
273.607224075922	I	n157;6
281.1707603237528	I	n157;6
281.86281336619095	S	n157;6;n181;10;n182;11
286.1962049636426	L	n166;9
297.3759122122873	E	n182;11
300.66408360617874	S	n165;8;n217;12;n218;13
301.39480262224913	S	n217;12;n219;14;n220;15
309.22719658015154	E	n220;15
322.23550031039156	S	n219;14;n243;16;n244;17
326.9191915703628	E	n181;10
327.1046107185982	E	n218;13
327.5985601068723	T	n243;16;n243;18;n239;19
336.27194991669535	S	n243;18;n265;20;n266;21
337.9466629699342	E	n266;21
357.83898267386695	E	n265;20
365.6675909654996	S	n239;19;n327;22;n328;23
367.161600549236	I	n244;17
368.33285918754166	F	n327;22
368.33285918754166	F	n328;23
368.33285918754166	F	n244;17
