TIME	EVENT	NODES
198.5242184771907	O	n55
204.99736508092815	C	n55;1
229.49128018716092	I	n55;1
238.066136604651	E	n55;1
