TIME	EVENT	NODES
198.87190943964544	O	n52
200.73613039057386	I	n52;1
201.33279879777487	I	n52;1
227.24917160321922	I	n52;1
227.7086322008703	S	n52;1;n97;2;n98;3
232.09505500922094	I	n97;2
237.40170014493938	I	n98;3
240.3331960884654	I	n97;2
249.03530572249304	S	n97;2;n123;4;n124;5
252.77141324569288	I	n123;4
253.06314718483793	L	n124;5
254.59397657947247	S	n123;4;n139;6;n140;7
255.08922900163986	E	n139;6
257.96878039955334	I	n140;7
275.3394929136777	E	n140;7
297.82959460464184	E	n98;3
