TIME	EVENT	NODES
199.14020810105373	O	n68
201.43895570870632	I	n68;1
218.05083653389727	I	n68;1
227.74447505539555	S	n68;1;n99;2;n100;3
227.79180205667913	E	n99;2
228.14814149744436	I	n100;3
238.1858127588266	T	n100;3;n100;4;n64;5
240.6015620950032	S	n100;4;n113;6;n114;7
248.88117897606477	E	n64;5
252.63668411852174	I	n114;7
256.2719050159055	D	n113;6;n113;8;n113;9
260.0079447944091	E	n114;7
276.06674945851347	E	n113;8
276.06674945851347	E	n113;9
