TIME	EVENT	NODES
199.25884130715303	O	n57
199.3404950915714	E	n57;1
