TIME	EVENT	NODES
199.29907904188462	O	n53
213.11811125672543	L	n53;1
