TIME	EVENT	NODES
199.69196855315178	O	n59
251.91737397158224	S	n59;1;n131;2;n132;3
260.4619361968939	D	n132;3;n132;4;n132;5
264.256074713361	S	n131;2;n159;6;n160;7
268.33816226095115	I	n159;6
278.23088639788915	I	n159;6
283.003644560383	E	n160;7
288.5496408940298	S	n132;4;n189;8;n190;9
288.5496408940298	S	n132;5;n189;10;n190;11
297.2325938618031	S	n190;9;n211;12;n212;13
297.2325938618031	S	n190;11;n211;14;n212;15
299.7793375976871	I	n159;6
300.2364266246502	I	n211;12
300.2364266246502	I	n211;14
306.18779637717876	E	n189;8
306.18779637717876	E	n189;10
309.0861526051908	I	n211;14
309.0861526051908	I	n211;12
314.25098765060847	L	n211;14
323.451126983794	S	n211;12;n247;16;n248;17
323.5768600109391	I	n248;17
326.9299560409181	S	n248;17;n249;18;n250;19
327.01660806456476	I	n247;16
328.2146319613769	S	n159;6;n253;20;n254;21
329.9246147758357	C	n254;21
331.3293022629171	I	n250;19
334.64198406508626	S	n249;18;n255;22;n256;23
335.92113620132585	S	n254;21;n263;24;n264;25
338.51097831531484	S	n247;16;n269;26;n270;27
339.658731161582	S	n264;25;n271;28;n272;29
342.5990251400446	I	n272;29
345.71198993976384	E	n253;20
349.3201525423629	I	n271;28
351.3681074054671	E	n270;27
351.37042779145395	E	n255;22
351.5113361967628	I	n272;29
351.8219402101214	I	n263;24
354.109934969175	I	n271;28
354.2806444729707	I	n250;19
355.7306790534486	C	n269;26
356.5243775902817	S	n250;19;n303;30;n304;31
359.43466135079467	S	n269;26;n307;32;n308;33
361.7971077523211	S	n272;29;n309;34;n310;35
362.6952339851356	I	n303;30
363.93153272386894	C	n304;31
364.14479088522387	E	n212;13
364.14479088522387	E	n212;15
364.39265661618424	S	n310;35;n317;36;n318;37
364.49514583717956	S	n304;31;n319;38;n320;39
365.0168302374957	S	n256;23;n323;40;n324;41
365.0417268907298	E	n263;24
365.9406802548836	S	n318;37;n329;42;n330;43
367.3823909983052	I	n303;30
368.1525611161385	S	n324;41;n331;44;n332;45
368.33285918754166	F	n330;43
368.33285918754166	F	n307;32
368.33285918754166	F	n329;42
368.33285918754166	F	n303;30
368.33285918754166	F	n271;28
368.33285918754166	F	n308;33
368.33285918754166	F	n331;44
368.33285918754166	F	n323;40
368.33285918754166	F	n320;39
368.33285918754166	F	n332;45
368.33285918754166	F	n317;36
368.33285918754166	F	n309;34
368.33285918754166	F	n319;38
