TIME	EVENT	NODES
200.58112631527155	O	n63
211.34321064696496	I	n63;1
217.10122037003637	S	n63;1;n87;2;n88;3
224.42074098395472	S	n87;2;n93;4;n94;5
228.56938605544505	L	n94;5
232.8439288366906	E	n88;3
253.54691924446132	I	n93;4
263.1946935408616	S	n93;4;n157;6;n158;7
271.0359830191678	S	n158;7;n165;8;n166;9
281.46596079282654	L	n157;6
300.66408360617874	S	n165;8;n217;10;n218;11
301.39480262224913	S	n217;10;n219;12;n220;13
305.728733924016	I	n220;13
309.22719658015154	E	n220;13
322.23550031039156	S	n219;12;n243;14;n244;15
325.62016585225894	E	n166;9
327.1046107185982	E	n218;11
336.27194991669535	S	n243;14;n265;16;n266;17
337.9466629699342	E	n266;17
357.83898267386695	E	n265;16
368.33285918754166	F	n244;15
