TIME	EVENT	NODES
200.62605740322877	O	n61
221.4844260935815	S	n61;1;n89;2;n90;3
222.49354385299696	L	n89;2
263.7369604429714	I	n90;3
280.88338111280893	E	n90;3
