TIME	EVENT	NODES
200.7289107708981	O	n59
208.96547563051377	L	n59;1
