TIME	EVENT	NODES
200.856516202164	O	n55
238.066136604651	E	n55;1
