TIME	EVENT	NODES
200.87199637696284	O	n63
205.8809544114638	I	n63;1
217.10122037003637	S	n63;1;n87;2;n88;3
224.42074098395472	S	n87;2;n93;4;n94;5
228.9318629240182	I	n93;4
232.2598634713699	E	n94;5
232.8439288366906	E	n88;3
263.1946935408616	S	n93;4;n157;6;n158;7
267.99302445478827	I	n157;6
271.0359830191678	S	n158;7;n165;8;n166;9
281.86281336619095	S	n157;6;n181;10;n182;11
292.12070821937	T	n165;8;n165;12;n150;13
293.4401227103343	E	n150;13
296.3991420273424	I	n165;12
297.3759122122873	E	n182;11
300.66408360617874	S	n165;12;n217;14;n218;15
301.39480262224913	S	n217;14;n219;16;n220;17
304.2665792458364	T	n166;9;n166;18;n170;19
308.51678722287204	L	n181;10
309.22719658015154	E	n220;17
313.95241905892277	I	n219;16
322.23550031039156	S	n219;16;n243;20;n244;21
325.62016585225894	E	n166;18
327.1046107185982	E	n218;15
327.5939727989857	D	n244;21;n244;22;n244;23
330.22671396317315	D	n244;22;n244;24;n244;25
336.27194991669535	S	n243;20;n265;26;n266;27
337.9466629699342	E	n266;27
357.83898267386695	E	n265;26
368.33285918754166	F	n244;24
368.33285918754166	F	n244;25
368.33285918754166	F	n244;23
368.33285918754166	F	n170;19
