TIME	EVENT	NODES
201.09419300491894	O	n61
212.202191686382	C	n61;1
221.4844260935815	S	n61;1;n89;2;n90;3
231.2895298785254	E	n89;2
241.40125603290733	I	n90;3
243.66865700957763	I	n90;3
280.88338111280893	E	n90;3
