TIME	EVENT	NODES
201.1044895546002	O	n52
227.7086322008703	S	n52;1;n97;2;n98;3
238.98603802238202	L	n97;2
297.82959460464184	E	n98;3
