TIME	EVENT	NODES
201.14174333510374	O	n55
209.9631288921049	I	n55;1
238.066136604651	E	n55;1
