TIME	EVENT	NODES
0	O	Root
0.0	S	Root;1;n1;2;n2;3
3.2265121368497676	S	n2;3;n3;4;n4;5
5.983667017991755	I	n1;2
6.0891450189117755	S	n4;5;n5;6;n6;7
12.049627919615546	E	n1;2
18.891284135913853	L	n3;4
22.4817839777475	I	n5;6
35.78865573263093	T	n5;6;n5;8;n7;9
41.7308661144652	E	n6;7
65.79458869924449	S	n5;8;n11;10;n12;11
78.67196232775571	E	n11;10
80.59920766624008	E	n12;11
81.67861194835027	D	n7;9;n7;12;n7;13
109.52479354499361	L	n7;13
140.86101490034267	I	n7;12
152.63308264867726	S	n7;12;n33;14;n34;15
162.77617771303431	S	n34;15;n37;16;n38;17
164.0650225736182	E	n38;17
165.2249719103747	E	n33;14
181.0849768321362	I	n37;16
187.1981154176181	S	n37;16;n59;18;n60;19
191.7434126650566	I	n60;19
195.43558683984747	L	n60;19
217.5670355304369	T	n59;18;n59;20;n53;21
226.86452868796613	S	n53;21;n95;22;n96;23
233.55443944646427	S	n96;23;n105;24;n106;25
237.73970584440897	L	n59;20
243.30096724713678	I	n106;25
247.89276809742267	S	n106;25;n121;26;n122;27
261.6291738439399	E	n121;26
266.2804204075428	C	n122;27
271.5541373875477	S	n95;22;n167;28;n168;29
273.5864034493894	E	n122;27
274.0950939834774	I	n167;28
275.4534257712164	I	n168;29
278.37777927242377	S	n168;29;n179;30;n180;31
278.6214938342557	E	n167;28
282.56958360049487	E	n179;30
287.2898658895813	E	n105;24
292.321064504694	E	n180;31
