TIME	EVENT	NODES
201.6282587928087	O	n52
208.49154118101123	I	n52;1
227.7086322008703	S	n52;1;n97;2;n98;3
229.80306501991961	L	n98;3
249.03530572249304	S	n97;2;n123;4;n124;5
254.59397657947247	S	n123;4;n139;6;n140;7
254.75152256761191	C	n139;6
255.08922900163986	E	n139;6
258.8150958922131	S	n124;5;n149;8;n150;9
264.0587331323595	L	n149;8
275.3394929136777	E	n140;7
285.12471925057633	L	n150;9
