TIME	EVENT	NODES
201.83699700147855	O	n71
213.7461502270578	L	n71;1
