TIME	EVENT	NODES
201.9198754749059	O	n63
202.04678109885788	I	n63;1
217.10122037003637	S	n63;1;n87;2;n88;3
224.42074098395472	S	n87;2;n93;4;n94;5
230.4695240675893	D	n94;5;n94;6;n94;7
232.2598634713699	E	n94;6
232.2598634713699	E	n94;7
232.8439288366906	E	n88;3
263.1946935408616	S	n93;4;n157;8;n158;9
268.96552676295715	I	n157;8
269.9663931891822	I	n157;8
271.0359830191678	S	n158;9;n165;10;n166;11
271.3443842279853	I	n166;11
281.86281336619095	S	n157;8;n181;12;n182;13
296.4185056205523	C	n182;13
297.3759122122873	E	n182;13
300.66408360617874	S	n165;10;n217;14;n218;15
301.39480262224913	S	n217;14;n219;16;n220;17
309.22719658015154	E	n220;17
313.20921954296705	I	n218;15
322.23550031039156	S	n219;16;n243;18;n244;19
325.62016585225894	E	n166;11
326.9191915703628	E	n181;12
327.1046107185982	E	n218;15
331.70334085605754	I	n243;18
336.27194991669535	S	n243;18;n265;20;n266;21
337.9466629699342	E	n266;21
357.83898267386695	E	n265;20
366.43105481781936	I	n244;19
368.33285918754166	F	n244;19
