TIME	EVENT	NODES
201.95592020582401	O	n68
217.52183169942688	I	n68;1
227.74447505539555	S	n68;1;n99;2;n100;3
227.79180205667913	E	n99;2
240.6015620950032	S	n100;3;n113;4;n114;5
241.69420161650754	I	n114;5
256.3253084145161	I	n113;4
260.0079447944091	E	n114;5
262.3565102374884	I	n113;4
276.06674945851347	E	n113;4
