TIME	EVENT	NODES
202.09757272235535	O	n53
213.75747417931711	L	n53;1
