TIME	EVENT	NODES
202.21948034649228	O	n70
256.74972332501403	S	n70;1;n145;2;n146;3
272.6162993645904	I	n145;2
275.0960935428681	S	n146;3;n169;4;n170;5
275.8505257194636	S	n145;2;n173;6;n174;7
276.778106847264	S	n169;4;n177;8;n178;9
279.6550841724268	I	n178;9
289.7660671719976	S	n177;8;n191;10;n192;11
292.56408620681617	S	n191;10;n197;12;n198;13
295.7101501024865	E	n178;9
297.88510067996623	E	n197;12
305.9477080415157	I	n174;7
309.21205838172443	S	n198;13;n231;14;n232;15
312.7587999642027	I	n170;5
314.5087251124538	E	n173;6
315.8723369884732	I	n232;15
316.27600896896894	E	n192;11
316.64521563171144	E	n174;7
317.30612004847615	S	n232;15;n239;16;n240;17
321.22119042184426	C	n240;17
335.14844581859495	S	n231;14;n259;18;n260;19
338.37639077629	I	n170;5
340.55911664297986	I	n239;16
345.96490138768274	L	n240;17
348.1906513040705	L	n260;19
348.7564267084988	E	n259;18
360.41265537771505	I	n239;16
364.79215553309297	I	n239;16
365.6675909654996	S	n239;16;n327;20;n328;21
368.33285918754166	F	n327;20
368.33285918754166	F	n328;21
368.33285918754166	F	n170;5
