TIME	EVENT	NODES
202.25255236261296	O	n64
248.88117897606477	E	n64;1
