TIME	EVENT	NODES
202.53264408151995	O	n64
219.24898637001473	I	n64;1
226.76304026258958	I	n64;1
248.88117897606477	E	n64;1
