TIME	EVENT	NODES
202.59607099638075	O	n48
245.72266242174214	I	n48;1
261.9136653607604	I	n48;1
270.50846597342445	E	n48;1
