TIME	EVENT	NODES
202.66826371795904	O	n59
217.60489141895803	T	n59;1;n59;2;n78;3
226.3022639445042	E	n78;3
247.9017369521402	I	n59;2
251.91737397158224	S	n59;2;n131;4;n132;5
252.51472126357524	I	n132;5
264.256074713361	S	n131;4;n159;6;n160;7
264.9460051726681	I	n160;7
270.4756140242478	C	n159;6
275.09498353573076	C	n132;5
282.7926490937049	I	n160;7
283.003644560383	E	n160;7
283.3699585244324	I	n159;6
288.5496408940298	S	n132;5;n189;8;n190;9
297.2325938618031	S	n190;9;n211;10;n212;11
298.31188400210584	I	n211;10
301.37631581860853	I	n189;8
301.83319489991237	L	n211;10
306.18779637717876	E	n189;8
328.2146319613769	S	n159;6;n253;12;n254;13
335.92113620132585	S	n254;13;n263;14;n264;15
339.658731161582	S	n264;15;n271;16;n272;17
340.5331891343072	C	n253;12
345.71198993976384	E	n253;12
348.5397802328131	I	n263;14
352.38449085028276	I	n271;16
361.7971077523211	S	n272;17;n309;18;n310;19
364.14479088522387	E	n212;11
364.39265661618424	S	n310;19;n317;20;n318;21
365.0417268907298	E	n263;14
365.9406802548836	S	n318;21;n329;22;n330;23
368.33285918754166	F	n330;23
368.33285918754166	F	n329;22
368.33285918754166	F	n271;16
368.33285918754166	F	n317;20
368.33285918754166	F	n309;18
