TIME	EVENT	NODES
203.04257455056268	O	n65
212.14935991177535	E	n65;1
