TIME	EVENT	NODES
203.44589595554694	O	n63
217.10122037003637	S	n63;1;n87;2;n88;3
224.42074098395472	S	n87;2;n93;4;n94;5
232.2598634713699	E	n94;5
232.8439288366906	E	n88;3
244.92813533992077	I	n93;4
263.1946935408616	S	n93;4;n157;6;n158;7
271.0359830191678	S	n158;7;n165;8;n166;9
281.86281336619095	S	n157;6;n181;10;n182;11
287.8669456522898	I	n181;10
297.3759122122873	E	n182;11
300.66408360617874	S	n165;8;n217;12;n218;13
301.39480262224913	S	n217;12;n219;14;n220;15
303.4011533498921	I	n219;14
309.22719658015154	E	n220;15
311.6290240878607	T	n219;14;n219;16;n192;17
316.27600896896894	E	n192;17
322.23096660681705	I	n181;10
322.23550031039156	S	n219;16;n243;18;n244;19
325.62016585225894	E	n166;9
326.9191915703628	E	n181;10
327.1046107185982	E	n218;13
336.27194991669535	S	n243;18;n265;20;n266;21
337.9466629699342	E	n266;21
350.9540795915509	D	n244;19;n244;22;n244;23
357.83898267386695	E	n265;20
368.33285918754166	F	n244;22
368.33285918754166	F	n244;23
