TIME	EVENT	NODES
203.50225616071862	O	n52
227.57291128826745	D	n52;1;n52;2;n52;3
227.7086322008703	S	n52;2;n97;4;n98;5
227.7086322008703	S	n52;3;n97;6;n98;7
249.03530572249304	S	n97;4;n123;8;n124;9
249.03530572249304	S	n97;6;n123;10;n124;11
254.59397657947247	S	n123;8;n139;12;n140;13
254.59397657947247	S	n123;10;n139;14;n140;15
255.08922900163986	E	n139;12
255.08922900163986	E	n139;14
258.8150958922131	S	n124;9;n149;16;n150;17
258.8150958922131	S	n124;11;n149;18;n150;19
275.3394929136777	E	n140;13
275.3394929136777	E	n140;15
277.6697971187291	D	n98;7;n98;20;n98;21
285.9661547577484	L	n149;18
293.4401227103343	E	n150;17
293.4401227103343	E	n150;19
297.82959460464184	E	n98;5
297.82959460464184	E	n98;20
297.82959460464184	E	n98;21
304.5212957872675	I	n149;16
313.2735372024965	E	n149;16
