TIME	EVENT	NODES
203.68669977682427	O	n61
221.4844260935815	S	n61;1;n89;2;n90;3
231.2895298785254	E	n89;2
250.6576647988774	C	n90;3
280.4780155845281	L	n90;3
