TIME	EVENT	NODES
203.72516897357775	O	n72
206.31375745361987	C	n72;1
214.55373890285364	I	n72;1
225.7448494006148	I	n72;1
254.31869674795763	S	n72;1;n137;2;n138;3
262.48313050699846	S	n137;2;n155;4;n156;5
268.08312347105647	S	n138;3;n163;6;n164;7
268.3375187279591	I	n156;5
274.33670399840196	L	n164;7
277.8106349986983	E	n163;6
280.9346084359787	E	n156;5
302.77518792485097	S	n155;4;n221;8;n222;9
306.316466815104	T	n222;9;n222;10;n183;11
309.1220107531817	I	n222;10
314.3193370741534	E	n222;10
346.25933828589956	I	n221;8
349.00530575206363	E	n183;11
368.33285918754166	F	n221;8
