TIME	EVENT	NODES
203.77368693187552	O	n71
224.87883338170167	E	n71;1
