TIME	EVENT	NODES
203.8501221803889	O	n52
215.827928932404	I	n52;1
221.0678096331502	C	n52;1
227.7086322008703	S	n52;1;n97;2;n98;3
249.03530572249304	S	n97;2;n123;4;n124;5
254.59397657947247	S	n123;4;n139;6;n140;7
255.08922900163986	E	n139;6
258.8150958922131	S	n124;5;n149;8;n150;9
259.11097680635106	I	n98;3
266.7308754898856	D	n150;9;n150;10;n150;11
268.90064205923784	T	n149;8;n149;12;n90;13
271.2742870207934	I	n150;10
271.2742870207934	I	n150;11
275.3394929136777	E	n140;7
280.88338111280893	E	n90;13
293.4401227103343	E	n150;11
293.4401227103343	E	n150;10
297.82959460464184	E	n98;3
308.39695526700467	C	n149;12
313.2735372024965	E	n149;12
