TIME	EVENT	NODES
203.87246990603305	O	n68
227.74447505539555	S	n68;1;n99;2;n100;3
227.79180205667913	E	n99;2
240.6015620950032	S	n100;3;n113;4;n114;5
251.39283616445968	D	n114;5;n114;6;n114;7
253.37607536274857	I	n113;4
255.5300001712115	I	n113;4
260.0079447944091	E	n114;6
260.0079447944091	E	n114;7
276.06674945851347	E	n113;4
