TIME	EVENT	NODES
203.88134374024543	O	n48
270.50846597342445	E	n48;1
