TIME	EVENT	NODES
204.2004150624287	O	n64
229.48308467193002	I	n64;1
248.88117897606477	E	n64;1
