TIME	EVENT	NODES
204.85520488300966	O	n68
206.0798434037552	I	n68;1
214.00905538767475	T	n68;1;n68;2;n78;3
215.05780648019518	T	n68;2;n68;4;n84;5
216.84950302544078	I	n78;3
226.3022639445042	E	n78;3
227.74447505539555	S	n68;4;n99;6;n100;7
227.79180205667913	E	n99;6
228.05409964626693	C	n84;5
236.8169657606345	S	n84;5;n107;8;n108;9
240.6015620950032	S	n100;7;n113;10;n114;11
241.28489858565507	I	n108;9
249.10861886800265	S	n108;9;n125;12;n126;13
253.37607536274857	I	n113;10
255.5300001712115	I	n113;10
256.96114287753085	S	n126;13;n147;14;n148;15
257.0678142361129	I	n125;12
257.53711646858864	I	n114;11
260.0079447944091	E	n114;11
262.43014142332055	E	n148;15
263.66792235163996	I	n113;10
263.9508370964037	I	n107;8
266.80294771333917	S	n107;8;n161;16;n162;17
274.55202766860106	I	n161;16
275.11850929823515	S	n125;12;n171;18;n172;19
276.06674945851347	E	n113;10
277.04604187489826	E	n161;16
283.3629310829571	S	n147;14;n183;20;n184;21
285.9456044299885	S	n162;17;n185;22;n186;23
292.01152244219134	S	n186;23;n195;24;n196;25
293.35950579317387	I	n171;18
293.6183387782659	E	n184;21
294.1998026308451	E	n171;18
295.9276583324833	I	n172;19
296.7804733096652	S	n196;25;n207;26;n208;27
297.77429733878824	E	n208;27
298.5182981782411	E	n207;26
299.07388934940343	D	n185;22;n185;28;n185;29
301.5187902891868	E	n195;24
306.7118637562414	E	n185;28
306.7118637562414	E	n185;29
315.41472492191235	E	n172;19
349.00530575206363	E	n183;20
