TIME	EVENT	NODES
205.282519410201	O	n61
221.4844260935815	S	n61;1;n89;2;n90;3
231.2895298785254	E	n89;2
264.1218818382455	I	n90;3
275.42638027900665	T	n90;3;n90;4;n172;5
280.88338111280893	E	n90;4
312.397854141934	I	n172;5
313.62692292624814	I	n172;5
315.41472492191235	E	n172;5
