TIME	EVENT	NODES
205.3382256478575	O	n74
208.19839410567633	S	n74;1;n77;2;n78;3
209.26412825009913	I	n78;3
222.8286800299068	L	n78;3
226.08451416191318	E	n77;2
