TIME	EVENT	NODES
205.51898833518587	O	n65
212.14935991177535	E	n65;1
