TIME	EVENT	NODES
205.74100244352758	O	n63
217.10122037003637	S	n63;1;n87;2;n88;3
220.73994525193314	I	n87;2
222.42230666603686	I	n88;3
224.42074098395472	S	n87;2;n93;4;n94;5
224.80210307703672	L	n88;3
224.80210307703672	T	n94;5;n94;6;n88;7
226.49385614607323	I	n88;7
231.12313753116283	I	n93;4
232.2598634713699	E	n94;6
232.8439288366906	E	n88;7
252.0443836459967	I	n93;4
263.1946935408616	S	n93;4;n157;8;n158;9
268.0467372897926	C	n158;9
271.0359830191678	S	n158;9;n165;10;n166;11
275.89296821285615	I	n157;8
281.86281336619095	S	n157;8;n181;12;n182;13
282.61255130363196	I	n182;13
288.41387633275195	C	n181;12
288.5870164215176	T	n165;10;n165;14;n188;15
292.9330647801304	I	n188;15
293.1267483817216	S	n188;15;n199;16;n200;17
293.90973519565694	S	n199;16;n203;18;n204;19
294.07914662793326	E	n200;17
296.3703844526414	L	n166;11
296.3991420273424	I	n165;14
297.3759122122873	E	n182;13
300.66408360617874	S	n165;14;n217;20;n218;21
301.39480262224913	S	n217;20;n219;22;n220;23
305.8053411110323	S	n204;19;n227;24;n228;25
309.22719658015154	E	n220;23
310.95089261530495	I	n219;22
314.0104779853529	S	n227;24;n237;26;n238;27
317.37130404313274	D	n218;21;n218;28;n218;29
318.9566040063278	S	n203;18;n241;30;n242;31
322.23550031039156	S	n219;22;n243;32;n244;33
326.9191915703628	E	n181;12
327.1046107185982	E	n218;28
327.1046107185982	E	n218;29
327.56118021512134	T	n243;32;n243;34;n212;35
335.5255731935527	L	n237;26
335.6388043054754	I	n228;25
335.6816702891981	L	n238;27
335.6967060113735	S	n241;30;n261;36;n262;37
336.27194991669535	S	n243;34;n265;38;n266;39
337.8162741291757	I	n244;33
337.9466629699342	E	n266;39
342.3523845263514	S	n228;25;n281;40;n282;41
346.37498290188773	I	n244;33
350.1964176879551	I	n244;33
350.53960376877336	S	n262;37;n293;42;n294;43
357.83898267386695	E	n265;38
359.16454116420584	E	n261;36
364.14479088522387	E	n212;35
366.6602767797612	I	n281;40
368.33285918754166	F	n293;42
368.33285918754166	F	n242;31
368.33285918754166	F	n282;41
368.33285918754166	F	n281;40
368.33285918754166	F	n244;33
368.33285918754166	F	n294;43
