TIME	EVENT	NODES
206.5307787564769	O	n55
213.52789703534543	I	n55;1
238.066136604651	E	n55;1
