TIME	EVENT	NODES
206.53838477498408	O	n72
207.7265991129361	T	n72;1;n72;2;n48;3
218.27018590861164	L	n72;2
229.99930043915754	I	n48;3
249.96472519441846	C	n48;3
257.49609755475007	T	n48;3;n48;4;n121;5
258.4837382301728	I	n121;5
261.6291738439399	E	n121;5
270.50846597342445	E	n48;4
