TIME	EVENT	NODES
206.78535176650868	O	n52
227.24917160321922	I	n52;1
227.7086322008703	S	n52;1;n97;2;n98;3
232.09505500922094	I	n97;2
237.40170014493938	I	n98;3
240.3331960884654	I	n97;2
249.03530572249304	S	n97;2;n123;4;n124;5
252.77141324569288	I	n123;4
254.59397657947247	S	n123;4;n139;6;n140;7
255.08922900163986	E	n139;6
257.5755562359825	C	n124;5
257.96878039955334	I	n140;7
258.8150958922131	S	n124;5;n149;8;n150;9
263.6410559841429	I	n150;9
275.3394929136777	E	n140;7
278.8561264598974	I	n150;9
292.7919344236036	I	n150;9
293.4401227103343	E	n150;9
293.86686907343665	I	n149;8
297.82959460464184	E	n98;3
309.6511502869501	I	n149;8
313.2735372024965	E	n149;8
