TIME	EVENT	NODES
207.36184882444937	O	n74
208.19839410567633	S	n74;1;n77;2;n78;3
210.4496710009801	I	n78;3
215.31624089470338	T	n78;3;n78;4;n55;5
222.66089238721065	I	n55;5
226.08451416191318	E	n77;2
226.3022639445042	E	n78;4
238.066136604651	E	n55;5
