TIME	EVENT	NODES
207.41027664364114	O	n68
227.74447505539555	S	n68;1;n99;2;n100;3
227.79180205667913	E	n99;2
240.6015620950032	S	n100;3;n113;4;n114;5
254.36073481327122	L	n114;5
260.46706076447066	I	n113;4
262.5262919807363	I	n113;4
276.06674945851347	E	n113;4
