TIME	EVENT	NODES
207.7514862184191	O	n65
212.14935991177535	E	n65;1
