TIME	EVENT	NODES
207.9583757140582	O	n61
209.3026833920613	I	n61;1
221.4844260935815	S	n61;1;n89;2;n90;3
222.06507670486607	L	n90;3
231.2895298785254	E	n89;2
