TIME	EVENT	NODES
208.10561795185043	O	n55
227.7521978004292	I	n55;1
238.066136604651	E	n55;1
