TIME	EVENT	NODES
208.10984043771214	O	n64
248.88117897606477	E	n64;1
