TIME	EVENT	NODES
0	O	Root
0.0	S	Root;1;n1;2;n2;3
3.2265121368497676	S	n2;3;n3;4;n4;5
6.0891450189117755	S	n4;5;n5;6;n6;7
12.049627919615546	E	n1;2
28.054958957083375	L	n3;4
28.90500321874531	I	n5;6
33.81746974616778	C	n5;6
40.61766770490026	I	n5;6
41.7308661144652	E	n6;7
53.07579494530362	I	n5;6
65.79458869924449	S	n5;6;n11;8;n12;9
68.50463268465681	C	n11;8
75.62646956631595	T	n11;8;n11;10;n9;11
77.94644880132734	I	n9;11
78.47385141808721	L	n9;11
78.67196232775571	E	n11;10
80.59920766624008	E	n12;9
