TIME	EVENT	NODES
209.1291071841228	O	n77
226.08451416191318	E	n77;1
