TIME	EVENT	NODES
209.7705645885485	O	n63
217.10122037003637	S	n63;1;n87;2;n88;3
224.42074098395472	S	n87;2;n93;4;n94;5
232.2598634713699	E	n94;5
232.8439288366906	E	n88;3
248.3801940543695	I	n93;4
252.0443836459967	I	n93;4
263.1946935408616	S	n93;4;n157;6;n158;7
271.0359830191678	S	n158;7;n165;8;n166;9
275.89296821285615	I	n157;6
281.86281336619095	S	n157;6;n181;10;n182;11
282.61255130363196	I	n182;11
283.64868435736753	I	n182;11
297.3759122122873	E	n182;11
300.66408360617874	S	n165;8;n217;12;n218;13
301.39480262224913	S	n217;12;n219;14;n220;15
301.9327372106994	I	n218;13
309.22719658015154	E	n220;15
315.5479635136037	C	n219;14
316.428789421463	C	n166;9
322.23550031039156	S	n219;14;n243;16;n244;17
325.62016585225894	E	n166;9
326.9191915703628	E	n181;10
327.1046107185982	E	n218;13
331.30761343493685	I	n243;16
336.27194991669535	S	n243;16;n265;18;n266;19
337.9466629699342	E	n266;19
357.83898267386695	E	n265;18
368.33285918754166	F	n244;17
