TIME	EVENT	NODES
210.23322049814576	O	n70
235.58760315846325	I	n70;1
256.74972332501403	S	n70;1;n145;2;n146;3
267.10488677751715	I	n145;2
275.0960935428681	S	n146;3;n169;4;n170;5
275.8505257194636	S	n145;2;n173;6;n174;7
276.778106847264	S	n169;4;n177;8;n178;9
280.0072358227772	I	n177;8
281.33983152088666	I	n173;6
289.7660671719976	S	n177;8;n191;10;n192;11
292.56408620681617	S	n191;10;n197;12;n198;13
294.85205953567214	I	n174;7
295.7101501024865	E	n178;9
296.42496988893606	I	n174;7
296.7541348958778	I	n174;7
297.88510067996623	E	n197;12
299.86438373273126	I	n174;7
304.33215864345414	I	n192;11
308.47786470125436	I	n170;5
309.21205838172443	S	n198;13;n231;14;n232;15
311.98736761505336	T	n192;11;n192;16;n172;17
314.5087251124538	E	n173;6
315.41472492191235	E	n172;17
316.27600896896894	E	n192;16
316.64521563171144	E	n174;7
317.30612004847615	S	n232;15;n239;18;n240;19
328.51162888162287	I	n170;5
329.93704125127454	L	n239;18
335.14844581859495	S	n231;14;n259;20;n260;21
348.6720819320871	E	n240;19
348.7564267084988	E	n259;20
365.3354294195512	E	n260;21
367.9498939071537	L	n170;5
