TIME	EVENT	NODES
210.85606513230366	O	n59
212.0442081720495	I	n59;1
217.11546756562876	I	n59;1
251.91737397158224	S	n59;1;n131;2;n132;3
252.95947034924166	I	n132;3
263.40949260383604	I	n131;2
264.256074713361	S	n131;2;n159;4;n160;5
270.9649397412636	I	n159;4
283.003644560383	E	n160;5
283.3699585244324	I	n159;4
287.2102158140489	I	n132;3
288.5496408940298	S	n132;3;n189;6;n190;7
297.2325938618031	S	n190;7;n211;8;n212;9
306.18779637717876	E	n189;6
323.451126983794	S	n211;8;n247;10;n248;11
323.7751044234881	L	n248;11
327.7087622010434	I	n159;4
328.2146319613769	S	n159;4;n253;12;n254;13
335.92113620132585	S	n254;13;n263;14;n264;15
338.51097831531484	S	n247;10;n269;16;n270;17
339.658731161582	S	n264;15;n271;18;n272;19
342.29743004503274	I	n270;17
345.71198993976384	E	n253;12
347.6979410743456	I	n272;19
348.5397802328131	I	n263;14
348.69362867863777	D	n270;17;n270;20;n270;21
351.3681074054671	E	n270;20
351.3681074054671	E	n270;21
352.38449085028276	I	n271;18
359.43466135079467	S	n269;16;n307;22;n308;23
360.90451241547254	L	n272;19
364.0929435357269	C	n308;23
364.14479088522387	E	n212;9
365.0417268907298	E	n263;14
368.33285918754166	F	n307;22
368.33285918754166	F	n271;18
368.33285918754166	F	n308;23
