TIME	EVENT	NODES
211.18355203059164	O	n59
237.86464344588222	I	n59;1
251.91737397158224	S	n59;1;n131;2;n132;3
264.256074713361	S	n131;2;n159;4;n160;5
264.3308299092272	C	n159;4
276.0266926270763	C	n159;4
279.1801481933748	I	n132;3
281.93529735548816	I	n132;3
283.003644560383	E	n160;5
288.5496408940298	S	n132;3;n189;6;n190;7
297.2325938618031	S	n190;7;n211;8;n212;9
306.18779637717876	E	n189;6
312.8379486029335	I	n212;9
323.451126983794	S	n211;8;n247;10;n248;11
326.9299560409181	S	n248;11;n249;12;n250;13
328.2146319613769	S	n159;4;n253;14;n254;15
334.64198406508626	S	n249;12;n255;16;n256;17
335.92113620132585	S	n254;15;n263;18;n264;19
338.4338878390365	I	n250;13
338.51097831531484	S	n247;10;n269;20;n270;21
339.658731161582	S	n264;19;n271;22;n272;23
345.71198993976384	E	n253;14
345.82090257587765	I	n272;23
349.9257068401725	L	n271;22
351.3681074054671	E	n270;21
351.37042779145395	E	n255;16
356.5243775902817	S	n250;13;n303;24;n304;25
359.43466135079467	S	n269;20;n307;26;n308;27
359.9736256098395	L	n256;17
361.35287650703305	I	n307;26
361.7971077523211	S	n272;23;n309;28;n310;29
364.14479088522387	E	n212;9
364.39265661618424	S	n310;29;n317;30;n318;31
364.49514583717956	S	n304;25;n319;32;n320;33
365.0417268907298	E	n263;18
365.9406802548836	S	n318;31;n329;34;n330;35
367.804498663775	L	n317;30
368.33285918754166	F	n330;35
368.33285918754166	F	n307;26
368.33285918754166	F	n329;34
368.33285918754166	F	n303;24
368.33285918754166	F	n308;27
368.33285918754166	F	n320;33
368.33285918754166	F	n309;28
368.33285918754166	F	n319;32
