TIME	EVENT	NODES
211.3608498517621	O	n61
221.4844260935815	S	n61;1;n89;2;n90;3
225.78399840388084	I	n89;2
226.76537799071846	I	n89;2
231.2895298785254	E	n89;2
255.98331654782672	L	n90;3
