TIME	EVENT	NODES
211.99223781972182	O	n73
212.0814811151844	S	n73;1;n81;2;n82;3
215.19426714998926	S	n82;3;n85;4;n86;5
223.84540259237522	L	n85;4
224.01115539674345	E	n81;2
231.71983670188055	C	n86;5
245.85340359938476	E	n86;5
