TIME	EVENT	NODES
212.2717261758473	O	n81
219.24983959690042	I	n81;1
224.01115539674345	E	n81;1
