TIME	EVENT	NODES
212.5393240654498	O	n48
222.77141579344573	C	n48;1
261.9136653607604	I	n48;1
270.50846597342445	E	n48;1
