TIME	EVENT	NODES
212.57465678026918	O	n75
229.84074322147535	S	n75;1;n103;2;n104;3
240.4400248471713	S	n104;3;n111;4;n112;5
242.8941750001684	S	n103;2;n115;6;n116;7
244.0059300492854	I	n111;4
244.60519874737298	I	n111;4
244.65686309263035	S	n115;6;n117;8;n118;9
245.60380920404123	E	n118;9
246.41896245296667	S	n116;7;n119;10;n120;11
251.3186136772485	S	n120;11;n129;12;n130;13
251.9600984783782	E	n129;12
254.1474396940903	S	n111;4;n135;14;n136;15
254.6017951755659	S	n119;10;n141;16;n142;17
259.19362679088636	S	n130;13;n151;18;n152;19
259.28999588796853	S	n141;16;n153;20;n154;21
261.22944810061085	D	n136;15;n136;22;n136;23
261.5455228136473	E	n152;19
264.2281438484517	C	n136;22
264.2281438484517	C	n136;23
266.1400532075929	E	n151;18
267.6230845290778	E	n154;21
269.9568136455443	E	n136;22
269.9568136455443	E	n136;23
270.0112874837959	C	n142;17
273.9982196760803	I	n153;20
278.4525291252385	E	n112;5
278.8778393829385	E	n117;8
294.27007287477545	S	n153;20;n205;24;n206;25
296.0416557417461	I	n205;24
297.72169964150066	I	n205;24
297.944722411288	S	n135;14;n213;26;n214;27
298.1283204238227	S	n206;25;n215;28;n216;29
299.1473251872138	E	n214;27
301.7496501463424	E	n216;29
305.3065589137974	S	n213;26;n225;30;n226;31
312.1421772672062	E	n142;17
313.7143997426447	I	n225;30
324.2601856628277	E	n226;31
324.7848548775896	E	n225;30
341.5385477573434	S	n215;28;n277;32;n278;33
348.95415832744766	I	n205;24
363.7179365725955	E	n277;32
363.72092949357767	S	n205;24;n313;34;n314;35
368.33285918754166	F	n314;35
368.33285918754166	F	n313;34
368.33285918754166	F	n278;33
