TIME	EVENT	NODES
213.1335719665764	O	n70
228.24094873902266	L	n70;1
