TIME	EVENT	NODES
213.24041544912913	O	n55
235.5334154905684	C	n55;1
238.066136604651	E	n55;1
