TIME	EVENT	NODES
213.5515456188997	O	n78
226.3022639445042	E	n78;1
