TIME	EVENT	NODES
213.63777023162095	O	n48
234.60240576990864	C	n48;1
252.4991259660898	C	n48;1
270.50846597342445	E	n48;1
