TIME	EVENT	NODES
213.64156391879592	O	n48
270.50846597342445	E	n48;1
