TIME	EVENT	NODES
214.51055712662483	O	n81
224.01115539674345	E	n81;1
