TIME	EVENT	NODES
214.6789342355037	O	n68
227.19913436497302	C	n68;1
227.74447505539555	S	n68;1;n99;2;n100;3
227.79180205667913	E	n99;2
240.6015620950032	S	n100;3;n113;4;n114;5
243.68049587321605	I	n114;5
260.0079447944091	E	n114;5
276.06674945851347	E	n113;4
