TIME	EVENT	NODES
214.90890880352785	O	n75
229.84074322147535	S	n75;1;n103;2;n104;3
229.98329132610044	I	n103;2
240.4400248471713	S	n104;3;n111;4;n112;5
242.8941750001684	S	n103;2;n115;6;n116;7
244.65686309263035	S	n115;6;n117;8;n118;9
245.60380920404123	E	n118;9
246.41896245296667	S	n116;7;n119;10;n120;11
251.3186136772485	S	n120;11;n129;12;n130;13
251.9600984783782	E	n129;12
254.1474396940903	S	n111;4;n135;14;n136;15
254.6017951755659	S	n119;10;n141;16;n142;17
256.1435124539199	I	n135;14
258.0057824292718	I	n136;15
259.19362679088636	S	n130;13;n151;18;n152;19
259.28999588796853	S	n141;16;n153;20;n154;21
259.5529133265959	L	n117;8
261.5455228136473	E	n152;19
264.9457851153444	I	n154;21
266.1400532075929	E	n151;18
266.7480001489897	I	n142;17
267.6230845290778	E	n154;21
269.9568136455443	E	n136;15
273.9982196760803	I	n153;20
278.4525291252385	E	n112;5
289.30986827306856	I	n142;17
294.27007287477545	S	n153;20;n205;22;n206;23
294.5209955303295	I	n205;22
296.0416557417461	I	n205;22
297.72169964150066	I	n205;22
297.944722411288	S	n135;14;n213;24;n214;25
298.1283204238227	S	n206;23;n215;26;n216;27
299.1473251872138	E	n214;25
299.8082621871126	I	n215;26
301.7496501463424	E	n216;27
304.3276796402234	T	n205;22;n205;28;n183;29
305.04507240721466	I	n215;26
305.3065589137974	S	n213;24;n225;30;n226;31
309.8600857140285	D	n205;28;n205;32;n205;33
312.1421772672062	E	n142;17
314.19216781787986	I	n215;26
324.2601856628277	E	n226;31
324.28034330107886	C	n205;33
324.7848548775896	E	n225;30
332.24334898496903	I	n183;29
341.5385477573434	S	n215;26;n277;34;n278;35
343.693943649857	I	n277;34
345.71343978456457	C	n183;29
345.8681909845052	I	n277;34
348.95415832744766	I	n205;32
349.00530575206363	E	n183;29
355.3977337512351	I	n278;35
363.7179365725955	E	n277;34
363.72092949357767	S	n205;32;n313;36;n314;37
363.72092949357767	S	n205;33;n313;38;n314;39
368.33285918754166	F	n314;37
368.33285918754166	F	n314;39
368.33285918754166	F	n313;36
368.33285918754166	F	n313;38
368.33285918754166	F	n278;35
