TIME	EVENT	NODES
214.93501733643598	O	n59
233.92316284066058	C	n59;1
251.91737397158224	S	n59;1;n131;2;n132;3
256.7640683845679	L	n131;2
267.45550580696505	I	n132;3
288.15204275991954	I	n132;3
288.5496408940298	S	n132;3;n189;4;n190;5
297.2325938618031	S	n190;5;n211;6;n212;7
306.18779637717876	E	n189;4
319.064558232987	L	n211;6
331.385955287627	I	n212;7
364.14479088522387	E	n212;7
