TIME	EVENT	NODES
215.0400776761919	O	n64
221.43117542078457	I	n64;1
248.88117897606477	E	n64;1
