TIME	EVENT	NODES
215.15438612126022	O	n78
226.3022639445042	E	n78;1
