TIME	EVENT	NODES
215.16872436129316	O	n55
225.16462251662037	C	n55;1
238.066136604651	E	n55;1
