TIME	EVENT	NODES
215.27732087446788	O	n77
217.47844804458055	T	n77;1;n77;2;n48;3
223.5312217625002	C	n77;2
226.08451416191318	E	n77;2
266.22039429507106	I	n48;3
270.50846597342445	E	n48;3
