TIME	EVENT	NODES
215.91208169818916	O	n80
239.01003706129444	S	n80;1;n109;2;n110;3
244.71073753788679	I	n109;2
250.45954434748216	C	n110;3
266.4584557053236	I	n109;2
274.52929042737827	T	n109;2;n109;4;n156;5
280.9346084359787	E	n156;5
285.5609041286253	I	n109;4
287.5951517002605	S	n110;3;n187;6;n188;7
293.1267483817216	S	n188;7;n199;8;n200;9
293.90973519565694	S	n199;8;n203;10;n204;11
294.07914662793326	E	n200;9
300.1192741812321	I	n109;4
302.9151021989462	I	n109;4
304.0435320818028	I	n109;4
305.8053411110323	S	n204;11;n227;12;n228;13
314.0104779853529	S	n227;12;n237;14;n238;15
315.342886568578	E	n109;4
316.5100147570523	I	n228;13
318.9566040063278	S	n203;10;n241;16;n242;17
319.1582509520427	L	n238;15
323.82422672539843	C	n241;16
328.0414879216036	I	n241;16
328.7624769920032	C	n241;16
335.6967060113735	S	n241;16;n261;18;n262;19
339.93593842694605	I	n187;6
339.96246034945096	S	n237;14;n273;20;n274;21
342.14203121606096	I	n187;6
342.27661759005707	I	n242;17
342.3523845263514	S	n228;13;n281;22;n282;23
346.14184622948244	I	n281;22
350.53960376877336	S	n262;19;n293;24;n294;25
355.7899662740194	E	n274;21
356.1164804556257	I	n242;17
356.3119546325315	E	n187;6
359.16454116420584	E	n261;18
365.43190125744275	S	n273;20;n325;26;n326;27
368.33285918754166	F	n293;24
368.33285918754166	F	n242;17
368.33285918754166	F	n282;23
368.33285918754166	F	n325;26
368.33285918754166	F	n281;22
368.33285918754166	F	n326;27
368.33285918754166	F	n294;25
