TIME	EVENT	NODES
215.95478260292518	O	n83
216.27781290793985	E	n83;1
