TIME	EVENT	NODES
215.99571488813316	O	n71
224.87883338170167	E	n71;1
