TIME	EVENT	NODES
216.09308018058653	O	n68
227.74447505539555	S	n68;1;n99;2;n100;3
227.79180205667913	E	n99;2
240.6015620950032	S	n100;3;n113;4;n114;5
243.9261906149839	C	n113;4
253.62429331445696	I	n113;4
254.3916439468856	I	n113;4
259.64450476976594	C	n113;4
260.0079447944091	E	n114;5
260.46706076447066	I	n113;4
274.49496302885063	C	n113;4
276.06674945851347	E	n113;4
