TIME	EVENT	NODES
216.42590401108123	O	n70
233.23079016296543	I	n70;1
256.74972332501403	S	n70;1;n145;2;n146;3
271.592326981351	L	n146;3
275.8505257194636	S	n145;2;n173;4;n174;5
287.20641070490365	T	n174;5;n174;6;n135;7
297.944722411288	S	n135;7;n213;8;n214;9
299.1473251872138	E	n214;9
299.36414260035406	I	n213;8
305.3065589137974	S	n213;8;n225;10;n226;11
314.5087251124538	E	n173;4
316.64521563171144	E	n174;6
324.2601856628277	E	n226;11
324.7848548775896	E	n225;10
