TIME	EVENT	NODES
216.5755463512865	O	n84
231.1831611460716	L	n84;1
