TIME	EVENT	NODES
216.8495730783934	O	n78
226.3022639445042	E	n78;1
