TIME	EVENT	NODES
216.9718334930896	O	n55
222.25865395125277	C	n55;1
238.066136604651	E	n55;1
