TIME	EVENT	NODES
0	O	Root
0.0	S	Root;1;n1;2;n2;3
3.2265121368497676	S	n2;3;n3;4;n4;5
6.0891450189117755	S	n4;5;n5;6;n6;7
6.158391390256887	L	n3;4
7.047907803535392	C	n6;7
12.049627919615546	E	n1;2
12.789982270469217	C	n5;6
41.7308661144652	E	n6;7
55.47305235114726	I	n5;6
57.90250196157762	L	n5;6
