TIME	EVENT	NODES
216.97459478732483	O	n80
239.01003706129444	S	n80;1;n109;2;n110;3
278.15628491319427	I	n109;2
287.5951517002605	S	n110;3;n187;4;n188;5
292.8716871641117	I	n188;5
293.1267483817216	S	n188;5;n199;6;n200;7
293.90973519565694	S	n199;6;n203;8;n204;9
294.07914662793326	E	n200;7
299.86313505814314	I	n109;2
304.69378074654935	I	n203;8
305.8053411110323	S	n204;9;n227;10;n228;11
307.17311820852194	I	n203;8
314.0104779853529	S	n227;10;n237;12;n238;13
315.342886568578	E	n109;2
315.5008402602445	I	n237;12
318.9566040063278	S	n203;8;n241;14;n242;15
320.6507988346614	I	n187;4
321.1602668371669	I	n238;13
321.4058489812759	I	n241;14
324.2709125800465	I	n237;12
328.0414879216036	I	n241;14
329.06641205032196	I	n228;11
331.5651094110081	I	n238;13
335.6967060113735	S	n241;14;n261;16;n262;17
338.6198228862491	C	n187;4
339.96246034945096	S	n237;12;n273;18;n274;19
342.3523845263514	S	n228;11;n281;20;n282;21
345.2669943073621	I	n242;15
350.53960376877336	S	n262;17;n293;22;n294;23
352.32944441421955	I	n282;21
354.46300363139915	L	n282;21
355.7899662740194	E	n274;19
356.3119546325315	E	n187;4
357.9101866825227	I	n261;16
359.16454116420584	E	n261;16
365.43190125744275	S	n273;18;n325;24;n326;25
366.1916889748353	I	n293;22
367.9231586597616	I	n281;20
368.33285918754166	F	n293;22
368.33285918754166	F	n242;15
368.33285918754166	F	n325;24
368.33285918754166	F	n281;20
368.33285918754166	F	n326;25
368.33285918754166	F	n294;23
368.33285918754166	F	n238;13
