TIME	EVENT	NODES
217.1464914684163	O	n55
223.87507037828513	I	n55;1
238.066136604651	E	n55;1
