TIME	EVENT	NODES
217.41085736139468	O	n70
256.74972332501403	S	n70;1;n145;2;n146;3
264.128081826833	I	n145;2
267.1170358778069	L	n146;3
275.8505257194636	S	n145;2;n173;4;n174;5
279.1257725483244	D	n173;4;n173;6;n173;7
297.11998755044004	D	n173;7;n173;8;n173;9
314.5087251124538	E	n173;6
314.5087251124538	E	n173;8
314.5087251124538	E	n173;9
316.64521563171144	E	n174;5
