TIME	EVENT	NODES
217.44479958566478	O	n86
225.40495595714646	I	n86;1
231.71983670188055	C	n86;1
245.85340359938476	E	n86;1
