TIME	EVENT	NODES
217.53103578219566	O	n64
248.88117897606477	E	n64;1
