TIME	EVENT	NODES
217.57159962673882	O	n52
227.7086322008703	S	n52;1;n97;2;n98;3
232.09505500922094	I	n97;2
237.40170014493938	I	n98;3
240.29232213502183	C	n98;3
240.3331960884654	I	n97;2
249.03530572249304	S	n97;2;n123;4;n124;5
252.77141324569288	I	n123;4
254.59397657947247	S	n123;4;n139;6;n140;7
255.08922900163986	E	n139;6
256.53648627368875	C	n124;5
258.8150958922131	S	n124;5;n149;8;n150;9
260.4932364322413	T	n98;3;n98;10;n90;11
269.6656615679933	D	n98;10;n98;12;n98;13
270.6336862936536	I	n90;11
271.7170818175748	I	n90;11
275.3394929136777	E	n140;7
280.88338111280893	E	n90;11
283.3807173331055	C	n98;13
293.4401227103343	E	n150;9
297.82959460464184	E	n98;13
297.82959460464184	E	n98;12
313.2735372024965	E	n149;8
