TIME	EVENT	NODES
217.6404869745627	O	n77
226.08451416191318	E	n77;1
