TIME	EVENT	NODES
218.18504807642495	O	n61
221.10563674500833	L	n61;1
