TIME	EVENT	NODES
218.7685918310541	O	n80
239.01003706129444	S	n80;1;n109;2;n110;3
241.26512815375455	I	n110;3
251.98431050961514	I	n110;3
278.5131849556162	I	n109;2
287.5951517002605	S	n110;3;n187;4;n188;5
293.1267483817216	S	n188;5;n199;6;n200;7
293.79372863948385	C	n109;2
293.90973519565694	S	n199;6;n203;8;n204;9
294.07914662793326	E	n200;7
297.7488223928275	C	n109;2
300.1192741812321	I	n109;2
305.8053411110323	S	n204;9;n227;10;n228;11
312.5260847462671	I	n187;4
314.0104779853529	S	n227;10;n237;12;n238;13
315.342886568578	E	n109;2
316.8093160848777	I	n237;12
318.9566040063278	S	n203;8;n241;14;n242;15
329.43077974701396	L	n228;11
329.43077974701396	T	n237;12;n237;16;n228;17
333.7474312178079	I	n228;17
335.4742970617666	I	n242;15
335.6967060113735	S	n241;14;n261;18;n262;19
339.96246034945096	S	n237;16;n273;20;n274;21
342.3523845263514	S	n228;17;n281;22;n282;23
350.53960376877336	S	n262;19;n293;24;n294;25
351.1320485237536	I	n281;22
354.3594229455014	I	n273;20
355.7899662740194	E	n274;21
356.3119546325315	E	n187;4
359.16454116420584	E	n261;18
365.43190125744275	S	n273;20;n325;26;n326;27
368.33285918754166	F	n293;24
368.33285918754166	F	n242;15
368.33285918754166	F	n282;23
368.33285918754166	F	n325;26
368.33285918754166	F	n281;22
368.33285918754166	F	n326;27
368.33285918754166	F	n294;25
368.33285918754166	F	n238;13
