TIME	EVENT	NODES
219.0044160948061	O	n55
222.66089238721065	I	n55;1
238.066136604651	E	n55;1
