TIME	EVENT	NODES
219.0866446069744	O	n78
226.3022639445042	E	n78;1
