TIME	EVENT	NODES
219.17549420078507	O	n55
238.066136604651	E	n55;1
