TIME	EVENT	NODES
219.3660930475973	O	n72
254.31869674795763	S	n72;1;n137;2;n138;3
262.48313050699846	S	n137;2;n155;4;n156;5
268.08312347105647	S	n138;3;n163;6;n164;7
276.0926722952685	I	n156;5
277.8106349986983	E	n163;6
279.3689247604448	E	n164;7
280.9346084359787	E	n156;5
302.77518792485097	S	n155;4;n221;8;n222;9
313.50681441418055	L	n222;9
340.11353634385534	I	n221;8
368.33285918754166	F	n221;8
