TIME	EVENT	NODES
219.41461801328077	O	n52
227.7086322008703	S	n52;1;n97;2;n98;3
231.68911564962357	I	n98;3
249.03530572249304	S	n97;2;n123;4;n124;5
254.59397657947247	S	n123;4;n139;6;n140;7
255.08922900163986	E	n139;6
258.8150958922131	S	n124;5;n149;8;n150;9
271.4363279207495	L	n150;9
271.4363279207495	T	n140;7;n140;10;n150;11
275.3394929136777	E	n140;10
289.9290003295828	D	n149;8;n149;12;n149;13
291.2813175768025	I	n149;12
293.4401227103343	E	n150;11
297.82959460464184	E	n98;3
298.4112472058891	I	n149;12
298.4112472058891	I	n149;13
313.2735372024965	E	n149;13
313.2735372024965	E	n149;12
