TIME	EVENT	NODES
219.79741754379995	O	n70
246.9839860817005	I	n70;1
255.04933622126458	I	n70;1
256.74972332501403	S	n70;1;n145;2;n146;3
260.56934965996527	I	n145;2
261.02346146683345	I	n146;3
261.52329363353203	I	n146;3
266.4561806482662	C	n146;3
275.0960935428681	S	n146;3;n169;4;n170;5
275.8505257194636	S	n145;2;n173;6;n174;7
276.778106847264	S	n169;4;n177;8;n178;9
284.5071949888546	I	n177;8
287.082952721522	I	n173;6
288.82372491484597	I	n173;6
289.7660671719976	S	n177;8;n191;10;n192;11
291.4100309813239	L	n178;9
292.37117248442786	I	n174;7
292.56408620681617	S	n191;10;n197;12;n198;13
297.88510067996623	E	n197;12
298.7158569487639	I	n174;7
309.21205838172443	S	n198;13;n231;14;n232;15
314.5087251124538	E	n173;6
316.27600896896894	E	n192;11
316.64521563171144	E	n174;7
317.30612004847615	S	n232;15;n239;16;n240;17
318.4266902529348	D	n240;17;n240;18;n240;19
335.14844581859495	S	n231;14;n259;20;n260;21
337.6038392267998	I	n239;16
347.92101753801643	I	n240;18
347.92101753801643	I	n240;19
348.6720819320871	E	n240;19
348.6720819320871	E	n240;18
348.7564267084988	E	n259;20
364.2938925195476	I	n260;21
365.3354294195512	E	n260;21
365.6675909654996	S	n239;16;n327;22;n328;23
368.33285918754166	F	n327;22
368.33285918754166	F	n328;23
368.33285918754166	F	n170;5
