TIME	EVENT	NODES
220.23375008182867	O	n55
238.066136604651	E	n55;1
