TIME	EVENT	NODES
220.27884246136367	O	n78
226.3022639445042	E	n78;1
