TIME	EVENT	NODES
220.66135058882722	O	n86
241.46936216540882	I	n86;1
245.85340359938476	E	n86;1
