TIME	EVENT	NODES
220.7158151715503	O	n81
224.01115539674345	E	n81;1
