TIME	EVENT	NODES
0	O	Root
0.0	S	Root;1;n1;2;n2;3
3.2265121368497676	S	n2;3;n3;4;n4;5
6.0891450189117755	S	n4;5;n5;6;n6;7
12.049627919615546	E	n1;2
14.282104596453381	I	n5;6
15.656317957714279	C	n3;4
16.448387103847462	I	n5;6
19.068627454665474	I	n3;4
30.337553612540763	S	n3;4;n7;8;n8;9
41.7308661144652	E	n6;7
46.478728420132114	S	n8;9;n9;10;n10;11
48.016655784732585	C	n9;10
50.35913353235839	L	n7;8
50.35913353235839	T	n10;11;n10;12;n7;13
59.01129410417656	I	n10;12
61.63156114550586	I	n9;10
62.758110374317866	L	n5;6
63.18118723173769	I	n9;10
67.25011766121754	L	n10;12
80.146906112752	L	n9;10
94.72868421379155	I	n7;13
152.63308264867726	S	n7;13;n33;14;n34;15
161.76312837056952	L	n34;15
163.24509993371922	I	n33;14
165.2249719103747	E	n33;14
