TIME	EVENT	NODES
220.7932786815807	O	n86
245.85340359938476	E	n86;1
