TIME	EVENT	NODES
220.9533340762346	O	n78
226.3022639445042	E	n78;1
