TIME	EVENT	NODES
221.0320352810761	O	n61
221.4844260935815	S	n61;1;n89;2;n90;3
221.56011698975826	D	n90;3;n90;4;n90;5
231.2895298785254	E	n89;2
280.88338111280893	E	n90;4
280.88338111280893	E	n90;5
