TIME	EVENT	NODES
221.0629522858345	O	n48
270.50846597342445	E	n48;1
