TIME	EVENT	NODES
221.55527340499907	O	n84
236.8169657606345	S	n84;1;n107;2;n108;3
238.68091000483625	D	n108;3;n108;4;n108;5
249.10861886800265	S	n108;4;n125;6;n126;7
249.10861886800265	S	n108;5;n125;8;n126;9
251.81246441552287	L	n126;7
253.2833172939678	L	n125;6
256.96114287753085	S	n126;9;n147;10;n148;11
262.43014142332055	E	n148;11
263.5991082179836	I	n107;2
266.80294771333917	S	n107;2;n161;12;n162;13
267.47271868733907	I	n147;10
275.11850929823515	S	n125;8;n171;14;n172;15
277.04604187489826	E	n161;12
283.3629310829571	S	n147;10;n183;16;n184;17
284.85336232253206	C	n162;13
285.68173638826136	T	n184;17;n184;18;n132;19
285.9456044299885	S	n162;13;n185;20;n186;21
286.30748837225246	I	n132;19
288.5496408940298	S	n132;19;n189;22;n190;23
290.46816579382187	I	n189;22
292.01152244219134	S	n186;21;n195;24;n196;25
293.6183387782659	E	n184;18
294.1998026308451	E	n171;14
295.89952062416455	I	n172;15
296.7804733096652	S	n196;25;n207;26;n208;27
297.2325938618031	S	n190;23;n211;28;n212;29
297.77429733878824	E	n208;27
298.5182981782411	E	n207;26
300.96404423612506	I	n183;16
301.5187902891868	E	n195;24
306.18779637717876	E	n189;22
306.7118637562414	E	n185;20
314.7251623724045	D	n172;15;n172;30;n172;31
315.41472492191235	E	n172;30
315.41472492191235	E	n172;31
323.451126983794	S	n211;28;n247;32;n248;33
326.9299560409181	S	n248;33;n249;34;n250;35
330.397948376878	I	n247;32
333.36913051864144	D	n249;34;n249;36;n249;37
334.64198406508626	S	n249;36;n255;38;n256;39
334.64198406508626	S	n249;37;n255;40;n256;41
338.51097831531484	S	n247;32;n269;42;n270;43
349.00530575206363	E	n183;16
351.3681074054671	E	n270;43
351.37042779145395	E	n255;38
351.37042779145395	E	n255;40
352.46963170138065	L	n212;29
356.5243775902817	S	n250;35;n303;44;n304;45
359.43466135079467	S	n269;42;n307;46;n308;47
364.49514583717956	S	n304;45;n319;48;n320;49
365.0168302374957	S	n256;39;n323;50;n324;51
365.0168302374957	S	n256;41;n323;52;n324;53
368.1525611161385	S	n324;51;n331;54;n332;55
368.1525611161385	S	n324;53;n331;56;n332;57
368.33285918754166	F	n307;46
368.33285918754166	F	n303;44
368.33285918754166	F	n308;47
368.33285918754166	F	n331;54
368.33285918754166	F	n331;56
368.33285918754166	F	n323;50
368.33285918754166	F	n323;52
368.33285918754166	F	n320;49
368.33285918754166	F	n332;55
368.33285918754166	F	n332;57
368.33285918754166	F	n319;48
