TIME	EVENT	NODES
221.92839676051275	O	n77
226.08451416191318	E	n77;1
