TIME	EVENT	NODES
222.13993913214077	O	n84
225.81042171443931	I	n84;1
236.8169657606345	S	n84;1;n107;2;n108;3
245.57431276765647	I	n108;3
249.10861886800265	S	n108;3;n125;4;n126;5
255.6101984632116	I	n126;5
256.96114287753085	S	n126;5;n147;6;n148;7
262.43014142332055	E	n148;7
266.80294771333917	S	n107;2;n161;8;n162;9
275.11850929823515	S	n125;4;n171;10;n172;11
276.2148008448344	I	n171;10
277.04604187489826	E	n161;8
280.9549340306134	T	n172;11;n172;12;n142;13
283.3629310829571	S	n147;6;n183;14;n184;15
285.9456044299885	S	n162;9;n185;16;n186;17
289.24119983184767	I	n172;12
292.01152244219134	S	n186;17;n195;18;n196;19
292.23503915276	I	n172;12
293.6183387782659	E	n184;15
294.1998026308451	E	n171;10
296.7804733096652	S	n196;19;n207;20;n208;21
297.10807759050766	I	n208;21
297.77429733878824	E	n208;21
298.0855428401903	I	n195;18
298.5182981782411	E	n207;20
301.5187902891868	E	n195;18
303.521232254705	I	n185;16
305.96941755862446	L	n142;13
306.7118637562414	E	n185;16
311.899174546639	I	n172;12
315.41472492191235	E	n172;12
319.42834103291585	I	n183;14
349.00530575206363	E	n183;14
