TIME	EVENT	NODES
222.25941071318928	O	n48
236.9039142429104	L	n48;1
