TIME	EVENT	NODES
222.3128371774664	O	n48
259.4641773296545	C	n48;1
270.50846597342445	E	n48;1
