TIME	EVENT	NODES
222.46400170512828	O	n89
225.51583358470376	I	n89;1
231.2895298785254	E	n89;1
