TIME	EVENT	NODES
222.53039637616882	O	n87
224.42074098395472	S	n87;1;n93;2;n94;3
232.2598634713699	E	n94;3
233.86037976084268	I	n93;2
250.89633029579954	I	n93;2
263.1946935408616	S	n93;2;n157;4;n158;5
271.0359830191678	S	n158;5;n165;6;n166;7
281.12768131578406	I	n165;6
281.86281336619095	S	n157;4;n181;8;n182;9
287.7431072865575	I	n165;6
288.5250899997014	I	n182;9
297.3759122122873	E	n182;9
298.75817875114416	L	n166;7
300.66408360617874	S	n165;6;n217;10;n218;11
301.39480262224913	S	n217;10;n219;12;n220;13
309.22719658015154	E	n220;13
314.9872000914807	I	n219;12
322.23550031039156	S	n219;12;n243;14;n244;15
325.0390220875378	I	n244;15
326.9191915703628	E	n181;8
327.1046107185982	E	n218;11
336.27194991669535	S	n243;14;n265;16;n266;17
337.9466629699342	E	n266;17
357.83898267386695	E	n265;16
368.33285918754166	F	n244;15
