TIME	EVENT	NODES
222.56434678351508	O	n86
245.85340359938476	E	n86;1
