TIME	EVENT	NODES
222.59748924544587	O	n71
224.87883338170167	E	n71;1
