TIME	EVENT	NODES
222.7370471584861	O	n48
231.5628257408407	I	n48;1
270.50846597342445	E	n48;1
