TIME	EVENT	NODES
222.8248214634928	O	n55
238.066136604651	E	n55;1
