TIME	EVENT	NODES
222.91502510352905	O	n81
224.01115539674345	E	n81;1
