TIME	EVENT	NODES
222.93287586553532	O	n86
244.13071833018256	I	n86;1
245.85340359938476	E	n86;1
