TIME	EVENT	NODES
223.49221767523588	O	n88
224.35629001663995	I	n88;1
232.8439288366906	E	n88;1
