TIME	EVENT	NODES
223.62703013266056	O	n48
231.5628257408407	I	n48;1
235.32293150109476	C	n48;1
261.9136653607604	I	n48;1
266.23342361248103	D	n48;1;n48;2;n48;3
270.50846597342445	E	n48;2
270.50846597342445	E	n48;3
