TIME	EVENT	NODES
223.63504463276632	O	n77
226.08451416191318	E	n77;1
