TIME	EVENT	NODES
223.91395591552907	O	n78
226.3022639445042	E	n78;1
