TIME	EVENT	NODES
224.37714033886394	O	n89
231.2895298785254	E	n89;1
