TIME	EVENT	NODES
224.42766376866126	O	n59
251.91737397158224	S	n59;1;n131;2;n132;3
264.256074713361	S	n131;2;n159;4;n160;5
282.70585986369395	I	n159;4
283.003644560383	E	n160;5
288.5496408940298	S	n132;3;n189;6;n190;7
297.2325938618031	S	n190;7;n211;8;n212;9
306.18779637717876	E	n189;6
323.451126983794	S	n211;8;n247;10;n248;11
325.0183693183633	D	n212;9;n212;12;n212;13
326.9299560409181	S	n248;11;n249;14;n250;15
328.2146319613769	S	n159;4;n253;16;n254;17
334.64198406508626	S	n249;14;n255;18;n256;19
335.92113620132585	S	n254;17;n263;20;n264;21
338.51097831531484	S	n247;10;n269;22;n270;23
339.658731161582	S	n264;21;n271;24;n272;25
340.1364436944464	I	n263;20
340.44890538634314	I	n270;23
343.2947920528147	I	n250;15
345.71198993976384	E	n253;16
348.1389951652018	I	n250;15
351.3681074054671	E	n270;23
351.37042779145395	E	n255;18
356.5243775902817	S	n250;15;n303;26;n304;27
359.43466135079467	S	n269;22;n307;28;n308;29
359.53654360759737	T	n256;19;n256;30;n277;31
360.76096668995973	L	n303;26
360.76096668995973	T	n272;25;n272;32;n303;33
361.7971077523211	S	n272;32;n309;34;n310;35
363.7179365725955	E	n277;31
364.14479088522387	E	n212;12
364.14479088522387	E	n212;13
364.39265661618424	S	n310;35;n317;36;n318;37
364.49514583717956	S	n304;27;n319;38;n320;39
365.0168302374957	S	n256;30;n323;40;n324;41
365.0417268907298	E	n263;20
365.9406802548836	S	n318;37;n329;42;n330;43
366.4590804996729	I	n323;40
368.1525611161385	S	n324;41;n331;44;n332;45
368.33285918754166	F	n330;43
368.33285918754166	F	n307;28
368.33285918754166	F	n329;42
368.33285918754166	F	n303;33
368.33285918754166	F	n271;24
368.33285918754166	F	n308;29
368.33285918754166	F	n331;44
368.33285918754166	F	n323;40
368.33285918754166	F	n320;39
368.33285918754166	F	n332;45
368.33285918754166	F	n317;36
368.33285918754166	F	n309;34
368.33285918754166	F	n319;38
