TIME	EVENT	NODES
224.87626703407707	O	n88
232.8439288366906	E	n88;1
