TIME	EVENT	NODES
224.89589394396486	O	n85
229.79413206743286	S	n85;1;n101;2;n102;3
230.22500167846212	E	n101;2
253.10530453682208	S	n102;3;n133;4;n134;5
253.33136835321068	L	n133;4
254.85733682858677	S	n134;5;n143;6;n144;7
274.68520477779253	E	n143;6
276.551795131478	S	n144;7;n175;8;n176;9
278.88378762181384	D	n175;8;n175;10;n175;11
279.17057940421654	T	n176;9;n176;12;n135;13
284.2397329173028	I	n175;10
284.2397329173028	I	n175;11
285.76396366295205	E	n176;12
288.2373628162395	I	n135;13
295.29102773422574	I	n135;13
296.4430408222861	E	n175;11
296.4430408222861	E	n175;10
297.944722411288	S	n135;13;n213;14;n214;15
299.1473251872138	E	n214;15
303.1142375070021	I	n213;14
305.3065589137974	S	n213;14;n225;16;n226;17
324.2601856628277	E	n226;17
324.7848548775896	E	n225;16
