TIME	EVENT	NODES
225.163408675564	O	n90
241.7564372103211	I	n90;1
280.88338111280893	E	n90;1
