TIME	EVENT	NODES
225.2130741778635	O	n93
244.92813533992077	I	n93;1
263.1946935408616	S	n93;1;n157;2;n158;3
271.0359830191678	S	n158;3;n165;4;n166;5
272.3113573438799	C	n157;2
281.86281336619095	S	n157;2;n181;6;n182;7
294.8524553196011	I	n182;7
297.3759122122873	E	n182;7
300.66408360617874	S	n165;4;n217;8;n218;9
301.39480262224913	S	n217;8;n219;10;n220;11
303.4011533498921	I	n219;10
305.21092995602845	T	n220;11;n220;12;n211;13
309.22719658015154	E	n220;12
310.41358575769965	L	n218;9
310.41358575769965	T	n219;10;n219;14;n218;15
314.58434649342047	L	n181;6
322.23550031039156	S	n219;14;n243;16;n244;17
323.451126983794	S	n211;13;n247;18;n248;19
325.266885001298	T	n218;15;n218;20;n231;21
325.62016585225894	E	n166;5
326.9299560409181	S	n248;19;n249;22;n250;23
327.1046107185982	E	n218;20
332.70363840083087	I	n250;23
334.64198406508626	S	n249;22;n255;24;n256;25
335.14844581859495	S	n231;21;n259;26;n260;27
336.27194991669535	S	n243;16;n265;28;n266;29
337.9466629699342	E	n266;29
338.51097831531484	S	n247;18;n269;30;n270;31
348.35723919725075	C	n259;26
348.7564267084988	E	n259;26
350.4288297155332	L	n256;25
351.3681074054671	E	n270;31
351.37042779145395	E	n255;24
356.5243775902817	S	n250;23;n303;32;n304;33
357.83898267386695	E	n265;28
359.43466135079467	S	n269;30;n307;34;n308;35
364.2938925195476	I	n260;27
364.49514583717956	S	n304;33;n319;36;n320;37
365.3354294195512	E	n260;27
368.31173552748834	I	n307;34
368.33285918754166	F	n307;34
368.33285918754166	F	n303;32
368.33285918754166	F	n308;35
368.33285918754166	F	n244;17
368.33285918754166	F	n320;37
368.33285918754166	F	n319;36
