TIME	EVENT	NODES
225.30968822147062	O	n93
239.29345289784575	C	n93;1
241.90292831290773	C	n93;1
260.3299175980242	I	n93;1
263.1946935408616	S	n93;1;n157;2;n158;3
271.0359830191678	S	n158;3;n165;4;n166;5
272.73191204617194	C	n165;4
279.8373989289696	I	n165;4
281.86281336619095	S	n157;2;n181;6;n182;7
282.785852448243	I	n165;4
294.8524553196011	I	n182;7
297.3759122122873	E	n182;7
300.66408360617874	S	n165;4;n217;8;n218;9
301.39480262224913	S	n217;8;n219;10;n220;11
309.22719658015154	E	n220;11
310.95089261530495	I	n219;10
322.23550031039156	S	n219;10;n243;12;n244;13
324.3558254127082	C	n181;6
324.79084015084544	L	n218;9
325.62016585225894	E	n166;5
326.9191915703628	E	n181;6
336.27194991669535	S	n243;12;n265;14;n266;15
337.9466629699342	E	n266;15
344.3258027349214	T	n244;13;n244;16;n284;17
353.2274467652559	S	n284;17;n297;18;n298;19
353.5025980775264	I	n298;19
357.83898267386695	E	n265;14
368.33285918754166	F	n244;16
368.33285918754166	F	n297;18
368.33285918754166	F	n298;19
