TIME	EVENT	NODES
225.4108663520128	O	n48
270.50846597342445	E	n48;1
