TIME	EVENT	NODES
225.54113437708776	O	n94
232.2598634713699	E	n94;1
