TIME	EVENT	NODES
225.67271861593872	O	n78
226.3022639445042	E	n78;1
