TIME	EVENT	NODES
225.7190896422269	O	n77
226.08451416191318	E	n77;1
