TIME	EVENT	NODES
225.7596932449317	O	n72
229.3091847872259	I	n72;1
235.6703106220646	I	n72;1
247.2875698036164	I	n72;1
247.80185379940437	D	n72;1;n72;2;n72;3
254.31869674795763	S	n72;2;n137;4;n138;5
254.31869674795763	S	n72;3;n137;6;n138;7
262.48313050699846	S	n137;4;n155;8;n156;9
262.48313050699846	S	n137;6;n155;10;n156;11
268.08312347105647	S	n138;5;n163;12;n164;13
268.08312347105647	S	n138;7;n163;14;n164;15
273.9327740470074	T	n164;13;n164;16;n149;17
277.8106349986983	E	n163;12
277.8106349986983	E	n163;14
279.3689247604448	E	n164;16
279.3689247604448	E	n164;15
279.47066366622084	D	n156;11;n156;18;n156;19
280.9346084359787	E	n156;9
280.9346084359787	E	n156;18
280.9346084359787	E	n156;19
301.7492564653185	C	n149;17
302.77518792485097	S	n155;8;n221;20;n222;21
302.77518792485097	S	n155;10;n221;22;n222;23
313.2735372024965	E	n149;17
314.3193370741534	E	n222;21
314.3193370741534	E	n222;23
347.37719299191053	T	n221;20;n221;24;n271;25
368.33285918754166	F	n271;25
368.33285918754166	F	n221;24
368.33285918754166	F	n221;22
