TIME	EVENT	NODES
225.77643605412138	O	n70
256.74972332501403	S	n70;1;n145;2;n146;3
273.04003571511646	C	n145;2
275.0960935428681	S	n146;3;n169;4;n170;5
275.8505257194636	S	n145;2;n173;6;n174;7
276.778106847264	S	n169;4;n177;8;n178;9
279.7501214445575	I	n177;8
289.5110000219884	I	n178;9
289.7660671719976	S	n177;8;n191;10;n192;11
290.9947179788348	I	n191;10
292.56408620681617	S	n191;10;n197;12;n198;13
293.2739052785528	I	n170;5
295.7101501024865	E	n178;9
297.88510067996623	E	n197;12
299.62903957225785	C	n198;13
309.21205838172443	S	n198;13;n231;14;n232;15
314.5087251124538	E	n173;6
316.27600896896894	E	n192;11
316.64521563171144	E	n174;7
317.30612004847615	S	n232;15;n239;16;n240;17
325.60537040462407	T	n239;16;n239;18;n215;19
332.8168062044277	T	n215;19;n215;20;n250;21
333.90408419039477	C	n170;5
335.14844581859495	S	n231;14;n259;22;n260;23
337.6038392267998	I	n239;18
339.17828754879304	I	n250;21
341.5385477573434	S	n215;20;n277;24;n278;25
347.92101753801643	I	n240;17
348.35723919725075	C	n259;22
348.6720819320871	E	n240;17
348.7564267084988	E	n259;22
356.5243775902817	S	n250;21;n303;26;n304;27
360.904866670917	I	n170;5
363.7179365725955	E	n277;24
364.2938925195476	I	n260;23
364.49514583717956	S	n304;27;n319;28;n320;29
365.3354294195512	E	n260;23
365.6675909654996	S	n239;18;n327;30;n328;31
368.33285918754166	F	n303;26
368.33285918754166	F	n327;30
368.33285918754166	F	n328;31
368.33285918754166	F	n320;29
368.33285918754166	F	n170;5
368.33285918754166	F	n319;28
368.33285918754166	F	n278;25
