TIME	EVENT	NODES
225.99696129997417	O	n90
233.47846901036883	I	n90;1
255.61711198852078	I	n90;1
280.88338111280893	E	n90;1
