TIME	EVENT	NODES
226.07898398808481	O	n89
231.2895298785254	E	n89;1
