TIME	EVENT	NODES
226.18201519881595	O	n48
270.50846597342445	E	n48;1
