TIME	EVENT	NODES
226.23008110423157	O	n93
244.92813533992077	I	n93;1
263.1946935408616	S	n93;1;n157;2;n158;3
271.0359830191678	S	n158;3;n165;4;n166;5
272.3113573438799	C	n157;2
281.0016504029261	T	n157;2;n157;6;n135;7
281.86281336619095	S	n157;6;n181;8;n182;9
292.7221706017468	L	n135;7
294.8524553196011	I	n182;9
297.3759122122873	E	n182;9
297.8643469407583	C	n166;5
300.66408360617874	S	n165;4;n217;10;n218;11
301.39480262224913	S	n217;10;n219;12;n220;13
303.4011533498921	I	n219;12
309.22719658015154	E	n220;13
319.9722480976238	I	n166;5
322.23550031039156	S	n219;12;n243;14;n244;15
324.3558254127082	C	n181;8
325.62016585225894	E	n166;5
326.9191915703628	E	n181;8
327.1046107185982	E	n218;11
336.27194991669535	S	n243;14;n265;16;n266;17
337.9466629699342	E	n266;17
357.83898267386695	E	n265;16
368.33285918754166	F	n244;15
