TIME	EVENT	NODES
226.32747577271016	O	n85
229.79413206743286	S	n85;1;n101;2;n102;3
230.22500167846212	E	n101;2
241.49459713425293	C	n102;3
253.10530453682208	S	n102;3;n133;4;n134;5
254.85733682858677	S	n134;5;n143;6;n144;7
274.68520477779253	E	n143;6
276.551795131478	S	n144;7;n175;8;n176;9
285.76396366295205	E	n176;9
290.4363268478046	S	n133;4;n193;10;n194;11
293.18492018090353	I	n194;11
293.7435034402751	C	n194;11
293.87416262241237	S	n194;11;n201;12;n202;13
295.38075507542175	I	n202;13
296.4430408222861	E	n175;8
297.20756264263844	S	n193;10;n209;14;n210;15
299.1479168374054	I	n210;15
299.5565694944934	I	n201;12
303.4377349768546	S	n209;14;n223;16;n224;17
304.529547669144	L	n223;16
305.00051910065554	I	n201;12
305.99025340734033	E	n202;13
307.88032930517045	S	n210;15;n229;18;n230;19
310.74626732789005	S	n224;17;n233;20;n234;21
312.06673550701987	S	n201;12;n235;22;n236;23
315.2124690449701	I	n236;23
321.78135305229097	E	n235;22
322.6630115581117	S	n233;20;n245;24;n246;25
331.02825248126715	E	n236;23
332.79716414467794	C	n230;19
333.855436393934	I	n230;19
337.10932653973396	S	n229;18;n267;26;n268;27
338.89935941368094	E	n245;24
339.4385180829833	L	n267;26
339.7425043541759	L	n268;27
340.69539970567195	I	n234;21
341.11177427463167	S	n246;25;n275;28;n276;29
343.5202535331664	D	n234;21;n234;30;n234;31
348.7700363029201	S	n275;28;n291;32;n292;33
348.98673048034794	C	n292;33
349.7282656020459	D	n292;33;n292;34;n292;35
350.6247674253394	S	n276;29;n295;36;n296;37
354.9653061578686	L	n296;37
355.0583586205711	S	n292;34;n299;38;n300;39
355.0583586205711	S	n292;35;n299;40;n300;41
355.8778505990836	S	n295;36;n301;42;n302;43
357.1757291726746	S	n301;42;n305;44;n306;45
358.71298866160834	I	n291;32
360.66748199542366	E	n306;45
364.0086300239402	S	n305;44;n315;46;n316;47
364.8824680743981	S	n302;43;n321;48;n322;49
368.33285918754166	F	n316;47
368.33285918754166	F	n230;19
368.33285918754166	F	n322;49
368.33285918754166	F	n291;32
368.33285918754166	F	n300;39
368.33285918754166	F	n300;41
368.33285918754166	F	n299;38
368.33285918754166	F	n299;40
368.33285918754166	F	n234;30
368.33285918754166	F	n234;31
368.33285918754166	F	n321;48
368.33285918754166	F	n315;46
