TIME	EVENT	NODES
226.52498459065126	O	n91
227.54637249049256	E	n91;1
