TIME	EVENT	NODES
226.60352464234444	O	n86
245.85340359938476	E	n86;1
