TIME	EVENT	NODES
226.7622501943917	O	n91
227.54637249049256	E	n91;1
