TIME	EVENT	NODES
226.83840566474197	O	n92
245.35168670642778	C	n92;1
251.1517682979901	S	n92;1;n127;2;n128;3
251.5390235914055	E	n128;3
252.87678478256842	E	n127;2
