TIME	EVENT	NODES
226.9078245681035	O	n89
231.2895298785254	E	n89;1
