TIME	EVENT	NODES
227.1745164601327	O	n48
242.14346649945742	T	n48;1;n48;2;n114;3
255.53128180212184	I	n48;2
260.0079447944091	E	n114;3
270.50846597342445	E	n48;2
