TIME	EVENT	NODES
227.17538458407557	O	n95
227.4301669659656	I	n95;1
258.69917742744155	I	n95;1
271.5541373875477	S	n95;1;n167;2;n168;3
271.5764338792627	I	n168;3
274.96562275199665	C	n168;3
278.37777927242377	S	n168;3;n179;4;n180;5
278.6214938342557	E	n167;2
282.56958360049487	E	n179;4
292.321064504694	E	n180;5
