TIME	EVENT	NODES
227.18415467512298	O	n72
234.38696851718618	T	n72;1;n72;2;n90;3
254.31869674795763	S	n72;2;n137;4;n138;5
262.48313050699846	S	n137;4;n155;6;n156;7
265.90936845309363	I	n90;3
268.08312347105647	S	n138;5;n163;8;n164;9
269.06826648772415	L	n164;9
269.8419514977223	C	n155;6
277.8106349986983	E	n163;8
280.88338111280893	E	n90;3
280.9346084359787	E	n156;7
285.9724102996077	I	n155;6
293.5591420695655	C	n155;6
295.5206598100208	L	n155;6
