TIME	EVENT	NODES
227.4010843934309	O	n70
256.74972332501403	S	n70;1;n145;2;n146;3
275.0960935428681	S	n146;3;n169;4;n170;5
275.8505257194636	S	n145;2;n173;6;n174;7
275.96678190863184	I	n174;7
276.778106847264	S	n169;4;n177;8;n178;9
279.7501214445575	I	n177;8
281.6980532562546	I	n173;6
285.6102080213164	C	n173;6
289.7660671719976	S	n177;8;n191;10;n192;11
289.91385598608866	D	n192;11;n192;12;n192;13
292.56408620681617	S	n191;10;n197;14;n198;15
293.9148645197091	I	n174;7
295.7101501024865	E	n178;9
297.88510067996623	E	n197;14
309.21205838172443	S	n198;15;n231;16;n232;17
313.3883046775135	T	n231;16;n231;18;n221;19
314.5087251124538	E	n173;6
314.69193747320884	I	n221;19
316.21822299258633	I	n192;12
316.21822299258633	I	n192;13
316.27600896896894	E	n192;13
316.27600896896894	E	n192;12
316.64521563171144	E	n174;7
317.30612004847615	S	n232;17;n239;20;n240;21
319.1906503502559	I	n170;5
330.1742451742228	C	n221;19
334.16408288227046	I	n231;18
335.14844581859495	S	n231;18;n259;22;n260;23
341.57032705675294	I	n260;23
345.6864478553234	I	n240;21
346.4200038816308	I	n240;21
346.628520298055	I	n239;20
348.6720819320871	E	n240;21
348.7564267084988	E	n259;22
348.7954131736536	L	n170;5
350.85463190186096	I	n221;19
365.3354294195512	E	n260;23
365.6675909654996	S	n239;20;n327;24;n328;25
368.33285918754166	F	n327;24
368.33285918754166	F	n328;25
368.33285918754166	F	n221;19
