TIME	EVENT	NODES
227.43834880037235	O	n93
253.54691924446132	I	n93;1
263.1946935408616	S	n93;1;n157;2;n158;3
271.0359830191678	S	n158;3;n165;4;n166;5
276.5471977057935	I	n165;4
281.86281336619095	S	n157;2;n181;6;n182;7
290.33249324894035	C	n182;7
297.3759122122873	E	n182;7
299.65035807056864	L	n166;5
300.66408360617874	S	n165;4;n217;8;n218;9
301.39480262224913	S	n217;8;n219;10;n220;11
305.728733924016	I	n220;11
308.3990299196184	I	n220;11
309.22719658015154	E	n220;11
310.2506138728451	C	n219;10
311.5363278864613	T	n219;10;n219;12;n172;13
313.31681944729553	I	n218;9
315.41472492191235	E	n172;13
322.23550031039156	S	n219;12;n243;14;n244;15
326.9191915703628	E	n181;6
327.1046107185982	E	n218;9
336.27194991669535	S	n243;14;n265;16;n266;17
337.9466629699342	E	n266;17
357.83898267386695	E	n265;16
368.33285918754166	F	n244;15
