TIME	EVENT	NODES
227.54989704572722	O	n96
233.55443944646427	S	n96;1;n105;2;n106;3
247.89276809742267	S	n106;3;n121;4;n122;5
250.6055744959858	C	n105;2
256.33398135815185	D	n122;5;n122;6;n122;7
260.38207918077933	I	n122;6
260.38207918077933	I	n122;7
261.6291738439399	E	n121;4
273.5864034493894	E	n122;7
273.5864034493894	E	n122;6
287.2898658895813	E	n105;2
