TIME	EVENT	NODES
227.60709646851487	O	n94
232.2598634713699	E	n94;1
