TIME	EVENT	NODES
227.61930008056422	O	n75
229.84074322147535	S	n75;1;n103;2;n104;3
233.38281343369368	I	n104;3
240.4400248471713	S	n104;3;n111;4;n112;5
242.6255192895198	I	n112;5
242.8941750001684	S	n103;2;n115;6;n116;7
244.65686309263035	S	n115;6;n117;8;n118;9
245.60380920404123	E	n118;9
246.35221300049358	L	n112;5
246.41896245296667	S	n116;7;n119;10;n120;11
251.3186136772485	S	n120;11;n129;12;n130;13
251.9600984783782	E	n129;12
254.1474396940903	S	n111;4;n135;14;n136;15
254.6017951755659	S	n119;10;n141;16;n142;17
255.18514399789527	I	n136;15
259.19362679088636	S	n130;13;n151;18;n152;19
259.28999588796853	S	n141;16;n153;20;n154;21
260.1421056141638	I	n117;8
261.5455228136473	E	n152;19
266.1400532075929	E	n151;18
267.309603538817	L	n135;14
267.6230845290778	E	n154;21
269.9568136455443	E	n136;15
275.63625593945875	I	n153;20
278.8778393829385	E	n117;8
287.6096833497897	I	n153;20
293.81245103616766	I	n153;20
294.27007287477545	S	n153;20;n205;22;n206;23
294.98002378823384	I	n142;17
297.45537010852803	I	n206;23
298.1283204238227	S	n206;23;n215;24;n216;25
301.7496501463424	E	n216;25
312.1421772672062	E	n142;17
317.95191712615843	I	n205;22
341.5385477573434	S	n215;24;n277;26;n278;27
358.80030771420104	T	n205;22;n205;28;n298;29
361.4174282269782	L	n278;27
363.2658265490463	I	n205;28
363.7179365725955	E	n277;26
363.72092949357767	S	n205;28;n313;30;n314;31
368.33285918754166	F	n314;31
368.33285918754166	F	n313;30
368.33285918754166	F	n298;29
