TIME	EVENT	NODES
227.6485689770182	O	n86
245.85340359938476	E	n86;1
