TIME	EVENT	NODES
227.8734945916617	O	n70
256.74972332501403	S	n70;1;n145;2;n146;3
273.6395716769362	D	n145;2;n145;4;n145;5
275.0960935428681	S	n146;3;n169;6;n170;7
275.8505257194636	S	n145;4;n173;8;n174;9
275.8505257194636	S	n145;5;n173;10;n174;11
275.96678190863184	I	n174;9
275.96678190863184	I	n174;11
276.778106847264	S	n169;6;n177;12;n178;13
280.4630343530422	L	n174;11
289.7660671719976	S	n177;12;n191;14;n192;15
292.56408620681617	S	n191;14;n197;16;n198;17
293.9148645197091	I	n174;9
295.7101501024865	E	n178;13
297.88510067996623	E	n197;16
302.54551594173853	I	n192;15
309.21205838172443	S	n198;17;n231;18;n232;19
313.295464126695	I	n192;15
314.5087251124538	E	n173;8
314.5087251124538	E	n173;10
316.27600896896894	E	n192;15
316.64521563171144	E	n174;9
317.30612004847615	S	n232;19;n239;20;n240;21
319.1906503502559	I	n170;7
329.29817677326054	I	n231;18
330.0383390114263	I	n170;7
330.8500244425965	C	n240;21
331.57266048626957	I	n231;18
335.14844581859495	S	n231;18;n259;22;n260;23
340.78778668689165	D	n239;20;n239;24;n239;25
345.6864478553234	I	n240;21
346.2149137392892	I	n240;21
348.6720819320871	E	n240;21
348.7564267084988	E	n259;22
349.8840859663876	D	n170;7;n170;26;n170;27
353.0220810425187	L	n170;26
365.3354294195512	E	n260;23
365.6675909654996	S	n239;24;n327;28;n328;29
365.6675909654996	S	n239;25;n327;30;n328;31
366.0393693891517	C	n328;31
368.33285918754166	F	n327;28
368.33285918754166	F	n327;30
368.33285918754166	F	n328;29
368.33285918754166	F	n328;31
368.33285918754166	F	n170;27
