TIME	EVENT	NODES
227.93012318212268	O	n97
249.03530572249304	S	n97;1;n123;2;n124;3
254.59397657947247	S	n123;2;n139;4;n140;5
255.08922900163986	E	n139;4
258.8150958922131	S	n124;3;n149;6;n150;7
275.3394929136777	E	n140;5
289.16687618832964	I	n149;6
289.2228941184422	L	n150;7
291.4592829737655	I	n149;6
295.0196612888196	C	n149;6
313.2735372024965	E	n149;6
