TIME	EVENT	NODES
227.94510987802676	O	n94
232.2598634713699	E	n94;1
