TIME	EVENT	NODES
228.2373319957953	O	n48
270.50846597342445	E	n48;1
