TIME	EVENT	NODES
228.5374547369519	O	n80
239.01003706129444	S	n80;1;n109;2;n110;3
273.55460541725216	I	n110;3
287.5951517002605	S	n110;3;n187;4;n188;5
293.1267483817216	S	n188;5;n199;6;n200;7
293.90973519565694	S	n199;6;n203;8;n204;9
294.07914662793326	E	n200;7
298.593888069081	I	n204;9
305.8053411110323	S	n204;9;n227;10;n228;11
314.0104779853529	S	n227;10;n237;12;n238;13
315.342886568578	E	n109;2
315.8656553078082	L	n187;4
317.9701256899267	C	n228;11
318.9566040063278	S	n203;8;n241;14;n242;15
322.0219878916506	I	n242;15
335.2181929265087	I	n242;15
335.6967060113735	S	n241;14;n261;16;n262;17
339.2795730435934	I	n228;11
339.96246034945096	S	n237;12;n273;18;n274;19
342.3523845263514	S	n228;11;n281;20;n282;21
346.3595351297647	I	n282;21
350.53960376877336	S	n262;17;n293;22;n294;23
351.40143562977454	I	n294;23
351.75146674314504	I	n238;13
351.85047477880437	I	n274;19
354.3294333112156	T	n242;15;n242;24;n298;25
355.7899662740194	E	n274;19
355.96840405347695	I	n293;22
356.8794825038169	I	n238;13
359.16454116420584	E	n261;16
359.51188297899733	I	n298;25
364.4981065299672	D	n238;13;n238;26;n238;27
365.43190125744275	S	n273;18;n325;28;n326;29
367.8048635836334	C	n242;24
368.33285918754166	F	n293;22
368.33285918754166	F	n242;24
368.33285918754166	F	n282;21
368.33285918754166	F	n325;28
368.33285918754166	F	n281;20
368.33285918754166	F	n326;29
368.33285918754166	F	n294;23
368.33285918754166	F	n238;26
368.33285918754166	F	n238;27
368.33285918754166	F	n298;25
