TIME	EVENT	NODES
228.56470799374966	O	n94
232.2598634713699	E	n94;1
