TIME	EVENT	NODES
228.58688866943692	O	n55
238.066136604651	E	n55;1
