TIME	EVENT	NODES
228.70848594482482	O	n90
264.1218818382455	I	n90;1
280.88338111280893	E	n90;1
