TIME	EVENT	NODES
228.73011894536563	O	n95
243.32706550401988	L	n95;1
