TIME	EVENT	NODES
228.94492968597612	O	n92
239.6722761983844	C	n92;1
247.71276996446824	I	n92;1
251.1517682979901	S	n92;1;n127;2;n128;3
251.5390235914055	E	n128;3
252.87678478256842	E	n127;2
