TIME	EVENT	NODES
229.1724946373447	O	n85
229.79413206743286	S	n85;1;n101;2;n102;3
230.22500167846212	E	n101;2
241.96312147656772	L	n102;3
