TIME	EVENT	NODES
229.18928536032885	O	n55
231.86503035714966	I	n55;1
238.066136604651	E	n55;1
