TIME	EVENT	NODES
229.22913289606322	O	n85
229.79413206743286	S	n85;1;n101;2;n102;3
230.22500167846212	E	n101;2
240.4120056082651	C	n102;3
253.10530453682208	S	n102;3;n133;4;n134;5
254.85733682858677	S	n134;5;n143;6;n144;7
272.4763975386841	I	n144;7
274.68520477779253	E	n143;6
276.551795131478	S	n144;7;n175;8;n176;9
278.0470712190549	I	n133;4
281.7773030975036	I	n175;8
284.61183849927505	L	n133;4
285.76396366295205	E	n176;9
296.4430408222861	E	n175;8
