TIME	EVENT	NODES
229.75607402922384	O	n97
244.9356523603839	L	n97;1
