TIME	EVENT	NODES
229.77120267095071	O	n48
270.50846597342445	E	n48;1
