TIME	EVENT	NODES
229.84308385228587	O	n103
241.53933433692305	L	n103;1
