TIME	EVENT	NODES
229.84602670700926	O	n98
231.8221914126079	I	n98;1
237.40170014493938	I	n98;1
281.1601347597832	I	n98;1
281.4465804297021	I	n98;1
285.4694107373424	I	n98;1
297.82959460464184	E	n98;1
