TIME	EVENT	NODES
229.89733403486656	O	n80
239.01003706129444	S	n80;1;n109;2;n110;3
262.2054201263786	I	n109;2
265.6441728759068	I	n109;2
278.29799348019026	I	n109;2
287.5951517002605	S	n110;3;n187;4;n188;5
293.1267483817216	S	n188;5;n199;6;n200;7
293.90973519565694	S	n199;6;n203;8;n204;9
294.07914662793326	E	n200;7
305.5137319596221	I	n203;8
305.8053411110323	S	n204;9;n227;10;n228;11
309.48136645059293	L	n227;10
315.342886568578	E	n109;2
316.7790855782712	C	n203;8
318.9566040063278	S	n203;8;n241;12;n242;13
322.82121759829084	I	n187;4
323.9011308238118	I	n187;4
326.4450051480482	L	n187;4
335.6967060113735	S	n241;12;n261;14;n262;15
342.3523845263514	S	n228;11;n281;16;n282;17
346.3595351297647	I	n282;17
350.53960376877336	S	n262;15;n293;18;n294;19
358.1019261902247	I	n282;17
359.16454116420584	E	n261;14
368.33285918754166	F	n293;18
368.33285918754166	F	n242;13
368.33285918754166	F	n282;17
368.33285918754166	F	n281;16
368.33285918754166	F	n294;19
