TIME	EVENT	NODES
230.05640815442308	O	n64
234.5844848235441	I	n64;1
237.70053092187797	I	n64;1
248.88117897606477	E	n64;1
