TIME	EVENT	NODES
230.21167252946015	O	n55
238.066136604651	E	n55;1
