TIME	EVENT	NODES
230.27284068839222	O	n64
248.88117897606477	E	n64;1
