TIME	EVENT	NODES
230.41242916007607	O	n94
232.2598634713699	E	n94;1
