TIME	EVENT	NODES
230.42378185632862	O	n59
233.78391615995832	I	n59;1
237.86464344588222	I	n59;1
244.46269174375544	L	n59;1
