TIME	EVENT	NODES
230.43001794205045	O	n55
238.066136604651	E	n55;1
