TIME	EVENT	NODES
230.61620058775532	O	n48
249.25971411201567	I	n48;1
270.50846597342445	E	n48;1
