TIME	EVENT	NODES
230.76000928267797	O	n48
250.52052704552958	I	n48;1
270.50846597342445	E	n48;1
