TIME	EVENT	NODES
231.00243361777825	O	n72
253.62842968562003	I	n72;1
254.2371808775152	I	n72;1
254.31869674795763	S	n72;1;n137;2;n138;3
255.40576207588876	C	n137;2
262.48313050699846	S	n137;2;n155;4;n156;5
268.08312347105647	S	n138;3;n163;6;n164;7
277.8106349986983	E	n163;6
279.3689247604448	E	n164;7
280.9346084359787	E	n156;5
285.9724102996077	I	n155;4
301.4243380530259	L	n155;4
