TIME	EVENT	NODES
231.03519583398662	O	n90
250.27740747611364	C	n90;1
272.62864839104543	C	n90;1
280.88338111280893	E	n90;1
