TIME	EVENT	NODES
231.03555599415162	O	n103
235.9048444712633	I	n103;1
242.8941750001684	S	n103;1;n115;2;n116;3
244.65686309263035	S	n115;2;n117;4;n118;5
245.60380920404123	E	n118;5
246.41896245296667	S	n116;3;n119;6;n120;7
251.3186136772485	S	n120;7;n129;8;n130;9
251.9600984783782	E	n129;8
254.6017951755659	S	n119;6;n141;10;n142;11
257.76398419144243	I	n141;10
259.19362679088636	S	n130;9;n151;12;n152;13
259.28999588796853	S	n141;10;n153;14;n154;15
261.5455228136473	E	n152;13
266.1400532075929	E	n151;12
266.2391922876224	I	n142;11
267.6230845290778	E	n154;15
267.78644152847625	L	n117;4
280.0995158500169	I	n142;11
294.27007287477545	S	n153;14;n205;16;n206;17
295.3408106658214	C	n206;17
298.1283204238227	S	n206;17;n215;18;n216;19
298.33751397127384	I	n216;19
299.89383419692496	D	n216;19;n216;20;n216;21
301.7496501463424	E	n216;20
301.7496501463424	E	n216;21
307.23446963547855	I	n142;11
307.9868710844081	I	n205;16
312.1421772672062	E	n142;11
328.9398809664437	L	n215;18
335.67439712659336	I	n205;16
363.72092949357767	S	n205;16;n313;22;n314;23
368.33285918754166	F	n314;23
368.33285918754166	F	n313;22
