TIME	EVENT	NODES
231.22669810648065	O	n90
240.00084961274646	I	n90;1
274.8247513663033	T	n90;1;n90;2;n146;3
275.0960935428681	S	n146;3;n169;4;n170;5
276.778106847264	S	n169;4;n177;6;n178;7
280.88338111280893	E	n90;2
289.7660671719976	S	n177;6;n191;8;n192;9
292.56408620681617	S	n191;8;n197;10;n198;11
295.7101501024865	E	n178;7
297.88510067996623	E	n197;10
309.21205838172443	S	n198;11;n231;12;n232;13
316.27600896896894	E	n192;9
317.30612004847615	S	n232;13;n239;14;n240;15
329.19205072074965	I	n239;14
335.14844581859495	S	n231;12;n259;16;n260;17
346.20025490927327	C	n259;16
348.6720819320871	E	n240;15
348.7564267084988	E	n259;16
365.3354294195512	E	n260;17
365.6675909654996	S	n239;14;n327;18;n328;19
366.9961524295617	C	n328;19
367.8010989310961	I	n170;5
368.33285918754166	F	n327;18
368.33285918754166	F	n328;19
368.33285918754166	F	n170;5
