TIME	EVENT	NODES
231.37402808271315	O	n64
248.88117897606477	E	n64;1
