TIME	EVENT	NODES
231.570913159635	O	n96
233.55443944646427	S	n96;1;n105;2;n106;3
236.96153861739597	I	n106;3
247.89276809742267	S	n106;3;n121;4;n122;5
261.6291738439399	E	n121;4
266.8588130026032	I	n122;5
272.50608633084494	I	n105;2
273.5864034493894	E	n122;5
287.2898658895813	E	n105;2
