TIME	EVENT	NODES
231.6644600943929	O	n104
237.83935919350546	I	n104;1
240.4400248471713	S	n104;1;n111;2;n112;3
243.59556042264987	I	n111;2
254.1474396940903	S	n111;2;n135;4;n136;5
258.0057824292718	I	n136;5
265.25845931944406	L	n135;4
269.9568136455443	E	n136;5
270.23796323624396	C	n112;3
278.4525291252385	E	n112;3
