TIME	EVENT	NODES
231.7025744784409	O	n90
255.04231003734222	C	n90;1
255.61711198852078	I	n90;1
280.72726439380614	I	n90;1
280.88338111280893	E	n90;1
