TIME	EVENT	NODES
231.75288138768815	O	n72
254.31869674795763	S	n72;1;n137;2;n138;3
255.86446896721822	T	n137;2;n137;4;n95;5
259.99102422158086	I	n95;5
262.48313050699846	S	n137;4;n155;6;n156;7
268.08312347105647	S	n138;3;n163;8;n164;9
271.5541373875477	S	n95;5;n167;10;n168;11
277.8106349986983	E	n163;8
278.37777927242377	S	n168;11;n179;12;n180;13
278.6214938342557	E	n167;10
279.3689247604448	E	n164;9
280.9346084359787	E	n156;7
282.56958360049487	E	n179;12
292.321064504694	E	n180;13
302.77518792485097	S	n155;6;n221;14;n222;15
314.3193370741534	E	n222;15
340.75722654108273	L	n221;14
