TIME	EVENT	NODES
231.89448438492764	O	n64
248.88117897606477	E	n64;1
