TIME	EVENT	NODES
232.385848012526	O	n70
256.74972332501403	S	n70;1;n145;2;n146;3
275.0960935428681	S	n146;3;n169;4;n170;5
275.51157750852633	I	n145;2
275.8505257194636	S	n145;2;n173;6;n174;7
276.778106847264	S	n169;4;n177;8;n178;9
289.7660671719976	S	n177;8;n191;10;n192;11
290.944328318482	C	n192;11
292.56408620681617	S	n191;10;n197;12;n198;13
294.7289473826394	I	n198;13
295.7101501024865	E	n178;9
297.88510067996623	E	n197;12
302.74857893545123	C	n173;6
304.7559198663308	I	n198;13
309.21205838172443	S	n198;13;n231;14;n232;15
312.71075520733814	D	n232;15;n232;16;n232;17
314.5087251124538	E	n173;6
316.27600896896894	E	n192;11
316.64521563171144	E	n174;7
317.30612004847615	S	n232;16;n239;18;n240;19
317.30612004847615	S	n232;17;n239;20;n240;21
322.83684043265714	I	n240;19
322.83684043265714	I	n240;21
335.14844581859495	S	n231;14;n259;22;n260;23
335.6757341636113	I	n239;18
335.6757341636113	I	n239;20
348.6720819320871	E	n240;21
348.6720819320871	E	n240;19
348.7564267084988	E	n259;22
365.3354294195512	E	n260;23
365.4771611681079	L	n170;5
365.6675909654996	S	n239;20;n327;24;n328;25
365.6675909654996	S	n239;18;n327;26;n328;27
365.8563771115325	T	n327;24;n327;28;n325;29
368.33285918754166	F	n327;28
368.33285918754166	F	n327;26
368.33285918754166	F	n325;29
368.33285918754166	F	n328;25
368.33285918754166	F	n328;27
