TIME	EVENT	NODES
232.59270915859918	O	n64
246.62092277614482	C	n64;1
248.88117897606477	E	n64;1
