TIME	EVENT	NODES
232.62711995484912	O	n72
235.6703106220646	I	n72;1
254.31869674795763	S	n72;1;n137;2;n138;3
262.48313050699846	S	n137;2;n155;4;n156;5
266.601139511054	I	n155;4
268.08312347105647	S	n138;3;n163;6;n164;7
277.8106349986983	E	n163;6
279.3689247604448	E	n164;7
280.9346084359787	E	n156;5
302.77518792485097	S	n155;4;n221;8;n222;9
314.3193370741534	E	n222;9
345.53900609161866	L	n221;8
