TIME	EVENT	NODES
232.75263229129166	O	n84
236.8169657606345	S	n84;1;n107;2;n108;3
246.71470732681902	I	n107;2
249.10861886800265	S	n108;3;n125;4;n126;5
256.96114287753085	S	n126;5;n147;6;n148;7
262.43014142332055	E	n148;7
266.0496073842215	I	n147;6
266.80294771333917	S	n107;2;n161;8;n162;9
267.81527856480193	L	n162;9
275.11850929823515	S	n125;4;n171;10;n172;11
277.04604187489826	E	n161;8
282.0361118140359	I	n171;10
283.3629310829571	S	n147;6;n183;12;n184;13
293.6183387782659	E	n184;13
294.1998026308451	E	n171;10
305.67830147086175	L	n172;11
317.1564385445382	I	n183;12
349.00530575206363	E	n183;12
