TIME	EVENT	NODES
232.9006362841687	O	n48
247.49676494552352	I	n48;1
270.50846597342445	E	n48;1
