TIME	EVENT	NODES
232.93562527039967	O	n95
271.5541373875477	S	n95;1;n167;2;n168;3
273.4926263349944	I	n168;3
278.37777927242377	S	n168;3;n179;4;n180;5
278.6214938342557	E	n167;2
279.2803827217453	I	n179;4
282.56958360049487	E	n179;4
292.321064504694	E	n180;5
