TIME	EVENT	NODES
232.93953987796283	O	n80
239.01003706129444	S	n80;1;n109;2;n110;3
241.26512815375455	I	n110;3
250.994272339431	I	n110;3
281.9110743296658	L	n110;3
310.8124349285221	I	n109;2
315.342886568578	E	n109;2
