TIME	EVENT	NODES
232.97968731777195	O	n98
246.98048341831304	I	n98;1
276.12876220158114	I	n98;1
297.82959460464184	E	n98;1
