TIME	EVENT	NODES
233.1510123854681	O	n70
256.74972332501403	S	n70;1;n145;2;n146;3
275.0960935428681	S	n146;3;n169;4;n170;5
275.8505257194636	S	n145;2;n173;6;n174;7
276.778106847264	S	n169;4;n177;8;n178;9
277.35349148907824	C	n170;5
279.72895304510666	I	n174;7
289.7660671719976	S	n177;8;n191;10;n192;11
292.56408620681617	S	n191;10;n197;12;n198;13
295.7101501024865	E	n178;9
297.88510067996623	E	n197;12
305.96583679747476	I	n174;7
309.21205838172443	S	n198;13;n231;14;n232;15
314.5087251124538	E	n173;6
316.27600896896894	E	n192;11
316.64521563171144	E	n174;7
317.0030567500698	I	n231;14
317.30612004847615	S	n232;15;n239;16;n240;17
317.9519377093316	I	n239;16
320.95517712510116	I	n170;5
334.73360571563524	I	n231;14
335.14844581859495	S	n231;14;n259;18;n260;19
342.7455076626336	L	n259;18
345.04813286143076	I	n240;17
348.6720819320871	E	n240;17
365.3354294195512	E	n260;19
365.6675909654996	S	n239;16;n327;20;n328;21
368.0990519834428	I	n327;20
368.33285918754166	F	n327;20
368.33285918754166	F	n328;21
368.33285918754166	F	n170;5
