TIME	EVENT	NODES
233.26454962453388	O	n90
234.1469922432178	D	n90;1;n90;2;n90;3
255.40030195211912	I	n90;3
280.88338111280893	E	n90;2
280.88338111280893	E	n90;3
