TIME	EVENT	NODES
233.53346762048247	O	n98
297.82959460464184	E	n98;1
