TIME	EVENT	NODES
233.57806450197228	O	n55
238.066136604651	E	n55;1
