TIME	EVENT	NODES
233.70407289315466	O	n55
238.066136604651	E	n55;1
