TIME	EVENT	NODES
233.87636890784378	O	n80
239.01003706129444	S	n80;1;n109;2;n110;3
263.7328745245221	I	n110;3
265.9383915666754	I	n110;3
278.15628491319427	I	n109;2
281.19249963882123	I	n110;3
287.5951517002605	S	n110;3;n187;4;n188;5
293.1267483817216	S	n188;5;n199;6;n200;7
293.90973519565694	S	n199;6;n203;8;n204;9
294.07914662793326	E	n200;7
299.86313505814314	I	n109;2
302.50514001393066	I	n204;9
305.8053411110323	S	n204;9;n227;10;n228;11
307.1635110545588	D	n109;2;n109;12;n109;13
314.0104779853529	S	n227;10;n237;14;n238;15
315.342886568578	E	n109;12
315.342886568578	E	n109;13
317.93148972518173	I	n238;15
318.9566040063278	S	n203;8;n241;16;n242;17
324.2877732099755	I	n241;16
325.6293534347267	I	n241;16
329.06641205032196	I	n228;11
330.61481154250885	T	n241;16;n241;18;n254;19
330.79966045067704	L	n242;17
335.6967060113735	S	n241;18;n261;20;n262;21
335.92113620132585	S	n254;19;n263;22;n264;23
339.658731161582	S	n264;23;n271;24;n272;25
339.96246034945096	S	n237;14;n273;26;n274;27
341.7318365525803	I	n271;24
342.3523845263514	S	n228;11;n281;28;n282;29
344.83920551715744	I	n238;15
350.53960376877336	S	n262;21;n293;30;n294;31
352.15905479057926	C	n187;4
352.72214928205256	D	n274;27;n274;32;n274;33
355.7899662740194	E	n274;32
355.7899662740194	E	n274;33
356.3119546325315	E	n187;4
359.16454116420584	E	n261;20
361.7971077523211	S	n272;25;n309;34;n310;35
364.39265661618424	S	n310;35;n317;36;n318;37
365.0417268907298	E	n263;22
365.43190125744275	S	n273;26;n325;38;n326;39
365.9406802548836	S	n318;37;n329;40;n330;41
367.9231586597616	I	n281;28
368.31447095804504	I	n293;30
368.33285918754166	F	n330;41
368.33285918754166	F	n293;30
368.33285918754166	F	n282;29
368.33285918754166	F	n329;40
368.33285918754166	F	n271;24
368.33285918754166	F	n325;38
368.33285918754166	F	n281;28
368.33285918754166	F	n326;39
368.33285918754166	F	n294;31
368.33285918754166	F	n317;36
368.33285918754166	F	n309;34
368.33285918754166	F	n238;15
