TIME	EVENT	NODES
234.16276193774934	O	n90
264.1218818382455	I	n90;1
280.88338111280893	E	n90;1
