TIME	EVENT	NODES
234.28029920138735	O	n100
240.6015620950032	S	n100;1;n113;2;n114;3
244.59757376586214	I	n114;3
260.0079447944091	E	n114;3
260.46706076447066	I	n113;2
276.06674945851347	E	n113;2
