TIME	EVENT	NODES
234.51955234643685	O	n97
249.03530572249304	S	n97;1;n123;2;n124;3
254.59397657947247	S	n123;2;n139;4;n140;5
255.08922900163986	E	n139;4
258.8150958922131	S	n124;3;n149;6;n150;7
271.42568201001063	I	n140;5
275.3394929136777	E	n140;5
283.4604372422783	T	n150;7;n150;8;n110;9
283.590787823671	I	n110;9
287.5951517002605	S	n110;9;n187;10;n188;11
293.1267483817216	S	n188;11;n199;12;n200;13
293.4401227103343	E	n150;8
293.90973519565694	S	n199;12;n203;14;n204;15
294.07914662793326	E	n200;13
305.8053411110323	S	n204;15;n227;16;n228;17
308.0964169721196	I	n228;17
313.2735372024965	E	n149;6
314.0104779853529	S	n227;16;n237;18;n238;19
317.22835491261617	I	n187;10
318.9566040063278	S	n203;14;n241;20;n242;21
319.46754669552956	I	n241;20
331.68150803098905	C	n241;20
335.6967060113735	S	n241;20;n261;22;n262;23
339.96246034945096	S	n237;18;n273;24;n274;25
342.3523845263514	S	n228;17;n281;26;n282;27
345.67284508848206	I	n242;21
347.6954936481072	D	n281;26;n281;28;n281;29
350.53960376877336	S	n262;23;n293;30;n294;31
351.40143562977454	I	n294;31
353.57427865668427	I	n282;27
355.7899662740194	E	n274;25
355.96840405347695	I	n293;30
356.3119546325315	E	n187;10
359.16454116420584	E	n261;22
364.9981348495169	I	n281;28
364.9981348495169	I	n281;29
365.43190125744275	S	n273;24;n325;32;n326;33
365.63394948672277	I	n325;32
368.1202744279893	I	n325;32
368.33285918754166	F	n293;30
368.33285918754166	F	n242;21
368.33285918754166	F	n282;27
368.33285918754166	F	n325;32
368.33285918754166	F	n281;29
368.33285918754166	F	n281;28
368.33285918754166	F	n326;33
368.33285918754166	F	n294;31
368.33285918754166	F	n238;19
