TIME	EVENT	NODES
234.53344164799498	O	n90
264.80551857542685	I	n90;1
264.8255190955252	I	n90;1
280.88338111280893	E	n90;1
