TIME	EVENT	NODES
234.54862078876351	O	n97
244.50426373200628	I	n97;1
249.03530572249304	S	n97;1;n123;2;n124;3
254.59397657947247	S	n123;2;n139;4;n140;5
255.08922900163986	E	n139;4
258.28351029203094	L	n124;3
259.23944721612725	I	n140;5
275.3394929136777	E	n140;5
