TIME	EVENT	NODES
234.87449897152482	O	n97
249.03530572249304	S	n97;1;n123;2;n124;3
254.59397657947247	S	n123;2;n139;4;n140;5
255.08922900163986	E	n139;4
258.8150958922131	S	n124;3;n149;6;n150;7
262.92233396864344	T	n150;7;n150;8;n142;9
265.08620015399725	I	n150;8
271.38952539673613	I	n150;8
275.3394929136777	E	n140;5
279.69838778923344	L	n142;9
284.9950571165649	I	n149;6
289.8825973021316	I	n150;8
293.4401227103343	E	n150;8
313.2735372024965	E	n149;6
