TIME	EVENT	NODES
234.95211035756392	O	n64
248.88117897606477	E	n64;1
