TIME	EVENT	NODES
235.22956456007395	O	n102
253.10530453682208	S	n102;1;n133;2;n134;3
254.85733682858677	S	n134;3;n143;4;n144;5
274.68520477779253	E	n143;4
276.551795131478	S	n144;5;n175;6;n176;7
282.4823538168141	I	n175;6
285.76396366295205	E	n176;7
290.4363268478046	S	n133;2;n193;8;n194;9
293.87416262241237	S	n194;9;n201;10;n202;11
296.4430408222861	E	n175;6
297.20756264263844	S	n193;8;n209;12;n210;13
303.4377349768546	S	n209;12;n223;14;n224;15
305.99025340734033	E	n202;11
307.88032930517045	S	n210;13;n229;16;n230;17
310.74626732789005	S	n224;15;n233;18;n234;19
312.06673550701987	S	n201;10;n235;20;n236;21
313.99847025840546	L	n233;18
317.8214633157088	I	n236;21
321.78135305229097	E	n235;20
322.5524782106172	I	n229;16
327.68708843484586	S	n223;14;n251;22;n252;23
329.458120433925	I	n229;16
331.02825248126715	E	n236;21
334.8843396818139	C	n252;23
334.9453818069963	I	n230;17
334.9897297167016	S	n251;22;n257;24;n258;25
336.68965989593624	T	n229;16;n229;26;n263;27
337.10932653973396	S	n229;26;n267;28;n268;29
341.98422174625085	T	n230;17;n230;30;n250;31
342.1368897672253	S	n267;28;n279;32;n280;33
344.02040770953147	S	n258;25;n283;34;n284;35
344.34520818059644	I	n284;35
346.5471506808192	S	n280;33;n285;36;n286;37
346.58119061744503	D	n284;35;n284;38;n284;39
346.5990500281604	S	n283;34;n287;40;n288;41
347.3589689447561	S	n268;29;n289;42;n290;43
349.65079560628845	I	n286;37
353.2274467652559	S	n284;38;n297;44;n298;45
353.2274467652559	S	n284;39;n297;46;n298;47
353.5025980775264	I	n298;45
353.5025980775264	I	n298;47
356.1371658781914	I	n290;43
356.5243775902817	S	n250;31;n303;48;n304;49
362.14507068748986	S	n289;42;n311;50;n312;51
362.7654531577302	I	n257;24
362.93877184850265	E	n279;32
363.7531598146769	L	n298;45
364.49514583717956	S	n304;49;n319;52;n320;53
365.0417268907298	E	n263;27
368.33285918754166	F	n230;30
368.33285918754166	F	n287;40
368.33285918754166	F	n303;48
368.33285918754166	F	n257;24
368.33285918754166	F	n288;41
368.33285918754166	F	n285;36
368.33285918754166	F	n286;37
368.33285918754166	F	n234;19
368.33285918754166	F	n312;51
368.33285918754166	F	n252;23
368.33285918754166	F	n311;50
368.33285918754166	F	n320;53
368.33285918754166	F	n297;44
368.33285918754166	F	n297;46
368.33285918754166	F	n319;52
368.33285918754166	F	n290;43
368.33285918754166	F	n298;47
