TIME	EVENT	NODES
235.59464594794213	O	n84
236.8169657606345	S	n84;1;n107;2;n108;3
245.57431276765647	I	n108;3
247.0514044636466	L	n108;3
266.80294771333917	S	n107;2;n161;4;n162;5
277.04604187489826	E	n161;4
285.9456044299885	S	n162;5;n185;6;n186;7
292.01152244219134	S	n186;7;n195;8;n196;9
296.7804733096652	S	n196;9;n207;10;n208;11
297.10807759050766	I	n208;11
297.77429733878824	E	n208;11
298.0855428401903	I	n195;8
298.5182981782411	E	n207;10
301.5187902891868	E	n195;8
303.521232254705	I	n185;6
306.7118637562414	E	n185;6
