TIME	EVENT	NODES
235.97297476884745	O	n106
247.89276809742267	S	n106;1;n121;2;n122;3
261.6291738439399	E	n121;2
272.65154769444234	C	n122;3
273.5864034493894	E	n122;3
