TIME	EVENT	NODES
236.03284840881318	O	n90
238.90027961818572	I	n90;1
243.66865700957763	I	n90;1
244.3496329295528	I	n90;1
280.88338111280893	E	n90;1
