TIME	EVENT	NODES
236.1379837578782	O	n100
240.6015620950032	S	n100;1;n113;2;n114;3
245.03294359176218	L	n113;2
260.0079447944091	E	n114;3
