TIME	EVENT	NODES
236.28281741479566	O	n48
255.45002037984645	I	n48;1
270.50846597342445	E	n48;1
