TIME	EVENT	NODES
236.39307070454115	O	n64
248.88117897606477	E	n64;1
