TIME	EVENT	NODES
236.62139111540498	O	n72
249.59081507615775	I	n72;1
254.31869674795763	S	n72;1;n137;2;n138;3
261.8247307769047	I	n138;3
262.48313050699846	S	n137;2;n155;4;n156;5
268.08312347105647	S	n138;3;n163;6;n164;7
275.96365199704354	C	n156;5
277.8106349986983	E	n163;6
279.3689247604448	E	n164;7
280.3019232744168	I	n155;4
280.9346084359787	E	n156;5
302.77518792485097	S	n155;4;n221;8;n222;9
303.53877460970455	I	n221;8
314.3193370741534	E	n222;9
342.07133338581133	L	n221;8
