TIME	EVENT	NODES
236.815874294559	O	n103
242.8941750001684	S	n103;1;n115;2;n116;3
243.2573034473433	I	n116;3
244.65686309263035	S	n115;2;n117;4;n118;5
245.60380920404123	E	n118;5
246.41896245296667	S	n116;3;n119;6;n120;7
251.3186136772485	S	n120;7;n129;8;n130;9
251.9600984783782	E	n129;8
252.4467202571845	T	n119;6;n119;10;n127;11
252.87678478256842	E	n127;11
254.6017951755659	S	n119;10;n141;12;n142;13
258.08019041561596	I	n130;9
259.19362679088636	S	n130;9;n151;14;n152;15
259.28999588796853	S	n141;12;n153;16;n154;17
261.5455228136473	E	n152;15
261.71762404828996	I	n154;17
266.1400532075929	E	n151;14
267.6230845290778	E	n154;17
278.8778393829385	E	n117;4
287.0419933286788	I	n153;16
293.61350771062746	I	n142;13
294.27007287477545	S	n153;16;n205;18;n206;19
298.1283204238227	S	n206;19;n215;20;n216;21
299.0147661442014	I	n216;21
301.7496501463424	E	n216;21
312.1421772672062	E	n142;13
341.5385477573434	S	n215;20;n277;22;n278;23
346.7923712068676	L	n277;22
351.80485694148257	C	n205;18
359.099501747735	I	n278;23
363.72092949357767	S	n205;18;n313;24;n314;25
366.5163472054392	I	n314;25
367.179064540445	I	n278;23
368.33285918754166	F	n314;25
368.33285918754166	F	n313;24
368.33285918754166	F	n278;23
