TIME	EVENT	NODES
236.886526327254	O	n108
249.10861886800265	S	n108;1;n125;2;n126;3
256.96114287753085	S	n126;3;n147;4;n148;5
262.43014142332055	E	n148;5
272.5720745425365	I	n125;2
275.11850929823515	S	n125;2;n171;6;n172;7
283.3629310829571	S	n147;4;n183;8;n184;9
283.65050348937484	I	n183;8
285.1436705293827	I	n172;7
293.6183387782659	E	n184;9
294.1998026308451	E	n171;6
309.4552019391726	I	n172;7
315.41472492191235	E	n172;7
349.00530575206363	E	n183;8
