TIME	EVENT	NODES
237.19028587861666	O	n97
240.3331960884654	I	n97;1
249.03530572249304	S	n97;1;n123;2;n124;3
249.19409864693782	I	n124;3
252.77141324569288	I	n123;2
254.59397657947247	S	n123;2;n139;4;n140;5
255.08922900163986	E	n139;4
258.8150958922131	S	n124;3;n149;6;n150;7
264.2159450912585	I	n150;7
265.5908693070437	T	n140;5;n140;8;n132;9
268.99200484077863	I	n140;8
269.77172764422386	I	n140;8
275.3394929136777	E	n140;8
282.33055585500057	I	n149;6
288.5496408940298	S	n132;9;n189;10;n190;11
293.4401227103343	E	n150;7
297.2325938618031	S	n190;11;n211;12;n212;13
301.8448988820438	I	n211;12
306.18779637717876	E	n189;10
313.2735372024965	E	n149;6
323.451126983794	S	n211;12;n247;14;n248;15
326.9299560409181	S	n248;15;n249;16;n250;17
331.0018747642187	L	n249;16
338.51097831531484	S	n247;14;n269;18;n270;19
339.142489910112	I	n212;13
339.3865525167463	I	n270;19
342.59680382986494	C	n250;17
348.6348418780299	I	n250;17
351.3681074054671	E	n270;19
356.5243775902817	S	n250;17;n303;20;n304;21
359.43466135079467	S	n269;18;n307;22;n308;23
364.14479088522387	E	n212;13
364.49514583717956	S	n304;21;n319;24;n320;25
368.33285918754166	F	n307;22
368.33285918754166	F	n303;20
368.33285918754166	F	n308;23
368.33285918754166	F	n320;25
368.33285918754166	F	n319;24
