TIME	EVENT	NODES
237.35623200660967	O	n102
253.10530453682208	S	n102;1;n133;2;n134;3
254.85733682858677	S	n134;3;n143;4;n144;5
269.04443551900846	I	n143;4
274.68520477779253	E	n143;4
276.0127996202435	C	n133;2
276.551795131478	S	n144;5;n175;6;n176;7
280.44547340542437	L	n133;2
282.6973241292186	I	n176;7
285.76396366295205	E	n176;7
293.1003045505408	C	n175;6
293.6850298077793	D	n175;6;n175;8;n175;9
296.4430408222861	E	n175;8
296.4430408222861	E	n175;9
