TIME	EVENT	NODES
237.37170033879602	O	n100
240.6015620950032	S	n100;1;n113;2;n114;3
243.92334149598466	I	n113;2
260.0079447944091	E	n114;3
268.48483587049543	I	n113;2
276.06674945851347	E	n113;2
