TIME	EVENT	NODES
237.4023603550013	O	n108
249.10861886800265	S	n108;1;n125;2;n126;3
255.72647827488208	I	n125;2
256.96114287753085	S	n126;3;n147;4;n148;5
262.43014142332055	E	n148;5
269.8397213658056	I	n125;2
271.0043514878692	D	n147;4;n147;6;n147;7
275.11850929823515	S	n125;2;n171;8;n172;9
279.06472953245833	T	n147;6;n147;10;n132;11
283.3629310829571	S	n147;10;n183;12;n184;13
283.3629310829571	S	n147;7;n183;14;n184;15
286.49043054157164	I	n183;12
288.5496408940298	S	n132;11;n189;16;n190;17
289.3978406023278	I	n183;12
289.3978406023278	I	n183;14
293.6183387782659	E	n184;13
293.6183387782659	E	n184;15
294.1998026308451	E	n171;8
297.2325938618031	S	n190;17;n211;18;n212;19
301.72522518890486	C	n183;12
306.18779637717876	E	n189;16
312.6900343152534	I	n172;9
313.39723405641075	I	n172;9
315.41472492191235	E	n172;9
323.451126983794	S	n211;18;n247;20;n248;21
326.9299560409181	S	n248;21;n249;22;n250;23
334.64198406508626	S	n249;22;n255;24;n256;25
338.51097831531484	S	n247;20;n269;26;n270;27
342.77841204364665	I	n270;27
347.7784790963563	C	n270;27
349.00530575206363	E	n183;14
349.00530575206363	E	n183;12
351.21756444659286	I	n269;26
351.3681074054671	E	n270;27
351.37042779145395	E	n255;24
356.5243775902817	S	n250;23;n303;28;n304;29
358.1702461307203	I	n256;25
359.43466135079467	S	n269;26;n307;30;n308;31
364.14479088522387	E	n212;19
364.49514583717956	S	n304;29;n319;32;n320;33
365.0168302374957	S	n256;25;n323;34;n324;35
367.6182129741708	I	n324;35
368.1525611161385	S	n324;35;n331;36;n332;37
368.33285918754166	F	n307;30
368.33285918754166	F	n303;28
368.33285918754166	F	n308;31
368.33285918754166	F	n331;36
368.33285918754166	F	n323;34
368.33285918754166	F	n320;33
368.33285918754166	F	n332;37
368.33285918754166	F	n319;32
