TIME	EVENT	NODES
237.50217522566822	O	n104
240.4400248471713	S	n104;1;n111;2;n112;3
254.1474396940903	S	n111;2;n135;4;n136;5
269.7319504849604	I	n136;5
269.9568136455443	E	n136;5
278.4525291252385	E	n112;3
297.944722411288	S	n135;4;n213;6;n214;7
299.1473251872138	E	n214;7
305.3065589137974	S	n213;6;n225;8;n226;9
305.92439834728935	I	n226;9
322.1047830167662	I	n225;8
324.2601856628277	E	n226;9
324.7848548775896	E	n225;8
