TIME	EVENT	NODES
237.72197280593196	O	n64
239.22206346907998	L	n64;1
