TIME	EVENT	NODES
237.74052753163505	O	n98
242.77880529517267	I	n98;1
297.82959460464184	E	n98;1
