TIME	EVENT	NODES
237.74525845173486	O	n100
240.6015620950032	S	n100;1;n113;2;n114;3
241.25573234158125	I	n114;3
243.3900453444176	C	n114;3
248.7454109524951	D	n113;2;n113;4;n113;5
260.0079447944091	E	n114;3
276.06674945851347	E	n113;4
276.06674945851347	E	n113;5
