TIME	EVENT	NODES
238.03886035147892	O	n64
247.0842721221069	C	n64;1
248.88117897606477	E	n64;1
