TIME	EVENT	NODES
238.2959569364159	O	n108
249.10861886800265	S	n108;1;n125;2;n126;3
256.96114287753085	S	n126;3;n147;4;n148;5
262.43014142332055	E	n148;5
272.65154383891263	I	n147;4
275.11850929823515	S	n125;2;n171;6;n172;7
280.99606888137157	I	n147;4
283.3629310829571	S	n147;4;n183;8;n184;9
285.0929393503656	L	n171;6
293.6183387782659	E	n184;9
303.5246886001899	C	n172;7
315.41472492191235	E	n172;7
349.00530575206363	E	n183;8
