TIME	EVENT	NODES
238.3004102850449	O	n105
287.2898658895813	E	n105;1
