TIME	EVENT	NODES
238.31596534521836	O	n107
266.80294771333917	S	n107;1;n161;2;n162;3
274.38017342538654	L	n162;3
274.5544805173899	I	n161;2
277.04604187489826	E	n161;2
