TIME	EVENT	NODES
238.31692022883792	O	n64
248.88117897606477	E	n64;1
