TIME	EVENT	NODES
238.46074457504264	O	n103
242.8941750001684	S	n103;1;n115;2;n116;3
243.67212098187102	L	n115;2
246.41896245296667	S	n116;3;n119;4;n120;5
251.3186136772485	S	n120;5;n129;6;n130;7
251.9600984783782	E	n129;6
254.6017951755659	S	n119;4;n141;8;n142;9
257.3655183627727	I	n130;7
259.19362679088636	S	n130;7;n151;10;n152;11
259.28999588796853	S	n141;8;n153;12;n154;13
261.5455228136473	E	n152;11
266.1400532075929	E	n151;10
267.6230845290778	E	n154;13
291.8827863494842	I	n142;9
294.27007287477545	S	n153;12;n205;14;n206;15
294.98002378823384	I	n142;9
298.1283204238227	S	n206;15;n215;16;n216;17
300.65473566933446	C	n142;9
301.7496501463424	E	n216;17
312.1421772672062	E	n142;9
316.9842617932911	I	n215;16
323.44852738499725	I	n215;16
341.5385477573434	S	n215;16;n277;18;n278;19
345.1748626462467	I	n205;14
353.9504502431209	I	n205;14
363.3175701402811	I	n277;18
363.7179365725955	E	n277;18
363.72092949357767	S	n205;14;n313;20;n314;21
368.33285918754166	F	n314;21
368.33285918754166	F	n313;20
368.33285918754166	F	n278;19
