TIME	EVENT	NODES
238.5291998898727	O	n104
240.4400248471713	S	n104;1;n111;2;n112;3
247.58513529629653	C	n112;3
254.1474396940903	S	n111;2;n135;4;n136;5
259.1620067864488	T	n136;5;n136;6;n143;7
269.9568136455443	E	n136;6
274.68520477779253	E	n143;7
278.4525291252385	E	n112;3
297.944722411288	S	n135;4;n213;8;n214;9
299.1473251872138	E	n214;9
303.1142375070021	I	n213;8
305.3065589137974	S	n213;8;n225;10;n226;11
324.2601856628277	E	n226;11
324.7848548775896	E	n225;10
