TIME	EVENT	NODES
238.89378070671142	O	n48
270.50846597342445	E	n48;1
