TIME	EVENT	NODES
239.0006271492068	O	n97
244.64633121022376	I	n97;1
249.03530572249304	S	n97;1;n123;2;n124;3
254.59397657947247	S	n123;2;n139;4;n140;5
255.08922900163986	E	n139;4
258.8150958922131	S	n124;3;n149;6;n150;7
275.3394929136777	E	n140;5
282.37954397069575	C	n149;6
282.9677776381367	C	n150;7
293.4401227103343	E	n150;7
298.4112472058891	I	n149;6
313.2735372024965	E	n149;6
