TIME	EVENT	NODES
239.06772751072518	O	n59
239.5195534228846	L	n59;1
