TIME	EVENT	NODES
239.22816238388677	O	n98
265.4298426917041	L	n98;1
