TIME	EVENT	NODES
239.4261538323269	O	n108
243.8898807691692	I	n108;1
249.10861886800265	S	n108;1;n125;2;n126;3
256.96114287753085	S	n126;3;n147;4;n148;5
259.147268535062	I	n148;5
262.43014142332055	E	n148;5
265.5656613943882	I	n125;2
275.11850929823515	S	n125;2;n171;6;n172;7
275.77463491389636	D	n147;4;n147;8;n147;9
283.3629310829571	S	n147;8;n183;10;n184;11
283.3629310829571	S	n147;9;n183;12;n184;13
285.4026556776112	I	n171;6
290.2147368128563	L	n172;7
293.6183387782659	E	n184;11
293.6183387782659	E	n184;13
294.1998026308451	E	n171;6
319.42834103291585	I	n183;10
319.42834103291585	I	n183;12
336.3491612477127	T	n183;12;n183;14;n234;15
349.00530575206363	E	n183;14
349.00530575206363	E	n183;10
368.33285918754166	F	n234;15
