TIME	EVENT	NODES
239.7272697874999	O	n64
248.88117897606477	E	n64;1
