TIME	EVENT	NODES
0	O	Root
0.0	S	Root;1;n1;2;n2;3
2.5397350194306116	L	n2;3
12.049627919615546	E	n1;2
