TIME	EVENT	NODES
239.76433431615337	O	n48
249.96472519441846	C	n48;1
270.50846597342445	E	n48;1
