TIME	EVENT	NODES
239.9398904675987	O	n59
251.91737397158224	S	n59;1;n131;2;n132;3
264.256074713361	S	n131;2;n159;4;n160;5
270.9649397412636	I	n159;4
283.003644560383	E	n160;5
288.5496408940298	S	n132;3;n189;6;n190;7
297.2325938618031	S	n190;7;n211;8;n212;9
306.18779637717876	E	n189;6
319.7014967309578	I	n212;9
319.84730672250197	I	n212;9
323.451126983794	S	n211;8;n247;10;n248;11
324.42155899169705	L	n159;4
326.9299560409181	S	n248;11;n249;12;n250;13
334.64198406508626	S	n249;12;n255;14;n256;15
338.51097831531484	S	n247;10;n269;16;n270;17
351.3681074054671	E	n270;17
351.37042779145395	E	n255;14
356.5243775902817	S	n250;13;n303;18;n304;19
359.43466135079467	S	n269;16;n307;20;n308;21
364.14479088522387	E	n212;9
364.49514583717956	S	n304;19;n319;22;n320;23
365.0168302374957	S	n256;15;n323;24;n324;25
368.1525611161385	S	n324;25;n331;26;n332;27
368.33285918754166	F	n307;20
368.33285918754166	F	n303;18
368.33285918754166	F	n308;21
368.33285918754166	F	n331;26
368.33285918754166	F	n323;24
368.33285918754166	F	n320;23
368.33285918754166	F	n332;27
368.33285918754166	F	n319;22
