TIME	EVENT	NODES
240.20263078577668	O	n90
280.88338111280893	E	n90;1
