TIME	EVENT	NODES
240.34287722515347	O	n104
240.4400248471713	S	n104;1;n111;2;n112;3
243.44831569456696	L	n112;3
254.1474396940903	S	n111;2;n135;4;n136;5
263.06508583952467	I	n136;5
269.9568136455443	E	n136;5
297.944722411288	S	n135;4;n213;6;n214;7
299.1473251872138	E	n214;7
305.3065589137974	S	n213;6;n225;8;n226;9
307.1270556400071	I	n225;8
324.2601856628277	E	n226;9
324.7848548775896	E	n225;8
