TIME	EVENT	NODES
240.62299490325645	O	n98
297.82959460464184	E	n98;1
