TIME	EVENT	NODES
240.67626402768397	O	n98
293.1624456491136	T	n98;1;n98;2;n200;3
294.07914662793326	E	n200;3
297.82959460464184	E	n98;2
