TIME	EVENT	NODES
240.74562265386476	O	n112
248.29956891754577	I	n112;1
278.4525291252385	E	n112;1
