TIME	EVENT	NODES
240.77367610384584	O	n86
241.46936216540882	I	n86;1
245.85340359938476	E	n86;1
