TIME	EVENT	NODES
240.92550078371224	O	n98
244.95871946875525	I	n98;1
284.66123648246247	I	n98;1
292.7124872476471	C	n98;1
297.82959460464184	E	n98;1
