TIME	EVENT	NODES
241.31111928461115	O	n90
262.3689351604327	I	n90;1
274.5440017836746	L	n90;1
