TIME	EVENT	NODES
241.53592661128633	O	n93
257.66725863711133	C	n93;1
263.1946935408616	S	n93;1;n157;2;n158;3
271.0359830191678	S	n158;3;n165;4;n166;5
276.5471977057935	I	n165;4
281.86281336619095	S	n157;2;n181;6;n182;7
297.3759122122873	E	n182;7
300.66408360617874	S	n165;4;n217;8;n218;9
301.39480262224913	S	n217;8;n219;10;n220;11
305.728733924016	I	n220;11
308.3990299196184	I	n220;11
309.22719658015154	E	n220;11
322.23550031039156	S	n219;10;n243;12;n244;13
325.62016585225894	E	n166;5
326.9191915703628	E	n181;6
327.1046107185982	E	n218;9
336.27194991669535	S	n243;12;n265;14;n266;15
337.9466629699342	E	n266;15
347.64034388032036	I	n244;13
349.260475633971	I	n244;13
354.10974447075046	I	n244;13
357.83898267386695	E	n265;14
360.41175156520734	I	n244;13
368.33285918754166	F	n244;13
