TIME	EVENT	NODES
241.55881890164898	O	n113
262.3565102374884	I	n113;1
276.06674945851347	E	n113;1
