TIME	EVENT	NODES
241.69047889577013	O	n111
254.1474396940903	S	n111;1;n135;2;n136;3
255.98052110253283	I	n135;2
267.73476733794496	L	n136;3
269.87547515303885	T	n135;2;n135;4;n153;5
291.6148295818952	I	n135;4
294.27007287477545	S	n153;5;n205;6;n206;7
297.944722411288	S	n135;4;n213;8;n214;9
298.1283204238227	S	n206;7;n215;10;n216;11
299.1473251872138	E	n214;9
301.7496501463424	E	n216;11
305.3065589137974	S	n213;8;n225;12;n226;13
311.40582175818207	C	n205;6
317.95191712615843	I	n205;6
319.07651593813614	C	n205;6
324.2601856628277	E	n226;13
324.7848548775896	E	n225;12
341.5385477573434	S	n215;10;n277;14;n278;15
350.1336863331988	I	n205;6
363.7179365725955	E	n277;14
363.72092949357767	S	n205;6;n313;16;n314;17
368.33285918754166	F	n314;17
368.33285918754166	F	n313;16
368.33285918754166	F	n278;15
