TIME	EVENT	NODES
241.78409109253303	O	n112
278.4525291252385	E	n112;1
