TIME	EVENT	NODES
241.8994675454264	O	n113
267.75566348543316	C	n113;1
276.06674945851347	E	n113;1
