TIME	EVENT	NODES
241.9300590246767	O	n72
254.2371808775152	I	n72;1
254.31869674795763	S	n72;1;n137;2;n138;3
257.6445339345643	I	n137;2
260.4938722965727	C	n137;2
262.48313050699846	S	n137;2;n155;4;n156;5
268.08312347105647	S	n138;3;n163;6;n164;7
272.21032096593177	D	n163;6;n163;8;n163;9
277.8106349986983	E	n163;8
277.8106349986983	E	n163;9
279.3689247604448	E	n164;7
280.9346084359787	E	n156;5
302.77518792485097	S	n155;4;n221;10;n222;11
307.2305169196807	C	n221;10
314.3193370741534	E	n222;11
327.7759177373262	D	n221;10;n221;12;n221;13
331.1126709654438	I	n221;12
331.1126709654438	I	n221;13
355.1259564533576	C	n221;13
355.1259564533576	C	n221;12
368.33285918754166	F	n221;13
368.33285918754166	F	n221;12
