TIME	EVENT	NODES
242.15580548806267	O	n105
261.5229739998466	I	n105;1
273.81119077843687	I	n105;1
287.2418716608485	D	n105;1;n105;2;n105;3
287.2898658895813	E	n105;2
287.2898658895813	E	n105;3
