TIME	EVENT	NODES
242.36844240165146	O	n108
249.10861886800265	S	n108;1;n125;2;n126;3
256.96114287753085	S	n126;3;n147;4;n148;5
262.43014142332055	E	n148;5
270.72187386103286	C	n125;2
272.65154383891263	I	n147;4
275.11850929823515	S	n125;2;n171;6;n172;7
277.31955352504326	T	n172;7;n172;8;n167;9
278.6214938342557	E	n167;9
280.99606888137157	I	n147;4
283.3629310829571	S	n147;4;n183;10;n184;11
288.4668300512788	I	n184;11
293.6183387782659	E	n184;11
294.1998026308451	E	n171;6
312.6900343152534	I	n172;8
315.41472492191235	E	n172;8
349.00530575206363	E	n183;10
