TIME	EVENT	NODES
242.65201661369895	O	n86
245.85340359938476	E	n86;1
