TIME	EVENT	NODES
242.79380738509465	O	n86
245.85340359938476	E	n86;1
