TIME	EVENT	NODES
242.83333346798636	O	n113
247.31031693571558	I	n113;1
253.1944403711202	I	n113;1
265.9071127855723	I	n113;1
276.06674945851347	E	n113;1
