TIME	EVENT	NODES
242.95829996611423	O	n115
244.65686309263035	S	n115;1;n117;2;n118;3
245.60380920404123	E	n118;3
257.96943292643004	I	n117;2
277.94369181056504	C	n117;2
278.8778393829385	E	n117;2
