TIME	EVENT	NODES
243.0935938825166	O	n112
278.4525291252385	E	n112;1
