TIME	EVENT	NODES
243.10181964810295	O	n106
245.17477399778085	I	n106;1
247.89276809742267	S	n106;1;n121;2;n122;3
260.90947958746915	T	n121;2;n121;4;n143;5
261.6291738439399	E	n121;4
273.5864034493894	E	n122;3
274.68520477779253	E	n143;5
