TIME	EVENT	NODES
243.38886897702213	O	n97
245.46924855286684	I	n97;1
249.03530572249304	S	n97;1;n123;2;n124;3
254.59397657947247	S	n123;2;n139;4;n140;5
255.08922900163986	E	n139;4
258.8150958922131	S	n124;3;n149;6;n150;7
263.5573497021682	I	n149;6
275.3394929136777	E	n140;5
276.1901383707441	I	n150;7
293.4401227103343	E	n150;7
313.2735372024965	E	n149;6
