TIME	EVENT	NODES
243.54164614973217	O	n98
249.00999249924945	I	n98;1
297.82959460464184	E	n98;1
