TIME	EVENT	NODES
243.67061731313342	O	n113
262.96903148849134	I	n113;1
276.06674945851347	E	n113;1
