TIME	EVENT	NODES
243.68300525043188	O	n90
280.88338111280893	E	n90;1
