TIME	EVENT	NODES
243.69587902256603	O	n105
287.2898658895813	E	n105;1
