TIME	EVENT	NODES
244.06014236338663	O	n64
248.88117897606477	E	n64;1
