TIME	EVENT	NODES
244.1673457988607	O	n98
284.66123648246247	I	n98;1
293.92191435795326	L	n98;1
