TIME	EVENT	NODES
244.36692436529356	O	n105
262.94527190252023	I	n105;1
287.2898658895813	E	n105;1
