TIME	EVENT	NODES
244.45393683215138	O	n106
247.89276809742267	S	n106;1;n121;2;n122;3
247.99752340897027	C	n121;2
261.6291738439399	E	n121;2
272.99233382290697	T	n122;3;n122;4;n165;5
273.5864034493894	E	n122;4
287.7431072865575	I	n165;5
300.66408360617874	S	n165;5;n217;6;n218;7
301.39480262224913	S	n217;6;n219;8;n220;9
309.22719658015154	E	n220;9
320.8517693483702	I	n219;8
322.23550031039156	S	n219;8;n243;10;n244;11
327.1046107185982	E	n218;7
336.27194991669535	S	n243;10;n265;12;n266;13
337.9466629699342	E	n266;13
350.26948367359995	I	n244;11
357.83898267386695	E	n265;12
358.428897058889	I	n244;11
368.33285918754166	F	n244;11
