TIME	EVENT	NODES
244.50442463560898	O	n72
254.2371808775152	I	n72;1
254.31869674795763	S	n72;1;n137;2;n138;3
262.48313050699846	S	n137;2;n155;4;n156;5
268.08312347105647	S	n138;3;n163;6;n164;7
270.0389489260442	C	n164;7
276.4240219198855	D	n163;6;n163;8;n163;9
277.8106349986983	E	n163;8
277.8106349986983	E	n163;9
279.3689247604448	E	n164;7
280.9346084359787	E	n156;5
302.77518792485097	S	n155;4;n221;10;n222;11
303.20810982052006	I	n222;11
314.3193370741534	E	n222;11
334.13866898110064	I	n221;10
346.8347044409321	I	n221;10
368.33285918754166	F	n221;10
