TIME	EVENT	NODES
244.50980026901956	O	n48
270.50846597342445	E	n48;1
