TIME	EVENT	NODES
0	O	Root
0.0	S	Root;1;n1;2;n2;3
3.1666165578372114	L	n2;3
11.210418055824807	T	n1;2;n1;4;n6;5
12.049627919615546	E	n1;4
41.7308661144652	E	n6;5
