TIME	EVENT	NODES
244.68402632224445	O	n117
250.93318544390644	I	n117;1
251.75225515579757	I	n117;1
255.97108838585186	C	n117;1
278.8778393829385	E	n117;1
