TIME	EVENT	NODES
245.101545781257	O	n48
252.95108101764953	I	n48;1
270.50846597342445	E	n48;1
