TIME	EVENT	NODES
0	O	Root
0.0	S	Root;1;n1;2;n2;3
3.2265121368497676	S	n2;3;n3;4;n4;5
6.0891450189117755	S	n4;5;n5;6;n6;7
12.049627919615546	E	n1;2
16.593487668547326	I	n5;6
19.510104249706686	C	n6;7
30.337553612540763	S	n3;4;n7;8;n8;9
32.73449897935381	I	n6;7
41.7308661144652	E	n6;7
46.478728420132114	S	n8;9;n9;10;n10;11
56.26448388891753	I	n9;10
64.01023980997324	I	n7;8
64.09437437778018	I	n5;6
65.79458869924449	S	n5;6;n11;12;n12;13
69.37456942524412	L	n12;13
74.8009767041303	I	n11;12
75.20098439741315	L	n9;10
76.83040379162496	S	n10;11;n13;14;n14;15
78.67196232775571	E	n11;12
80.65664055191147	S	n14;15;n15;16;n16;17
81.9000013712729	I	n15;16
84.43322403909549	I	n13;14
86.7197998064653	I	n13;14
90.03849608767848	E	n15;16
90.74528338734476	E	n16;17
92.2496143381942	I	n13;14
97.23356986850831	L	n13;14
112.64269923245772	L	n7;8
