TIME	EVENT	NODES
245.22065326959188	O	n72
250.3995970955104	I	n72;1
254.31869674795763	S	n72;1;n137;2;n138;3
256.4745407084961	C	n137;2
262.48313050699846	S	n137;2;n155;4;n156;5
268.08312347105647	S	n138;3;n163;6;n164;7
277.8106349986983	E	n163;6
279.3689247604448	E	n164;7
280.9346084359787	E	n156;5
292.8282463973618	D	n155;4;n155;8;n155;9
302.77518792485097	S	n155;8;n221;10;n222;11
302.77518792485097	S	n155;9;n221;12;n222;13
304.4319058987195	T	n221;10;n221;14;n166;15
314.3193370741534	E	n222;11
314.3193370741534	E	n222;13
325.62016585225894	E	n166;15
326.9226621708812	I	n221;14
326.9226621708812	I	n221;12
354.1721066881027	I	n221;12
354.1721066881027	I	n221;14
362.59174599317913	C	n221;14
362.59174599317913	C	n221;12
368.33285918754166	F	n221;14
368.33285918754166	F	n221;12
