TIME	EVENT	NODES
245.37681403569488	O	n98
297.82959460464184	E	n98;1
