TIME	EVENT	NODES
245.60856569982585	O	n105
263.33913961500696	I	n105;1
267.40743961506746	I	n105;1
270.8713022649682	I	n105;1
271.5695817841202	I	n105;1
286.7658997680447	C	n105;1
287.2898658895813	E	n105;1
