TIME	EVENT	NODES
245.86935427161495	O	n97
249.03530572249304	S	n97;1;n123;2;n124;3
254.59397657947247	S	n123;2;n139;4;n140;5
255.08922900163986	E	n139;4
258.8150958922131	S	n124;3;n149;6;n150;7
275.3394929136777	E	n140;5
276.7430499306799	I	n149;6
283.7138324839096	T	n150;7;n150;8;n98;9
293.4401227103343	E	n150;8
297.82959460464184	E	n98;9
298.04106042265215	I	n149;6
313.2735372024965	E	n149;6
