TIME	EVENT	NODES
246.01026259392316	O	n98
297.82959460464184	E	n98;1
