TIME	EVENT	NODES
246.01548664986836	O	n113
271.0621451154561	C	n113;1
276.06674945851347	E	n113;1
