TIME	EVENT	NODES
246.37883354660855	O	n70
256.74972332501403	S	n70;1;n145;2;n146;3
262.2803787034496	T	n146;3;n146;4;n149;5
262.64346689285753	I	n145;2
275.0960935428681	S	n146;4;n169;6;n170;7
275.8505257194636	S	n145;2;n173;8;n174;9
276.778106847264	S	n169;6;n177;10;n178;11
277.1745634350555	D	n170;7;n170;12;n170;13
283.04574875614173	L	n174;9
289.08385499798777	I	n178;11
289.7660671719976	S	n177;10;n191;14;n192;15
292.56408620681617	S	n191;14;n197;16;n198;17
294.2477798345261	T	n192;15;n192;18;n165;19
295.7101501024865	E	n178;11
297.88510067996623	E	n197;16
300.30969120524804	C	n192;18
300.66408360617874	S	n165;19;n217;20;n218;21
301.39480262224913	S	n217;20;n219;22;n220;23
309.21205838172443	S	n198;17;n231;24;n232;25
309.22719658015154	E	n220;23
309.9627003382464	I	n219;22
313.2735372024965	E	n149;5
314.07631107497855	D	n173;8;n173;26;n173;27
314.5087251124538	E	n173;26
314.5087251124538	E	n173;27
316.27600896896894	E	n192;18
317.30612004847615	S	n232;25;n239;28;n240;29
320.12042892592933	D	n170;13;n170;30;n170;31
322.23550031039156	S	n219;22;n243;32;n244;33
327.1046107185982	E	n218;21
328.38417016134997	I	n243;32
335.14844581859495	S	n231;24;n259;34;n260;35
336.27194991669535	S	n243;32;n265;36;n266;37
337.9466629699342	E	n266;37
345.542782614695	I	n259;34
345.7120115424733	C	n265;36
347.06674726861996	D	n170;30;n170;38;n170;39
348.6720819320871	E	n240;29
348.7564267084988	E	n259;34
357.83898267386695	E	n265;36
365.3354294195512	E	n260;35
365.6675909654996	S	n239;28;n327;40;n328;41
368.33285918754166	F	n327;40
368.33285918754166	F	n328;41
368.33285918754166	F	n244;33
368.33285918754166	F	n170;12
368.33285918754166	F	n170;38
368.33285918754166	F	n170;39
368.33285918754166	F	n170;31
