TIME	EVENT	NODES
246.42736644973797	O	n111
254.1474396940903	S	n111;1;n135;2;n136;3
269.9568136455443	E	n136;3
288.2373628162395	I	n135;2
297.944722411288	S	n135;2;n213;4;n214;5
299.1473251872138	E	n214;5
305.3065589137974	S	n213;4;n225;6;n226;7
322.1047830167662	I	n225;6
324.2601856628277	E	n226;7
324.7848548775896	E	n225;6
