TIME	EVENT	NODES
246.83205784858148	O	n112
278.4525291252385	E	n112;1
