TIME	EVENT	NODES
246.87800175739244	O	n102
253.10530453682208	S	n102;1;n133;2;n134;3
254.85733682858677	S	n134;3;n143;4;n144;5
270.58103165003644	C	n144;5
274.68520477779253	E	n143;4
276.551795131478	S	n144;5;n175;6;n176;7
285.76396366295205	E	n176;7
285.93540831869973	L	n133;2
291.6599992205122	D	n175;6;n175;8;n175;9
296.4430408222861	E	n175;8
296.4430408222861	E	n175;9
