TIME	EVENT	NODES
247.00053654103255	O	n64
248.88117897606477	E	n64;1
