TIME	EVENT	NODES
247.01637505415127	O	n114
249.97380441710808	C	n114;1
260.0079447944091	E	n114;1
