TIME	EVENT	NODES
247.2207559412328	O	n109
269.3755689499949	L	n109;1
