TIME	EVENT	NODES
247.29210859244523	O	n98
297.82959460464184	E	n98;1
