TIME	EVENT	NODES
247.68314395565926	O	n93
263.1946935408616	S	n93;1;n157;2;n158;3
271.0359830191678	S	n158;3;n165;4;n166;5
273.16870987401694	T	n165;4;n165;6;n145;7
275.8505257194636	S	n145;7;n173;8;n174;9
281.86281336619095	S	n157;2;n181;10;n182;11
287.7431072865575	I	n165;6
289.95957598744815	I	n181;10
297.3759122122873	E	n182;11
297.42319265334345	T	n181;10;n181;12;n212;13
300.66408360617874	S	n165;6;n217;14;n218;15
301.39480262224913	S	n217;14;n219;16;n220;17
309.22719658015154	E	n220;17
314.5087251124538	E	n173;8
316.64521563171144	E	n174;9
320.8517693483702	I	n219;16
322.23550031039156	S	n219;16;n243;18;n244;19
325.62016585225894	E	n166;5
326.9191915703628	E	n181;12
327.1046107185982	E	n218;15
336.27194991669535	S	n243;18;n265;20;n266;21
337.9466629699342	E	n266;21
357.83898267386695	E	n265;20
357.86710060650717	C	n244;19
364.14479088522387	E	n212;13
368.33285918754166	F	n244;19
