TIME	EVENT	NODES
247.69060806293757	O	n106
247.89276809742267	S	n106;1;n121;2;n122;3
261.6291738439399	E	n121;2
271.79854590847935	I	n122;3
272.23556454167283	I	n122;3
273.5864034493894	E	n122;3
