TIME	EVENT	NODES
247.90274534409323	O	n105
287.2898658895813	E	n105;1
