TIME	EVENT	NODES
248.0882905619347	O	n90
256.5885076319931	I	n90;1
280.88338111280893	E	n90;1
