TIME	EVENT	NODES
248.42933077407102	O	n113
276.06674945851347	E	n113;1
