TIME	EVENT	NODES
248.4503775482804	O	n111
254.1474396940903	S	n111;1;n135;2;n136;3
255.9823632189938	L	n136;3
256.00323742073846	I	n135;2
297.944722411288	S	n135;2;n213;4;n214;5
299.1473251872138	E	n214;5
305.3065589137974	S	n213;4;n225;6;n226;7
324.2601856628277	E	n226;7
324.7848548775896	E	n225;6
