TIME	EVENT	NODES
248.5380930046096	O	n93
259.1861719254505	T	n93;1;n93;2;n144;3
263.1946935408616	S	n93;2;n157;4;n158;5
264.34912529982597	I	n144;3
271.0359830191678	S	n158;5;n165;6;n166;7
276.551795131478	S	n144;3;n175;8;n176;9
281.86281336619095	S	n157;4;n181;10;n182;11
282.5415858570426	I	n175;8
283.2501982738521	L	n175;8
284.3372744608506	L	n176;9
293.05231196908426	D	n182;11;n182;12;n182;13
295.0476796358419	I	n165;6
297.3759122122873	E	n182;12
297.3759122122873	E	n182;13
299.3931679899951	T	n165;6;n165;14;n202;15
300.66408360617874	S	n165;14;n217;16;n218;17
301.39480262224913	S	n217;16;n219;18;n220;19
303.7028684693965	I	n181;10
305.99025340734033	E	n202;15
309.22719658015154	E	n220;19
311.3767206798937	T	n166;7;n166;20;n142;21
312.1421772672062	E	n142;21
314.1394225664502	L	n181;10
314.5103264324341	C	n218;17
318.72401865689216	I	n218;17
322.23550031039156	S	n219;18;n243;22;n244;23
325.62016585225894	E	n166;20
327.1046107185982	E	n218;17
327.90952689222627	I	n244;23
336.27194991669535	S	n243;22;n265;24;n266;25
337.9466629699342	E	n266;25
357.83898267386695	E	n265;24
368.33285918754166	F	n244;23
