TIME	EVENT	NODES
248.80040080639054	O	n109
266.4584557053236	I	n109;1
279.09530949902756	C	n109;1
280.2536437944675	I	n109;1
315.342886568578	E	n109;1
