TIME	EVENT	NODES
0	O	Root
0.0	S	Root;1;n1;2;n2;3
2.315694304849449	I	n2;3
3.2265121368497676	S	n2;3;n3;4;n4;5
6.0891450189117755	S	n4;5;n5;6;n6;7
9.903550615132247	I	n1;2
12.049627919615546	E	n1;2
16.245166068451066	I	n5;6
20.272241724127962	L	n3;4
39.39882404143019	L	n6;7
39.39882404143019	T	n5;6;n5;8;n6;9
41.7308661144652	E	n6;9
64.09437437778018	I	n5;8
65.79458869924449	S	n5;8;n11;10;n12;11
70.20490973186284	L	n11;10
70.20490973186284	T	n12;11;n12;12;n11;13
74.06156145222288	I	n12;12
74.8009767041303	I	n11;13
78.67196232775571	E	n11;13
80.59920766624008	E	n12;12
