TIME	EVENT	NODES
249.26126774514668	O	n111
254.1474396940903	S	n111;1;n135;2;n136;3
260.5477629054291	I	n135;2
269.9568136455443	E	n136;3
293.0151813795804	T	n135;2;n135;4;n195;5
297.944722411288	S	n135;4;n213;6;n214;7
299.1473251872138	E	n214;7
301.5187902891868	E	n195;5
305.3065589137974	S	n213;6;n225;8;n226;9
324.2601856628277	E	n226;9
324.7848548775896	E	n225;8
