TIME	EVENT	NODES
249.2839324428317	O	n112
260.2431281676558	I	n112;1
278.4525291252385	E	n112;1
