TIME	EVENT	NODES
249.37989811470143	O	n121
251.81715272645854	C	n121;1
261.6291738439399	E	n121;1
