TIME	EVENT	NODES
249.38113082079383	O	n105
253.64854617375636	I	n105;1
287.2898658895813	E	n105;1
