TIME	EVENT	NODES
249.42070240310187	O	n119
254.6017951755659	S	n119;1;n141;2;n142;3
259.28999588796853	S	n141;2;n153;4;n154;5
262.1282244169377	C	n153;4
267.6230845290778	E	n154;5
280.33188618830695	I	n153;4
285.7756321793294	T	n153;4;n153;6;n178;7
294.27007287477545	S	n153;6;n205;8;n206;9
295.7101501024865	E	n178;7
298.1283204238227	S	n206;9;n215;10;n216;11
300.65473566933446	C	n142;3
301.7496501463424	E	n216;11
312.1421772672062	E	n142;3
313.404703810911	D	n205;8;n205;12;n205;13
334.20092842463123	C	n215;10
334.93922532453286	I	n205;12
334.93922532453286	I	n205;13
341.5385477573434	S	n215;10;n277;14;n278;15
346.81084631664214	I	n278;15
360.2928745396891	I	n205;13
360.2928745396891	I	n205;12
363.7179365725955	E	n277;14
363.72092949357767	S	n205;12;n313;16;n314;17
363.72092949357767	S	n205;13;n313;18;n314;19
367.5704861548834	C	n278;15
368.33285918754166	F	n314;17
368.33285918754166	F	n314;19
368.33285918754166	F	n313;16
368.33285918754166	F	n313;18
368.33285918754166	F	n278;15
