TIME	EVENT	NODES
249.44333606945827	O	n59
251.91737397158224	S	n59;1;n131;2;n132;3
264.256074713361	S	n131;2;n159;4;n160;5
283.003644560383	E	n160;5
284.43120991856216	I	n159;4
288.5496408940298	S	n132;3;n189;6;n190;7
297.2325938618031	S	n190;7;n211;8;n212;9
303.10430601184896	L	n189;6
310.60753374800777	I	n159;4
323.451126983794	S	n211;8;n247;10;n248;11
326.9299560409181	S	n248;11;n249;12;n250;13
327.9596831933602	C	n249;12
328.2146319613769	S	n159;4;n253;14;n254;15
329.5211119898251	I	n247;10
332.44564225059	T	n253;14;n253;16;n230;17
333.69138063644215	L	n247;10
333.69138063644215	T	n249;12;n249;18;n247;19
333.855436393934	I	n230;17
334.64198406508626	S	n249;18;n255;20;n256;21
335.92113620132585	S	n254;15;n263;22;n264;23
338.51097831531484	S	n247;19;n269;24;n270;25
339.658731161582	S	n264;23;n271;26;n272;27
343.50189851422664	I	n269;24
345.1292055116986	C	n263;22
345.71198993976384	E	n253;16
349.1338199672426	I	n272;27
350.01881680023104	I	n256;21
351.3681074054671	E	n270;25
351.37042779145395	E	n255;20
356.5243775902817	S	n250;13;n303;28;n304;29
357.52874404070394	C	n271;26
359.43466135079467	S	n269;24;n307;30;n308;31
361.7971077523211	S	n272;27;n309;32;n310;33
364.14479088522387	E	n212;9
364.3482340449381	D	n230;17;n230;34;n230;35
364.39265661618424	S	n310;33;n317;36;n318;37
364.49514583717956	S	n304;29;n319;38;n320;39
365.0168302374957	S	n256;21;n323;40;n324;41
365.0417268907298	E	n263;22
365.9406802548836	S	n318;37;n329;42;n330;43
368.1525611161385	S	n324;41;n331;44;n332;45
368.33285918754166	F	n230;34
368.33285918754166	F	n230;35
368.33285918754166	F	n330;43
368.33285918754166	F	n307;30
368.33285918754166	F	n329;42
368.33285918754166	F	n303;28
368.33285918754166	F	n271;26
368.33285918754166	F	n308;31
368.33285918754166	F	n331;44
368.33285918754166	F	n323;40
368.33285918754166	F	n320;39
368.33285918754166	F	n332;45
368.33285918754166	F	n317;36
368.33285918754166	F	n309;32
368.33285918754166	F	n319;38
