TIME	EVENT	NODES
249.7215021061589	O	n112
278.4525291252385	E	n112;1
