TIME	EVENT	NODES
249.80818147689922	O	n114
260.0079447944091	E	n114;1
