TIME	EVENT	NODES
249.84684857411108	O	n117
278.8778393829385	E	n117;1
