TIME	EVENT	NODES
249.87918416830942	O	n111
254.1474396940903	S	n111;1;n135;2;n136;3
269.9568136455443	E	n136;3
294.7088920800609	T	n135;2;n135;4;n165;5
297.944722411288	S	n135;4;n213;6;n214;7
299.1473251872138	E	n214;7
300.66408360617874	S	n165;5;n217;8;n218;9
301.39480262224913	S	n217;8;n219;10;n220;11
305.3065589137974	S	n213;6;n225;12;n226;13
309.22719658015154	E	n220;11
313.20921954296705	I	n218;9
322.1667929875746	I	n225;12
322.23550031039156	S	n219;10;n243;14;n244;15
324.2601856628277	E	n226;13
324.7848548775896	E	n225;12
327.1046107185982	E	n218;9
330.39353539494465	T	n243;14;n243;16;n250;17
331.70334085605754	I	n243;16
336.27194991669535	S	n243;16;n265;18;n266;19
337.9466629699342	E	n266;19
356.5243775902817	S	n250;17;n303;20;n304;21
357.83898267386695	E	n265;18
364.0326981951225	I	n304;21
364.49514583717956	S	n304;21;n319;22;n320;23
366.43105481781936	I	n244;15
368.33285918754166	F	n303;20
368.33285918754166	F	n244;15
368.33285918754166	F	n320;23
368.33285918754166	F	n319;22
