TIME	EVENT	NODES
249.9770059149037	O	n48
252.185040265389	I	n48;1
270.50846597342445	E	n48;1
