TIME	EVENT	NODES
250.0179835072246	O	n121
261.6291738439399	E	n121;1
