TIME	EVENT	NODES
250.18599899705728	O	n117
278.8778393829385	E	n117;1
