TIME	EVENT	NODES
0	O	Root
0.0	S	Root;1;n1;2;n2;3
2.315694304849449	I	n2;3
2.759766798352987	L	n1;2
3.2265121368497676	S	n2;3;n3;4;n4;5
6.0891450189117755	S	n4;5;n5;6;n6;7
14.277491641907682	L	n3;4
14.277491641907682	T	n6;7;n6;8;n3;9
16.245166068451066	I	n5;6
30.337553612540763	S	n3;9;n7;10;n8;11
41.7308661144652	E	n6;8
46.478728420132114	S	n8;11;n9;12;n10;13
58.46303900865646	L	n7;10
64.09437437778018	I	n5;6
65.79458869924449	S	n5;6;n11;14;n12;15
74.06156145222288	I	n12;15
74.7978525524756	I	n10;13
76.83040379162496	S	n10;13;n13;16;n14;17
77.09812996482208	I	n14;17
77.13666020197577	I	n14;17
78.67196232775571	E	n11;14
80.59920766624008	E	n12;15
80.65664055191147	S	n14;17;n15;18;n16;19
90.03849608767848	E	n15;18
90.74528338734476	E	n16;19
93.97835620211282	I	n9;12
94.18169334737145	L	n9;12
100.0082568610545	S	n13;16;n17;20;n18;21
105.5614428803616	T	n17;20;n17;22;n20;23
107.60945350383147	C	n17;22
111.66586617081315	S	n18;21;n21;24;n22;25
112.78873954522729	I	n22;25
113.38200309077787	L	n17;22
116.23201861452017	I	n21;24
131.05163357451565	E	n21;24
137.33366044182898	S	n22;25;n25;26;n26;27
142.7155834077547	E	n25;26
148.9849759202454	S	n20;23;n27;28;n28;29
149.3238145096331	S	n26;27;n29;30;n30;31
150.84222171296392	E	n30;31
153.15396712937255	S	n28;29;n35;32;n36;33
156.44839493997353	C	n35;32
157.54047520882594	I	n36;33
157.94158287949656	L	n35;32
158.07812353108963	I	n29;30
166.54278869017284	E	n27;28
168.98360319176706	S	n36;33;n43;34;n44;35
170.74431018111153	S	n43;34;n45;36;n46;37
170.886815497308	I	n45;36
177.51846234063663	E	n45;36
187.68489901940544	E	n46;37
189.4429084824666	S	n44;35;n63;38;n64;39
198.4579808392204	I	n29;30
217.10122037003637	S	n63;38;n87;40;n88;41
218.6005255795135	L	n87;40
221.43934374417597	T	n88;41;n88;42;n78;43
224.34369207996875	S	n29;30;n91;44;n92;45
226.3022639445042	E	n78;43
227.54637249049256	E	n91;44
232.8439288366906	E	n88;42
248.88117897606477	E	n64;39
251.1517682979901	S	n92;45;n127;46;n128;47
251.5390235914055	E	n128;47
252.12530402237599	C	n127;46
252.87678478256842	E	n127;46
