TIME	EVENT	NODES
250.7154130701952	O	n113
276.06674945851347	E	n113;1
