TIME	EVENT	NODES
250.72849705431864	O	n98
297.82959460464184	E	n98;1
