TIME	EVENT	NODES
251.02665208313545	O	n122
273.5864034493894	E	n122;1
