TIME	EVENT	NODES
251.24654440281316	O	n95
271.5541373875477	S	n95;1;n167;2;n168;3
278.37777927242377	S	n168;3;n179;4;n180;5
278.6214938342557	E	n167;2
282.56958360049487	E	n179;4
283.10812510945766	I	n180;5
292.321064504694	E	n180;5
