TIME	EVENT	NODES
251.29848519173396	O	n95
259.5221931249076	I	n95;1
271.5541373875477	S	n95;1;n167;2;n168;3
271.938069183353	C	n168;3
278.37777927242377	S	n168;3;n179;4;n180;5
278.6214938342557	E	n167;2
282.56958360049487	E	n179;4
292.321064504694	E	n180;5
