TIME	EVENT	NODES
251.35515101037188	O	n128
251.5390235914055	E	n128;1
