TIME	EVENT	NODES
251.39684063715814	O	n122
255.76131034529357	I	n122;1
273.5864034493894	E	n122;1
