TIME	EVENT	NODES
251.4450019658959	O	n117
265.8927708892545	T	n117;1;n117;2;n150;3
273.9952115706018	I	n150;3
278.8778393829385	E	n117;2
293.4401227103343	E	n150;3
