TIME	EVENT	NODES
251.70171526019234	O	n127
252.87678478256842	E	n127;1
