TIME	EVENT	NODES
251.72531204559434	O	n112
278.4525291252385	E	n112;1
