TIME	EVENT	NODES
251.77590402181804	O	n114
260.0079447944091	E	n114;1
