TIME	EVENT	NODES
251.8570653888283	O	n127
252.87678478256842	E	n127;1
