TIME	EVENT	NODES
252.02754402989606	O	n126
256.96114287753085	S	n126;1;n147;2;n148;3
261.04601527261536	L	n147;2
262.43014142332055	E	n148;3
