TIME	EVENT	NODES
252.0721848551358	O	n125
257.0872368403602	C	n125;1
275.11850929823515	S	n125;1;n171;2;n172;3
275.1680262996976	I	n172;3
294.1998026308451	E	n171;2
315.41472492191235	E	n172;3
