TIME	EVENT	NODES
252.23899113148647	O	n119
254.6017951755659	S	n119;1;n141;2;n142;3
257.1531989934401	L	n141;2
312.1421772672062	E	n142;3
