TIME	EVENT	NODES
252.3801887106917	O	n112
270.23796323624396	C	n112;1
278.4525291252385	E	n112;1
