TIME	EVENT	NODES
252.41163751706128	O	n121
261.6291738439399	E	n121;1
