TIME	EVENT	NODES
252.67649862926368	O	n114
260.0079447944091	E	n114;1
