TIME	EVENT	NODES
252.72605141378457	O	n107
260.4763138377787	T	n107;1;n107;2;n150;3
266.80294771333917	S	n107;2;n161;4;n162;5
271.44180738641217	I	n162;5
277.04604187489826	E	n161;4
285.9456044299885	S	n162;5;n185;6;n186;7
286.03215527094295	I	n185;6
292.01152244219134	S	n186;7;n195;8;n196;9
293.4401227103343	E	n150;3
296.7804733096652	S	n196;9;n207;10;n208;11
297.0629604503978	C	n195;8
297.77429733878824	E	n208;11
298.5182981782411	E	n207;10
301.5187902891868	E	n195;8
306.7118637562414	E	n185;6
