TIME	EVENT	NODES
252.73024918584	O	n112
278.4525291252385	E	n112;1
