TIME	EVENT	NODES
252.77209358130077	O	n121
261.6291738439399	E	n121;1
