TIME	EVENT	NODES
253.02079461679403	O	n117
278.8778393829385	E	n117;1
