TIME	EVENT	NODES
253.03364797099252	O	n111
254.1474396940903	S	n111;1;n135;2;n136;3
269.9568136455443	E	n136;3
288.2373628162395	I	n135;2
295.29102773422574	I	n135;2
297.944722411288	S	n135;2;n213;4;n214;5
299.1473251872138	E	n214;5
303.1142375070021	I	n213;4
305.3065589137974	S	n213;4;n225;6;n226;7
307.94793863908205	L	n226;7
324.7848548775896	E	n225;6
