TIME	EVENT	NODES
253.14993769938272	O	n134
254.85733682858677	S	n134;1;n143;2;n144;3
274.68520477779253	E	n143;2
276.551795131478	S	n144;3;n175;4;n176;5
276.9705052547547	I	n175;4
285.76396366295205	E	n176;5
288.36586725968	I	n175;4
296.4430408222861	E	n175;4
