TIME	EVENT	NODES
253.23366478837158	O	n123
254.59397657947247	S	n123;1;n139;2;n140;3
255.08922900163986	E	n139;2
269.5091136771833	T	n140;3;n140;4;n48;5
270.50846597342445	E	n48;5
275.3394929136777	E	n140;4
