TIME	EVENT	NODES
253.36758189195407	O	n70
256.74972332501403	S	n70;1;n145;2;n146;3
267.85985264361386	I	n146;3
275.0960935428681	S	n146;3;n169;4;n170;5
275.8505257194636	S	n145;2;n173;6;n174;7
276.778106847264	S	n169;4;n177;8;n178;9
280.7668153566784	C	n178;9
289.7660671719976	S	n177;8;n191;10;n192;11
289.7892062108702	I	n192;11
292.56408620681617	S	n191;10;n197;12;n198;13
295.7101501024865	E	n178;9
297.88510067996623	E	n197;12
309.21205838172443	S	n198;13;n231;14;n232;15
314.5087251124538	E	n173;6
316.27600896896894	E	n192;11
316.64521563171144	E	n174;7
317.30612004847615	S	n232;15;n239;16;n240;17
335.08776213692965	I	n231;14
335.14844581859495	S	n231;14;n259;18;n260;19
348.5307779956397	T	n260;19;n260;20;n276;21
348.6720819320871	E	n240;17
348.7564267084988	E	n259;18
350.6247674253394	S	n276;21;n295;22;n296;23
355.8778505990836	S	n295;22;n301;24;n302;25
356.04637168873495	T	n296;23;n296;26;n288;27
357.1757291726746	S	n301;24;n305;28;n306;29
359.2813909499362	C	n306;29
359.4994517234209	I	n239;16
360.66748199542366	E	n306;29
361.08696859282776	I	n296;26
361.6919516242395	I	n288;27
362.74617826726444	T	n302;25;n302;30;n230;31
364.0086300239402	S	n305;28;n315;32;n316;33
364.2938925195476	I	n260;20
364.8824680743981	S	n302;30;n321;34;n322;35
365.3354294195512	E	n260;20
365.6675909654996	S	n239;16;n327;36;n328;37
366.28617395488055	I	n315;32
368.33285918754166	F	n316;33
368.33285918754166	F	n230;31
368.33285918754166	F	n322;35
368.33285918754166	F	n296;26
368.33285918754166	F	n288;27
368.33285918754166	F	n327;36
368.33285918754166	F	n328;37
368.33285918754166	F	n170;5
368.33285918754166	F	n321;34
368.33285918754166	F	n315;32
