TIME	EVENT	NODES
253.75141289633808	O	n121
261.6291738439399	E	n121;1
