TIME	EVENT	NODES
253.75215701800136	O	n114
260.0079447944091	E	n114;1
