TIME	EVENT	NODES
253.95240184179568	O	n117
278.8778393829385	E	n117;1
