TIME	EVENT	NODES
254.45243465169168	O	n124
258.8150958922131	S	n124;1;n149;2;n150;3
293.4401227103343	E	n150;3
298.4112472058891	I	n149;2
309.5800034549537	T	n149;2;n149;4;n228;5
313.2735372024965	E	n149;4
342.3523845263514	S	n228;5;n281;6;n282;7
347.8337856826181	I	n282;7
368.33285918754166	F	n282;7
368.33285918754166	F	n281;6
