TIME	EVENT	NODES
254.54126057784603	O	n90
270.6336862936536	I	n90;1
271.7170818175748	I	n90;1
280.88338111280893	E	n90;1
