TIME	EVENT	NODES
254.58356594731953	O	n113
276.06674945851347	E	n113;1
