TIME	EVENT	NODES
254.6011048835868	O	n134
254.85733682858677	S	n134;1;n143;2;n144;3
255.68865051768674	T	n143;2;n143;4;n121;5
261.6291738439399	E	n121;5
274.68520477779253	E	n143;4
276.551795131478	S	n144;3;n175;6;n176;7
285.76396366295205	E	n176;7
296.4430408222861	E	n175;6
