TIME	EVENT	NODES
254.61139367101325	O	n114
260.0079447944091	E	n114;1
