TIME	EVENT	NODES
254.64160107075242	O	n121
261.6291738439399	E	n121;1
