TIME	EVENT	NODES
254.8306898229647	O	n138
261.9838431381155	I	n138;1
268.08312347105647	S	n138;1;n163;2;n164;3
269.0644024904315	L	n164;3
277.8106349986983	E	n163;2
