TIME	EVENT	NODES
254.90236721084486	O	n136
269.9568136455443	E	n136;1
