TIME	EVENT	NODES
254.91768175944318	O	n142
266.3594393047321	L	n142;1
