TIME	EVENT	NODES
254.99310762889093	O	n95
268.961669181718	I	n95;1
271.5541373875477	S	n95;1;n167;2;n168;3
278.37777927242377	S	n168;3;n179;4;n180;5
278.6214938342557	E	n167;2
281.8318794564231	T	n179;4;n179;6;n135;7
282.56958360049487	E	n179;6
292.321064504694	E	n180;5
293.1346120135327	I	n135;7
296.78304161741386	I	n135;7
297.944722411288	S	n135;7;n213;8;n214;9
299.1473251872138	E	n214;9
305.3065589137974	S	n213;8;n225;10;n226;11
324.2601856628277	E	n226;11
324.7848548775896	E	n225;10
