TIME	EVENT	NODES
255.00928246773043	O	n98
272.6767349114643	I	n98;1
297.82959460464184	E	n98;1
