TIME	EVENT	NODES
255.02155698954644	O	n107
263.5991082179836	I	n107;1
266.80294771333917	S	n107;1;n161;2;n162;3
277.04604187489826	E	n161;2
278.50570157690356	C	n162;3
285.9456044299885	S	n162;3;n185;4;n186;5
292.01152244219134	S	n186;5;n195;6;n196;7
293.0437806985248	D	n196;7;n196;8;n196;9
296.7804733096652	S	n196;8;n207;10;n208;11
296.7804733096652	S	n196;9;n207;12;n208;13
297.77429733878824	E	n208;11
297.77429733878824	E	n208;13
298.5182981782411	E	n207;10
298.5182981782411	E	n207;12
301.5187902891868	E	n195;6
306.7118637562414	E	n185;4
