TIME	EVENT	NODES
255.04503254035163	O	n143
274.68520477779253	E	n143;1
