TIME	EVENT	NODES
255.4097394673592	O	n135
281.47129206005434	T	n135;1;n135;2;n180;3
292.321064504694	E	n180;3
297.944722411288	S	n135;2;n213;4;n214;5
299.1473251872138	E	n214;5
305.3065589137974	S	n213;4;n225;6;n226;7
305.86326012563006	I	n226;7
320.94830683185387	I	n225;6
322.1667929875746	I	n225;6
324.2601856628277	E	n226;7
324.7848548775896	E	n225;6
