TIME	EVENT	NODES
255.46528899963687	O	n117
278.8778393829385	E	n117;1
