TIME	EVENT	NODES
255.6606704626733	O	n136
258.0057824292718	I	n136;1
269.9568136455443	E	n136;1
