TIME	EVENT	NODES
0	O	Root
0.0	S	Root;1;n1;2;n2;3
3.2265121368497676	S	n2;3;n3;4;n4;5
5.53981145301248	I	n3;4
6.0891450189117755	S	n4;5;n5;6;n6;7
11.991600571429636	L	n3;4
12.049627919615546	E	n1;2
18.353706817649087	D	n6;7;n6;8;n6;9
21.332488924410328	I	n5;6
41.7308661144652	E	n6;8
41.7308661144652	E	n6;9
52.528232972525004	I	n5;6
53.992332161115115	I	n5;6
65.79458869924449	S	n5;6;n11;10;n12;11
78.67196232775571	E	n11;10
80.59920766624008	E	n12;11
