TIME	EVENT	NODES
255.84926479346746	O	n122
273.5864034493894	E	n122;1
