TIME	EVENT	NODES
255.86951398241484	O	n70
256.74972332501403	S	n70;1;n145;2;n146;3
273.8076208356327	I	n145;2
275.0960935428681	S	n146;3;n169;4;n170;5
275.8505257194636	S	n145;2;n173;6;n174;7
276.778106847264	S	n169;4;n177;8;n178;9
278.39930611585055	I	n177;8
279.72895304510666	I	n174;7
281.3733842262796	I	n177;8
289.18778761546133	I	n174;7
289.7660671719976	S	n177;8;n191;10;n192;11
292.56408620681617	S	n191;10;n197;12;n198;13
295.7101501024865	E	n178;9
297.88510067996623	E	n197;12
309.21205838172443	S	n198;13;n231;14;n232;15
314.5087251124538	E	n173;6
316.27600896896894	E	n192;11
316.64521563171144	E	n174;7
317.0030567500698	I	n231;14
317.30612004847615	S	n232;15;n239;16;n240;17
321.4339926630987	I	n170;5
322.47159510758735	I	n170;5
335.14844581859495	S	n231;14;n259;18;n260;19
340.85363946071874	I	n259;18
348.47891756479817	L	n259;18
348.6720819320871	E	n240;17
359.1879823928691	I	n260;19
365.3354294195512	E	n260;19
365.6675909654996	S	n239;16;n327;20;n328;21
368.33285918754166	F	n327;20
368.33285918754166	F	n328;21
368.33285918754166	F	n170;5
