TIME	EVENT	NODES
255.93503427407143	O	n122
259.09936408643665	I	n122;1
260.78837433756223	I	n122;1
273.5864034493894	E	n122;1
