TIME	EVENT	NODES
256.070377823135	O	n112
256.799529684965	L	n112;1
