TIME	EVENT	NODES
256.22427043391747	O	n144
276.551795131478	S	n144;1;n175;2;n176;3
282.9448501433468	I	n176;3
285.76396366295205	E	n176;3
291.227473189052	I	n175;2
296.4430408222861	E	n175;2
