TIME	EVENT	NODES
256.22877337774094	O	n124
258.8150958922131	S	n124;1;n149;2;n150;3
270.69246300190326	C	n150;3
282.32204768203707	I	n150;3
289.16687618832964	I	n149;2
291.4592829737655	I	n149;2
293.4401227103343	E	n150;3
303.7518630933513	C	n149;2
310.90400275168736	I	n149;2
313.2735372024965	E	n149;2
