TIME	EVENT	NODES
256.31061081108186	O	n141
259.28999588796853	S	n141;1;n153;2;n154;3
267.6230845290778	E	n154;3
294.27007287477545	S	n153;2;n205;4;n206;5
298.1283204238227	S	n206;5;n215;6;n216;7
301.7496501463424	E	n216;7
341.5385477573434	S	n215;6;n277;8;n278;9
345.6300888884362	D	n277;8;n277;10;n277;11
357.03509385452315	I	n278;9
363.7179365725955	E	n277;10
363.7179365725955	E	n277;11
363.72092949357767	S	n205;4;n313;12;n314;13
368.04004981013435	I	n278;9
368.33285918754166	F	n314;13
368.33285918754166	F	n313;12
368.33285918754166	F	n278;9
