TIME	EVENT	NODES
256.3485426953299	O	n98
297.82959460464184	E	n98;1
