TIME	EVENT	NODES
256.39432330239265	O	n142
285.55882500825663	I	n142;1
286.99173575179867	I	n142;1
312.1421772672062	E	n142;1
