TIME	EVENT	NODES
256.46748598019667	O	n117
278.8778393829385	E	n117;1
