TIME	EVENT	NODES
256.48422115811695	O	n142
312.1421772672062	E	n142;1
