TIME	EVENT	NODES
256.54855434301663	O	n117
278.8778393829385	E	n117;1
