TIME	EVENT	NODES
256.69753126276487	O	n142
287.97497703038937	L	n142;1
