TIME	EVENT	NODES
256.82612590485064	O	n145
260.56934965996527	I	n145;1
275.8505257194636	S	n145;1;n173;2;n174;3
291.46097403989285	C	n173;2
311.62135676022	I	n173;2
314.5087251124538	E	n173;2
316.64521563171144	E	n174;3
