TIME	EVENT	NODES
256.8605110804666	O	n136
269.9568136455443	E	n136;1
