TIME	EVENT	NODES
256.90246636190915	O	n107
266.80294771333917	S	n107;1;n161;2;n162;3
269.0791256830839	L	n162;3
277.04604187489826	E	n161;2
