TIME	EVENT	NODES
257.0671547685857	O	n142
308.534907921264	C	n142;1
312.1421772672062	E	n142;1
