TIME	EVENT	NODES
257.22850697550433	O	n124
258.8150958922131	S	n124;1;n149;2;n150;3
293.4401227103343	E	n150;3
313.2735372024965	E	n149;2
