TIME	EVENT	NODES
257.23217457438085	O	n140
275.3394929136777	E	n140;1
