TIME	EVENT	NODES
257.3672311041472	O	n145
275.8505257194636	S	n145;1;n173;2;n174;3
305.2471914188156	I	n173;2
314.5087251124538	E	n173;2
316.64521563171144	E	n174;3
