TIME	EVENT	NODES
257.51446876966304	O	n48
270.50846597342445	E	n48;1
