TIME	EVENT	NODES
257.5203519226028	O	n105
287.2898658895813	E	n105;1
