TIME	EVENT	NODES
257.8537233208911	O	n124
258.8150958922131	S	n124;1;n149;2;n150;3
266.8260431524649	I	n149;2
276.4984055999543	I	n150;3
289.64385360540524	L	n150;3
311.71363295191236	L	n149;2
