TIME	EVENT	NODES
257.8708475371245	O	n105
267.2893495938862	C	n105;1
272.37063258131434	I	n105;1
287.2898658895813	E	n105;1
