TIME	EVENT	NODES
257.917157735788	O	n140
275.3394929136777	E	n140;1
