TIME	EVENT	NODES
257.9941252579395	O	n143
269.04443551900846	I	n143;1
274.68520477779253	E	n143;1
