TIME	EVENT	NODES
258.1102365870083	O	n48
263.39606652194743	I	n48;1
270.50846597342445	E	n48;1
