TIME	EVENT	NODES
258.1233947460105	O	n136
269.9568136455443	E	n136;1
