TIME	EVENT	NODES
258.4070255554354	O	n117
278.8778393829385	E	n117;1
