TIME	EVENT	NODES
258.6720103793315	O	n143
274.68520477779253	E	n143;1
