TIME	EVENT	NODES
258.73359308219995	O	n137
262.48313050699846	S	n137;1;n155;2;n156;3
276.4391041325186	C	n155;2
280.9346084359787	E	n156;3
282.8135283316607	I	n155;2
302.77518792485097	S	n155;2;n221;4;n222;5
314.3193370741534	E	n222;5
368.33285918754166	F	n221;4
