TIME	EVENT	NODES
258.78202029509765	O	n90
280.88338111280893	E	n90;1
