TIME	EVENT	NODES
258.8440817008161	O	n122
267.1022381300139	I	n122;1
273.5864034493894	E	n122;1
