TIME	EVENT	NODES
259.13564966962866	O	n90
261.61161930284806	I	n90;1
265.90936845309363	I	n90;1
280.88338111280893	E	n90;1
