TIME	EVENT	NODES
259.19860698577213	O	n125
269.04462328139346	L	n125;1
