TIME	EVENT	NODES
259.218546259281	O	n105
287.2898658895813	E	n105;1
