TIME	EVENT	NODES
259.22296010574047	O	n138
268.08312347105647	S	n138;1;n163;2;n164;3
270.4292242100567	C	n163;2
272.22950821935103	I	n163;2
276.67741255602084	I	n163;2
277.8106349986983	E	n163;2
279.3689247604448	E	n164;3
