TIME	EVENT	NODES
259.2567058489642	O	n131
264.256074713361	S	n131;1;n159;2;n160;3
274.6029577624233	D	n160;3;n160;4;n160;5
283.003644560383	E	n160;4
283.003644560383	E	n160;5
291.8490966475494	C	n159;2
328.2146319613769	S	n159;2;n253;6;n254;7
335.92113620132585	S	n254;7;n263;8;n264;9
339.658731161582	S	n264;9;n271;10;n272;11
345.71198993976384	E	n253;6
361.7971077523211	S	n272;11;n309;12;n310;13
364.39265661618424	S	n310;13;n317;14;n318;15
365.0417268907298	E	n263;8
365.21500397277407	L	n271;10
365.9406802548836	S	n318;15;n329;16;n330;17
368.33285918754166	F	n330;17
368.33285918754166	F	n329;16
368.33285918754166	F	n317;14
368.33285918754166	F	n309;12
