TIME	EVENT	NODES
259.37550753256716	O	n148
262.43014142332055	E	n148;1
