TIME	EVENT	NODES
259.5829349634821	O	n98
297.82959460464184	E	n98;1
