TIME	EVENT	NODES
259.65293826943497	O	n114
260.0079447944091	E	n114;1
