TIME	EVENT	NODES
259.7308075817483	O	n110
287.5951517002605	S	n110;1;n187;2;n188;3
293.1267483817216	S	n188;3;n199;4;n200;5
293.90973519565694	S	n199;4;n203;6;n204;7
294.07914662793326	E	n200;5
301.70764004052734	I	n204;7
303.869529414681	D	n203;6;n203;8;n203;9
305.8053411110323	S	n204;7;n227;10;n228;11
312.6776045278574	I	n228;11
313.2467660912808	I	n227;10
314.0104779853529	S	n227;10;n237;12;n238;13
318.9566040063278	S	n203;8;n241;14;n242;15
318.9566040063278	S	n203;9;n241;16;n242;17
320.01234973923897	I	n242;15
320.01234973923897	I	n242;17
335.6967060113735	S	n241;14;n261;18;n262;19
335.6967060113735	S	n241;16;n261;20;n262;21
339.48265989727685	I	n238;13
339.96246034945096	S	n237;12;n273;22;n274;23
342.3523845263514	S	n228;11;n281;24;n282;25
350.53960376877336	S	n262;19;n293;26;n294;27
350.53960376877336	S	n262;21;n293;28;n294;29
355.7899662740194	E	n274;23
356.3119546325315	E	n187;2
359.16454116420584	E	n261;18
359.16454116420584	E	n261;20
365.43190125744275	S	n273;22;n325;30;n326;31
368.33285918754166	F	n293;26
368.33285918754166	F	n293;28
368.33285918754166	F	n242;17
368.33285918754166	F	n242;15
368.33285918754166	F	n282;25
368.33285918754166	F	n325;30
368.33285918754166	F	n281;24
368.33285918754166	F	n326;31
368.33285918754166	F	n294;27
368.33285918754166	F	n294;29
368.33285918754166	F	n238;13
