TIME	EVENT	NODES
259.7380777314927	O	n110
264.38835735634	I	n110;1
281.983553772018	C	n110;1
287.5951517002605	S	n110;1;n187;2;n188;3
292.8716871641117	I	n188;3
293.1267483817216	S	n188;3;n199;4;n200;5
293.90973519565694	S	n199;4;n203;6;n204;7
294.07914662793326	E	n200;5
304.69378074654935	I	n203;6
305.8053411110323	S	n204;7;n227;8;n228;9
307.17311820852194	I	n203;6
308.79439047477643	T	n203;6;n203;10;n166;11
314.0104779853529	S	n227;8;n237;12;n238;13
318.9566040063278	S	n203;10;n241;14;n242;15
319.8157223909305	T	n238;13;n238;16;n223;17
321.4058489812759	I	n241;14
325.62016585225894	E	n166;11
327.68708843484586	S	n223;17;n251;18;n252;19
328.0414879216036	I	n241;14
331.5651094110081	I	n238;16
331.9874883371515	L	n187;2
332.49121349648993	I	n252;19
334.9897297167016	S	n251;18;n257;20;n258;21
335.6967060113735	S	n241;14;n261;22;n262;23
336.18133979971486	I	n252;19
339.96246034945096	S	n237;12;n273;24;n274;25
340.8022018014992	T	n257;20;n257;26;n272;27
341.00456396638344	I	n258;21
342.3523845263514	S	n228;9;n281;28;n282;29
344.02040770953147	S	n258;21;n283;30;n284;31
346.5990500281604	S	n283;30;n287;32;n288;33
349.35664243273163	C	n238;16
350.53960376877336	S	n262;23;n293;34;n294;35
353.2274467652559	S	n284;31;n297;36;n298;37
353.57427865668427	I	n282;29
353.8954053077965	C	n288;33
354.09839340118117	D	n281;28;n281;38;n281;39
355.7899662740194	E	n274;25
359.16454116420584	E	n261;22
361.7971077523211	S	n272;27;n309;40;n310;41
364.30897272570144	I	n242;15
364.39265661618424	S	n310;41;n317;42;n318;43
364.64162691630327	T	n294;35;n294;44;n296;45
365.43190125744275	S	n273;24;n325;46;n326;47
365.9406802548836	S	n318;43;n329;48;n330;49
366.1916889748353	I	n293;34
368.33285918754166	F	n330;49
368.33285918754166	F	n293;34
368.33285918754166	F	n242;15
368.33285918754166	F	n296;45
368.33285918754166	F	n287;32
368.33285918754166	F	n282;29
368.33285918754166	F	n329;48
368.33285918754166	F	n257;26
368.33285918754166	F	n288;33
368.33285918754166	F	n325;46
368.33285918754166	F	n281;38
368.33285918754166	F	n281;39
368.33285918754166	F	n326;47
368.33285918754166	F	n252;19
368.33285918754166	F	n294;44
368.33285918754166	F	n317;42
368.33285918754166	F	n297;36
368.33285918754166	F	n309;40
368.33285918754166	F	n238;16
368.33285918754166	F	n298;37
