TIME	EVENT	NODES
259.8810106701648	O	n105
282.70445513443894	I	n105;1
287.2898658895813	E	n105;1
