TIME	EVENT	NODES
259.975865273111	O	n90
280.88338111280893	E	n90;1
