TIME	EVENT	NODES
260.01525559082216	O	n135
260.5477629054291	I	n135;1
288.4834762003294	I	n135;1
297.944722411288	S	n135;1;n213;2;n214;3
299.1473251872138	E	n214;3
305.3065589137974	S	n213;2;n225;4;n226;5
306.86023894738764	I	n225;4
315.47124700998546	I	n226;5
321.95587735128373	L	n226;5
324.7848548775896	E	n225;4
