TIME	EVENT	NODES
260.17884007486924	O	n151
266.1400532075929	E	n151;1
