TIME	EVENT	NODES
260.32603552615427	O	n107
266.80294771333917	S	n107;1;n161;2;n162;3
270.4030954965841	I	n161;2
274.5544805173899	I	n161;2
277.04604187489826	E	n161;2
285.9456044299885	S	n162;3;n185;4;n186;5
292.01152244219134	S	n186;5;n195;6;n196;7
296.7804733096652	S	n196;7;n207;8;n208;9
297.75972403085404	I	n195;6
297.77429733878824	E	n208;9
298.5182981782411	E	n207;8
301.5187902891868	E	n195;6
304.7334105560414	I	n185;4
306.7118637562414	E	n185;4
