TIME	EVENT	NODES
260.40484676421374	O	n147
272.65154383891263	I	n147;1
283.3629310829571	S	n147;1;n183;2;n184;3
293.6183387782659	E	n184;3
349.00530575206363	E	n183;2
