TIME	EVENT	NODES
260.4172998922634	O	n142
262.53569917676515	I	n142;1
312.1421772672062	E	n142;1
