TIME	EVENT	NODES
260.43160787699946	O	n121
261.6291738439399	E	n121;1
