TIME	EVENT	NODES
260.5686252677587	O	n133
290.4363268478046	S	n133;1;n193;2;n194;3
293.87416262241237	S	n194;3;n201;4;n202;5
294.9276500871026	C	n193;2
297.20756264263844	S	n193;2;n209;6;n210;7
303.4377349768546	S	n209;6;n223;8;n224;9
305.99025340734033	E	n202;5
307.88032930517045	S	n210;7;n229;10;n230;11
310.74626732789005	S	n224;9;n233;12;n234;13
312.06673550701987	S	n201;4;n235;14;n236;15
313.1604056487989	I	n236;15
320.15406545249067	I	n236;15
321.78135305229097	E	n235;14
322.6630115581117	S	n233;12;n245;16;n246;17
327.68708843484586	S	n223;8;n251;18;n252;19
328.11531834548083	I	n252;19
331.02825248126715	E	n236;15
333.5431884418258	I	n252;19
334.9897297167016	S	n251;18;n257;20;n258;21
337.10932653973396	S	n229;10;n267;22;n268;23
337.62595628263887	L	n257;20
338.89935941368094	E	n245;16
338.90267534560974	T	n230;11;n230;24;n257;25
341.11177427463167	S	n246;17;n275;26;n276;27
341.5597886843061	I	n234;13
342.1368897672253	S	n267;22;n279;28;n280;29
342.9798007191721	I	n275;26
344.02040770953147	S	n258;21;n283;30;n284;31
346.5471506808192	S	n280;29;n285;32;n286;33
346.5990500281604	S	n283;30;n287;34;n288;35
347.3589689447561	S	n268;23;n289;36;n290;37
348.7700363029201	S	n275;26;n291;38;n292;39
349.6792062435317	I	n252;19
350.312117520705	C	n285;32
350.6247674253394	S	n276;27;n295;40;n296;41
353.2274467652559	S	n284;31;n297;42;n298;43
355.0583586205711	S	n292;39;n299;44;n300;45
355.8778505990836	S	n295;40;n301;46;n302;47
357.1757291726746	S	n301;46;n305;48;n306;49
360.3303690241263	I	n299;44
360.4423943464398	D	n257;25;n257;50;n257;51
360.66748199542366	E	n306;49
362.14507068748986	S	n289;36;n311;52;n312;53
362.93877184850265	E	n279;28
363.87451491188347	C	n257;50
363.87451491188347	C	n257;51
364.0086300239402	S	n305;48;n315;54;n316;55
364.8824680743981	S	n302;47;n321;56;n322;57
368.33285918754166	F	n316;55
368.33285918754166	F	n230;24
368.33285918754166	F	n322;57
368.33285918754166	F	n291;38
368.33285918754166	F	n300;45
368.33285918754166	F	n296;41
368.33285918754166	F	n287;34
368.33285918754166	F	n299;44
368.33285918754166	F	n257;50
368.33285918754166	F	n257;51
368.33285918754166	F	n288;35
368.33285918754166	F	n285;32
368.33285918754166	F	n286;33
368.33285918754166	F	n234;13
368.33285918754166	F	n312;53
368.33285918754166	F	n252;19
368.33285918754166	F	n311;52
368.33285918754166	F	n321;56
368.33285918754166	F	n297;42
368.33285918754166	F	n290;37
368.33285918754166	F	n315;54
368.33285918754166	F	n298;43
