TIME	EVENT	NODES
260.610026906195	O	n109
282.9247812565599	I	n109;1
298.913586442793	C	n109;1
315.342886568578	E	n109;1
