TIME	EVENT	NODES
260.9294360489274	O	n113
266.26475641514827	I	n113;1
276.06674945851347	E	n113;1
