TIME	EVENT	NODES
261.07294983863306	O	n136
269.9568136455443	E	n136;1
