TIME	EVENT	NODES
261.1009931371731	O	n113
276.06674945851347	E	n113;1
