TIME	EVENT	NODES
261.1081946709935	O	n98
286.08825979629114	I	n98;1
297.82959460464184	E	n98;1
