TIME	EVENT	NODES
261.16324703997515	O	n143
274.68520477779253	E	n143;1
