TIME	EVENT	NODES
261.25581070702304	O	n152
261.5455228136473	E	n152;1
