TIME	EVENT	NODES
261.3543598094334	O	n122
273.5864034493894	E	n122;1
