TIME	EVENT	NODES
261.37715817951505	O	n113
262.3565102374884	I	n113;1
276.06674945851347	E	n113;1
