TIME	EVENT	NODES
261.3855977217049	O	n90
280.88338111280893	E	n90;1
