TIME	EVENT	NODES
261.386435157823	O	n145
275.8505257194636	S	n145;1;n173;2;n174;3
280.96739917494006	I	n174;3
314.5087251124538	E	n173;2
315.14019241984795	T	n174;3;n174;4;n226;5
316.64521563171144	E	n174;4
324.2601856628277	E	n226;5
