TIME	EVENT	NODES
261.4079306387086	O	n150
270.69246300190326	C	n150;1
282.32204768203707	I	n150;1
293.4401227103343	E	n150;1
