TIME	EVENT	NODES
261.4987427936781	O	n125
275.11850929823515	S	n125;1;n171;2;n172;3
278.6913323136735	C	n172;3
282.6360401143462	D	n172;3;n172;4;n172;5
285.1436705293827	I	n172;4
285.1436705293827	I	n172;5
294.1998026308451	E	n171;2
309.4552019391726	I	n172;5
309.4552019391726	I	n172;4
315.41472492191235	E	n172;4
315.41472492191235	E	n172;5
