TIME	EVENT	NODES
261.82567801154113	O	n146
274.40822711383294	I	n146;1
275.0960935428681	S	n146;1;n169;2;n170;3
276.778106847264	S	n169;2;n177;4;n178;5
282.42965664236306	T	n170;3;n170;6;n162;7
285.9456044299885	S	n162;7;n185;8;n186;9
289.7660671719976	S	n177;4;n191;10;n192;11
291.8245713435941	L	n170;6
292.01152244219134	S	n186;9;n195;12;n196;13
292.56408620681617	S	n191;10;n197;14;n198;15
293.7756060200263	I	n196;13
294.44760006599074	I	n192;11
295.7101501024865	E	n178;5
296.7804733096652	S	n196;13;n207;16;n208;17
297.77429733878824	E	n208;17
297.88510067996623	E	n197;14
298.5182981782411	E	n207;16
301.29117808650403	I	n192;11
301.5187902891868	E	n195;12
306.7118637562414	E	n185;8
309.21205838172443	S	n198;15;n231;18;n232;19
316.27600896896894	E	n192;11
317.30612004847615	S	n232;19;n239;20;n240;21
332.11925198111163	I	n240;21
335.14844581859495	S	n231;18;n259;22;n260;23
344.57358943191264	I	n259;22
347.04614816417626	C	n259;22
348.6720819320871	E	n240;21
348.7564267084988	E	n259;22
365.3354294195512	E	n260;23
365.6675909654996	S	n239;20;n327;24;n328;25
368.33285918754166	F	n327;24
368.33285918754166	F	n328;25
