TIME	EVENT	NODES
261.9416814681798	O	n117
278.8778393829385	E	n117;1
