TIME	EVENT	NODES
262.08111357359945	O	n143
274.68520477779253	E	n143;1
