TIME	EVENT	NODES
262.1303236079153	O	n147
281.77387331977303	I	n147;1
283.3629310829571	S	n147;1;n183;2;n184;3
293.6183387782659	E	n184;3
301.7560420012803	C	n183;2
349.00530575206363	E	n183;2
