TIME	EVENT	NODES
262.13829592448525	O	n125
275.11850929823515	S	n125;1;n171;2;n172;3
277.69149927618565	I	n172;3
287.5515335564219	L	n172;3
294.1998026308451	E	n171;2
