TIME	EVENT	NODES
262.150521398384	O	n148
262.43014142332055	E	n148;1
