TIME	EVENT	NODES
262.18029220568366	O	n154
267.6230845290778	E	n154;1
