TIME	EVENT	NODES
262.3141657881774	O	n133
290.4363268478046	S	n133;1;n193;2;n194;3
293.87416262241237	S	n194;3;n201;4;n202;5
297.20756264263844	S	n193;2;n209;6;n210;7
298.8995696658882	L	n209;6
300.916394767138	I	n201;4
301.0419928851113	L	n210;7
305.99025340734033	E	n202;5
312.06673550701987	S	n201;4;n235;8;n236;9
321.78135305229097	E	n235;8
331.02825248126715	E	n236;9
