TIME	EVENT	NODES
262.38499045920713	O	n109
282.19075499624535	T	n109;1;n109;2;n171;3
294.1998026308451	E	n171;3
315.342886568578	E	n109;2
