TIME	EVENT	NODES
262.6320939260506	O	n147
263.7706410812397	I	n147;1
265.8874590037355	T	n147;1;n147;2;n117;3
278.8778393829385	E	n117;3
283.3629310829571	S	n147;2;n183;4;n184;5
291.54733638401655	C	n183;4
293.6183387782659	E	n184;5
294.19998560803054	C	n183;4
349.00530575206363	E	n183;4
