TIME	EVENT	NODES
262.7587939955823	O	n122
272.23556454167283	I	n122;1
273.5864034493894	E	n122;1
