TIME	EVENT	NODES
262.781354893742	O	n136
269.9568136455443	E	n136;1
