TIME	EVENT	NODES
262.826955212322	O	n149
296.01567618038945	I	n149;1
313.2735372024965	E	n149;1
