TIME	EVENT	NODES
263.0608996970777	O	n90
267.12237497990503	I	n90;1
270.1293840226324	I	n90;1
280.88338111280893	E	n90;1
