TIME	EVENT	NODES
263.0618052247829	O	n151
266.1400532075929	E	n151;1
