TIME	EVENT	NODES
263.18115061021047	O	n146
275.0960935428681	S	n146;1;n169;2;n170;3
276.778106847264	S	n169;2;n177;4;n178;5
289.08385499798777	I	n178;5
289.7660671719976	S	n177;4;n191;6;n192;7
290.8379859463584	L	n191;6
295.7101501024865	E	n178;5
316.27600896896894	E	n192;7
363.16062832909114	I	n170;3
368.33285918754166	F	n170;3
