TIME	EVENT	NODES
263.18380039986795	O	n154
267.6230845290778	E	n154;1
