TIME	EVENT	NODES
263.2858119077031	O	n109
287.11255834254723	I	n109;1
315.342886568578	E	n109;1
