TIME	EVENT	NODES
263.5797194751705	O	n48
270.50846597342445	E	n48;1
