TIME	EVENT	NODES
263.59895726268496	O	n150
278.84272503210127	I	n150;1
293.4401227103343	E	n150;1
