TIME	EVENT	NODES
263.68926180318954	O	n48
270.50846597342445	E	n48;1
