TIME	EVENT	NODES
263.7288214173302	O	n125
275.11850929823515	S	n125;1;n171;2;n172;3
278.05235833969385	I	n172;3
280.24899792812107	D	n171;2;n171;4;n171;5
294.1998026308451	E	n171;4
294.1998026308451	E	n171;5
315.41472492191235	E	n172;3
