TIME	EVENT	NODES
263.74214351423126	O	n122
273.5864034493894	E	n122;1
