TIME	EVENT	NODES
263.80089058459697	O	n149
293.86686907343665	I	n149;1
309.6511502869501	I	n149;1
313.2735372024965	E	n149;1
