TIME	EVENT	NODES
263.82837656010344	O	n150
292.7919344236036	I	n150;1
293.4401227103343	E	n150;1
