TIME	EVENT	NODES
263.9672748269143	O	n125
272.5252437184541	L	n125;1
