TIME	EVENT	NODES
264.0014873717104	O	n143
274.68520477779253	E	n143;1
