TIME	EVENT	NODES
264.044749705924	O	n113
276.06674945851347	E	n113;1
