TIME	EVENT	NODES
264.14140908450366	O	n122
264.93403101994016	I	n122;1
273.5864034493894	E	n122;1
