TIME	EVENT	NODES
264.1613555511166	O	n90
280.88338111280893	E	n90;1
