TIME	EVENT	NODES
264.2842367834258	O	n142
312.1421772672062	E	n142;1
