TIME	EVENT	NODES
264.4649808771276	O	n113
276.06674945851347	E	n113;1
