TIME	EVENT	NODES
264.5748670518101	O	n155
302.77518792485097	S	n155;1;n221;2;n222;3
314.3193370741534	E	n222;3
331.1126709654438	I	n221;2
332.8685985298127	L	n221;2
