TIME	EVENT	NODES
264.6321268766908	O	n110
287.5951517002605	S	n110;1;n187;2;n188;3
293.1267483817216	S	n188;3;n199;4;n200;5
293.90973519565694	S	n199;4;n203;6;n204;7
294.07914662793326	E	n200;5
295.2124339101209	L	n203;6
305.8053411110323	S	n204;7;n227;8;n228;9
310.88428124096475	I	n187;2
314.0104779853529	S	n227;8;n237;10;n238;11
332.1746173469738	I	n237;10
334.4072592996776	D	n187;2;n187;12;n187;13
339.15758412012457	I	n228;9
339.74705629979997	C	n228;9
339.96246034945096	S	n237;10;n273;14;n274;15
342.3523845263514	S	n228;9;n281;16;n282;17
350.15851552832834	I	n238;11
352.27199405322415	L	n187;13
354.27962252755526	C	n274;15
355.7899662740194	E	n274;15
356.3119546325315	E	n187;12
362.0704736302493	L	n281;16
365.43190125744275	S	n273;14;n325;18;n326;19
368.33285918754166	F	n282;17
368.33285918754166	F	n325;18
368.33285918754166	F	n326;19
368.33285918754166	F	n238;11
