TIME	EVENT	NODES
264.65442539447315	O	n147
283.3629310829571	S	n147;1;n183;2;n184;3
293.6183387782659	E	n184;3
328.2489800484362	L	n183;2
