TIME	EVENT	NODES
0	O	Root
0.0	S	Root;1;n1;2;n2;3
1.390150061622608	I	n1;2
3.2265121368497676	S	n2;3;n3;4;n4;5
6.0891450189117755	S	n4;5;n5;6;n6;7
11.503532935685811	I	n1;2
12.049627919615546	E	n1;2
16.85212747799254	L	n6;7
22.827390855416976	L	n3;4
49.1619408173245	I	n5;6
53.992332161115115	I	n5;6
56.998585464842435	L	n5;6
