TIME	EVENT	NODES
264.713842204196	O	n135
269.28055694447085	L	n135;1
