TIME	EVENT	NODES
264.7930427032158	O	n117
278.8778393829385	E	n117;1
