TIME	EVENT	NODES
264.9415460741011	O	n144
276.551795131478	S	n144;1;n175;2;n176;3
277.9177172901706	L	n175;2
285.76396366295205	E	n176;3
