TIME	EVENT	NODES
264.94469680803627	O	n149
313.2735372024965	E	n149;1
