TIME	EVENT	NODES
264.98550774583794	O	n156
280.9346084359787	E	n156;1
