TIME	EVENT	NODES
265.10781263769655	O	n142
279.13287695309793	T	n142;1;n142;2;n155;3
302.77518792485097	S	n155;3;n221;4;n222;5
312.1421772672062	E	n142;2
314.3193370741534	E	n222;5
335.5548380824781	C	n221;4
368.33285918754166	F	n221;4
