TIME	EVENT	NODES
265.12316301862006	O	n117
278.8778393829385	E	n117;1
