TIME	EVENT	NODES
265.19829088771166	O	n160
283.003644560383	E	n160;1
