TIME	EVENT	NODES
265.274798949597	O	n117
278.8778393829385	E	n117;1
