TIME	EVENT	NODES
265.27625995747536	O	n158
271.0359830191678	S	n158;1;n165;2;n166;3
272.5205286306579	I	n166;3
300.66408360617874	S	n165;2;n217;4;n218;5
301.39480262224913	S	n217;4;n219;6;n220;7
309.22719658015154	E	n220;7
312.6849557387479	I	n219;6
318.7326628140719	C	n166;3
322.23550031039156	S	n219;6;n243;8;n244;9
325.62016585225894	E	n166;3
327.1046107185982	E	n218;5
328.9996332193158	I	n243;8
336.27194991669535	S	n243;8;n265;10;n266;11
337.9466629699342	E	n266;11
339.75172822365454	I	n244;9
357.83898267386695	E	n265;10
368.33285918754166	F	n244;9
