TIME	EVENT	NODES
265.30108745912366	O	n117
265.93987173721064	D	n117;1;n117;2;n117;3
278.6459043217585	D	n117;2;n117;4;n117;5
278.8778393829385	E	n117;4
278.8778393829385	E	n117;5
278.8778393829385	E	n117;3
