TIME	EVENT	NODES
265.55355739514863	O	n107
266.80294771333917	S	n107;1;n161;2;n162;3
275.7732769380139	T	n162;3;n162;4;n147;5
277.04604187489826	E	n161;2
283.3629310829571	S	n147;5;n183;6;n184;7
285.9456044299885	S	n162;4;n185;8;n186;9
289.6448486935101	C	n185;8
292.01152244219134	S	n186;9;n195;10;n196;11
293.6183387782659	E	n184;7
294.7849272193201	I	n196;11
296.7260942470411	I	n183;6
296.7804733096652	S	n196;11;n207;12;n208;13
297.48344324939967	L	n208;13
298.5182981782411	E	n207;12
301.5187902891868	E	n195;10
306.5595989544519	L	n183;6
306.7118637562414	E	n185;8
