TIME	EVENT	NODES
265.5556149140308	O	n154
267.6230845290778	E	n154;1
