TIME	EVENT	NODES
265.5776055138065	O	n90
280.88338111280893	E	n90;1
