TIME	EVENT	NODES
265.61061889995904	O	n142
312.1421772672062	E	n142;1
