TIME	EVENT	NODES
265.8333037937193	O	n147
283.3629310829571	S	n147;1;n183;2;n184;3
293.6183387782659	E	n184;3
298.69393546522906	I	n183;2
300.96404423612506	I	n183;2
349.00530575206363	E	n183;2
