TIME	EVENT	NODES
266.0889872209612	O	n147
283.3629310829571	S	n147;1;n183;2;n184;3
293.6183387782659	E	n184;3
304.9142397230572	I	n183;2
343.6164992299341	T	n183;2;n183;4;n269;5
344.65876038946266	I	n269;5
349.00530575206363	E	n183;4
359.43466135079467	S	n269;5;n307;6;n308;7
368.33285918754166	F	n307;6
368.33285918754166	F	n308;7
