TIME	EVENT	NODES
266.1075712230832	O	n90
275.67383388770565	I	n90;1
280.88338111280893	E	n90;1
