TIME	EVENT	NODES
266.343469101187	O	n155
296.65452715744607	I	n155;1
302.77518792485097	S	n155;1;n221;2;n222;3
314.3193370741534	E	n222;3
332.54566848206804	I	n221;2
333.103499149945	L	n221;2
