TIME	EVENT	NODES
266.4430392895342	O	n157
281.86281336619095	S	n157;1;n181;2;n182;3
297.3759122122873	E	n182;3
321.54940503101005	L	n181;2
