TIME	EVENT	NODES
266.4883682185387	O	n160
283.003644560383	E	n160;1
