TIME	EVENT	NODES
266.60164433326986	O	n95
271.5541373875477	S	n95;1;n167;2;n168;3
278.37777927242377	S	n168;3;n179;4;n180;5
278.6214938342557	E	n167;2
278.7644548922452	L	n180;5
282.56958360049487	E	n179;4
