TIME	EVENT	NODES
266.6230995248544	O	n105
287.2898658895813	E	n105;1
