TIME	EVENT	NODES
266.7455490616436	O	n156
280.9346084359787	E	n156;1
