TIME	EVENT	NODES
266.7916670592161	O	n48
270.50846597342445	E	n48;1
