TIME	EVENT	NODES
266.9189453035965	O	n145
267.10488677751715	I	n145;1
275.8505257194636	S	n145;1;n173;2;n174;3
281.33983152088666	I	n173;2
294.85205953567214	I	n174;3
299.86438373273126	I	n174;3
314.5087251124538	E	n173;2
316.64521563171144	E	n174;3
