TIME	EVENT	NODES
267.0416348374712	O	n143
274.68520477779253	E	n143;1
