TIME	EVENT	NODES
267.1522706472398	O	n135
279.05466226893617	I	n135;1
297.944722411288	S	n135;1;n213;2;n214;3
299.1473251872138	E	n214;3
305.3065589137974	S	n213;2;n225;4;n226;5
315.47124700998546	I	n226;5
324.2601856628277	E	n226;5
324.7848548775896	E	n225;4
