TIME	EVENT	NODES
267.2789627569245	O	n144
275.6592212750307	I	n144;1
276.551795131478	S	n144;1;n175;2;n176;3
284.82338199554636	I	n175;2
285.76396366295205	E	n176;3
296.4430408222861	E	n175;2
