TIME	EVENT	NODES
267.4000794381035	O	n136
269.9568136455443	E	n136;1
