TIME	EVENT	NODES
267.5888597257943	O	n153
294.27007287477545	S	n153;1;n205;2;n206;3
297.50297647540737	I	n205;2
298.1283204238227	S	n206;3;n215;4;n216;5
301.7496501463424	E	n216;5
333.8880117786304	I	n205;2
339.7658923254064	I	n205;2
341.5385477573434	S	n215;4;n277;6;n278;7
341.8507917701494	L	n278;7
349.1738016019685	I	n277;6
358.17908687158666	I	n205;2
362.37831693820664	I	n277;6
363.7179365725955	E	n277;6
363.72092949357767	S	n205;2;n313;8;n314;9
368.33285918754166	F	n314;9
368.33285918754166	F	n313;8
