TIME	EVENT	NODES
267.8716854069705	O	n159
279.6131188937911	I	n159;1
288.7800964812634	L	n159;1
