TIME	EVENT	NODES
267.9696946525545	O	n149
313.2735372024965	E	n149;1
