TIME	EVENT	NODES
267.9741346216136	O	n144
276.551795131478	S	n144;1;n175;2;n176;3
277.83882985393655	L	n175;2
285.76396366295205	E	n176;3
