TIME	EVENT	NODES
268.05266452704177	O	n155
302.77518792485097	S	n155;1;n221;2;n222;3
309.1220107531817	I	n222;3
314.3193370741534	E	n222;3
346.25933828589956	I	n221;2
368.33285918754166	F	n221;2
