TIME	EVENT	NODES
268.0761629959335	O	n147
269.5006981016751	T	n147;1;n147;2;n150;3
271.213752939943	C	n147;2
283.3629310829571	S	n147;2;n183;4;n184;5
285.9684272308672	T	n184;5;n184;6;n132;7
288.5496408940298	S	n132;7;n189;8;n190;9
291.00590342989096	L	n189;8
292.7919344236036	I	n150;3
293.4401227103343	E	n150;3
293.6183387782659	E	n184;6
296.7260942470411	I	n183;4
297.2325938618031	S	n190;9;n211;10;n212;11
299.7517096392348	T	n211;10;n211;12;n210;13
304.98924002970256	T	n212;11;n212;14;n221;15
305.5104789136192	C	n211;12
307.88032930517045	S	n210;13;n229;16;n230;17
313.09632380204846	I	n211;12
323.451126983794	S	n211;12;n247;18;n248;19
325.16796902036367	C	n229;16
326.9299560409181	S	n248;19;n249;20;n250;21
329.458120433925	I	n229;16
334.64198406508626	S	n249;20;n255;22;n256;23
337.10932653973396	S	n229;16;n267;24;n268;25
338.51097831531484	S	n247;18;n269;26;n270;27
339.70389927988145	I	n270;27
340.8851829572407	C	n221;15
342.1368897672253	S	n267;24;n279;28;n280;29
342.88630700163986	C	n221;15
346.5471506808192	S	n280;29;n285;30;n286;31
346.58679539121124	C	n250;21
347.3589689447561	S	n268;25;n289;32;n290;33
349.00530575206363	E	n183;4
349.65079560628845	I	n286;31
350.9198472134795	C	n286;31
351.3681074054671	E	n270;27
351.37042779145395	E	n255;22
356.1371658781914	I	n290;33
356.5243775902817	S	n250;21;n303;34;n304;35
357.05864331332185	I	n256;23
357.8272554601683	I	n289;32
359.43466135079467	S	n269;26;n307;36;n308;37
361.4786965165148	I	n307;36
362.14507068748986	S	n289;32;n311;38;n312;39
362.4088948440447	I	n286;31
362.93877184850265	E	n279;28
364.14479088522387	E	n212;14
364.49514583717956	S	n304;35;n319;40;n320;41
365.0168302374957	S	n256;23;n323;42;n324;43
365.19535212559964	C	n307;36
365.99105067633474	I	n307;36
368.1525611161385	S	n324;43;n331;44;n332;45
368.33285918754166	F	n230;17
368.33285918754166	F	n307;36
368.33285918754166	F	n303;34
368.33285918754166	F	n308;37
368.33285918754166	F	n331;44
368.33285918754166	F	n285;30
368.33285918754166	F	n286;31
368.33285918754166	F	n323;42
368.33285918754166	F	n312;39
368.33285918754166	F	n311;38
368.33285918754166	F	n320;41
368.33285918754166	F	n332;45
368.33285918754166	F	n221;15
368.33285918754166	F	n319;40
368.33285918754166	F	n290;33
