TIME	EVENT	NODES
268.08611560076235	O	n161
277.04604187489826	E	n161;1
