TIME	EVENT	NODES
268.1476930380675	O	n48
270.50846597342445	E	n48;1
