TIME	EVENT	NODES
268.1582802858101	O	n144
273.56517674930376	T	n144;1;n144;2;n112;3
276.551795131478	S	n144;2;n175;4;n176;5
278.4525291252385	E	n112;3
285.76396366295205	E	n176;5
296.4430408222861	E	n175;4
