TIME	EVENT	NODES
268.23240924937903	O	n145
275.4303046184869	I	n145;1
275.8505257194636	S	n145;1;n173;2;n174;3
314.5087251124538	E	n173;2
316.64521563171144	E	n174;3
