TIME	EVENT	NODES
268.39091556379174	O	n113
276.06674945851347	E	n113;1
