TIME	EVENT	NODES
268.39973042554465	O	n155
299.1751265024493	C	n155;1
302.77518792485097	S	n155;1;n221;2;n222;3
314.3193370741534	E	n222;3
336.16739765210116	I	n221;2
355.1259564533576	C	n221;2
368.33285918754166	F	n221;2
