TIME	EVENT	NODES
268.44214350663486	O	n112
278.4525291252385	E	n112;1
