TIME	EVENT	NODES
268.46218839741886	O	n98
292.8100017076287	I	n98;1
297.82959460464184	E	n98;1
