TIME	EVENT	NODES
268.47867311322403	O	n98
274.1250014823083	I	n98;1
281.4465804297021	I	n98;1
290.6276844912212	I	n98;1
297.82959460464184	E	n98;1
