TIME	EVENT	NODES
268.4820832035829	O	n157
273.5466976810097	I	n157;1
278.3331394510357	I	n157;1
281.86281336619095	S	n157;1;n181;2;n182;3
291.33268068990253	I	n182;3
293.88886836462086	I	n181;2
295.4120886852826	C	n182;3
297.3759122122873	E	n182;3
326.9191915703628	E	n181;2
