TIME	EVENT	NODES
268.768477602475	O	n161
277.04604187489826	E	n161;1
