TIME	EVENT	NODES
268.9498439343376	O	n140
275.3394929136777	E	n140;1
