TIME	EVENT	NODES
269.09145247052055	O	n48
270.50846597342445	E	n48;1
