TIME	EVENT	NODES
269.2376940308086	O	n90
280.88338111280893	E	n90;1
