TIME	EVENT	NODES
269.45758878737587	O	n159
328.2146319613769	S	n159;1;n253;2;n254;3
335.92113620132585	S	n254;3;n263;4;n264;5
339.658731161582	S	n264;5;n271;6;n272;7
343.5449131705816	I	n253;2
345.71198993976384	E	n253;2
346.58159798705856	I	n271;6
360.9648460945523	T	n263;4;n263;8;n299;9
361.7971077523211	S	n272;7;n309;10;n310;11
363.79712331655236	T	n263;8;n263;12;n282;13
364.39265661618424	S	n310;11;n317;14;n318;15
365.0417268907298	E	n263;12
365.9406802548836	S	n318;15;n329;16;n330;17
368.33285918754166	F	n330;17
368.33285918754166	F	n282;13
368.33285918754166	F	n299;9
368.33285918754166	F	n329;16
368.33285918754166	F	n271;6
368.33285918754166	F	n317;14
368.33285918754166	F	n309;10
