TIME	EVENT	NODES
269.5396199324267	O	n113
276.06674945851347	E	n113;1
