TIME	EVENT	NODES
269.5739730069736	O	n150
293.4401227103343	E	n150;1
