TIME	EVENT	NODES
269.6116619436121	O	n143
274.68520477779253	E	n143;1
