TIME	EVENT	NODES
269.72961897064306	O	n157
281.86281336619095	S	n157;1;n181;2;n182;3
282.61255130363196	I	n182;3
286.26928629202183	L	n182;3
286.26928629202183	T	n181;2;n181;4;n182;5
297.3759122122873	E	n182;5
307.81288821557	I	n181;4
326.9191915703628	E	n181;4
