TIME	EVENT	NODES
269.78894556794125	O	n145
275.8505257194636	S	n145;1;n173;2;n174;3
280.2143575930165	L	n173;2
313.848322196135	C	n174;3
316.64521563171144	E	n174;3
