TIME	EVENT	NODES
269.8432109366823	O	n157
281.86281336619095	S	n157;1;n181;2;n182;3
287.8669456522898	I	n181;2
297.3759122122873	E	n182;3
308.6719660646789	D	n181;2;n181;4;n181;5
326.9191915703628	E	n181;4
326.9191915703628	E	n181;5
