TIME	EVENT	NODES
269.98107972140593	O	n144
274.6909627468928	I	n144;1
276.551795131478	S	n144;1;n175;2;n176;3
276.9705052547547	I	n175;2
279.58365097108805	I	n176;3
285.76396366295205	E	n176;3
288.36586725968	I	n175;2
296.4430408222861	E	n175;2
