TIME	EVENT	NODES
270.0312048159573	O	n145
275.8505257194636	S	n145;1;n173;2;n174;3
275.96678190863184	I	n174;3
314.5087251124538	E	n173;2
316.64521563171144	E	n174;3
