TIME	EVENT	NODES
270.0693773725775	O	n110
280.4651595483546	L	n110;1
