TIME	EVENT	NODES
270.07971124348074	O	n122
273.5864034493894	E	n122;1
