TIME	EVENT	NODES
270.0826958440625	O	n159
290.5970770438295	L	n159;1
