TIME	EVENT	NODES
270.1020001492602	O	n146
275.0960935428681	S	n146;1;n169;2;n170;3
276.778106847264	S	n169;2;n177;4;n178;5
281.74979180580715	I	n170;3
287.0251908140988	T	n177;4;n177;6;n132;7
288.5496408940298	S	n132;7;n189;8;n190;9
289.7660671719976	S	n177;6;n191;10;n192;11
290.48841036495895	I	n190;9
292.56408620681617	S	n191;10;n197;12;n198;13
295.7101501024865	E	n178;5
297.0452054096983	I	n190;9
297.2325938618031	S	n190;9;n211;14;n212;15
297.3903978923028	I	n211;14
297.82360680980145	I	n170;3
297.88510067996623	E	n197;12
299.3464870613696	T	n170;3;n170;16;n187;17
300.4921244838743	C	n198;13
301.8448988820438	I	n211;14
306.18779637717876	E	n189;8
309.21205838172443	S	n198;13;n231;18;n232;19
310.65526298300756	I	n232;19
316.27600896896894	E	n192;11
316.75899037483913	L	n170;16
316.75899037483913	T	n187;17;n187;20;n170;21
317.30612004847615	S	n232;19;n239;22;n240;23
323.451126983794	S	n211;14;n247;24;n248;25
326.9299560409181	S	n248;25;n249;26;n250;27
333.19469543799283	D	n250;27;n250;28;n250;29
334.64198406508626	S	n249;26;n255;30;n256;31
335.14844581859495	S	n231;18;n259;32;n260;33
337.0698899638276	I	n259;32
338.51097831531484	S	n247;24;n269;34;n270;35
344.65876038946266	I	n269;34
348.6720819320871	E	n240;23
348.7564267084988	E	n259;32
351.3681074054671	E	n270;35
351.37042779145395	E	n255;30
351.698783420854	I	n269;34
354.99427843939156	L	n170;21
356.3119546325315	E	n187;20
356.5243775902817	S	n250;28;n303;36;n304;37
356.5243775902817	S	n250;29;n303;38;n304;39
359.43466135079467	S	n269;34;n307;40;n308;41
362.48934096850184	I	n256;31
364.14479088522387	E	n212;15
364.49514583717956	S	n304;37;n319;42;n320;43
364.49514583717956	S	n304;39;n319;44;n320;45
364.79215553309297	I	n239;22
365.0168302374957	S	n256;31;n323;46;n324;47
365.0747015482324	C	n324;47
365.3354294195512	E	n260;33
365.6675909654996	S	n239;22;n327;48;n328;49
367.963986169336	I	n303;36
367.963986169336	I	n303;38
368.1525611161385	S	n324;47;n331;50;n332;51
368.33285918754166	F	n307;40
368.33285918754166	F	n303;38
368.33285918754166	F	n303;36
368.33285918754166	F	n308;41
368.33285918754166	F	n331;50
368.33285918754166	F	n327;48
368.33285918754166	F	n323;46
368.33285918754166	F	n328;49
368.33285918754166	F	n320;43
368.33285918754166	F	n320;45
368.33285918754166	F	n332;51
368.33285918754166	F	n319;42
368.33285918754166	F	n319;44
