TIME	EVENT	NODES
270.1847634750933	O	n145
275.8505257194636	S	n145;1;n173;2;n174;3
304.5427494254746	I	n173;2
310.7600056740569	I	n173;2
314.5087251124538	E	n173;2
316.64521563171144	E	n174;3
