TIME	EVENT	NODES
270.4154367346364	O	n140
275.3394929136777	E	n140;1
