TIME	EVENT	NODES
270.5126664212965	O	n132
288.5496408940298	S	n132;1;n189;2;n190;3
290.92497631383475	L	n189;2
297.2325938618031	S	n190;3;n211;4;n212;5
302.2627121959705	T	n212;5;n212;6;n183;7
313.76245832504014	I	n212;6
316.35197703651545	D	n183;7;n183;8;n183;9
323.451126983794	S	n211;4;n247;10;n248;11
326.9299560409181	S	n248;11;n249;12;n250;13
334.64198406508626	S	n249;12;n255;14;n256;15
338.51097831531484	S	n247;10;n269;16;n270;17
338.52571564702345	I	n255;14
339.17828754879304	I	n250;13
340.80665333988657	I	n250;13
343.8740387814113	I	n250;13
343.93506237572296	I	n212;6
346.57042726387317	C	n270;17
349.00530575206363	E	n183;8
349.00530575206363	E	n183;9
351.3681074054671	E	n270;17
351.37042779145395	E	n255;14
351.8694128851613	I	n250;13
356.5243775902817	S	n250;13;n303;18;n304;19
359.43466135079467	S	n269;16;n307;20;n308;21
364.14479088522387	E	n212;6
364.49514583717956	S	n304;19;n319;22;n320;23
365.0168302374957	S	n256;15;n323;24;n324;25
368.1525611161385	S	n324;25;n331;26;n332;27
368.33285918754166	F	n307;20
368.33285918754166	F	n303;18
368.33285918754166	F	n308;21
368.33285918754166	F	n331;26
368.33285918754166	F	n323;24
368.33285918754166	F	n320;23
368.33285918754166	F	n332;27
368.33285918754166	F	n319;22
