TIME	EVENT	NODES
270.5201575501339	O	n150
293.4401227103343	E	n150;1
