TIME	EVENT	NODES
270.6475650358433	O	n160
282.28764477756255	I	n160;1
283.003644560383	E	n160;1
