TIME	EVENT	NODES
270.76295564798005	O	n155
302.77518792485097	S	n155;1;n221;2;n222;3
314.02671165081205	I	n222;3
314.3193370741534	E	n222;3
319.6209856083496	D	n221;2;n221;4;n221;5
346.25933828589956	I	n221;5
368.33285918754166	F	n221;4
368.33285918754166	F	n221;5
