TIME	EVENT	NODES
271.1033427902647	O	n164
279.3689247604448	E	n164;1
