TIME	EVENT	NODES
271.19495849509906	O	n163
277.8106349986983	E	n163;1
