TIME	EVENT	NODES
271.40936879556983	O	n164
279.3689247604448	E	n164;1
