TIME	EVENT	NODES
271.41253035640824	O	n161
277.04604187489826	E	n161;1
