TIME	EVENT	NODES
271.46940706667715	O	n90
271.7170818175748	I	n90;1
277.43399607550214	T	n90;1;n90;2;n112;3
278.4525291252385	E	n112;3
280.88338111280893	E	n90;2
