TIME	EVENT	NODES
271.47554403356867	O	n142
280.0995158500169	I	n142;1
307.23446963547855	I	n142;1
312.1421772672062	E	n142;1
