TIME	EVENT	NODES
271.4850271823252	O	n156
275.91866836402124	D	n156;1;n156;2;n156;3
280.9346084359787	E	n156;2
280.9346084359787	E	n156;3
