TIME	EVENT	NODES
271.5190584152081	O	n110
287.5951517002605	S	n110;1;n187;2;n188;3
292.596658868814	T	n188;3;n188;4;n178;5
292.8716871641117	I	n188;4
293.1267483817216	S	n188;4;n199;6;n200;7
293.90973519565694	S	n199;6;n203;8;n204;9
294.07914662793326	E	n200;7
295.7101501024865	E	n178;5
304.332887589541	I	n187;2
304.69378074654935	I	n203;8
305.8053411110323	S	n204;9;n227;10;n228;11
307.17311820852194	I	n203;8
312.5269819165561	L	n227;10
315.0619064109624	I	n203;8
315.84153995401743	C	n187;2
318.9566040063278	S	n203;8;n241;12;n242;13
321.4058489812759	I	n241;12
328.0414879216036	I	n241;12
329.06641205032196	I	n228;11
335.6967060113735	S	n241;12;n261;14;n262;15
342.3523845263514	S	n228;11;n281;16;n282;17
345.2669943073621	I	n242;13
346.31794207816046	I	n282;17
350.53960376877336	S	n262;15;n293;18;n294;19
353.2558613094518	I	n187;2
356.3119546325315	E	n187;2
357.9101866825227	I	n261;14
359.16454116420584	E	n261;14
364.30897272570144	I	n242;13
367.9231586597616	I	n281;16
368.33285918754166	F	n293;18
368.33285918754166	F	n242;13
368.33285918754166	F	n282;17
368.33285918754166	F	n281;16
368.33285918754166	F	n294;19
