TIME	EVENT	NODES
271.56719406140604	O	n110
287.5951517002605	S	n110;1;n187;2;n188;3
293.1267483817216	S	n188;3;n199;4;n200;5
293.90973519565694	S	n199;4;n203;6;n204;7
294.07914662793326	E	n200;5
299.12635350846284	I	n203;6
302.9072864079218	I	n204;7
305.8053411110323	S	n204;7;n227;8;n228;9
309.05423820642386	C	n187;2
309.6512143468929	I	n203;6
314.0104779853529	S	n227;8;n237;10;n238;11
317.93148972518173	I	n238;11
318.9566040063278	S	n203;6;n241;12;n242;13
324.2877732099755	I	n241;12
329.06641205032196	I	n228;9
334.8498924535075	L	n237;10
334.8498924535075	T	n228;9;n228;14;n237;15
335.6967060113735	S	n241;12;n261;16;n262;17
339.96246034945096	S	n237;15;n273;18;n274;19
342.3523845263514	S	n228;14;n281;20;n282;21
350.53960376877336	S	n262;17;n293;22;n294;23
353.57427865668427	I	n282;21
355.7899662740194	E	n274;19
356.07738728640095	I	n293;22
356.3119546325315	E	n187;2
359.16454116420584	E	n261;16
365.43190125744275	S	n273;18;n325;24;n326;25
368.33285918754166	F	n293;22
368.33285918754166	F	n242;13
368.33285918754166	F	n282;21
368.33285918754166	F	n325;24
368.33285918754166	F	n281;20
368.33285918754166	F	n326;25
368.33285918754166	F	n294;23
368.33285918754166	F	n238;11
