TIME	EVENT	NODES
271.7358153438883	O	n113
276.06674945851347	E	n113;1
