TIME	EVENT	NODES
271.7414343524752	O	n167
278.6214938342557	E	n167;1
