TIME	EVENT	NODES
271.8307982227991	O	n167
278.6214938342557	E	n167;1
