TIME	EVENT	NODES
271.83440069968714	O	n167
273.5956418150226	I	n167;1
278.6214938342557	E	n167;1
