TIME	EVENT	NODES
272.17505011942995	O	n150
293.4401227103343	E	n150;1
