TIME	EVENT	NODES
272.23518555765975	O	n166
319.58354135965055	L	n166;1
