TIME	EVENT	NODES
272.4309706617356	O	n122
273.5864034493894	E	n122;1
