TIME	EVENT	NODES
272.45472716128575	O	n157
281.86281336619095	S	n157;1;n181;2;n182;3
297.3759122122873	E	n182;3
326.9191915703628	E	n181;2
