TIME	EVENT	NODES
272.597741788938	O	n161
277.04604187489826	E	n161;1
