TIME	EVENT	NODES
272.6177425103536	O	n155
273.7765191757321	C	n155;1
288.4017530528393	I	n155;1
302.77518792485097	S	n155;1;n221;2;n222;3
314.3193370741534	E	n222;3
328.4792482159184	I	n221;2
368.33285918754166	F	n221;2
