TIME	EVENT	NODES
272.6487975047584	O	n133
290.4363268478046	S	n133;1;n193;2;n194;3
293.87416262241237	S	n194;3;n201;4;n202;5
297.20756264263844	S	n193;2;n209;6;n210;7
303.4377349768546	S	n209;6;n223;8;n224;9
305.99025340734033	E	n202;5
307.88032930517045	S	n210;7;n229;10;n230;11
310.74626732789005	S	n224;9;n233;12;n234;13
311.24019178948345	T	n234;13;n234;14;n142;15
312.06673550701987	S	n201;4;n235;16;n236;17
312.1421772672062	E	n142;15
315.78409540241285	I	n233;12
320.0462941050965	C	n235;16
320.6824885174847	I	n229;10
321.78135305229097	E	n235;16
322.6630115581117	S	n233;12;n245;18;n246;19
324.18029374831247	I	n230;11
327.68708843484586	S	n223;8;n251;20;n252;21
331.02825248126715	E	n236;17
334.9897297167016	S	n251;20;n257;22;n258;23
337.10932653973396	S	n229;10;n267;24;n268;25
338.89935941368094	E	n245;18
341.11177427463167	S	n246;19;n275;26;n276;27
342.1368897672253	S	n267;24;n279;28;n280;29
342.2616399924347	I	n280;29
343.8687992728475	I	n252;21
344.02040770953147	S	n258;23;n283;30;n284;31
345.2212565441819	I	n276;27
346.5471506808192	S	n280;29;n285;32;n286;33
346.5990500281604	S	n283;30;n287;34;n288;35
347.3589689447561	S	n268;25;n289;36;n290;37
348.7700363029201	S	n275;26;n291;38;n292;39
349.88416763804656	I	n234;14
350.6247674253394	S	n276;27;n295;40;n296;41
352.8339877643556	I	n287;34
353.2274467652559	S	n284;31;n297;42;n298;43
355.0583586205711	S	n292;39;n299;44;n300;45
355.8778505990836	S	n295;40;n301;46;n302;47
357.1757291726746	S	n301;46;n305;48;n306;49
357.7744525573036	I	n285;32
359.1592956763898	I	n300;45
360.66748199542366	E	n306;49
360.7716002088989	I	n252;21
362.14507068748986	S	n289;36;n311;50;n312;51
362.8006250680239	C	n302;47
362.93877184850265	E	n279;28
364.0086300239402	S	n305;48;n315;52;n316;53
364.8824680743981	S	n302;47;n321;54;n322;55
367.012593592902	I	n321;54
367.61788425334043	I	n285;32
368.33285918754166	F	n316;53
368.33285918754166	F	n230;11
368.33285918754166	F	n322;55
368.33285918754166	F	n291;38
368.33285918754166	F	n300;45
368.33285918754166	F	n296;41
368.33285918754166	F	n287;34
368.33285918754166	F	n299;44
368.33285918754166	F	n257;22
368.33285918754166	F	n288;35
368.33285918754166	F	n285;32
368.33285918754166	F	n286;33
368.33285918754166	F	n234;14
368.33285918754166	F	n312;51
368.33285918754166	F	n252;21
368.33285918754166	F	n311;50
368.33285918754166	F	n321;54
368.33285918754166	F	n297;42
368.33285918754166	F	n290;37
368.33285918754166	F	n315;52
368.33285918754166	F	n298;43
