TIME	EVENT	NODES
272.7311936601782	O	n156
280.9346084359787	E	n156;1
