TIME	EVENT	NODES
272.75036438219576	O	n90
280.88338111280893	E	n90;1
