TIME	EVENT	NODES
272.82907714487214	O	n98
277.17030628617005	T	n98;1;n98;2;n147;3
283.3629310829571	S	n147;3;n183;4;n184;5
289.94826377886017	L	n183;4
293.6183387782659	E	n184;5
297.82959460464184	E	n98;2
