TIME	EVENT	NODES
272.82928145946744	O	n122
273.5864034493894	E	n122;1
