TIME	EVENT	NODES
273.2118136823816	O	n167
278.6214938342557	E	n167;1
