TIME	EVENT	NODES
273.43129899026565	O	n135
288.2373628162395	I	n135;1
295.29102773422574	I	n135;1
297.944722411288	S	n135;1;n213;2;n214;3
299.1473251872138	E	n214;3
303.1142375070021	I	n213;2
305.3065589137974	S	n213;2;n225;4;n226;5
316.4992855121913	L	n225;4
324.2601856628277	E	n226;5
