TIME	EVENT	NODES
273.5924567591553	O	n157
281.86281336619095	S	n157;1;n181;2;n182;3
285.8038338873993	I	n181;2
294.9318948761014	I	n181;2
297.3759122122873	E	n182;3
298.8332246627608	C	n181;2
326.9191915703628	E	n181;2
