TIME	EVENT	NODES
273.6523231940594	O	n147
283.3629310829571	S	n147;1;n183;2;n184;3
283.65050348937484	I	n183;2
288.58345712429553	L	n183;2
293.6183387782659	E	n184;3
