TIME	EVENT	NODES
273.72916970084475	O	n145
275.8505257194636	S	n145;1;n173;2;n174;3
307.7578602914356	T	n174;3;n174;4;n205;5
314.5087251124538	E	n173;2
316.64521563171144	E	n174;4
317.01114394872144	I	n205;5
335.49216531930057	I	n205;5
342.36324756670217	I	n205;5
356.26234207766583	I	n205;5
363.72092949357767	S	n205;5;n313;6;n314;7
368.33285918754166	F	n314;7
368.33285918754166	F	n313;6
