TIME	EVENT	NODES
273.8040375517242	O	n155
275.53864215074265	I	n155;1
302.77518792485097	S	n155;1;n221;2;n222;3
303.2846062419662	T	n221;2;n221;4;n201;5
304.1935626843603	I	n222;3
305.17949602434487	T	n221;4;n221;6;n159;7
312.06673550701987	S	n201;5;n235;8;n236;9
314.3193370741534	E	n222;3
319.1662244603013	I	n159;7
319.9319030619593	I	n236;9
321.78135305229097	E	n235;8
322.6961840693543	L	n221;6
328.2146319613769	S	n159;7;n253;10;n254;11
331.02825248126715	E	n236;9
335.92113620132585	S	n254;11;n263;12;n264;13
339.658731161582	S	n264;13;n271;14;n272;15
345.71198993976384	E	n253;10
349.1338199672426	I	n272;15
351.5113361967628	I	n272;15
361.7971077523211	S	n272;15;n309;16;n310;17
364.39265661618424	S	n310;17;n317;18;n318;19
365.0417268907298	E	n263;12
365.9406802548836	S	n318;19;n329;20;n330;21
368.33285918754166	F	n330;21
368.33285918754166	F	n329;20
368.33285918754166	F	n271;14
368.33285918754166	F	n317;18
368.33285918754166	F	n309;16
