TIME	EVENT	NODES
273.8566705967867	O	n105
274.4040955749471	I	n105;1
287.2898658895813	E	n105;1
