TIME	EVENT	NODES
273.8580294587254	O	n163
276.67741255602084	I	n163;1
277.8106349986983	E	n163;1
