TIME	EVENT	NODES
273.8779154174817	O	n140
275.3394929136777	E	n140;1
