TIME	EVENT	NODES
273.9396303006369	O	n109
277.27595360226786	C	n109;1
300.1192741812321	I	n109;1
314.8764502633127	L	n109;1
