TIME	EVENT	NODES
273.9925163030258	O	n156
280.9346084359787	E	n156;1
