TIME	EVENT	NODES
274.08442511805714	O	n146
275.0960935428681	S	n146;1;n169;2;n170;3
276.778106847264	S	n169;2;n177;4;n178;5
279.7501214445575	I	n177;4
289.68495730814817	I	n177;4
289.7660671719976	S	n177;4;n191;6;n192;7
292.56408620681617	S	n191;6;n197;8;n198;9
293.2739052785528	I	n170;3
295.6941739117224	I	n198;9
295.7101501024865	E	n178;5
297.88510067996623	E	n197;8
309.21205838172443	S	n198;9;n231;10;n232;11
316.27600896896894	E	n192;7
317.30612004847615	S	n232;11;n239;12;n240;13
335.14844581859495	S	n231;10;n259;14;n260;15
337.6316453591496	T	n240;13;n240;16;n187;17
338.2325154907867	I	n260;15
338.7023491630658	L	n170;3
338.7023491630658	T	n259;14;n259;18;n170;19
346.2149137392892	I	n240;16
348.6720819320871	E	n240;16
348.7564267084988	E	n259;18
356.3119546325315	E	n187;17
360.904866670917	I	n170;19
365.3354294195512	E	n260;15
365.6675909654996	S	n239;12;n327;20;n328;21
368.33285918754166	F	n327;20
368.33285918754166	F	n328;21
368.33285918754166	F	n170;19
