TIME	EVENT	NODES
274.1374959636365	O	n105
287.2898658895813	E	n105;1
