TIME	EVENT	NODES
274.1517493330499	O	n140
275.3394929136777	E	n140;1
