TIME	EVENT	NODES
274.30521440008494	O	n105
287.2898658895813	E	n105;1
