TIME	EVENT	NODES
274.51692083998734	O	n161
277.04604187489826	E	n161;1
