TIME	EVENT	NODES
274.5693643484037	O	n110
279.6409026928842	L	n110;1
