TIME	EVENT	NODES
274.75975911946625	O	n144
276.551795131478	S	n144;1;n175;2;n176;3
282.6973241292186	I	n176;3
285.76396366295205	E	n176;3
296.4430408222861	E	n175;2
