TIME	EVENT	NODES
274.7919440802271	O	n90
280.88338111280893	E	n90;1
