TIME	EVENT	NODES
274.85137834544605	O	n167
278.6214938342557	E	n167;1
