TIME	EVENT	NODES
274.9300531312022	O	n156
280.9346084359787	E	n156;1
