TIME	EVENT	NODES
274.98712629292413	O	n156
280.9346084359787	E	n156;1
