TIME	EVENT	NODES
275.0136642901222	O	n163
277.8106349986983	E	n163;1
