TIME	EVENT	NODES
275.0610651313607	O	n163
277.8106349986983	E	n163;1
