TIME	EVENT	NODES
275.43493990367426	O	n98
297.82959460464184	E	n98;1
