TIME	EVENT	NODES
275.91598376637603	O	n170
276.92913471860146	L	n170;1
