TIME	EVENT	NODES
276.184933119917	O	n109
279.53897752919204	I	n109;1
284.32075833332897	I	n109;1
296.64567367242086	I	n109;1
303.58285983115945	I	n109;1
303.60001110028185	I	n109;1
315.342886568578	E	n109;1
