TIME	EVENT	NODES
276.20460821363366	O	n173
286.8761315698064	L	n173;1
