TIME	EVENT	NODES
276.29688258876206	O	n169
276.778106847264	S	n169;1;n177;2;n178;3
289.7660671719976	S	n177;2;n191;4;n192;5
292.56408620681617	S	n191;4;n197;6;n198;7
295.7101501024865	E	n178;3
297.88510067996623	E	n197;6
309.21205838172443	S	n198;7;n231;8;n232;9
309.90813254995254	I	n232;9
316.27600896896894	E	n192;5
317.30612004847615	S	n232;9;n239;10;n240;11
323.9116165148118	L	n239;10
325.8192066852831	L	n231;8
348.6720819320871	E	n240;11
