TIME	EVENT	NODES
276.3204122600146	O	n90
280.88338111280893	E	n90;1
