TIME	EVENT	NODES
276.32078874954095	O	n109
309.9637414887488	I	n109;1
315.342886568578	E	n109;1
