TIME	EVENT	NODES
276.3364861595806	O	n153
287.0419933286788	I	n153;1
294.27007287477545	S	n153;1;n205;2;n206;3
298.1283204238227	S	n206;3;n215;4;n216;5
299.0147661442014	I	n216;5
301.54805027051447	C	n205;2
301.7496501463424	E	n216;5
332.56564009934283	L	n215;4
339.7658923254064	I	n205;2
363.72092949357767	S	n205;2;n313;6;n314;7
366.05740639205254	L	n314;7
368.33285918754166	F	n313;6
