TIME	EVENT	NODES
276.57208391872587	O	n117
278.8778393829385	E	n117;1
