TIME	EVENT	NODES
276.58277293769146	O	n98
294.19396430248537	I	n98;1
297.30270071721066	I	n98;1
297.82959460464184	E	n98;1
