TIME	EVENT	NODES
276.67148595694056	O	n164
279.3689247604448	E	n164;1
