TIME	EVENT	NODES
276.84987692496634	O	n90
280.88338111280893	E	n90;1
