TIME	EVENT	NODES
277.2284441123211	O	n153
294.27007287477545	S	n153;1;n205;2;n206;3
298.1283204238227	S	n206;3;n215;4;n216;5
301.6256801689607	L	n215;4
301.7496501463424	E	n216;5
306.49003738700236	C	n205;2
315.6082576650288	I	n205;2
363.72092949357767	S	n205;2;n313;6;n314;7
367.4162760418626	I	n314;7
368.33285918754166	F	n314;7
368.33285918754166	F	n313;6
