TIME	EVENT	NODES
277.395200945168	O	n98
297.82959460464184	E	n98;1
