TIME	EVENT	NODES
277.5691959083788	O	n90
280.88338111280893	E	n90;1
