TIME	EVENT	NODES
277.5871895607917	O	n90
280.88338111280893	E	n90;1
