TIME	EVENT	NODES
277.69990703841296	O	n163
277.8106349986983	E	n163;1
