TIME	EVENT	NODES
277.92389248084504	O	n109
315.342886568578	E	n109;1
