TIME	EVENT	NODES
277.9630034022107	O	n110
281.19249963882123	I	n110;1
287.5951517002605	S	n110;1;n187;2;n188;3
293.1267483817216	S	n188;3;n199;4;n200;5
293.90973519565694	S	n199;4;n203;6;n204;7
294.07914662793326	E	n200;5
305.8053411110323	S	n204;7;n227;8;n228;9
314.0104779853529	S	n227;8;n237;10;n238;11
317.93148972518173	I	n238;11
318.9566040063278	S	n203;6;n241;12;n242;13
324.2709125800465	I	n237;10
329.06641205032196	I	n228;9
335.6967060113735	S	n241;12;n261;14;n262;15
339.96246034945096	S	n237;10;n273;16;n274;17
342.3523845263514	S	n228;9;n281;18;n282;19
346.92896188458485	T	n238;11;n238;20;n276;21
350.53960376877336	S	n262;15;n293;22;n294;23
350.6247674253394	S	n276;21;n295;24;n296;25
351.75525017089205	C	n281;18
353.4437139912468	I	n294;23
355.7899662740194	E	n274;17
355.8778505990836	S	n295;24;n301;26;n302;27
356.07738728640095	I	n293;22
356.3119546325315	E	n187;2
356.4774712209432	I	n294;23
357.1757291726746	S	n301;26;n305;28;n306;29
357.9567198285618	I	n294;23
359.16454116420584	E	n261;14
360.66748199542366	E	n306;29
361.76329812781415	I	n296;25
364.0086300239402	S	n305;28;n315;30;n316;31
364.8824680743981	S	n302;27;n321;32;n322;33
365.43190125744275	S	n273;16;n325;34;n326;35
367.3744785275211	I	n296;25
368.33285918754166	F	n316;31
368.33285918754166	F	n322;33
368.33285918754166	F	n293;22
368.33285918754166	F	n242;13
368.33285918754166	F	n296;25
368.33285918754166	F	n282;19
368.33285918754166	F	n325;34
368.33285918754166	F	n281;18
368.33285918754166	F	n326;35
368.33285918754166	F	n294;23
368.33285918754166	F	n321;32
368.33285918754166	F	n238;20
368.33285918754166	F	n315;30
