TIME	EVENT	NODES
278.0094770834017	O	n156
280.9346084359787	E	n156;1
