TIME	EVENT	NODES
278.0329785861304	O	n173
308.8751788929166	I	n173;1
314.5087251124538	E	n173;1
