TIME	EVENT	NODES
278.1228112628109	O	n112
278.4525291252385	E	n112;1
