TIME	EVENT	NODES
278.14847300365506	O	n90
280.88338111280893	E	n90;1
