TIME	EVENT	NODES
278.27393191851013	O	n142
301.42068744774	I	n142;1
312.1421772672062	E	n142;1
