TIME	EVENT	NODES
278.3861782339105	O	n117
278.8778393829385	E	n117;1
