TIME	EVENT	NODES
278.4753228374484	O	n156
280.9346084359787	E	n156;1
