TIME	EVENT	NODES
278.74458425472915	O	n157
280.1024168307144	I	n157;1
281.86281336619095	S	n157;1;n181;2;n182;3
297.3759122122873	E	n182;3
313.2446343797207	L	n181;2
