TIME	EVENT	NODES
278.8095380867964	O	n98
297.82959460464184	E	n98;1
