TIME	EVENT	NODES
279.15279944216815	O	n171
294.1998026308451	E	n171;1
