TIME	EVENT	NODES
279.4360172033303	O	n171
286.51663562929866	I	n171;1
287.76770392082756	I	n171;1
294.1998026308451	E	n171;1
