TIME	EVENT	NODES
279.5374333246658	O	n160
283.003644560383	E	n160;1
