TIME	EVENT	NODES
279.6288457654935	O	n175
288.36586725968	I	n175;1
296.4430408222861	E	n175;1
