TIME	EVENT	NODES
279.67542676503916	O	n160
283.003644560383	E	n160;1
