TIME	EVENT	NODES
279.71069894610247	O	n98
281.66133310890575	I	n98;1
297.82959460464184	E	n98;1
