TIME	EVENT	NODES
279.8868689812927	O	n175
280.2405148953327	T	n175;1;n175;2;n157;3
281.86281336619095	S	n157;3;n181;4;n182;5
285.07246636729093	C	n181;4
296.4430408222861	E	n175;2
297.3759122122873	E	n182;5
308.5867676499249	I	n181;4
326.9191915703628	E	n181;4
