TIME	EVENT	NODES
280.0480154274551	O	n98
297.82959460464184	E	n98;1
