TIME	EVENT	NODES
280.1609616738896	O	n105
287.2898658895813	E	n105;1
