TIME	EVENT	NODES
280.1961310842073	O	n177
286.3602738071534	L	n177;1
