TIME	EVENT	NODES
280.4396395772057	O	n173
314.5087251124538	E	n173;1
