TIME	EVENT	NODES
280.51502641925924	O	n175
296.4430408222861	E	n175;1
