TIME	EVENT	NODES
280.5746963965764	O	n180
282.00592729458873	T	n180;1;n180;2;n166;3
292.321064504694	E	n180;2
325.62016585225894	E	n166;3
