TIME	EVENT	NODES
280.76427259794974	O	n173
286.15321130544163	I	n173;1
314.5087251124538	E	n173;1
