TIME	EVENT	NODES
280.90668641967244	O	n180
281.23791238251084	I	n180;1
287.70334564966714	L	n180;1
