TIME	EVENT	NODES
280.9881027006389	O	n172
315.41472492191235	E	n172;1
