TIME	EVENT	NODES
281.0035905464043	O	n178
295.7101501024865	E	n178;1
