TIME	EVENT	NODES
281.06250649908674	O	n155
302.77518792485097	S	n155;1;n221;2;n222;3
314.3193370741534	E	n222;3
347.28871863097237	C	n221;2
368.33285918754166	F	n221;2
