TIME	EVENT	NODES
281.432904561928	O	n174
316.64521563171144	E	n174;1
