TIME	EVENT	NODES
281.46055168857293	O	n98
297.82959460464184	E	n98;1
