TIME	EVENT	NODES
281.52864076968535	O	n109
288.1339239078847	C	n109;1
309.9637414887488	I	n109;1
315.342886568578	E	n109;1
