TIME	EVENT	NODES
281.63713601607003	O	n177
288.01189275779126	L	n177;1
