TIME	EVENT	NODES
281.73085696887523	O	n178
295.7101501024865	E	n178;1
