TIME	EVENT	NODES
281.8624126181475	O	n179
282.56958360049487	E	n179;1
