TIME	EVENT	NODES
281.92613634338625	O	n176
285.76396366295205	E	n176;1
