TIME	EVENT	NODES
281.94379657484257	O	n142
287.1026056911424	I	n142;1
304.5216050265065	I	n142;1
311.2290060106417	I	n142;1
312.1421772672062	E	n142;1
