TIME	EVENT	NODES
282.10980545308354	O	n142
311.26912813080975	I	n142;1
311.54642781062864	I	n142;1
312.1421772672062	E	n142;1
