TIME	EVENT	NODES
282.1638965367271	O	n160
283.003644560383	E	n160;1
