TIME	EVENT	NODES
282.3410572459426	O	n159
282.70585986369395	I	n159;1
282.95781900189576	L	n159;1
