TIME	EVENT	NODES
282.4174891256612	O	n173
314.5087251124538	E	n173;1
