TIME	EVENT	NODES
282.545883404355	O	n181
282.55051638797346	I	n181;1
285.8038338873993	I	n181;1
326.9191915703628	E	n181;1
