TIME	EVENT	NODES
282.56134694640497	O	n160
283.003644560383	E	n160;1
