TIME	EVENT	NODES
282.65414873318275	O	n174
287.8868513239661	T	n174;1;n174;2;n177;3
289.7660671719976	S	n177;3;n191;4;n192;5
292.56408620681617	S	n191;4;n197;6;n198;7
297.88510067996623	E	n197;6
302.54551594173853	I	n192;5
309.21205838172443	S	n198;7;n231;8;n232;9
313.295464126695	I	n192;5
314.1458393412537	I	n231;8
316.27600896896894	E	n192;5
316.64521563171144	E	n174;2
317.30612004847615	S	n232;9;n239;10;n240;11
331.57266048626957	I	n231;8
333.9835129984656	I	n239;10
335.14844581859495	S	n231;8;n259;12;n260;13
348.6720819320871	E	n240;11
348.7564267084988	E	n259;12
365.3354294195512	E	n260;13
365.6675909654996	S	n239;10;n327;14;n328;15
368.33285918754166	F	n327;14
368.33285918754166	F	n328;15
