TIME	EVENT	NODES
282.6806962332057	O	n150
293.4401227103343	E	n150;1
