TIME	EVENT	NODES
282.7056227237061	O	n132
288.5496408940298	S	n132;1;n189;2;n190;3
297.2325938618031	S	n190;3;n211;4;n212;5
299.08375446557704	L	n211;4
303.60395594575954	T	n189;2;n189;6;n219;7
306.18779637717876	E	n189;6
322.23550031039156	S	n219;7;n243;8;n244;9
334.1508663299917	L	n244;9
336.27194991669535	S	n243;8;n265;10;n266;11
337.9466629699342	E	n266;11
339.142489910112	I	n212;5
351.919365086475	L	n265;10
364.14479088522387	E	n212;5
