TIME	EVENT	NODES
282.8103105951802	O	n150
293.4401227103343	E	n150;1
