TIME	EVENT	NODES
282.9754342959633	O	n135
283.8007029136752	I	n135;1
286.87130447622064	I	n135;1
297.944722411288	S	n135;1;n213;2;n214;3
299.1473251872138	E	n214;3
305.3065589137974	S	n213;2;n225;4;n226;5
308.87520082973424	I	n226;5
324.2601856628277	E	n226;5
324.7848548775896	E	n225;4
