TIME	EVENT	NODES
283.04913607206163	O	n181
296.01438219947346	I	n181;1
311.0927644648807	I	n181;1
326.9191915703628	E	n181;1
