TIME	EVENT	NODES
283.1238700054543	O	n98
297.82959460464184	E	n98;1
