TIME	EVENT	NODES
283.1615836935126	O	n174
298.50186347928354	I	n174;1
316.64521563171144	E	n174;1
