TIME	EVENT	NODES
283.201639151454	O	n98
297.82959460464184	E	n98;1
