TIME	EVENT	NODES
283.2774488146856	O	n147
283.3629310829571	S	n147;1;n183;2;n184;3
293.6183387782659	E	n184;3
349.00530575206363	E	n183;2
