TIME	EVENT	NODES
283.45754827156964	O	n183
288.58326589687846	L	n183;1
