TIME	EVENT	NODES
283.51479175405154	O	n98
294.19396430248537	I	n98;1
296.0156855054271	I	n98;1
297.82959460464184	E	n98;1
