TIME	EVENT	NODES
283.5232535308463	O	n176
285.76396366295205	E	n176;1
