TIME	EVENT	NODES
283.590048682525	O	n132
288.5496408940298	S	n132;1;n189;2;n190;3
297.2325938618031	S	n190;3;n211;4;n212;5
306.18779637717876	E	n189;2
320.3478419201055	C	n212;5
323.451126983794	S	n211;4;n247;6;n248;7
323.54966181094517	I	n212;5
326.9299560409181	S	n248;7;n249;8;n250;9
334.64198406508626	S	n249;8;n255;10;n256;11
338.51097831531484	S	n247;6;n269;12;n270;13
339.97454408663657	C	n212;5
348.5727491582902	I	n255;10
348.9951134191378	T	n250;9;n250;14;n234;15
351.3681074054671	E	n270;13
351.37042779145395	E	n255;10
356.3066588385502	I	n212;5
356.5243775902817	S	n250;14;n303;16;n304;17
359.43466135079467	S	n269;12;n307;18;n308;19
364.14479088522387	E	n212;5
364.49514583717956	S	n304;17;n319;20;n320;21
365.0168302374957	S	n256;11;n323;22;n324;23
368.1525611161385	S	n324;23;n331;24;n332;25
368.33285918754166	F	n307;18
368.33285918754166	F	n303;16
368.33285918754166	F	n308;19
368.33285918754166	F	n331;24
368.33285918754166	F	n323;22
368.33285918754166	F	n234;15
368.33285918754166	F	n320;21
368.33285918754166	F	n332;25
368.33285918754166	F	n319;20
