TIME	EVENT	NODES
283.8271722305366	O	n166
309.07397215787313	C	n166;1
325.62016585225894	E	n166;1
