TIME	EVENT	NODES
283.83934308821256	O	n184
293.6183387782659	E	n184;1
