TIME	EVENT	NODES
283.8414640579346	O	n159
316.82688253247335	I	n159;1
320.95715525056033	I	n159;1
328.2146319613769	S	n159;1;n253;2;n254;3
335.92113620132585	S	n254;3;n263;4;n264;5
337.47526248400396	C	n264;5
337.567952631979	L	n264;5
345.71198993976384	E	n253;2
365.0417268907298	E	n263;4
