TIME	EVENT	NODES
283.88829934471255	O	n109
285.8337987125108	I	n109;1
315.342886568578	E	n109;1
