TIME	EVENT	NODES
283.98287970585284	O	n174
298.59967805978044	I	n174;1
316.64521563171144	E	n174;1
