TIME	EVENT	NODES
284.0888088298436	O	n142
307.3368300628049	C	n142;1
312.1421772672062	E	n142;1
