TIME	EVENT	NODES
284.1957027114705	O	n98
297.82959460464184	E	n98;1
