TIME	EVENT	NODES
284.21889502568314	O	n175
296.4430408222861	E	n175;1
