TIME	EVENT	NODES
284.59084887084924	O	n175
285.2386440677787	C	n175;1
296.4430408222861	E	n175;1
