TIME	EVENT	NODES
284.6663976014495	O	n183
314.40912402173376	I	n183;1
341.3232864418746	T	n183;1;n183;2;n239;3
348.83788713809764	I	n183;2
349.00530575206363	E	n183;2
365.6675909654996	S	n239;3;n327;4;n328;5
368.33285918754166	F	n327;4
368.33285918754166	F	n328;5
