TIME	EVENT	NODES
284.7117733775028	O	n105
287.2898658895813	E	n105;1
