TIME	EVENT	NODES
284.7446130089413	O	n175
296.4430408222861	E	n175;1
