TIME	EVENT	NODES
284.8284026897572	O	n171
294.1998026308451	E	n171;1
