TIME	EVENT	NODES
284.87024001268526	O	n109
315.342886568578	E	n109;1
