TIME	EVENT	NODES
285.10431476140724	O	n170
313.1832323332522	I	n170;1
332.9984114070716	I	n170;1
354.2644333660578	I	n170;1
364.4068183847622	I	n170;1
368.33285918754166	F	n170;1
