TIME	EVENT	NODES
285.33015320043404	O	n110
287.5951517002605	S	n110;1;n187;2;n188;3
293.1267483817216	S	n188;3;n199;4;n200;5
293.8732180309216	I	n200;5
293.90973519565694	S	n199;4;n203;6;n204;7
294.07914662793326	E	n200;5
305.8053411110323	S	n204;7;n227;8;n228;9
313.2467660912808	I	n227;8
314.0104779853529	S	n227;8;n237;10;n238;11
318.9566040063278	S	n203;6;n241;12;n242;13
319.10652424728346	I	n241;12
320.01234973923897	I	n242;13
335.6967060113735	S	n241;12;n261;14;n262;15
339.49154193358333	C	n262;15
339.96246034945096	S	n237;10;n273;16;n274;17
342.01531290336425	I	n273;16
342.3523845263514	S	n228;9;n281;18;n282;19
348.7885287499841	I	n261;14
349.9931620048059	T	n281;18;n281;20;n255;21
350.53960376877336	S	n262;15;n293;22;n294;23
351.37042779145395	E	n255;21
352.6955894367224	I	n293;22
353.6543878143171	I	n238;11
355.7899662740194	E	n274;17
355.96840405347695	I	n293;22
356.3119546325315	E	n187;2
359.16454116420584	E	n261;14
365.43190125744275	S	n273;16;n325;24;n326;25
368.33285918754166	F	n293;22
368.33285918754166	F	n242;13
368.33285918754166	F	n282;19
368.33285918754166	F	n325;24
368.33285918754166	F	n281;20
368.33285918754166	F	n326;25
368.33285918754166	F	n294;23
368.33285918754166	F	n238;11
