TIME	EVENT	NODES
285.3382056719191	O	n159
314.31576356906214	I	n159;1
328.2146319613769	S	n159;1;n253;2;n254;3
335.92113620132585	S	n254;3;n263;4;n264;5
339.542762946198	T	n264;5;n264;6;n183;7
339.658731161582	S	n264;6;n271;8;n272;9
343.27107868719355	L	n272;9
345.71198993976384	E	n253;2
347.0387545264086	I	n271;8
349.00530575206363	E	n183;7
365.0417268907298	E	n263;4
368.33285918754166	F	n271;8
