TIME	EVENT	NODES
285.4130115831809	O	n178
295.7101501024865	E	n178;1
