TIME	EVENT	NODES
285.43385980794136	O	n155
302.77518792485097	S	n155;1;n221;2;n222;3
304.1935626843603	I	n222;3
314.3193370741534	E	n222;3
365.6793466632052	I	n221;2
366.209148907393	I	n221;2
368.33285918754166	F	n221;2
