TIME	EVENT	NODES
285.4703819543172	O	n159
288.23075352325174	I	n159;1
328.2146319613769	S	n159;1;n253;2;n254;3
335.92113620132585	S	n254;3;n263;4;n264;5
339.53846034523434	I	n264;5
339.658731161582	S	n264;5;n271;6;n272;7
343.5449131705816	I	n253;2
345.71198993976384	E	n253;2
349.85972119861583	L	n271;6
356.2958322248388	I	n263;4
361.7971077523211	S	n272;7;n309;8;n310;9
362.7405655335917	I	n310;9
363.1802668639977	L	n310;9
363.1802668639977	T	n309;8;n309;10;n310;11
364.39265661618424	S	n310;11;n317;12;n318;13
365.0417268907298	E	n263;4
365.9406802548836	S	n318;13;n329;14;n330;15
367.6200698741979	I	n317;12
368.33285918754166	F	n330;15
368.33285918754166	F	n329;14
368.33285918754166	F	n317;12
368.33285918754166	F	n309;10
