TIME	EVENT	NODES
285.53273391877985	O	n183
292.8693463472738	I	n183;1
344.3052661018004	C	n183;1
349.00530575206363	E	n183;1
