TIME	EVENT	NODES
285.580860618098	O	n172
309.8749591926887	T	n172;1;n172;2;n211;3
315.41472492191235	E	n172;2
323.451126983794	S	n211;3;n247;4;n248;5
326.9299560409181	S	n248;5;n249;6;n250;7
334.64198406508626	S	n249;6;n255;8;n256;9
338.51097831531484	S	n247;4;n269;10;n270;11
340.0233594756859	I	n269;10
347.39229351542144	I	n269;10
351.3681074054671	E	n270;11
351.37042779145395	E	n255;8
356.5243775902817	S	n250;7;n303;12;n304;13
359.43466135079467	S	n269;10;n307;14;n308;15
362.724704084258	I	n256;9
364.49514583717956	S	n304;13;n319;16;n320;17
365.0168302374957	S	n256;9;n323;18;n324;19
368.1525611161385	S	n324;19;n331;20;n332;21
368.2645648230135	I	n320;17
368.33285918754166	F	n307;14
368.33285918754166	F	n303;12
368.33285918754166	F	n308;15
368.33285918754166	F	n331;20
368.33285918754166	F	n323;18
368.33285918754166	F	n320;17
368.33285918754166	F	n332;21
368.33285918754166	F	n319;16
