TIME	EVENT	NODES
285.7117954157627	O	n183
295.12554295258474	L	n183;1
