TIME	EVENT	NODES
285.7357980758464	O	n98
297.82959460464184	E	n98;1
