TIME	EVENT	NODES
285.7583843504075	O	n170
294.18760660473026	L	n170;1
