TIME	EVENT	NODES
285.9775524779335	O	n181
326.9191915703628	E	n181;1
