TIME	EVENT	NODES
0	O	Root
0.0	S	Root;1;n1;2;n2;3
3.2265121368497676	S	n2;3;n3;4;n4;5
6.0891450189117755	S	n4;5;n5;6;n6;7
11.441003896231868	I	n5;6
12.049627919615546	E	n1;2
15.30133088048336	I	n5;6
16.27126469359898	L	n3;4
16.27126469359898	T	n6;7;n6;8;n3;9
19.95773376361083	I	n5;6
23.73350029333846	L	n3;9
29.491999615555155	I	n6;8
41.7308661144652	E	n6;8
65.79458869924449	S	n5;6;n11;10;n12;11
78.67196232775571	E	n11;10
80.59920766624008	E	n12;11
