TIME	EVENT	NODES
286.08728828372875	O	n153
294.27007287477545	S	n153;1;n205;2;n206;3
298.1283204238227	S	n206;3;n215;4;n216;5
301.7496501463424	E	n216;5
310.7367053988949	T	n215;4;n215;6;n221;7
341.5385477573434	S	n215;6;n277;8;n278;9
345.45489524559207	I	n277;8
346.25933828589956	I	n221;7
350.7143210579519	I	n221;7
353.5863395609779	I	n277;8
360.8756568116158	I	n221;7
363.7179365725955	E	n277;8
363.72092949357767	S	n205;2;n313;10;n314;11
366.42003223567093	D	n314;11;n314;12;n314;13
366.5163472054392	I	n314;12
366.5163472054392	I	n314;13
368.33285918754166	F	n314;13
368.33285918754166	F	n314;12
368.33285918754166	F	n221;7
368.33285918754166	F	n313;10
368.33285918754166	F	n278;9
