TIME	EVENT	NODES
286.16937501567185	O	n178
295.7101501024865	E	n178;1
