TIME	EVENT	NODES
286.35061627913586	O	n185
306.7118637562414	E	n185;1
