TIME	EVENT	NODES
286.4591176201863	O	n165
300.66408360617874	S	n165;1;n217;2;n218;3
301.39480262224913	S	n217;2;n219;4;n220;5
309.22719658015154	E	n220;5
322.23550031039156	S	n219;4;n243;6;n244;7
327.1046107185982	E	n218;3
331.58223475544656	D	n243;6;n243;8;n243;9
336.27194991669535	S	n243;8;n265;10;n266;11
336.27194991669535	S	n243;9;n265;12;n266;13
337.9466629699342	E	n266;11
337.9466629699342	E	n266;13
357.83898267386695	E	n265;10
357.83898267386695	E	n265;12
368.33285918754166	F	n244;7
