TIME	EVENT	NODES
286.4666307510478	O	n172
305.40976294539354	L	n172;1
