TIME	EVENT	NODES
286.5458318634749	O	n110
287.5951517002605	S	n110;1;n187;2;n188;3
293.1267483817216	S	n188;3;n199;4;n200;5
293.90973519565694	S	n199;4;n203;6;n204;7
294.07914662793326	E	n200;5
300.28319451840844	T	n204;7;n204;8;n216;9
301.7496501463424	E	n216;9
305.8053411110323	S	n204;8;n227;10;n228;11
314.0104779853529	S	n227;10;n237;12;n238;13
318.6575202441293	I	n203;6
318.9566040063278	S	n203;6;n241;14;n242;15
333.4126196802527	I	n242;15
335.6967060113735	S	n241;14;n261;16;n262;17
339.96246034945096	S	n237;12;n273;18;n274;19
342.3523845263514	S	n228;11;n281;20;n282;21
343.46779249089684	L	n281;20
347.69967403529307	I	n274;19
350.53960376877336	S	n262;17;n293;22;n294;23
355.7899662740194	E	n274;19
356.3119546325315	E	n187;2
359.16454116420584	E	n261;16
365.43190125744275	S	n273;18;n325;24;n326;25
366.0032022847614	D	n293;22;n293;26;n293;27
368.33285918754166	F	n293;26
368.33285918754166	F	n293;27
368.33285918754166	F	n242;15
368.33285918754166	F	n282;21
368.33285918754166	F	n325;24
368.33285918754166	F	n326;25
368.33285918754166	F	n294;23
368.33285918754166	F	n238;13
