TIME	EVENT	NODES
286.79506126408575	O	n155
302.77518792485097	S	n155;1;n221;2;n222;3
314.3193370741534	E	n222;3
350.11452956966076	T	n221;2;n221;4;n256;5
362.06030120570546	I	n221;4
365.0168302374957	S	n256;5;n323;6;n324;7
368.1525611161385	S	n324;7;n331;8;n332;9
368.33285918754166	F	n331;8
368.33285918754166	F	n323;6
368.33285918754166	F	n332;9
368.33285918754166	F	n221;4
