TIME	EVENT	NODES
286.8681810265098	O	n183
307.71963622078727	L	n183;1
