TIME	EVENT	NODES
286.9158345313788	O	n172
315.41472492191235	E	n172;1
