TIME	EVENT	NODES
286.93627201472714	O	n172
315.41472492191235	E	n172;1
