TIME	EVENT	NODES
286.98789486944753	O	n109
315.342886568578	E	n109;1
