TIME	EVENT	NODES
286.9907275749772	O	n173
314.08766988805627	C	n173;1
314.5087251124538	E	n173;1
