TIME	EVENT	NODES
287.0329928038156	O	n150
287.7250075123087	D	n150;1;n150;2;n150;3
293.4401227103343	E	n150;2
293.4401227103343	E	n150;3
