TIME	EVENT	NODES
287.1633174025563	O	n171
294.1998026308451	E	n171;1
