TIME	EVENT	NODES
287.3912258798453	O	n170
368.33285918754166	F	n170;1
