TIME	EVENT	NODES
287.51604290697867	O	n185
306.7118637562414	E	n185;1
