TIME	EVENT	NODES
287.9257336961764	O	n180
292.321064504694	E	n180;1
