TIME	EVENT	NODES
287.9441639529428	O	n170
368.33285918754166	F	n170;1
