TIME	EVENT	NODES
288.0070105840039	O	n178
295.7101501024865	E	n178;1
