TIME	EVENT	NODES
288.2113229915742	O	n135
290.515669204298	I	n135;1
297.944722411288	S	n135;1;n213;2;n214;3
298.23892104770476	I	n214;3
299.1473251872138	E	n214;3
304.09031358710325	C	n213;2
305.3065589137974	S	n213;2;n225;4;n226;5
324.2601856628277	E	n226;5
324.7848548775896	E	n225;4
