TIME	EVENT	NODES
288.22799828621993	O	n188
293.1267483817216	S	n188;1;n199;2;n200;3
293.90973519565694	S	n199;2;n203;4;n204;5
294.07914662793326	E	n200;3
305.8053411110323	S	n204;5;n227;6;n228;7
314.0104779853529	S	n227;6;n237;8;n238;9
314.05841760646166	I	n203;4
314.2336517212976	I	n203;4
318.9566040063278	S	n203;4;n241;10;n242;11
335.6967060113735	S	n241;10;n261;12;n262;13
339.96246034945096	S	n237;8;n273;14;n274;15
341.18147171562265	I	n261;12
342.27661759005707	I	n242;11
342.3523845263514	S	n228;7;n281;16;n282;17
350.53960376877336	S	n262;13;n293;18;n294;19
355.7899662740194	E	n274;15
356.1164804556257	I	n242;11
358.3057452118197	D	n282;17;n282;20;n282;21
359.16454116420584	E	n261;12
365.43190125744275	S	n273;14;n325;22;n326;23
368.33285918754166	F	n293;18
368.33285918754166	F	n242;11
368.33285918754166	F	n282;20
368.33285918754166	F	n282;21
368.33285918754166	F	n325;22
368.33285918754166	F	n281;16
368.33285918754166	F	n326;23
368.33285918754166	F	n294;19
368.33285918754166	F	n238;9
