TIME	EVENT	NODES
288.30101153998004	O	n173
307.8120545727986	I	n173;1
314.5087251124538	E	n173;1
