TIME	EVENT	NODES
288.42381374846235	O	n180
292.321064504694	E	n180;1
