TIME	EVENT	NODES
288.48896618587946	O	n171
294.1998026308451	E	n171;1
