TIME	EVENT	NODES
288.909571213848	O	n182
297.3759122122873	E	n182;1
