TIME	EVENT	NODES
288.98592953043874	O	n189
306.18779637717876	E	n189;1
