TIME	EVENT	NODES
289.180423546278	O	n188
293.1267483817216	S	n188;1;n199;2;n200;3
293.8732180309216	I	n200;3
293.90973519565694	S	n199;2;n203;4;n204;5
294.07914662793326	E	n200;3
305.8053411110323	S	n204;5;n227;6;n228;7
311.7857405412638	T	n227;6;n227;8;n219;9
314.0104779853529	S	n227;8;n237;10;n238;11
318.9566040063278	S	n203;4;n241;12;n242;13
319.10652424728346	I	n241;12
319.5211154476321	I	n242;13
321.44236536462125	T	n242;13;n242;14;n166;15
322.23550031039156	S	n219;9;n243;16;n244;17
325.62016585225894	E	n166;15
333.4517098064388	I	n244;17
335.6967060113735	S	n241;12;n261;18;n262;19
336.27194991669535	S	n243;16;n265;20;n266;21
337.4581155652351	I	n244;17
337.9466629699342	E	n266;21
339.2225011890868	I	n238;11
339.48265989727685	I	n238;11
339.96246034945096	S	n237;10;n273;22;n274;23
342.33357379013046	D	n273;22;n273;24;n273;25
342.3523845263514	S	n228;7;n281;26;n282;27
342.56891039391013	C	n281;26
350.53960376877336	S	n262;19;n293;28;n294;29
355.7899662740194	E	n274;23
357.83898267386695	E	n265;20
358.45738335981105	L	n238;11
359.16454116420584	E	n261;18
364.9981348495169	I	n281;26
365.00069628741915	I	n293;28
365.43190125744275	S	n273;24;n325;30;n326;31
365.43190125744275	S	n273;25;n325;32;n326;33
367.04165453308576	I	n293;28
368.33285918754166	F	n293;28
368.33285918754166	F	n242;14
368.33285918754166	F	n282;27
368.33285918754166	F	n325;30
368.33285918754166	F	n325;32
368.33285918754166	F	n281;26
368.33285918754166	F	n326;31
368.33285918754166	F	n326;33
368.33285918754166	F	n244;17
368.33285918754166	F	n294;29
