TIME	EVENT	NODES
289.21244207652506	O	n190
297.2325938618031	S	n190;1;n211;2;n212;3
317.1763853545952	L	n212;3
323.451126983794	S	n211;2;n247;4;n248;5
326.9299560409181	S	n248;5;n249;6;n250;7
329.2345045736385	I	n250;7
332.08445687440087	I	n247;4
334.64198406508626	S	n249;6;n255;8;n256;9
338.51097831531484	S	n247;4;n269;10;n270;11
339.91385648342515	I	n256;9
340.7864474429748	L	n270;11
347.32766459501175	I	n250;7
351.37042779145395	E	n255;8
354.63903082168116	I	n256;9
356.5243775902817	S	n250;7;n303;12;n304;13
359.43466135079467	S	n269;10;n307;14;n308;15
360.06477189043824	D	n304;13;n304;16;n304;17
364.49514583717956	S	n304;16;n319;18;n320;19
364.49514583717956	S	n304;17;n319;20;n320;21
365.0168302374957	S	n256;9;n323;22;n324;23
368.1525611161385	S	n324;23;n331;24;n332;25
368.33285918754166	F	n307;14
368.33285918754166	F	n303;12
368.33285918754166	F	n308;15
368.33285918754166	F	n331;24
368.33285918754166	F	n323;22
368.33285918754166	F	n320;19
368.33285918754166	F	n320;21
368.33285918754166	F	n332;25
368.33285918754166	F	n319;18
368.33285918754166	F	n319;20
