TIME	EVENT	NODES
289.32308985084114	O	n190
295.8080941885182	L	n190;1
