TIME	EVENT	NODES
289.3393832775682	O	n142
312.1421772672062	E	n142;1
