TIME	EVENT	NODES
289.34777425926205	O	n175
296.4430408222861	E	n175;1
