TIME	EVENT	NODES
289.5041608358238	O	n155
302.77518792485097	S	n155;1;n221;2;n222;3
311.2293111724238	L	n221;2
314.3193370741534	E	n222;3
