TIME	EVENT	NODES
289.54373169601377	O	n155
296.66129685411784	I	n155;1
302.77518792485097	S	n155;1;n221;2;n222;3
314.3193370741534	E	n222;3
338.5039305212711	T	n221;2;n221;4;n183;5
338.88137665606513	I	n183;5
349.00530575206363	E	n183;5
357.4889372606417	I	n221;4
368.33285918754166	F	n221;4
