TIME	EVENT	NODES
289.547970090262	O	n184
293.6183387782659	E	n184;1
