TIME	EVENT	NODES
289.5771021782604	O	n155
302.77518792485097	S	n155;1;n221;2;n222;3
314.3193370741534	E	n222;3
327.9940607899138	I	n221;2
342.7485303362485	D	n221;2;n221;4;n221;5
368.33285918754166	F	n221;4
368.33285918754166	F	n221;5
