TIME	EVENT	NODES
289.60407876981503	O	n183
349.00530575206363	E	n183;1
