TIME	EVENT	NODES
289.70886259024513	O	n184
293.6183387782659	E	n184;1
