TIME	EVENT	NODES
289.8090900138281	O	n174
296.19267675483087	I	n174;1
305.9823715096469	L	n174;1
