TIME	EVENT	NODES
289.8449593478399	O	n185
306.7118637562414	E	n185;1
