TIME	EVENT	NODES
289.84991633184825	O	n98
290.1181759290976	L	n98;1
