TIME	EVENT	NODES
289.97577116530067	O	n185
306.7118637562414	E	n185;1
