TIME	EVENT	NODES
289.9791521596465	O	n182
297.3759122122873	E	n182;1
