TIME	EVENT	NODES
290.0159668476284	O	n182
297.3759122122873	E	n182;1
