TIME	EVENT	NODES
290.1302034981324	O	n185
306.7118637562414	E	n185;1
