TIME	EVENT	NODES
290.1821690577419	O	n171
294.1998026308451	E	n171;1
