TIME	EVENT	NODES
290.2383485398887	O	n191
292.56408620681617	S	n191;1;n197;2;n198;3
297.88510067996623	E	n197;2
309.21205838172443	S	n198;3;n231;4;n232;5
317.30612004847615	S	n232;5;n239;6;n240;7
329.787269424648	I	n240;7
334.8382374422212	C	n240;7
335.14844581859495	S	n231;4;n259;8;n260;9
337.7665531624568	I	n239;6
340.55911664297986	I	n239;6
348.6720819320871	E	n240;7
348.7564267084988	E	n259;8
362.343288240554	I	n260;9
365.3354294195512	E	n260;9
365.6675909654996	S	n239;6;n327;10;n328;11
368.33285918754166	F	n327;10
368.33285918754166	F	n328;11
