TIME	EVENT	NODES
290.347600099837	O	n173
303.0958585533079	T	n173;1;n173;2;n212;3
305.2471914188156	I	n173;2
314.5087251124538	E	n173;2
364.14479088522387	E	n212;3
