TIME	EVENT	NODES
290.362238442497	O	n155
302.77518792485097	S	n155;1;n221;2;n222;3
307.19872558142663	C	n221;2
314.3193370741534	E	n222;3
346.8347044409321	I	n221;2
368.33285918754166	F	n221;2
