TIME	EVENT	NODES
290.4892168948426	O	n175
296.4430408222861	E	n175;1
