TIME	EVENT	NODES
290.5778240238227	O	n172
315.41472492191235	E	n172;1
