TIME	EVENT	NODES
290.5839639900265	O	n173
314.5087251124538	E	n173;1
