TIME	EVENT	NODES
290.6388450238951	O	n171
294.1998026308451	E	n171;1
