TIME	EVENT	NODES
290.63892636518074	O	n174
316.64521563171144	E	n174;1
