TIME	EVENT	NODES
290.7649366208053	O	n174
313.25063705065315	T	n174;1;n174;2;n170;3
316.64521563171144	E	n174;2
360.904866670917	I	n170;3
368.33285918754166	F	n170;3
