TIME	EVENT	NODES
290.8698733539464	O	n183
349.00530575206363	E	n183;1
