TIME	EVENT	NODES
290.8914088770713	O	n188
293.1267483817216	S	n188;1;n199;2;n200;3
293.90973519565694	S	n199;2;n203;4;n204;5
294.07914662793326	E	n200;3
297.3075056346212	C	n203;4
304.69378074654935	I	n203;4
305.8053411110323	S	n204;5;n227;6;n228;7
314.0104779853529	S	n227;6;n237;8;n238;9
317.4706161926178	C	n237;8
318.9566040063278	S	n203;4;n241;10;n242;11
330.1245850486596	D	n242;11;n242;12;n242;13
335.6967060113735	S	n241;10;n261;14;n262;15
339.96246034945096	S	n237;8;n273;16;n274;17
340.3625929656757	C	n261;14
342.3523845263514	S	n228;7;n281;18;n282;19
345.81626860807586	I	n281;18
349.93405363826025	I	n262;15
350.53960376877336	S	n262;15;n293;20;n294;21
352.3050204829446	C	n273;16
353.4437139912468	I	n294;21
355.7899662740194	E	n274;17
356.6455827229194	I	n281;18
356.8794825038169	I	n238;9
357.9567198285618	I	n294;21
359.16454116420584	E	n261;14
360.7391774022609	T	n242;12;n242;22;n170;23
365.43190125744275	S	n273;16;n325;24;n326;25
368.33285918754166	F	n293;20
368.33285918754166	F	n242;22
368.33285918754166	F	n242;13
368.33285918754166	F	n282;19
368.33285918754166	F	n325;24
368.33285918754166	F	n281;18
368.33285918754166	F	n326;25
368.33285918754166	F	n294;21
368.33285918754166	F	n170;23
368.33285918754166	F	n238;9
