TIME	EVENT	NODES
291.037087438465	O	n183
294.1100973389052	D	n183;1;n183;2;n183;3
348.2088497741321	L	n183;2
349.00530575206363	E	n183;3
