TIME	EVENT	NODES
291.07378172695434	O	n172
308.5780556373443	C	n172;1
315.41472492191235	E	n172;1
