TIME	EVENT	NODES
291.0995064691369	O	n172
315.41472492191235	E	n172;1
