TIME	EVENT	NODES
291.3938651674853	O	n189
306.18779637717876	E	n189;1
