TIME	EVENT	NODES
291.4006687694614	O	n189
306.18779637717876	E	n189;1
