TIME	EVENT	NODES
291.52312014742023	O	n184
293.6183387782659	E	n184;1
