TIME	EVENT	NODES
291.7716066843512	O	n183
296.7260942470411	I	n183;1
298.69393546522906	I	n183;1
300.96404423612506	I	n183;1
349.00530575206363	E	n183;1
