TIME	EVENT	NODES
291.7957899726324	O	n178
295.7101501024865	E	n178;1
