TIME	EVENT	NODES
291.8676419654209	O	n170
294.7023514606603	T	n170;1;n170;2;n195;3
296.4052823082351	I	n170;2
301.5187902891868	E	n195;3
368.33285918754166	F	n170;2
