TIME	EVENT	NODES
0	O	Root
0.0	S	Root;1;n1;2;n2;3
3.2265121368497676	S	n2;3;n3;4;n4;5
3.2774952460533564	I	n4;5
6.0891450189117755	S	n4;5;n5;6;n6;7
11.441003896231868	I	n5;6
12.049627919615546	E	n1;2
16.237285622015253	L	n3;4
29.491999615555155	I	n6;7
31.62433779796184	I	n5;6
41.7308661144652	E	n6;7
44.454156518037145	I	n5;6
65.79458869924449	S	n5;6;n11;8;n12;9
78.67196232775571	E	n11;8
80.59920766624008	E	n12;9
