TIME	EVENT	NODES
291.9255597100617	O	n175
295.3017646490898	I	n175;1
296.4430408222861	E	n175;1
