TIME	EVENT	NODES
292.0574448275946	O	n188
293.1267483817216	S	n188;1;n199;2;n200;3
293.90973519565694	S	n199;2;n203;4;n204;5
294.07914662793326	E	n200;3
305.8053411110323	S	n204;5;n227;6;n228;7
314.0104779853529	S	n227;6;n237;8;n238;9
317.69414442258045	T	n238;9;n238;10;n183;11
318.6575202441293	I	n203;4
318.9566040063278	S	n203;4;n241;12;n242;13
319.7450433099918	C	n237;8
327.2644469745311	C	n242;13
328.38199099371093	C	n237;8
335.6967060113735	S	n241;12;n261;14;n262;15
339.96246034945096	S	n237;8;n273;16;n274;17
342.3523845263514	S	n228;7;n281;18;n282;19
345.2003141765761	I	n242;13
347.1940956692951	L	n262;15
348.54957055753954	L	n242;13
349.00530575206363	E	n183;11
353.0854195297435	I	n282;19
355.7899662740194	E	n274;17
357.88105873229534	T	n282;19;n282;20;n288;21
359.16454116420584	E	n261;14
360.26324693046143	L	n238;10
365.43190125744275	S	n273;16;n325;22;n326;23
366.11232055212906	I	n282;20
368.33285918754166	F	n282;20
368.33285918754166	F	n288;21
368.33285918754166	F	n325;22
368.33285918754166	F	n281;18
368.33285918754166	F	n326;23
