TIME	EVENT	NODES
292.0998753565291	O	n142
312.1421772672062	E	n142;1
