TIME	EVENT	NODES
292.1076598919525	O	n171
294.1998026308451	E	n171;1
