TIME	EVENT	NODES
292.2909360092308	O	n181
303.3307715038492	I	n181;1
309.54422867017826	I	n181;1
326.9191915703628	E	n181;1
