TIME	EVENT	NODES
292.3232518412077	O	n153
294.27007287477545	S	n153;1;n205;2;n206;3
296.3797093119182	I	n206;3
297.71809301244525	T	n205;2;n205;4;n181;5
298.1283204238227	S	n206;3;n215;6;n216;7
301.7496501463424	E	n216;7
326.9191915703628	E	n181;5
341.5385477573434	S	n215;6;n277;8;n278;9
359.8468113113027	C	n205;4
363.7179365725955	E	n277;8
363.72092949357767	S	n205;4;n313;10;n314;11
368.33285918754166	F	n314;11
368.33285918754166	F	n313;10
368.33285918754166	F	n278;9
