TIME	EVENT	NODES
292.47896938636285	O	n175
296.4430408222861	E	n175;1
