TIME	EVENT	NODES
292.7558589898777	O	n172
311.899174546639	I	n172;1
315.41472492191235	E	n172;1
