TIME	EVENT	NODES
293.09761625290594	O	n195
301.5187902891868	E	n195;1
