TIME	EVENT	NODES
293.18235868383954	O	n187
294.6361580959161	T	n187;1;n187;2;n173;3
310.220435352224	L	n187;2
314.5087251124538	E	n173;3
