TIME	EVENT	NODES
293.20329835778284	O	n199
293.90973519565694	S	n199;1;n203;2;n204;3
305.8053411110323	S	n204;3;n227;4;n228;5
314.0104779853529	S	n227;4;n237;6;n238;7
318.52742293397984	I	n238;7
318.9566040063278	S	n203;2;n241;8;n242;9
323.2737594604103	I	n241;8
333.4126196802527	I	n242;9
335.6967060113735	S	n241;8;n261;10;n262;11
339.96246034945096	S	n237;6;n273;12;n274;13
342.3523845263514	S	n228;5;n281;14;n282;15
347.8337856826181	I	n282;15
349.06057630293674	I	n282;15
350.53960376877336	S	n262;11;n293;16;n294;17
353.58190020231007	I	n274;13
354.88791389680375	I	n293;16
355.63261422691687	D	n294;17;n294;18;n294;19
355.7899662740194	E	n274;13
357.8926991505734	L	n294;19
359.16454116420584	E	n261;10
365.43190125744275	S	n273;12;n325;20;n326;21
365.505513995605	I	n294;18
368.33285918754166	F	n293;16
368.33285918754166	F	n242;9
368.33285918754166	F	n282;15
368.33285918754166	F	n325;20
368.33285918754166	F	n281;14
368.33285918754166	F	n326;21
368.33285918754166	F	n294;18
368.33285918754166	F	n238;7
