TIME	EVENT	NODES
293.24054983626274	O	n175
296.4430408222861	E	n175;1
