TIME	EVENT	NODES
293.26733919936265	O	n192
300.30969120524804	C	n192;1
316.27600896896894	E	n192;1
