TIME	EVENT	NODES
293.4022449860686	O	n170
298.7829098316897	I	n170;1
322.47159510758735	I	n170;1
352.27833262672226	T	n170;1;n170;2;n265;3
357.83898267386695	E	n265;3
368.33285918754166	F	n170;2
