TIME	EVENT	NODES
293.54500487745264	O	n182
297.3759122122873	E	n182;1
