TIME	EVENT	NODES
293.54652460464087	O	n190
297.2325938618031	S	n190;1;n211;2;n212;3
313.76245832504014	I	n212;3
323.451126983794	S	n211;2;n247;4;n248;5
326.9299560409181	S	n248;5;n249;6;n250;7
334.64198406508626	S	n249;6;n255;8;n256;9
338.51097831531484	S	n247;4;n269;10;n270;11
338.52571564702345	I	n255;8
343.93506237572296	I	n212;3
346.1636126815071	I	n256;9
351.3681074054671	E	n270;11
351.37042779145395	E	n255;8
356.5243775902817	S	n250;7;n303;12;n304;13
359.43466135079467	S	n269;10;n307;14;n308;15
362.9260936071923	C	n308;15
363.55054535006326	I	n307;14
363.8975534750223	L	n212;3
363.8975534750223	T	n304;13;n304;16;n212;17
364.14479088522387	E	n212;17
364.49514583717956	S	n304;16;n319;18;n320;19
365.0168302374957	S	n256;9;n323;20;n324;21
368.1525611161385	S	n324;21;n331;22;n332;23
368.33285918754166	F	n307;14
368.33285918754166	F	n303;12
368.33285918754166	F	n308;15
368.33285918754166	F	n331;22
368.33285918754166	F	n323;20
368.33285918754166	F	n320;19
368.33285918754166	F	n332;23
368.33285918754166	F	n319;18
