TIME	EVENT	NODES
293.6232326093586	O	n178
295.7101501024865	E	n178;1
