TIME	EVENT	NODES
293.6321265735912	O	n200
294.07914662793326	E	n200;1
