TIME	EVENT	NODES
293.71154779981816	O	n189
306.18779637717876	E	n189;1
