TIME	EVENT	NODES
293.7516536292073	O	n185
306.7118637562414	E	n185;1
