TIME	EVENT	NODES
293.7797806523293	O	n182
297.3759122122873	E	n182;1
