TIME	EVENT	NODES
293.9222309359153	O	n197
297.88510067996623	E	n197;1
