TIME	EVENT	NODES
293.94248848513763	O	n190
294.59689273539925	I	n190;1
297.2325938618031	S	n190;1;n211;2;n212;3
308.3899918224167	I	n211;2
319.7014967309578	I	n212;3
323.451126983794	S	n211;2;n247;4;n248;5
326.9299560409181	S	n248;5;n249;6;n250;7
334.64198406508626	S	n249;6;n255;8;n256;9
338.51097831531484	S	n247;4;n269;10;n270;11
347.4615327964547	T	n250;7;n250;12;n240;13
348.6720819320871	E	n240;13
351.3681074054671	E	n270;11
351.37042779145395	E	n255;8
356.5243775902817	S	n250;12;n303;14;n304;15
359.43466135079467	S	n269;10;n307;16;n308;17
361.6138827289911	I	n304;15
364.14479088522387	E	n212;3
364.49514583717956	S	n304;15;n319;18;n320;19
365.0168302374957	S	n256;9;n323;20;n324;21
368.1525611161385	S	n324;21;n331;22;n332;23
368.33285918754166	F	n307;16
368.33285918754166	F	n303;14
368.33285918754166	F	n308;17
368.33285918754166	F	n331;22
368.33285918754166	F	n323;20
368.33285918754166	F	n320;19
368.33285918754166	F	n332;23
368.33285918754166	F	n319;18
