TIME	EVENT	NODES
293.94320011575525	O	n197
297.88510067996623	E	n197;1
