TIME	EVENT	NODES
294.0182403295439	O	n198
309.21205838172443	S	n198;1;n231;2;n232;3
317.30612004847615	S	n232;3;n239;4;n240;5
335.14844581859495	S	n231;2;n259;6;n260;7
347.5158673670641	C	n259;6
348.6720819320871	E	n240;5
348.7564267084988	E	n259;6
354.9993989329085	L	n260;7
365.6675909654996	S	n239;4;n327;8;n328;9
368.33285918754166	F	n327;8
368.33285918754166	F	n328;9
