TIME	EVENT	NODES
294.249029806782	O	n170
368.33285918754166	F	n170;1
