TIME	EVENT	NODES
294.46733098184757	O	n203
300.2062637054116	I	n203;1
308.64573943864417	I	n203;1
318.9566040063278	S	n203;1;n241;2;n242;3
335.6967060113735	S	n241;2;n261;4;n262;5
338.2729951144571	I	n261;4
340.69882848688314	I	n242;3
344.69190873165553	I	n242;3
344.89455252376735	I	n262;5
348.7885287499841	I	n261;4
350.53960376877336	S	n262;5;n293;6;n294;7
355.4022284866635	I	n294;7
356.40752609609893	I	n293;6
359.16454116420584	E	n261;4
363.5770629836266	I	n294;7
365.9164557631864	C	n293;6
368.33285918754166	F	n293;6
368.33285918754166	F	n242;3
368.33285918754166	F	n294;7
