TIME	EVENT	NODES
294.5230904772467	O	n195
297.68918330341256	I	n195;1
298.0855428401903	I	n195;1
301.5187902891868	E	n195;1
