TIME	EVENT	NODES
294.59944060305514	O	n183
308.329221324103	L	n183;1
