TIME	EVENT	NODES
294.6113317603737	O	n142
312.1421772672062	E	n142;1
