TIME	EVENT	NODES
294.67562881827075	O	n142
312.1421772672062	E	n142;1
