TIME	EVENT	NODES
294.70143608566246	O	n206
298.1283204238227	S	n206;1;n215;2;n216;3
301.7496501463424	E	n216;3
339.561525768964	C	n215;2
341.5385477573434	S	n215;2;n277;4;n278;5
345.36340078807393	L	n278;5
363.7179365725955	E	n277;4
