TIME	EVENT	NODES
294.7404027000475	O	n195
301.2049521997721	I	n195;1
301.5187902891868	E	n195;1
