TIME	EVENT	NODES
294.7437476777339	O	n202
305.99025340734033	E	n202;1
