TIME	EVENT	NODES
294.93826648030534	O	n201
312.06673550701987	S	n201;1;n235;2;n236;3
313.1604056487989	I	n236;3
320.15406545249067	I	n236;3
321.78135305229097	E	n235;2
331.02825248126715	E	n236;3
