TIME	EVENT	NODES
295.18343696326593	O	n195
301.5187902891868	E	n195;1
