TIME	EVENT	NODES
0	O	Root
0.0	S	Root;1;n1;2;n2;3
3.2265121368497676	S	n2;3;n3;4;n4;5
6.0891450189117755	S	n4;5;n5;6;n6;7
12.049627919615546	E	n1;2
30.337553612540763	S	n3;4;n7;8;n8;9
32.700880377972084	L	n8;9
32.700880377972084	T	n5;6;n5;10;n8;11
41.7308661144652	E	n6;7
46.13880445953067	L	n8;11
65.79458869924449	S	n5;10;n11;12;n12;13
78.67196232775571	E	n11;12
80.59920766624008	E	n12;13
139.36097517805368	L	n7;8
