TIME	EVENT	NODES
295.20406047605474	O	n198
309.21205838172443	S	n198;1;n231;2;n232;3
309.90813254995254	I	n232;3
317.109624985627	D	n232;3;n232;4;n232;5
317.30612004847615	S	n232;4;n239;6;n240;7
317.30612004847615	S	n232;5;n239;8;n240;9
335.14844581859495	S	n231;2;n259;10;n260;11
348.6720819320871	E	n240;7
348.6720819320871	E	n240;9
348.7564267084988	E	n259;10
358.3572498228929	I	n239;6
358.3572498228929	I	n239;8
365.3354294195512	E	n260;11
365.6675909654996	S	n239;8;n327;12;n328;13
365.6675909654996	S	n239;6;n327;14;n328;15
368.33285918754166	F	n327;12
368.33285918754166	F	n327;14
368.33285918754166	F	n328;13
368.33285918754166	F	n328;15
