TIME	EVENT	NODES
295.28819522785835	O	n172
314.660335782843	I	n172;1
315.41472492191235	E	n172;1
