TIME	EVENT	NODES
295.3163916922362	O	n135
297.944722411288	S	n135;1;n213;2;n214;3
299.1473251872138	E	n214;3
304.8282479780927	I	n213;2
305.3065589137974	S	n213;2;n225;4;n226;5
322.1047830167662	I	n225;4
324.2601856628277	E	n226;5
324.7848548775896	E	n225;4
