TIME	EVENT	NODES
295.40271819030664	O	n202
305.99025340734033	E	n202;1
