TIME	EVENT	NODES
295.4257414111643	O	n109
299.86313505814314	I	n109;1
315.342886568578	E	n109;1
