TIME	EVENT	NODES
295.5282184864595	O	n170
300.42931382655445	L	n170;1
