TIME	EVENT	NODES
295.52858241313	O	n197
297.88510067996623	E	n197;1
