TIME	EVENT	NODES
295.6394376528911	O	n173
314.5087251124538	E	n173;1
