TIME	EVENT	NODES
295.67760585330376	O	n202
305.99025340734033	E	n202;1
