TIME	EVENT	NODES
296.079696787811	O	n159
310.5727689972924	I	n159;1
328.2146319613769	S	n159;1;n253;2;n254;3
335.92113620132585	S	n254;3;n263;4;n264;5
339.658731161582	S	n264;5;n271;6;n272;7
345.71198993976384	E	n253;2
349.866773561602	I	n272;7
354.87927296419616	I	n272;7
355.26473867321755	T	n263;4;n263;8;n170;9
361.7971077523211	S	n272;7;n309;10;n310;11
364.39265661618424	S	n310;11;n317;12;n318;13
365.0417268907298	E	n263;8
365.9406802548836	S	n318;13;n329;14;n330;15
367.4514656234919	I	n330;15
368.33285918754166	F	n330;15
368.33285918754166	F	n329;14
368.33285918754166	F	n271;6
368.33285918754166	F	n170;9
368.33285918754166	F	n317;12
368.33285918754166	F	n309;10
