TIME	EVENT	NODES
296.09820176443736	O	n190
297.2325938618031	S	n190;1;n211;2;n212;3
298.06099403908183	I	n212;3
317.0238897630643	I	n211;2
323.451126983794	S	n211;2;n247;4;n248;5
326.9299560409181	S	n248;5;n249;6;n250;7
333.48211318253243	I	n250;7
334.64198406508626	S	n249;6;n255;8;n256;9
334.6662698726016	I	n250;7
338.21229829081375	I	n256;9
338.51097831531484	S	n247;4;n269;10;n270;11
347.88012436795174	I	n256;9
351.3681074054671	E	n270;11
351.37042779145395	E	n255;8
356.5243775902817	S	n250;7;n303;12;n304;13
359.43466135079467	S	n269;10;n307;14;n308;15
364.14479088522387	E	n212;3
364.49514583717956	S	n304;13;n319;16;n320;17
365.0168302374957	S	n256;9;n323;18;n324;19
368.1525611161385	S	n324;19;n331;20;n332;21
368.32829871547267	I	n319;16
368.33285918754166	F	n307;14
368.33285918754166	F	n303;12
368.33285918754166	F	n308;15
368.33285918754166	F	n331;20
368.33285918754166	F	n323;18
368.33285918754166	F	n320;17
368.33285918754166	F	n332;21
368.33285918754166	F	n319;16
