TIME	EVENT	NODES
296.3657787508559	O	n189
306.18779637717876	E	n189;1
