TIME	EVENT	NODES
296.4449549055454	O	n202
305.99025340734033	E	n202;1
