TIME	EVENT	NODES
296.459895759933	O	n172
315.41472492191235	E	n172;1
