TIME	EVENT	NODES
296.54993394577656	O	n98
297.82959460464184	E	n98;1
