TIME	EVENT	NODES
296.5523807806914	O	n181
311.0927644648807	I	n181;1
326.9191915703628	E	n181;1
