TIME	EVENT	NODES
296.5972426950287	O	n201
307.4979804455286	I	n201;1
312.06673550701987	S	n201;1;n235;2;n236;3
321.78135305229097	E	n235;2
322.161734602753	L	n236;3
