TIME	EVENT	NODES
296.67509325089037	O	n142
305.32887463767537	D	n142;1;n142;2;n142;3
312.1421772672062	E	n142;2
312.1421772672062	E	n142;3
