TIME	EVENT	NODES
296.7172373079584	O	n205
316.1032622314053	I	n205;1
326.958563071239	L	n205;1
