TIME	EVENT	NODES
296.75369479355163	O	n149
313.2735372024965	E	n149;1
