TIME	EVENT	NODES
297.2347397315729	O	n206
298.1283204238227	S	n206;1;n215;2;n216;3
301.7496501463424	E	n216;3
309.72139443055	I	n215;2
341.5385477573434	S	n215;2;n277;4;n278;5
345.45489524559207	I	n277;4
351.00271318837963	I	n277;4
353.5863395609779	I	n277;4
354.3125964831673	I	n278;5
363.7179365725955	E	n277;4
368.33285918754166	F	n278;5
