TIME	EVENT	NODES
297.3806727262621	O	n172
315.41472492191235	E	n172;1
