TIME	EVENT	NODES
297.3983011805902	O	n197
297.88510067996623	E	n197;1
