TIME	EVENT	NODES
297.78057390577106	O	n98
297.82959460464184	E	n98;1
