TIME	EVENT	NODES
297.8811407919923	O	n174
316.64521563171144	E	n174;1
