TIME	EVENT	NODES
297.8951104948939	O	n155
301.46087240205134	I	n155;1
302.77518792485097	S	n155;1;n221;2;n222;3
314.3193370741534	E	n222;3
316.87689682235475	I	n221;2
318.2756335606385	I	n221;2
327.48517551288114	T	n221;2;n221;4;n230;5
368.33285918754166	F	n230;5
368.33285918754166	F	n221;4
