TIME	EVENT	NODES
297.9415410023657	O	n173
314.5087251124538	E	n173;1
