TIME	EVENT	NODES
297.9886000357782	O	n174
316.64521563171144	E	n174;1
