TIME	EVENT	NODES
298.07596186389344	O	n209
303.4377349768546	S	n209;1;n223;2;n224;3
310.74626732789005	S	n224;3;n233;4;n234;5
322.6630115581117	S	n233;4;n245;6;n246;7
324.1228356704314	D	n223;2;n223;8;n223;9
325.8412911095043	I	n223;8
325.8412911095043	I	n223;9
327.53054390840134	I	n245;6
327.68708843484586	S	n223;9;n251;10;n252;11
327.68708843484586	S	n223;8;n251;12;n252;13
334.9897297167016	S	n251;10;n257;14;n258;15
334.9897297167016	S	n251;12;n257;16;n258;17
338.6673547201427	I	n246;7
338.89935941368094	E	n245;6
340.54839982321755	I	n246;7
341.11177427463167	S	n246;7;n275;18;n276;19
344.02040770953147	S	n258;15;n283;20;n284;21
344.02040770953147	S	n258;17;n283;22;n284;23
346.5990500281604	S	n283;20;n287;24;n288;25
346.5990500281604	S	n283;22;n287;26;n288;27
348.7700363029201	S	n275;18;n291;28;n292;29
349.11131090415677	L	n291;28
349.4004223171681	L	n276;19
353.2274467652559	S	n284;21;n297;30;n298;31
353.2274467652559	S	n284;23;n297;32;n298;33
355.0583586205711	S	n292;29;n299;34;n300;35
356.29206866424477	I	n299;34
356.682706698086	I	n234;5
361.9305758729843	I	n288;25
361.9305758729843	I	n288;27
363.96961453814816	I	n300;35
368.33285918754166	F	n300;35
368.33285918754166	F	n287;24
368.33285918754166	F	n287;26
368.33285918754166	F	n299;34
368.33285918754166	F	n257;14
368.33285918754166	F	n257;16
368.33285918754166	F	n288;27
368.33285918754166	F	n288;25
368.33285918754166	F	n234;5
368.33285918754166	F	n252;11
368.33285918754166	F	n252;13
368.33285918754166	F	n297;30
368.33285918754166	F	n297;32
368.33285918754166	F	n298;31
368.33285918754166	F	n298;33
