TIME	EVENT	NODES
298.12823623623717	O	n166
304.73569908895183	I	n166;1
325.62016585225894	E	n166;1
