TIME	EVENT	NODES
298.22144417849006	O	n172
315.41472492191235	E	n172;1
