TIME	EVENT	NODES
298.2700863252474	O	n170
304.59655283781734	I	n170;1
320.28653036062025	I	n170;1
368.33285918754166	F	n170;1
