TIME	EVENT	NODES
298.4095001719748	O	n207
298.5182981782411	E	n207;1
