TIME	EVENT	NODES
298.42520208497467	O	n185
306.7118637562414	E	n185;1
