TIME	EVENT	NODES
298.430779732497	O	n211
323.451126983794	S	n211;1;n247;2;n248;3
326.9299560409181	S	n248;3;n249;4;n250;5
334.64198406508626	S	n249;4;n255;6;n256;7
338.51097831531484	S	n247;2;n269;8;n270;9
340.44890538634314	I	n270;9
343.2947920528147	I	n250;5
344.29157179000237	T	n256;7;n256;10;n265;11
348.1389951652018	I	n250;5
351.3681074054671	E	n270;9
351.37042779145395	E	n255;6
356.5243775902817	S	n250;5;n303;12;n304;13
357.83898267386695	E	n265;11
359.43466135079467	S	n269;8;n307;14;n308;15
364.49514583717956	S	n304;13;n319;16;n320;17
364.75313624013603	T	n256;10;n256;18;n238;19
365.0168302374957	S	n256;18;n323;20;n324;21
366.4590804996729	I	n323;20
368.1525611161385	S	n324;21;n331;22;n332;23
368.33285918754166	F	n307;14
368.33285918754166	F	n303;12
368.33285918754166	F	n308;15
368.33285918754166	F	n331;22
368.33285918754166	F	n323;20
368.33285918754166	F	n320;17
368.33285918754166	F	n332;23
368.33285918754166	F	n238;19
368.33285918754166	F	n319;16
