TIME	EVENT	NODES
298.5605910607151	O	n216
301.7496501463424	E	n216;1
