TIME	EVENT	NODES
298.5912849197471	O	n181
302.84631156109054	C	n181;1
326.9191915703628	E	n181;1
