TIME	EVENT	NODES
298.62592715261536	O	n216
301.7496501463424	E	n216;1
