TIME	EVENT	NODES
298.6668777486993	O	n204
305.8053411110323	S	n204;1;n227;2;n228;3
314.0104779853529	S	n227;2;n237;4;n238;5
316.5100147570523	I	n228;3
324.3270068489446	I	n238;5
324.83272403289095	I	n238;5
327.35234377429856	I	n238;5
327.7110401063579	I	n228;3
339.96246034945096	S	n237;4;n273;6;n274;7
342.3523845263514	S	n228;3;n281;8;n282;9
347.4677477402	I	n238;5
350.6448170420314	C	n281;8
353.3542655042282	I	n273;6
354.8954343814023	I	n273;6
355.7899662740194	E	n274;7
359.26554793593647	I	n238;5
365.43190125744275	S	n273;6;n325;10;n326;11
368.33285918754166	F	n282;9
368.33285918754166	F	n325;10
368.33285918754166	F	n281;8
368.33285918754166	F	n326;11
368.33285918754166	F	n238;5
