TIME	EVENT	NODES
298.74403623999	O	n155
302.77518792485097	S	n155;1;n221;2;n222;3
304.1935626843603	I	n222;3
314.3193370741534	E	n222;3
341.0984594422475	C	n221;2
355.14624857943664	I	n221;2
368.33285918754166	F	n221;2
