TIME	EVENT	NODES
298.9045686477884	O	n202
305.99025340734033	E	n202;1
