TIME	EVENT	NODES
298.915297251598	O	n204
305.8053411110323	S	n204;1;n227;2;n228;3
314.0104779853529	S	n227;2;n237;4;n238;5
316.24906195875894	C	n228;3
316.3868405773346	I	n237;4
318.0668090208932	I	n237;4
329.06641205032196	I	n228;3
332.1564433605471	I	n238;5
338.32415209287524	I	n237;4
339.96246034945096	S	n237;4;n273;6;n274;7
342.3523845263514	S	n228;3;n281;8;n282;9
352.32944441421955	I	n282;9
353.8774299414704	I	n273;6
355.68964542018165	I	n282;9
355.7899662740194	E	n274;7
360.70878759291634	C	n238;5
362.018542773122	I	n238;5
365.43190125744275	S	n273;6;n325;10;n326;11
367.9231586597616	I	n281;8
368.33285918754166	F	n282;9
368.33285918754166	F	n325;10
368.33285918754166	F	n281;8
368.33285918754166	F	n326;11
368.33285918754166	F	n238;5
