TIME	EVENT	NODES
299.23899738982914	O	n195
301.5187902891868	E	n195;1
