TIME	EVENT	NODES
299.4600292856389	O	n170
320.95517712510116	I	n170;1
360.904866670917	I	n170;1
368.33285918754166	F	n170;1
