TIME	EVENT	NODES
299.49300175120146	O	n187
307.90435724085984	C	n187;1
356.3119546325315	E	n187;1
