TIME	EVENT	NODES
299.6603603267702	O	n183
349.00530575206363	E	n183;1
