TIME	EVENT	NODES
299.6663994284345	O	n210
302.0783085511768	L	n210;1
