TIME	EVENT	NODES
299.6851777278377	O	n170
316.36290904867076	I	n170;1
368.33285918754166	F	n170;1
