TIME	EVENT	NODES
299.6907331602079	O	n213
305.3065589137974	S	n213;1;n225;2;n226;3
312.6471716253235	I	n225;2
317.966227154557	I	n225;2
321.0653927565502	T	n225;2;n225;4;n181;5
324.2601856628277	E	n226;3
324.7848548775896	E	n225;4
326.9191915703628	E	n181;5
