TIME	EVENT	NODES
299.8887619689162	O	n174
316.64521563171144	E	n174;1
