TIME	EVENT	NODES
299.8901054052817	O	n215
341.5385477573434	S	n215;1;n277;2;n278;3
343.6206553088193	T	n277;2;n277;4;n282;5
350.1404628646746	C	n277;4
355.18942024603274	I	n277;4
363.7179365725955	E	n277;4
368.33285918754166	F	n282;5
368.33285918754166	F	n278;3
