TIME	EVENT	NODES
300.0119363676222	O	n166
325.43707776390954	I	n166;1
325.62016585225894	E	n166;1
