TIME	EVENT	NODES
300.07390017960967	O	n195
301.5187902891868	E	n195;1
