TIME	EVENT	NODES
300.27910252023236	O	n201
305.00051910065554	I	n201;1
312.06673550701987	S	n201;1;n235;2;n236;3
315.2124690449701	I	n236;3
321.78135305229097	E	n235;2
331.02825248126715	E	n236;3
