TIME	EVENT	NODES
300.6204216265633	O	n195
301.5187902891868	E	n195;1
