TIME	EVENT	NODES
300.67878689594625	O	n195
301.5187902891868	E	n195;1
