TIME	EVENT	NODES
300.72502053482253	O	n149
313.2735372024965	E	n149;1
