TIME	EVENT	NODES
300.731723125419	O	n213
305.3065589137974	S	n213;1;n225;2;n226;3
306.86023894738764	I	n225;2
316.7305970185156	C	n225;2
321.6654816748415	I	n225;2
324.2601856628277	E	n226;3
324.7848548775896	E	n225;2
