TIME	EVENT	NODES
300.91898925275103	O	n166
325.62016585225894	E	n166;1
