TIME	EVENT	NODES
301.00011941005494	O	n181
326.9191915703628	E	n181;1
