TIME	EVENT	NODES
301.0948285618829	O	n189
306.18779637717876	E	n189;1
