TIME	EVENT	NODES
301.1263203836537	O	n173
314.5087251124538	E	n173;1
