TIME	EVENT	NODES
301.1495133653357	O	n189
306.18779637717876	E	n189;1
