TIME	EVENT	NODES
301.29762817688544	O	n198
303.6621884096646	I	n198;1
305.04658158750726	I	n198;1
309.21205838172443	S	n198;1;n231;2;n232;3
317.30612004847615	S	n232;3;n239;4;n240;5
317.8757118011438	C	n231;2
329.66967225361697	I	n231;2
335.14844581859495	S	n231;2;n259;6;n260;7
336.29564571859504	I	n260;7
348.6720819320871	E	n240;5
348.7564267084988	E	n259;6
351.4549700340385	I	n260;7
360.5346773520011	T	n260;7;n260;8;n296;9
365.3354294195512	E	n260;8
365.6675909654996	S	n239;4;n327;10;n328;11
368.33285918754166	F	n296;9
368.33285918754166	F	n327;10
368.33285918754166	F	n328;11
