TIME	EVENT	NODES
301.54492385341234	O	n109
312.3019965130213	C	n109;1
315.342886568578	E	n109;1
