TIME	EVENT	NODES
301.56370562506595	O	n216
301.7496501463424	E	n216;1
