TIME	EVENT	NODES
301.59216794229565	O	n181
326.9191915703628	E	n181;1
