TIME	EVENT	NODES
301.6070854719453	O	n149
313.2735372024965	E	n149;1
