TIME	EVENT	NODES
301.7791143116646	O	n198
309.21205838172443	S	n198;1;n231;2;n232;3
315.8723369884732	I	n232;3
317.30612004847615	S	n232;3;n239;4;n240;5
318.8312819596412	I	n240;5
329.787269424648	I	n240;5
335.14844581859495	S	n231;2;n259;6;n260;7
340.55911664297986	I	n239;4
341.77532493719036	L	n240;5
348.7564267084988	E	n259;6
362.343288240554	I	n260;7
364.79215553309297	I	n239;4
365.3354294195512	E	n260;7
365.6675909654996	S	n239;4;n327;8;n328;9
368.33285918754166	F	n327;8
368.33285918754166	F	n328;9
