TIME	EVENT	NODES
302.02281487346113	O	n192
316.27600896896894	E	n192;1
