TIME	EVENT	NODES
302.0249015595283	O	n220
309.22719658015154	E	n220;1
