TIME	EVENT	NODES
302.22546792776996	O	n166
325.62016585225894	E	n166;1
