TIME	EVENT	NODES
302.342037077041	O	n174
316.64521563171144	E	n174;1
