TIME	EVENT	NODES
302.3756260955437	O	n170
308.97610775771034	T	n170;1;n170;2;n149;3
313.2735372024965	E	n149;3
323.975532560836	L	n170;2
