TIME	EVENT	NODES
302.4020415815764	O	n210
307.88032930517045	S	n210;1;n229;2;n230;3
320.6824885174847	I	n229;2
324.18029374831247	I	n230;3
337.10932653973396	S	n229;2;n267;4;n268;5
340.274635300349	L	n267;4
342.63095936930983	I	n230;3
347.3589689447561	S	n268;5;n289;6;n290;7
348.4588193730561	L	n230;3
356.0486941164336	I	n289;6
362.14507068748986	S	n289;6;n311;8;n312;9
368.33285918754166	F	n312;9
368.33285918754166	F	n311;8
368.33285918754166	F	n290;7
