TIME	EVENT	NODES
302.43687769891886	O	n204
305.8053411110323	S	n204;1;n227;2;n228;3
314.0104779853529	S	n227;2;n237;4;n238;5
333.32555224845487	I	n237;4
333.34221153756096	L	n228;3
339.96246034945096	S	n237;4;n273;6;n274;7
350.2465138202571	L	n238;5
355.7899662740194	E	n274;7
365.43190125744275	S	n273;6;n325;8;n326;9
368.33285918754166	F	n325;8
368.33285918754166	F	n326;9
