TIME	EVENT	NODES
302.4487928623023	O	n220
309.22719658015154	E	n220;1
