TIME	EVENT	NODES
302.49964380560743	O	n159
310.60753374800777	I	n159;1
319.1662244603013	I	n159;1
328.2146319613769	S	n159;1;n253;2;n254;3
330.44409217188655	C	n254;3
335.92113620132585	S	n254;3;n263;4;n264;5
339.658731161582	S	n264;5;n271;6;n272;7
345.71198993976384	E	n253;2
349.1338199672426	I	n272;7
351.29095310116526	D	n271;6;n271;8;n271;9
354.85254806642155	T	n272;7;n272;10;n256;11
361.7971077523211	S	n272;10;n309;12;n310;13
364.39265661618424	S	n310;13;n317;14;n318;15
365.0168302374957	S	n256;11;n323;16;n324;17
365.0417268907298	E	n263;4
365.9406802548836	S	n318;15;n329;18;n330;19
368.1525611161385	S	n324;17;n331;20;n332;21
368.33285918754166	F	n330;19
368.33285918754166	F	n329;18
368.33285918754166	F	n271;8
368.33285918754166	F	n271;9
368.33285918754166	F	n331;20
368.33285918754166	F	n323;16
368.33285918754166	F	n332;21
368.33285918754166	F	n317;14
368.33285918754166	F	n309;12
