TIME	EVENT	NODES
302.56961397641976	O	n172
315.41472492191235	E	n172;1
