TIME	EVENT	NODES
302.67136134752604	O	n203
318.9566040063278	S	n203;1;n241;2;n242;3
335.6967060113735	S	n241;2;n261;4;n262;5
347.701645545619	I	n262;5
348.7885287499841	I	n261;4
350.53960376877336	S	n262;5;n293;6;n294;7
356.40752609609893	I	n293;6
357.18063944306385	L	n242;3
359.16454116420584	E	n261;4
368.33285918754166	F	n293;6
368.33285918754166	F	n294;7
