TIME	EVENT	NODES
302.75774130531005	O	n173
304.7782332028042	C	n173;1
314.5087251124538	E	n173;1
