TIME	EVENT	NODES
302.79568590276057	O	n170
319.1906503502559	I	n170;1
368.33285918754166	F	n170;1
