TIME	EVENT	NODES
302.8054570077246	O	n222
314.3193370741534	E	n222;1
