TIME	EVENT	NODES
302.8169924347447	O	n203
318.9566040063278	S	n203;1;n241;2;n242;3
322.2623835828577	L	n242;3
335.6967060113735	S	n241;2;n261;4;n262;5
350.53960376877336	S	n262;5;n293;6;n294;7
354.06304870730446	I	n294;7
359.16454116420584	E	n261;4
365.0616890629051	I	n293;6
368.33285918754166	F	n293;6
368.33285918754166	F	n294;7
