TIME	EVENT	NODES
302.8396647571633	O	n202
305.99025340734033	E	n202;1
