TIME	EVENT	NODES
302.92087658340284	O	n183
335.6272794825158	D	n183;1;n183;2;n183;3
349.00530575206363	E	n183;2
349.00530575206363	E	n183;3
