TIME	EVENT	NODES
303.00090907726184	O	n205
322.18226521703286	L	n205;1
