TIME	EVENT	NODES
303.11968745175596	O	n142
312.1421772672062	E	n142;1
