TIME	EVENT	NODES
303.27210930140086	O	n222
314.3193370741534	E	n222;1
