TIME	EVENT	NODES
303.3237804481783	O	n181
304.47686452413643	I	n181;1
326.9191915703628	E	n181;1
