TIME	EVENT	NODES
303.3941326543202	O	n198
303.6621884096646	I	n198;1
305.04658158750726	I	n198;1
309.21205838172443	S	n198;1;n231;2;n232;3
317.30612004847615	S	n232;3;n239;4;n240;5
320.14686286222064	I	n239;4
335.14844581859495	S	n231;2;n259;6;n260;7
348.6720819320871	E	n240;5
348.7564267084988	E	n259;6
353.9135881297158	C	n239;4
365.3354294195512	E	n260;7
365.6675909654996	S	n239;4;n327;8;n328;9
368.27974845751424	T	n327;8;n327;10;n315;11
368.33285918754166	F	n327;10
368.33285918754166	F	n328;9
368.33285918754166	F	n315;11
