TIME	EVENT	NODES
303.3981568317755	O	n220
309.22719658015154	E	n220;1
