TIME	EVENT	NODES
303.58548255277486	O	n170
366.9157040380599	C	n170;1
367.1124614369003	I	n170;1
368.33285918754166	F	n170;1
