TIME	EVENT	NODES
303.5965871310527	O	n173
314.5087251124538	E	n173;1
