TIME	EVENT	NODES
303.6251284821165	O	n173
314.5087251124538	E	n173;1
