TIME	EVENT	NODES
303.66064319945554	O	n192
312.96448950237146	C	n192;1
316.27600896896894	E	n192;1
