TIME	EVENT	NODES
303.7211265116471	O	n220
309.22719658015154	E	n220;1
