TIME	EVENT	NODES
303.74629167153824	O	n181
322.23096660681705	I	n181;1
326.9191915703628	E	n181;1
