TIME	EVENT	NODES
304.10417397536077	O	n189
306.18779637717876	E	n189;1
