TIME	EVENT	NODES
304.11044632192596	O	n166
325.62016585225894	E	n166;1
