TIME	EVENT	NODES
304.13492990491847	O	n202
305.5866888263084	I	n202;1
305.99025340734033	E	n202;1
