TIME	EVENT	NODES
304.22307662897225	O	n189
306.18779637717876	E	n189;1
