TIME	EVENT	NODES
304.231679704064	O	n185
306.7118637562414	E	n185;1
