TIME	EVENT	NODES
304.2742780230608	O	n173
304.5427494254746	I	n173;1
310.7600056740569	I	n173;1
314.5087251124538	E	n173;1
