TIME	EVENT	NODES
304.3878168087527	O	n203
309.6512143468929	I	n203;1
317.20866340314495	L	n203;1
