TIME	EVENT	NODES
304.57114205584736	O	n173
314.5087251124538	E	n173;1
