TIME	EVENT	NODES
304.59152876048233	O	n170
305.39357098474693	I	n170;1
317.72810880862323	D	n170;1;n170;2;n170;3
364.1711491812544	L	n170;2
368.33285918754166	F	n170;3
