TIME	EVENT	NODES
304.8508306676212	O	n174
316.64521563171144	E	n174;1
