TIME	EVENT	NODES
305.1171667290962	O	n142
312.1421772672062	E	n142;1
