TIME	EVENT	NODES
305.22665618441	O	n185
306.7118637562414	E	n185;1
