TIME	EVENT	NODES
305.27426764203193	O	n219
322.23550031039156	S	n219;1;n243;2;n244;3
331.30761343493685	I	n243;2
336.27194991669535	S	n243;2;n265;4;n266;5
337.9466629699342	E	n266;5
357.83898267386695	E	n265;4
368.33285918754166	F	n244;3
