TIME	EVENT	NODES
305.44089818368434	O	n223
308.6482528702227	C	n223;1
317.9444445574493	L	n223;1
