TIME	EVENT	NODES
305.4510694397988	O	n221
368.33285918754166	F	n221;1
