TIME	EVENT	NODES
305.49335182394094	O	n159
328.2146319613769	S	n159;1;n253;2;n254;3
330.89779802725184	I	n254;3
335.92113620132585	S	n254;3;n263;4;n264;5
339.2924198138041	L	n263;4
339.2924198138041	T	n253;2;n253;6;n263;7
339.658731161582	S	n264;5;n271;8;n272;9
345.71198993976384	E	n253;6
347.0387545264086	I	n271;8
361.7971077523211	S	n272;9;n309;10;n310;11
364.39265661618424	S	n310;11;n317;12;n318;13
365.0417268907298	E	n263;7
365.9406802548836	S	n318;13;n329;14;n330;15
367.6200698741979	I	n317;12
368.33285918754166	F	n330;15
368.33285918754166	F	n329;14
368.33285918754166	F	n271;8
368.33285918754166	F	n317;12
368.33285918754166	F	n309;10
