TIME	EVENT	NODES
305.58275270924537	O	n173
314.5087251124538	E	n173;1
