TIME	EVENT	NODES
305.8780458832558	O	n221
368.33285918754166	F	n221;1
