TIME	EVENT	NODES
306.0943173002816	O	n219
309.9627003382464	I	n219;1
316.9380724622402	I	n219;1
322.23550031039156	S	n219;1;n243;2;n244;3
336.27194991669535	S	n243;2;n265;4;n266;5
337.9466629699342	E	n266;5
348.0510965073658	L	n265;4
368.33285918754166	F	n244;3
