TIME	EVENT	NODES
306.1350009539829	O	n220
309.22719658015154	E	n220;1
