TIME	EVENT	NODES
306.2703985025433	O	n225
324.7848548775896	E	n225;1
