TIME	EVENT	NODES
306.27780547401113	O	n225
324.7848548775896	E	n225;1
