TIME	EVENT	NODES
306.42576142813977	O	n149
313.2735372024965	E	n149;1
