TIME	EVENT	NODES
306.4293214153537	O	n185
306.7118637562414	E	n185;1
