TIME	EVENT	NODES
306.44233215064196	O	n109
315.342886568578	E	n109;1
