TIME	EVENT	NODES
306.5600486228605	O	n227
314.0104779853529	S	n227;1;n237;2;n238;3
332.1746173469738	I	n237;2
339.96246034945096	S	n237;2;n273;4;n274;5
351.64992078918175	I	n274;5
355.7899662740194	E	n274;5
365.43190125744275	S	n273;4;n325;6;n326;7
368.33285918754166	F	n325;6
368.33285918754166	F	n326;7
368.33285918754166	F	n238;3
