TIME	EVENT	NODES
306.57604570415737	O	n212
309.1900858298933	I	n212;1
312.5055727841775	I	n212;1
357.44871799316417	T	n212;1;n212;2;n278;3
364.14479088522387	E	n212;2
368.33285918754166	F	n278;3
