TIME	EVENT	NODES
306.6492485135943	O	n203
318.9566040063278	S	n203;1;n241;2;n242;3
324.2877732099755	I	n241;2
330.7056449204702	I	n241;2
335.6967060113735	S	n241;2;n261;4;n262;5
339.2086743593237	I	n262;5
350.53960376877336	S	n262;5;n293;6;n294;7
356.07738728640095	I	n293;6
359.16454116420584	E	n261;4
368.33285918754166	F	n293;6
368.33285918754166	F	n242;3
368.33285918754166	F	n294;7
