TIME	EVENT	NODES
306.693423514145	O	n142
312.1421772672062	E	n142;1
