TIME	EVENT	NODES
307.08170782041384	O	n170
341.1120355229145	I	n170;1
361.5314844849006	L	n170;1
