TIME	EVENT	NODES
307.2683744569282	O	n172
315.41472492191235	E	n172;1
