TIME	EVENT	NODES
307.33165627704074	O	n170
321.4339926630987	I	n170;1
322.47159510758735	I	n170;1
368.33285918754166	F	n170;1
