TIME	EVENT	NODES
307.3400513992128	O	n226
312.8365037668637	D	n226;1;n226;2;n226;3
324.2601856628277	E	n226;2
324.2601856628277	E	n226;3
