TIME	EVENT	NODES
307.3512569654444	O	n109
315.342886568578	E	n109;1
