TIME	EVENT	NODES
307.39795889906867	O	n174
316.64521563171144	E	n174;1
