TIME	EVENT	NODES
307.546442335919	O	n187
338.4065941512178	I	n187;1
353.8835545323972	T	n187;1;n187;2;n287;3
356.3119546325315	E	n187;2
361.0598908179733	L	n287;3
