TIME	EVENT	NODES
307.59246604384987	O	n187
332.8038000541666	C	n187;1
356.3119546325315	E	n187;1
