TIME	EVENT	NODES
307.631956887922	O	n219
313.3202655219477	L	n219;1
