TIME	EVENT	NODES
307.7094837471286	O	n198
309.21205838172443	S	n198;1;n231;2;n232;3
317.30612004847615	S	n232;3;n239;4;n240;5
335.14844581859495	S	n231;2;n259;6;n260;7
348.6720819320871	E	n240;5
348.7564267084988	E	n259;6
353.0420890814725	D	n260;7;n260;8;n260;9
364.2938925195476	I	n260;8
364.2938925195476	I	n260;9
365.3354294195512	E	n260;9
365.3354294195512	E	n260;8
365.6675909654996	S	n239;4;n327;10;n328;11
368.33285918754166	F	n327;10
368.33285918754166	F	n328;11
