TIME	EVENT	NODES
307.86485879104697	O	n192
316.27600896896894	E	n192;1
