TIME	EVENT	NODES
307.90671033213124	O	n218
313.31681944729553	I	n218;1
321.2138082550796	C	n218;1
327.1046107185982	E	n218;1
