TIME	EVENT	NODES
307.9225807425192	O	n173
314.5087251124538	E	n173;1
