TIME	EVENT	NODES
308.0103331410015	O	n205
337.14193272302686	I	n205;1
363.72092949357767	S	n205;1;n313;2;n314;3
368.33285918754166	F	n314;3
368.33285918754166	F	n313;2
