TIME	EVENT	NODES
308.1181074127726	O	n226
324.2601856628277	E	n226;1
