TIME	EVENT	NODES
308.13613717462954	O	n174
314.0332232353583	C	n174;1
316.64521563171144	E	n174;1
