TIME	EVENT	NODES
308.18798437133967	O	n226
324.2601856628277	E	n226;1
