TIME	EVENT	NODES
308.19346978087907	O	n221
333.3268767710134	I	n221;1
349.68508919305305	C	n221;1
353.12686323017584	T	n221;1;n221;2;n187;3
356.3119546325315	E	n187;3
368.33285918754166	F	n221;2
