TIME	EVENT	NODES
308.28338496452056	O	n183
349.00530575206363	E	n183;1
