TIME	EVENT	NODES
308.32900232051435	O	n227
314.0104779853529	S	n227;1;n237;2;n238;3
339.96246034945096	S	n237;2;n273;4;n274;5
355.7899662740194	E	n274;5
356.6814880266192	C	n273;4
365.43190125744275	S	n273;4;n325;6;n326;7
368.33285918754166	F	n325;6
368.33285918754166	F	n326;7
368.33285918754166	F	n238;3
