TIME	EVENT	NODES
308.3957005527316	O	n170
368.33285918754166	F	n170;1
