TIME	EVENT	NODES
308.420987240331	O	n149
313.2735372024965	E	n149;1
