TIME	EVENT	NODES
308.4735236036228	O	n187
356.3119546325315	E	n187;1
