TIME	EVENT	NODES
308.50759318080003	O	n230
366.3397563145003	I	n230;1
368.33285918754166	F	n230;1
