TIME	EVENT	NODES
308.60409603278225	O	n222
310.52674235275356	I	n222;1
314.3193370741534	E	n222;1
