TIME	EVENT	NODES
308.60655748851235	O	n181
314.03007346861784	C	n181;1
326.9191915703628	E	n181;1
