TIME	EVENT	NODES
308.66563349002456	O	n170
335.61846720378617	I	n170;1
368.33285918754166	F	n170;1
