TIME	EVENT	NODES
308.6820862242605	O	n212
337.15804666753274	C	n212;1
364.14479088522387	E	n212;1
