TIME	EVENT	NODES
308.8062126148645	O	n205
318.8858597082621	T	n205;1;n205;2;n226;3
319.59302789010115	C	n205;2
324.2601856628277	E	n226;3
363.72092949357767	S	n205;2;n313;4;n314;5
368.33285918754166	F	n314;5
368.33285918754166	F	n313;4
