TIME	EVENT	NODES
308.85173665909923	O	n172
315.41472492191235	E	n172;1
