TIME	EVENT	NODES
308.91341002419904	O	n218
320.5590567457553	C	n218;1
327.1046107185982	E	n218;1
