TIME	EVENT	NODES
308.9357375816639	O	n173
314.5087251124538	E	n173;1
