TIME	EVENT	NODES
309.1071679553762	O	n174
316.64521563171144	E	n174;1
