TIME	EVENT	NODES
309.1902885525659	O	n149
309.6511502869501	I	n149;1
313.2735372024965	E	n149;1
