TIME	EVENT	NODES
309.1943338433356	O	n224
310.74626732789005	S	n224;1;n233;2;n234;3
312.89392271064315	I	n233;2
316.3784728802602	I	n233;2
322.6630115581117	S	n233;2;n245;4;n246;5
330.2799340806491	T	n234;3;n234;6;n244;7
330.58014726999374	I	n234;6
338.89935941368094	E	n245;4
340.7517834319064	I	n246;5
341.11177427463167	S	n246;5;n275;8;n276;9
348.7700363029201	S	n275;8;n291;10;n292;11
350.6247674253394	S	n276;9;n295;12;n296;13
354.2727911994635	I	n292;11
355.0583586205711	S	n292;11;n299;14;n300;15
355.8778505990836	S	n295;12;n301;16;n302;17
357.1757291726746	S	n301;16;n305;18;n306;19
360.0442990535381	I	n300;15
360.66748199542366	E	n306;19
364.0086300239402	S	n305;18;n315;20;n316;21
364.8824680743981	S	n302;17;n321;22;n322;23
368.33285918754166	F	n316;21
368.33285918754166	F	n322;23
368.33285918754166	F	n291;10
368.33285918754166	F	n300;15
368.33285918754166	F	n296;13
368.33285918754166	F	n299;14
368.33285918754166	F	n234;6
368.33285918754166	F	n244;7
368.33285918754166	F	n321;22
368.33285918754166	F	n315;20
