TIME	EVENT	NODES
309.21916055912254	O	n170
341.69210855222053	C	n170;1
354.2644333660578	I	n170;1
364.4068183847622	I	n170;1
368.33285918754166	F	n170;1
