TIME	EVENT	NODES
309.3502900752665	O	n142
312.1421772672062	E	n142;1
