TIME	EVENT	NODES
309.4058188157668	O	n219
322.23550031039156	S	n219;1;n243;2;n244;3
336.27194991669535	S	n243;2;n265;4;n266;5
337.9466629699342	E	n266;5
350.26948367359995	I	n244;3
356.3733480394913	I	n265;4
357.83898267386695	E	n265;4
358.428897058889	I	n244;3
368.33285918754166	F	n244;3
