TIME	EVENT	NODES
309.4290730510343	O	n227
311.7162335940536	L	n227;1
