TIME	EVENT	NODES
309.6576340041311	O	n205
348.76767058450946	D	n205;1;n205;2;n205;3
359.8468113113027	C	n205;2
359.8468113113027	C	n205;3
363.72092949357767	S	n205;2;n313;4;n314;5
363.72092949357767	S	n205;3;n313;6;n314;7
368.33285918754166	F	n314;5
368.33285918754166	F	n314;7
368.33285918754166	F	n313;4
368.33285918754166	F	n313;6
