TIME	EVENT	NODES
309.71747335635234	O	n201
312.06673550701987	S	n201;1;n235;2;n236;3
321.78135305229097	E	n235;2
322.2176285273803	I	n236;3
331.02825248126715	E	n236;3
