TIME	EVENT	NODES
309.78022511716154	O	n219
314.1456999383454	C	n219;1
322.23550031039156	S	n219;1;n243;2;n244;3
336.27194991669535	S	n243;2;n265;4;n266;5
337.9466629699342	E	n266;5
346.136475614847	L	n244;3
357.83898267386695	E	n265;4
