TIME	EVENT	NODES
309.80596148047243	O	n181
326.9191915703628	E	n181;1
