TIME	EVENT	NODES
309.9113186845391	O	n142
312.1421772672062	E	n142;1
