TIME	EVENT	NODES
309.9689588309839	O	n192
316.27600896896894	E	n192;1
