TIME	EVENT	NODES
309.9769975712543	O	n212
312.8379486029335	I	n212;1
364.14479088522387	E	n212;1
