TIME	EVENT	NODES
310.36679873904995	O	n192
316.27600896896894	E	n192;1
