TIME	EVENT	NODES
310.4072055117137	O	n226
324.2601856628277	E	n226;1
