TIME	EVENT	NODES
310.4110492337404	O	n230
345.08649500709276	I	n230;1
367.38182193948694	I	n230;1
368.33285918754166	F	n230;1
