TIME	EVENT	NODES
310.548245171522	O	n221
368.33285918754166	F	n221;1
