TIME	EVENT	NODES
310.68694299955035	O	n231
335.14844581859495	S	n231;1;n259;2;n260;3
336.6597110011539	C	n260;3
348.7564267084988	E	n259;2
365.3354294195512	E	n260;3
