TIME	EVENT	NODES
310.7084785262267	O	n225
324.7848548775896	E	n225;1
