TIME	EVENT	NODES
310.73775333015817	O	n173
314.5087251124538	E	n173;1
