TIME	EVENT	NODES
310.8215208013098	O	n192
313.295464126695	I	n192;1
316.27600896896894	E	n192;1
