TIME	EVENT	NODES
310.92208372300405	O	n174
316.64521563171144	E	n174;1
