TIME	EVENT	NODES
311.0032807329052	O	n227
314.0104779853529	S	n227;1;n237;2;n238;3
314.92945109647195	I	n238;3
317.93148972518173	I	n238;3
339.96246034945096	S	n237;2;n273;4;n274;5
344.83920551715744	I	n238;3
355.7899662740194	E	n274;5
365.43190125744275	S	n273;4;n325;6;n326;7
368.33285918754166	F	n325;6
368.33285918754166	F	n326;7
368.33285918754166	F	n238;3
