TIME	EVENT	NODES
311.09243778374923	O	n183
346.59949215116063	I	n183;1
349.00530575206363	E	n183;1
