TIME	EVENT	NODES
0	O	Root
0.0	S	Root;1;n1;2;n2;3
3.2265121368497676	S	n2;3;n3;4;n4;5
4.288713376670242	L	n3;4
4.288713376670242	T	n1;2;n1;6;n3;7
6.0891450189117755	S	n4;5;n5;8;n6;9
7.309298866942836	L	n3;7
12.049627919615546	E	n1;6
16.04157785655541	I	n5;8
20.861276509469988	I	n5;8
28.77083895510528	I	n5;8
41.7308661144652	E	n6;9
65.79458869924449	S	n5;8;n11;10;n12;11
78.5259640765123	I	n11;10
78.67196232775571	E	n11;10
80.59920766624008	E	n12;11
