TIME	EVENT	NODES
311.4241723350156	O	n230
342.5090384748172	I	n230;1
368.33285918754166	F	n230;1
