TIME	EVENT	NODES
311.4934266970225	O	n225
316.88139547941614	L	n225;1
