TIME	EVENT	NODES
311.66712153982894	O	n212
348.7408789605474	T	n212;1;n212;2;n270;3
351.3681074054671	E	n270;3
364.14479088522387	E	n212;2
