TIME	EVENT	NODES
311.6777677055344	O	n109
315.342886568578	E	n109;1
