TIME	EVENT	NODES
311.7253240237506	O	n228
342.3523845263514	S	n228;1;n281;2;n282;3
351.57977586825785	C	n282;3
364.9981348495169	I	n281;2
368.33285918754166	F	n282;3
368.33285918754166	F	n281;2
