TIME	EVENT	NODES
311.7673687291893	O	n187
356.3119546325315	E	n187;1
