TIME	EVENT	NODES
311.85817680792763	O	n221
329.9239204216288	I	n221;1
368.33285918754166	F	n221;1
