TIME	EVENT	NODES
311.92097681983023	O	n234
314.19330894380226	L	n234;1
