TIME	EVENT	NODES
311.9289035032912	O	n221
338.3184130125963	I	n221;1
368.33285918754166	F	n221;1
