TIME	EVENT	NODES
312.01273844368654	O	n172
315.41472492191235	E	n172;1
