TIME	EVENT	NODES
312.1081441938372	O	n142
312.1421772672062	E	n142;1
