TIME	EVENT	NODES
312.16599775635837	O	n205
315.5514842015052	L	n205;1
