TIME	EVENT	NODES
312.4640125533217	O	n236
313.1604056487989	I	n236;1
320.15406545249067	I	n236;1
331.02825248126715	E	n236;1
