TIME	EVENT	NODES
312.47997402564613	O	n173
314.5087251124538	E	n173;1
