TIME	EVENT	NODES
312.60022657276	O	n218
327.1046107185982	E	n218;1
