TIME	EVENT	NODES
312.74585960682464	O	n109
315.342886568578	E	n109;1
