TIME	EVENT	NODES
312.8650717112959	O	n218
327.1046107185982	E	n218;1
