TIME	EVENT	NODES
312.8814255204668	O	n192
316.27600896896894	E	n192;1
