TIME	EVENT	NODES
313.03107591730395	O	n211
319.6549463062246	I	n211;1
323.451126983794	S	n211;1;n247;2;n248;3
323.84558044815805	I	n247;2
326.9299560409181	S	n248;3;n249;4;n250;5
334.64198406508626	S	n249;4;n255;6;n256;7
338.51097831531484	S	n247;2;n269;8;n270;9
343.50189851422664	I	n269;8
350.01881680023104	I	n256;7
351.3681074054671	E	n270;9
351.37042779145395	E	n255;6
356.5243775902817	S	n250;5;n303;10;n304;11
359.43466135079467	S	n269;8;n307;12;n308;13
362.74075674484453	D	n304;11;n304;14;n304;15
364.0604329774888	I	n304;14
364.0604329774888	I	n304;15
364.49514583717956	S	n304;15;n319;16;n320;17
364.49514583717956	S	n304;14;n319;18;n320;19
365.0168302374957	S	n256;7;n323;20;n324;21
368.1525611161385	S	n324;21;n331;22;n332;23
368.33285918754166	F	n307;12
368.33285918754166	F	n303;10
368.33285918754166	F	n308;13
368.33285918754166	F	n331;22
368.33285918754166	F	n323;20
368.33285918754166	F	n320;17
368.33285918754166	F	n320;19
368.33285918754166	F	n332;23
368.33285918754166	F	n319;16
368.33285918754166	F	n319;18
