TIME	EVENT	NODES
313.03549925556496	O	n183
313.0390457515118	I	n183;1
338.53356098596043	I	n183;1
342.47328190227523	I	n183;1
349.00530575206363	E	n183;1
