TIME	EVENT	NODES
313.06840017115076	O	n234
368.33285918754166	F	n234;1
