TIME	EVENT	NODES
313.33566469614317	O	n192
316.27600896896894	E	n192;1
