TIME	EVENT	NODES
313.3947106439199	O	n219
322.23550031039156	S	n219;1;n243;2;n244;3
336.27194991669535	S	n243;2;n265;4;n266;5
337.9466629699342	E	n266;5
343.9371717378825	C	n244;3
357.83898267386695	E	n265;4
368.33285918754166	F	n244;3
