TIME	EVENT	NODES
0	O	Root
0.0	S	Root;1;n1;2;n2;3
3.2265121368497676	S	n2;3;n3;4;n4;5
6.0891450189117755	S	n4;5;n5;6;n6;7
7.543317742049938	I	n5;6
12.049627919615546	E	n1;2
19.068627454665474	I	n3;4
23.50664685329182	L	n3;4
35.50022985125845	I	n5;6
41.7308661144652	E	n6;7
65.79458869924449	S	n5;6;n11;8;n12;9
78.67196232775571	E	n11;8
80.59920766624008	E	n12;9
