TIME	EVENT	NODES
0.07018262896689599	O	n1
0.11428202715204365	E	n1;1
