TIME	EVENT	NODES
0.07898162411084982	O	n1
0.11428202715204365	E	n1;1
