TIME	EVENT	NODES
0.10481977108986583	O	n9
0.1969107897114663	E	n9;1
