TIME	EVENT	NODES
0.28229445583155394	O	n28
0.32904946939963037	E	n28;1
