TIME	EVENT	NODES
0.2642782549315653	O	n22
0.2956178903787941	E	n22;1
