TIME	EVENT	NODES
0.3491129898158538	O	n34
0.38805050801579005	E	n34;1
