TIME	EVENT	NODES
0.38584276240061005	O	n51
0.40140186928566196	E	n51;1
