TIME	EVENT	NODES
0.4086037903189563	O	n63
0.42044751321046026	S	n63;1;n69;2;n70;3
0.4457139964449435	E	n70;3
0.49158736343140175	E	n69;2
