TIME	EVENT	NODES
0.4108013669475227	O	n55
0.4614636471342297	S	n55;1;n81;2;n82;3
0.5328006999227162	I	n81;2
0.5513937295836269	S	n81;2;n93;4;n94;5
0.5572075351753035	S	n93;4;n97;6;n98;7
0.5745225296406941	S	n94;5;n99;8;n100;9
0.5986568889414171	E	n100;9
0.6049905299992304	E	n82;3
0.6633287276540377	E	n99;8
0.701079093030748	E	n98;7
0.7217302559461122	S	n97;6;n147;10;n148;11
0.7452002798513975	S	n147;10;n163;12;n164;13
0.7661198686804508	S	n148;11;n171;14;n172;15
0.766363326772698	S	n164;13;n173;16;n174;17
0.7774381661020539	E	n172;15
0.7938852446541661	S	n174;17;n193;18;n194;19
0.8090622353839811	S	n171;14;n205;20;n206;21
0.8261291493880141	E	n163;12
0.8451397698786937	C	n173;16
0.8483051838783444	E	n194;19
0.8516895988276718	E	n205;20
0.8562890836890564	S	n193;18;n225;22;n226;23
0.8595667981202416	E	n173;16
0.8744851348059081	E	n225;22
0.8886476591442899	S	n206;21;n237;24;n238;25
0.8931383056426142	E	n237;24
0.915456583677902	S	n226;23;n249;26;n250;27
0.9163002425948975	E	n238;25
0.9275903159912018	E	n249;26
0.9805992605924941	E	n250;27
