TIME	EVENT	NODES
0.4337408494554697	O	n72
0.4643255835110095	E	n72;1
