TIME	EVENT	NODES
0.4388104992987639	O	n76
0.48126743638362973	S	n76;1;n83;2;n84;3
0.5153698248949962	I	n84;3
0.5322172744577628	E	n84;3
0.6037059867541918	S	n83;2;n105;4;n106;5
0.6139341316645054	S	n106;5;n109;6;n110;7
0.6311903666688485	S	n109;6;n115;8;n116;9
0.6441183349089813	S	n116;9;n121;10;n122;11
0.6446354988810583	E	n110;7
0.6618475588700907	S	n122;11;n125;12;n126;13
0.6685627179118959	E	n121;10
0.6753098391469464	E	n115;8
0.6771299317762048	S	n126;13;n131;14;n132;15
0.6941596368553979	E	n131;14
0.7109290296217277	E	n105;4
0.7402941034005236	S	n125;12;n161;16;n162;17
0.7481394058852846	S	n132;15;n165;18;n166;19
0.7579531713527351	E	n165;18
0.7606143639893209	E	n162;17
0.7747297051771199	S	n161;16;n179;20;n180;21
0.7767487400746069	S	n179;20;n181;22;n182;23
0.7807184706049322	S	n180;21;n183;24;n184;25
0.7809494896465746	S	n183;24;n187;26;n188;27
0.7852010613257442	E	n188;27
0.7901507037646461	E	n184;25
0.7978498612135019	E	n182;23
0.7992174565172605	S	n187;26;n197;28;n198;29
0.8276784496388486	S	n198;29;n211;30;n212;31
0.8503085550548898	S	n197;28;n221;32;n222;33
0.8601577711503859	S	n212;31;n227;34;n228;35
0.8613693014894844	E	n181;22
0.8974496054601573	E	n227;34
0.9049608857101237	S	n166;19;n245;36;n246;37
0.9106338950899321	S	n246;37;n247;38;n248;39
0.9114950528903518	E	n222;33
0.9280137218581821	E	n211;30
0.9292507846091586	S	n221;32;n259;40;n260;41
0.9306805094373543	C	n228;35
0.93500510079701	E	n259;40
0.9364731069415062	E	n248;39
0.9460617632927703	S	n260;41;n265;42;n266;43
0.9786065520660436	S	n245;36;n285;44;n286;45
0.9814100407416381	E	n228;35
0.9851301504358597	E	n247;38
1.0	F	n285;44
1.0	F	n265;42
1.0	F	n286;45
1.0	F	n266;43
