TIME	EVENT	NODES
0.4356101039570863	O	n71
0.4487358723077373	E	n71;1
