TIME	EVENT	NODES
0.4531184297703221	O	n74
0.4956791982998115	E	n74;1
