TIME	EVENT	NODES
0.4879959727323194	O	n84
0.5322172744577628	E	n84;1
