TIME	EVENT	NODES
0.4932055302731516	O	n74
0.4956791982998115	E	n74;1
