TIME	EVENT	NODES
0.5540219796765025	O	n82
0.6049905299992304	E	n82;1
