TIME	EVENT	NODES
0.556742801162274	O	n91
0.6248682797632655	S	n91;1;n113;2;n114;3
0.6413451922296899	S	n114;3;n119;4;n120;5
0.6953243955279519	S	n119;4;n135;6;n136;7
0.6975577051315929	S	n113;2;n137;8;n138;9
0.7005084646083697	S	n136;7;n139;10;n140;11
0.7099753554541903	E	n135;6
0.7215838219978351	S	n139;10;n145;12;n146;13
0.7226331056963025	E	n140;11
0.7268485611847301	S	n137;8;n151;14;n152;15
0.7271137001153057	E	n138;9
0.743681333697219	E	n146;13
0.7701743730769628	S	n120;5;n175;16;n176;17
0.7722887411826787	S	n175;16;n177;18;n178;19
0.7745798703701913	E	n176;17
0.7869910465073588	E	n152;15
0.7889668809496501	S	n151;14;n189;20;n190;21
0.8168185596786944	S	n189;20;n209;22;n210;23
0.8318994907069088	S	n210;23;n213;24;n214;25
0.8348346185515035	E	n178;19
0.8432642881862309	E	n214;25
0.8462038436727194	E	n177;18
0.8734902166513967	E	n213;24
0.8742918575836303	E	n190;21
0.8813881991268552	E	n145;12
0.8980060272048759	S	n209;22;n243;26;n244;27
0.927312365914823	E	n243;26
1.0	F	n244;27
