TIME	EVENT	NODES
0.5828611409457328	O	n102
0.5949161755404646	E	n102;1
