TIME	EVENT	NODES
0.5886615522945084	O	n82
0.6049905299992304	E	n82;1
