TIME	EVENT	NODES
0.6110716272912022	O	n106
0.6139341316645054	S	n106;1;n109;2;n110;3
0.6311903666688485	S	n109;2;n115;4;n116;5
0.6441183349089813	S	n116;5;n121;6;n122;7
0.6446354988810583	E	n110;3
0.6618475588700907	S	n122;7;n125;8;n126;9
0.6685627179118959	E	n121;6
0.6753098391469464	E	n115;4
0.6771299317762048	S	n126;9;n131;10;n132;11
0.6941596368553979	E	n131;10
0.7402941034005236	S	n125;8;n161;12;n162;13
0.7481394058852846	S	n132;11;n165;14;n166;15
0.7579531713527351	E	n165;14
0.7606143639893209	E	n162;13
0.7747297051771199	S	n161;12;n179;16;n180;17
0.7767487400746069	S	n179;16;n181;18;n182;19
0.7807184706049322	S	n180;17;n183;20;n184;21
0.7809494896465746	S	n183;20;n187;22;n188;23
0.7852010613257442	E	n188;23
0.7901507037646461	E	n184;21
0.7978498612135019	E	n182;19
0.7992174565172605	S	n187;22;n197;24;n198;25
0.8276784496388486	S	n198;25;n211;26;n212;27
0.8503085550548898	S	n197;24;n221;28;n222;29
0.8601577711503859	S	n212;27;n227;30;n228;31
0.8613693014894844	E	n181;18
0.8974496054601573	E	n227;30
0.9037334552922615	I	n222;29
0.9049608857101237	S	n166;15;n245;32;n246;33
0.9106338950899321	S	n246;33;n247;34;n248;35
0.9114950528903518	E	n222;29
0.9280137218581821	E	n211;26
0.9292507846091586	S	n221;28;n259;36;n260;37
0.93500510079701	E	n259;36
0.9364731069415062	E	n248;35
0.9460617632927703	S	n260;37;n265;38;n266;39
0.9786065520660436	S	n245;32;n285;40;n286;41
0.9814100407416381	E	n228;31
0.9851301504358597	E	n247;34
1.0	F	n285;40
1.0	F	n265;38
1.0	F	n286;41
1.0	F	n266;39
