TIME	EVENT	NODES
0.6182087241668929	O	n104
0.6356518359046661	I	n104;1
0.6696366104238207	E	n104;1
