TIME	EVENT	NODES
0.62258816128312	O	n73
0.6575623711300396	E	n73;1
