TIME	EVENT	NODES
0.5960396240764614	O	n99
0.6633287276540377	E	n99;1
