TIME	EVENT	NODES
0.6518567669845066	O	n98
0.701079093030748	E	n98;1
