TIME	EVENT	NODES
0.672719373091703	O	n128
0.7210277529225892	E	n128;1
