TIME	EVENT	NODES
0.6716779668511329	O	n123
0.7634135835267006	S	n123;1;n169;2;n170;3
0.7701002230515659	E	n169;2
0.7721466484093822	E	n170;3
