TIME	EVENT	NODES
0.7432476633198244	O	n161
0.7747297051771199	S	n161;1;n179;2;n180;3
0.7767487400746069	S	n179;2;n181;4;n182;5
0.7807184706049322	S	n180;3;n183;6;n184;7
0.7809494896465746	S	n183;6;n187;8;n188;9
0.7852010613257442	E	n188;9
0.7901507037646461	E	n184;7
0.7978498612135019	E	n182;5
0.7992174565172605	S	n187;8;n197;10;n198;11
0.8276784496388486	S	n198;11;n211;12;n212;13
0.8503085550548898	S	n197;10;n221;14;n222;15
0.8601577711503859	S	n212;13;n227;16;n228;17
0.8613693014894844	E	n181;4
0.8974496054601573	E	n227;16
0.9114950528903518	E	n222;15
0.9280137218581821	E	n211;12
0.9292507846091586	S	n221;14;n259;18;n260;19
0.93500510079701	E	n259;18
0.9460617632927703	S	n260;19;n265;20;n266;21
0.9814100407416381	E	n228;17
1.0	F	n265;20
1.0	F	n266;21
