TIME	EVENT	NODES
0.7776296978857241	O	n151
0.7889668809496501	S	n151;1;n189;2;n190;3
0.8168185596786944	S	n189;2;n209;4;n210;5
0.8318994907069088	S	n210;5;n213;6;n214;7
0.8432642881862309	E	n214;7
0.8734902166513967	E	n213;6
0.8742918575836303	E	n190;3
0.8980060272048759	S	n209;4;n243;8;n244;9
0.927312365914823	E	n243;8
1.0	F	n244;9
