TIME	EVENT	NODES
0.70399453383986	O	n105
0.7109290296217277	E	n105;1
