TIME	EVENT	NODES
0.7197667270092869	O	n128
0.7210277529225892	E	n128;1
