TIME	EVENT	NODES
0.7284386339520826	O	n150
0.7500329224096391	E	n150;1
