TIME	EVENT	NODES
0.8053338832301373	O	n167
0.8164044470765601	E	n167;1
