TIME	EVENT	NODES
0.8247154628123916	O	n178
0.8348346185515035	E	n178;1
