TIME	EVENT	NODES
0.8289484756484091	O	n178
0.8348346185515035	E	n178;1
