TIME	EVENT	NODES
0.838682755771071	O	n213
0.8734902166513967	E	n213;1
