TIME	EVENT	NODES
0.8497943960584491	O	n190
0.8742918575836303	E	n190;1
