TIME	EVENT	NODES
0.8924318927574081	O	n158
0.9334468700033874	E	n158;1
