TIME	EVENT	NODES
0.9044754834025632	O	n232
0.9262180312867804	E	n232;1
