TIME	EVENT	NODES
0.808540547194149	O	n178
0.8348346185515035	E	n178;1
