TIME	EVENT	NODES
0.9209553322038339	O	n249
0.9275903159912018	E	n249;1
