TIME	EVENT	NODES
0.9214008399099867	O	n252
0.9711027875363744	E	n252;1
