TIME	EVENT	NODES
0.8137730434975813	O	n178
0.8348346185515035	E	n178;1
