TIME	EVENT	NODES
0.8247813417334164	O	n190
0.8742918575836303	E	n190;1
