TIME	EVENT	NODES
0.9308934579203878	O	n254
0.9382537776095115	S	n254;1;n263;2;n264;3
0.9453738548637767	E	n263;2
0.9774128112905862	E	n264;3
