TIME	EVENT	NODES
0.8263677297347419	O	n178
0.8348346185515035	E	n178;1
