TIME	EVENT	NODES
0.9410832880561172	O	n258
0.9732173865347189	E	n258;1
