TIME	EVENT	NODES
0.84743194967732	O	n173
0.8595667981202416	E	n173;1
