TIME	EVENT	NODES
0.9776633992857185	O	n250
0.9805992605924941	E	n250;1
