TIME	EVENT	NODES
0.8563117286677968	O	n222
0.9114950528903518	E	n222;1
