TIME	EVENT	NODES
0.8806404902069245	O	n223
0.9835716504478796	E	n223;1
