TIME	EVENT	NODES
0.8891073714236394	O	n168
0.9437743069310279	E	n168;1
