TIME	EVENT	NODES
0.9405705983674916	O	n261
0.9486013636009557	S	n261;1;n267;2;n268;3
0.983455035698425	E	n268;3
0.9838251299642106	E	n267;2
