TIME	EVENT	NODES
0.9550498624989925	O	n268
0.983455035698425	E	n268;1
