TIME	EVENT	NODES
0.9720264676591199	O	n268
0.983455035698425	E	n268;1
