TIME	EVENT	NODES
0.9932386884166468	O	n291
0.993707679202344	S	n291;1;n299;2;n300;3
1.0	F	n299;2
1.0	F	n300;3
