TIME	EVENT	NODES
0.09134496011653903	O	n1
0.11428202715204365	E	n1;1
