TIME	EVENT	NODES
0.11916997699275232	O	n8
0.1307468573352167	E	n8;1
