TIME	EVENT	NODES
0.1516684742919058	O	n9
0.1969107897114663	E	n9;1
