TIME	EVENT	NODES
0.2931419868083235	O	n26
0.3242431098178988	E	n26;1
