TIME	EVENT	NODES
0.3293464885186086	O	n33
0.42854301057533273	S	n33;1;n73;2;n74;3
0.4956791982998115	E	n74;3
0.6575623711300396	E	n73;2
