TIME	EVENT	NODES
0.35280092375326055	O	n42
0.35793305376362283	S	n42;1;n45;2;n46;3
0.4066753845391696	E	n46;3
0.43048184675792817	E	n45;2
