TIME	EVENT	NODES
0.35927781546584064	O	n35
0.3638875715740503	S	n35;1;n51;2;n52;3
0.39182157006149465	S	n52;3;n57;4;n58;5
0.3974594228905295	S	n57;4;n59;6;n60;7
0.39774118535546255	S	n58;5;n61;8;n62;9
0.40140186928566196	E	n51;2
0.40850073276585896	S	n59;6;n65;10;n66;11
0.4209965192467931	S	n61;8;n71;12;n72;13
0.42795023912694147	E	n66;11
0.4423483705727157	S	n60;7;n77;14;n78;15
0.4487358723077373	E	n71;12
0.4643255835110095	E	n72;13
0.477908856756897	E	n78;15
0.47893748989308055	E	n62;9
0.4927173369477565	E	n77;14
0.5093929148877467	S	n65;10;n85;16;n86;17
0.5261657820178198	E	n86;17
0.5756195185127128	E	n85;16
