TIME	EVENT	NODES
0.37245176442305716	O	n34
0.38805050801579005	E	n34;1
