TIME	EVENT	NODES
0.42253225250943577	O	n65
0.5093929148877467	S	n65;1;n85;2;n86;3
0.5261657820178198	E	n86;3
0.5756195185127128	E	n85;2
