TIME	EVENT	NODES
0.4696652787825695	O	n73
0.6575623711300396	E	n73;1
