TIME	EVENT	NODES
0.4707361329605756	O	n67
0.6607268257837244	S	n67;1;n123;2;n124;3
0.7354109711678566	S	n124;3;n155;4;n156;5
0.7634135835267006	S	n123;2;n169;6;n170;7
0.7701002230515659	E	n169;6
0.7721466484093822	E	n170;7
0.7898780576720417	S	n155;4;n191;8;n192;9
0.7978528084143132	S	n156;5;n195;10;n196;11
0.7987916706716873	E	n191;8
0.8178933550565883	E	n192;9
0.8368111068320828	S	n196;11;n217;12;n218;13
0.8517224027933125	S	n195;10;n223;14;n224;15
0.8814887852476869	S	n218;13;n229;16;n230;17
0.8843366822854161	E	n229;16
0.8874499684285017	S	n217;12;n233;18;n234;19
0.8903456152832875	E	n224;15
0.8958770819902527	S	n234;19;n239;20;n240;21
0.9171440668508187	S	n240;21;n251;22;n252;23
0.918709877259294	E	n233;18
0.9255988467268518	S	n239;20;n255;24;n256;25
0.9308574068795644	E	n256;25
0.94826054007743	E	n230;17
0.9711027875363744	E	n252;23
0.9835716504478796	E	n223;14
1.0	F	n251;22
1.0	F	n255;24
