TIME	EVENT	NODES
0.4826221581299022	O	n83
0.6037059867541918	S	n83;1;n105;2;n106;3
0.6139341316645054	S	n106;3;n109;4;n110;5
0.6311903666688485	S	n109;4;n115;6;n116;7
0.6441183349089813	S	n116;7;n121;8;n122;9
0.6446354988810583	E	n110;5
0.6618475588700907	S	n122;9;n125;10;n126;11
0.6685627179118959	E	n121;8
0.6753098391469464	E	n115;6
0.6771299317762048	S	n126;11;n131;12;n132;13
0.6941596368553979	E	n131;12
0.7109290296217277	E	n105;2
0.7402941034005236	S	n125;10;n161;14;n162;15
0.7481394058852846	S	n132;13;n165;16;n166;17
0.7579531713527351	E	n165;16
0.7606143639893209	E	n162;15
0.7747297051771199	S	n161;14;n179;18;n180;19
0.7767487400746069	S	n179;18;n181;20;n182;21
0.7807184706049322	S	n180;19;n183;22;n184;23
0.7809494896465746	S	n183;22;n187;24;n188;25
0.7852010613257442	E	n188;25
0.7901507037646461	E	n184;23
0.7978498612135019	E	n182;21
0.7992174565172605	S	n187;24;n197;26;n198;27
0.8276784496388486	S	n198;27;n211;28;n212;29
0.8503085550548898	S	n197;26;n221;30;n222;31
0.8601577711503859	S	n212;29;n227;32;n228;33
0.8613693014894844	E	n181;20
0.8974496054601573	E	n227;32
0.9049608857101237	S	n166;17;n245;34;n246;35
0.9106338950899321	S	n246;35;n247;36;n248;37
0.9114950528903518	E	n222;31
0.9280137218581821	E	n211;28
0.9292507846091586	S	n221;30;n259;38;n260;39
0.93500510079701	E	n259;38
0.9364731069415062	E	n248;37
0.9460617632927703	S	n260;39;n265;40;n266;41
0.9786065520660436	S	n245;34;n285;42;n286;43
0.9814100407416381	E	n228;33
0.9851301504358597	E	n247;36
1.0	F	n286;43
1.0	F	n265;40
1.0	F	n285;42
1.0	F	n266;41
