TIME	EVENT	NODES
0.5757277186887377	O	n87
0.5979031078146738	E	n87;1
