TIME	EVENT	NODES
0.5812422400092415	O	n98
0.701079093030748	E	n98;1
