TIME	EVENT	NODES
0.5860689216586408	O	n88
0.6114935212990017	S	n88;1;n107;2;n108;3
0.6196047560348688	S	n107;2;n111;4;n112;5
0.6243127237094809	E	n111;4
0.6393332301333164	S	n112;5;n117;6;n118;7
0.6719135649492606	S	n118;7;n129;8;n130;9
0.6819512551468225	S	n129;8;n133;10;n134;11
0.6921120488034279	E	n108;3
0.7017922083742045	E	n134;11
0.7040101740554711	S	n130;9;n141;12;n142;13
0.7134501403145042	S	n141;12;n143;14;n144;15
0.7201554690914358	E	n142;13
0.7366507449525306	S	n117;6;n157;16;n158;17
0.7380126736617868	S	n133;10;n159;18;n160;19
0.7597303949778592	S	n160;19;n167;20;n168;21
0.7803804726594089	E	n144;15
0.780863663817749	S	n159;18;n185;22;n186;23
0.7899707700882584	E	n143;14
0.7993411900108544	S	n157;16;n199;24;n200;25
0.8031860314936324	S	n199;24;n203;26;n204;27
0.8117998219882726	E	n203;26
0.813552145786412	E	n204;27
0.8164044470765601	E	n167;20
0.8875444986049862	S	n186;23;n235;28;n236;29
0.8966350187226857	S	n185;22;n241;30;n242;31
0.905185808726317	E	n235;28
0.9267653394165998	S	n241;30;n257;32;n258;33
0.9334468700033874	E	n158;17
0.9437743069310279	E	n168;21
0.951000190955658	S	n257;32;n269;34;n270;35
0.9557905494076593	S	n242;31;n271;36;n272;37
0.9609231641360226	S	n272;37;n275;38;n276;39
0.9727278219767251	S	n269;34;n283;40;n284;41
0.9732173865347189	E	n258;33
0.9826208035981886	S	n283;40;n287;42;n288;43
0.9854537340418459	S	n288;43;n289;44;n290;45
0.9869915986282715	S	n276;39;n293;46;n294;47
0.9878783987049942	S	n270;35;n295;48;n296;49
0.9898113896787903	S	n271;36;n297;50;n298;51
0.9973204261958437	E	n284;41
1.0	F	n236;29
1.0	F	n296;49
1.0	F	n295;48
1.0	F	n297;50
1.0	F	n275;38
1.0	F	n290;45
1.0	F	n298;51
1.0	F	n294;47
1.0	F	n293;46
1.0	F	n287;42
1.0	F	n289;44
1.0	F	n200;25
