TIME	EVENT	NODES
0.5905701172142918	O	n100
0.5986568889414171	E	n100;1
