TIME	EVENT	NODES
0.6307802495306654	O	n99
0.6633287276540377	E	n99;1
