TIME	EVENT	NODES
0.6400821828812201	O	n92
0.6714208973395133	S	n92;1;n127;2;n128;3
0.6771480527232184	E	n127;2
0.7210277529225892	E	n128;3
