TIME	EVENT	NODES
0.6431785102471944	O	n104
0.6696366104238207	E	n104;1
