TIME	EVENT	NODES
0.6750767497963478	O	n127
0.6771480527232184	E	n127;1
