TIME	EVENT	NODES
0.7135744029740252	O	n142
0.7201554690914358	E	n142;1
