TIME	EVENT	NODES
0.7384054207615919	O	n148
0.7661198686804508	S	n148;1;n171;2;n172;3
0.7774381661020539	E	n172;3
0.8090622353839811	S	n171;2;n205;4;n206;5
0.8516895988276718	E	n205;4
0.8886476591442899	S	n206;5;n237;6;n238;7
0.8931383056426142	E	n237;6
0.9163002425948975	E	n238;7
