TIME	EVENT	NODES
0.7409229580095072	O	n143
0.7899707700882584	E	n143;1
