TIME	EVENT	NODES
0.7656253084298572	O	n163
0.8261291493880141	E	n163;1
