TIME	EVENT	NODES
0.7679605026237787	O	n143
0.7899707700882584	E	n143;1
