TIME	EVENT	NODES
0.777978236637542	O	n144
0.7803804726594089	E	n144;1
