TIME	EVENT	NODES
0.7877148063910621	O	n186
0.8875444986049862	S	n186;1;n235;2;n236;3
0.905185808726317	E	n235;2
1.0	F	n236;3
