TIME	EVENT	NODES
0.8014297746614963	O	n158
0.9334468700033874	E	n158;1
