TIME	EVENT	NODES
0.8077281331199696	O	n158
0.9334468700033874	E	n158;1
