TIME	EVENT	NODES
0.8104171846323911	O	n158
0.9334468700033874	E	n158;1
