TIME	EVENT	NODES
0.8131184457261206	O	n196
0.8368111068320828	S	n196;1;n217;2;n218;3
0.8814887852476869	S	n218;3;n229;4;n230;5
0.8843366822854161	E	n229;4
0.8874499684285017	S	n217;2;n233;6;n234;7
0.8958770819902527	S	n234;7;n239;8;n240;9
0.9171440668508187	S	n240;9;n251;10;n252;11
0.918709877259294	E	n233;6
0.9255988467268518	S	n239;8;n255;12;n256;13
0.9308574068795644	E	n256;13
0.94826054007743	E	n230;5
0.9711027875363744	E	n252;11
1.0	F	n251;10
1.0	F	n255;12
