TIME	EVENT	NODES
0.8237545877905905	O	n207
0.8497501771795928	E	n207;1
