TIME	EVENT	NODES
0.8397054183953233	O	n190
0.8742918575836303	E	n190;1
