TIME	EVENT	NODES
0.848703701348056	O	n145
0.8813881991268552	E	n145;1
