TIME	EVENT	NODES
0.8694554109745689	O	n222
0.9114950528903518	E	n222;1
