TIME	EVENT	NODES
0.8715211534942756	O	n213
0.8734902166513967	E	n213;1
