TIME	EVENT	NODES
0.8795568190940701	O	n217
0.8874499684285017	S	n217;1;n233;2;n234;3
0.8958770819902527	S	n234;3;n239;4;n240;5
0.9171440668508187	S	n240;5;n251;6;n252;7
0.918709877259294	E	n233;2
0.9255988467268518	S	n239;4;n255;8;n256;9
0.9308574068795644	E	n256;9
0.9711027875363744	E	n252;7
1.0	F	n251;6
1.0	F	n255;8
