TIME	EVENT	NODES
0.8810066838052396	O	n224
0.8903456152832875	E	n224;1
