TIME	EVENT	NODES
0.920523319196603	O	n221
0.9292507846091586	S	n221;1;n259;2;n260;3
0.93500510079701	E	n259;2
0.9460617632927703	S	n260;3;n265;4;n266;5
1.0	F	n265;4
1.0	F	n266;5
