TIME	EVENT	NODES
0.9460494535064506	O	n258
0.9732173865347189	E	n258;1
