TIME	EVENT	NODES
0.9497425855326147	O	n262
0.9621233290640864	S	n262;1;n277;2;n278;3
1.0	F	n278;3
1.0	F	n277;2
