TIME	EVENT	NODES
0.9715622891242524	O	n228
0.9814100407416381	E	n228;1
