TIME	EVENT	NODES
0.038296794757755444	O	n1
0.11428202715204365	E	n1;1
