TIME	EVENT	NODES
0.17441837597204599	O	n11
0.18274527452700604	E	n11;1
