TIME	EVENT	NODES
0.283128523430734	O	n26
0.3242431098178988	E	n26;1
