TIME	EVENT	NODES
0.3454390999885354	O	n37
0.5330813850648604	I	n37;1
0.5509952243951802	S	n37;1;n91;2;n92;3
0.5582608854119048	L	n92;3
0.6248682797632655	S	n91;2;n113;4;n114;5
0.6306664378916266	L	n114;5
0.6601232299702378	L	n113;4
