TIME	EVENT	NODES
0.3705384616366097	O	n47
0.42981952959854897	S	n47;1;n75;2;n76;3
0.43808968036900625	E	n75;2
0.48126743638362973	S	n76;3;n83;4;n84;5
0.5322172744577628	E	n84;5
0.6037059867541918	S	n83;4;n105;6;n106;7
0.6139341316645054	S	n106;7;n109;8;n110;9
0.6311903666688485	S	n109;8;n115;10;n116;11
0.6441183349089813	S	n116;11;n121;12;n122;13
0.6446354988810583	E	n110;9
0.6618475588700907	S	n122;13;n125;14;n126;15
0.6685627179118959	E	n121;12
0.6753098391469464	E	n115;10
0.6771299317762048	S	n126;15;n131;16;n132;17
0.6836199900037097	I	n131;16
0.6856170062807155	D	n132;17;n132;18;n132;19
0.6941596368553979	E	n131;16
0.7109290296217277	E	n105;6
0.7402941034005236	S	n125;14;n161;20;n162;21
0.7481394058852846	S	n132;18;n165;22;n166;23
0.7481394058852846	S	n132;19;n165;24;n166;25
0.7527644562967339	D	n166;25;n166;26;n166;27
0.7579531713527351	E	n165;22
0.7579531713527351	E	n165;24
0.7606143639893209	E	n162;21
0.7747297051771199	S	n161;20;n179;28;n180;29
0.7767487400746069	S	n179;28;n181;30;n182;31
0.7807184706049322	S	n180;29;n183;32;n184;33
0.7809494896465746	S	n183;32;n187;34;n188;35
0.7852010613257442	E	n188;35
0.7901507037646461	E	n184;33
0.7978498612135019	E	n182;31
0.7992174565172605	S	n187;34;n197;36;n198;37
0.8276784496388486	S	n198;37;n211;38;n212;39
0.8503085550548898	S	n197;36;n221;40;n222;41
0.8601577711503859	S	n212;39;n227;42;n228;43
0.8613693014894844	E	n181;30
0.8721576416840698	L	n166;23
0.8904633400389393	D	n221;40;n221;44;n221;45
0.8949596364944534	L	n166;27
0.8974496054601573	E	n227;42
0.9049608857101237	S	n166;26;n245;46;n246;47
0.9106338950899321	S	n246;47;n247;48;n248;49
0.9114950528903518	E	n222;41
0.9168189261090666	D	n245;46;n245;50;n245;51
0.9280137218581821	E	n211;38
0.9286886761247065	D	n247;48;n247;52;n247;53
0.9292507846091586	S	n221;44;n259;54;n260;55
0.9292507846091586	S	n221;45;n259;56;n260;57
0.93500510079701	E	n259;54
0.93500510079701	E	n259;56
0.9364731069415062	E	n248;49
0.9460617632927703	S	n260;55;n265;58;n266;59
0.9460617632927703	S	n260;57;n265;60;n266;61
0.9534746303055578	L	n265;60
0.973126625231169	L	n266;59
0.9786065520660436	S	n245;50;n285;62;n286;63
0.9786065520660436	S	n245;51;n285;64;n286;65
0.978652570258856	D	n247;53;n247;66;n247;67
0.9790455271977255	L	n247;66
0.9790455271977255	L	n247;67
0.9814100407416381	E	n228;43
0.9851301504358597	E	n247;52
1.0	F	n285;62
1.0	F	n285;64
1.0	F	n265;58
1.0	F	n266;61
1.0	F	n286;63
1.0	F	n286;65
