TIME	EVENT	NODES
0.3918196003713636	O	n56
0.39572310287152684	E	n56;1
