TIME	EVENT	NODES
0.40396811390323667	O	n55
0.4614636471342297	S	n55;1;n81;2;n82;3
0.5513937295836269	S	n81;2;n93;4;n94;5
0.5572075351753035	S	n93;4;n97;6;n98;7
0.5745225296406941	S	n94;5;n99;8;n100;9
0.5859650870979385	D	n99;8;n99;10;n99;11
0.5946821012663179	D	n99;10;n99;12;n99;13
0.5968116366534845	L	n98;7
0.5986568889414171	E	n100;9
0.6049905299992304	E	n82;3
0.6172056265142769	L	n99;13
0.6633287276540377	E	n99;12
0.6633287276540377	E	n99;11
0.6806313102068485	L	n97;6
