TIME	EVENT	NODES
0.40505707190897167	O	n62
0.4113319722557515	D	n62;1;n62;2;n62;3
0.47893748989308055	E	n62;2
0.47893748989308055	E	n62;3
