TIME	EVENT	NODES
0.4191334446216676	O	n68
0.4350283706414223	L	n68;1
