TIME	EVENT	NODES
0.4222515455804801	O	n71
0.4487358723077373	E	n71;1
