TIME	EVENT	NODES
0.4438242739860872	O	n49
0.542667120051626	S	n49;1;n87;2;n88;3
0.5764295487951694	L	n88;3
0.5979031078146738	E	n87;2
