TIME	EVENT	NODES
0.4595972550461504	O	n72
0.4643255835110095	E	n72;1
