TIME	EVENT	NODES
0.5229204368526269	O	n82
0.5415716172327045	L	n82;1
