TIME	EVENT	NODES
0.5356644805601743	O	n67
0.6607268257837244	S	n67;1;n123;2;n124;3
0.704057436406334	L	n123;2
0.7354109711678566	S	n124;3;n155;4;n156;5
0.7763059820140739	D	n156;5;n156;6;n156;7
0.7898780576720417	S	n155;4;n191;8;n192;9
0.7978528084143132	S	n156;6;n195;10;n196;11
0.7978528084143132	S	n156;7;n195;12;n196;13
0.7987916706716873	E	n191;8
0.8145429947660229	L	n196;11
0.8178933550565883	E	n192;9
0.8368111068320828	S	n196;13;n217;14;n218;15
0.8517224027933125	S	n195;10;n223;16;n224;17
0.8517224027933125	S	n195;12;n223;18;n224;19
0.8645123741989049	L	n223;16
0.8814887852476869	S	n218;15;n229;20;n230;21
0.8843366822854161	E	n229;20
0.8874499684285017	S	n217;14;n233;22;n234;23
0.8903456152832875	E	n224;17
0.8903456152832875	E	n224;19
0.8958770819902527	S	n234;23;n239;24;n240;25
0.9171440668508187	S	n240;25;n251;26;n252;27
0.918709877259294	E	n233;22
0.918966333028499	D	n223;18;n223;28;n223;29
0.9255988467268518	S	n239;24;n255;30;n256;31
0.9308574068795644	E	n256;31
0.94826054007743	E	n230;21
0.955607841556488	D	n223;29;n223;32;n223;33
0.960438431449727	D	n223;28;n223;34;n223;36
0.960438431449727	D	n223;32;n223;35;n223;37
0.9604984036141568	D	n223;36;n223;38;n223;39
0.963170908126209	L	n223;34
0.9711027875363744	E	n252;27
0.9835716504478796	E	n223;35
0.9835716504478796	E	n223;38
0.9835716504478796	E	n223;39
0.9835716504478796	E	n223;37
0.9835716504478796	E	n223;33
1.0	F	n251;26
1.0	F	n255;30
