TIME	EVENT	NODES
0.6285501194508344	O	n110
0.6446354988810583	E	n110;1
