TIME	EVENT	NODES
0.6399253571376389	O	n95
0.7780227106304773	D	n95;1;n95;2;n95;3
0.7923425717311235	L	n95;2
0.8152598931994061	S	n95;3;n207;4;n208;5
0.833616160872077	E	n208;5
0.8497501771795928	E	n207;4
