TIME	EVENT	NODES
0.6519975955176929	O	n117
0.6772845228138143	D	n117;1;n117;2;n117;3
0.7366507449525306	S	n117;2;n157;4;n158;5
0.7366507449525306	S	n117;3;n157;6;n158;7
0.7993411900108544	S	n157;4;n199;8;n200;9
0.7993411900108544	S	n157;6;n199;10;n200;11
0.8031860314936324	S	n199;8;n203;12;n204;13
0.8031860314936324	S	n199;10;n203;14;n204;15
0.803315451571931	D	n204;15;n204;16;n204;17
0.8060816938502928	L	n158;7
0.8117998219882726	E	n203;12
0.8117998219882726	E	n203;14
0.813552145786412	E	n204;13
0.813552145786412	E	n204;16
0.813552145786412	E	n204;17
0.8285722454769386	D	n158;5;n158;18;n158;19
0.8291464626450452	D	n158;18;n158;20;n158;21
0.911630187558633	L	n158;20
0.9242644145967822	D	n158;21;n158;22;n158;23
0.9334468700033874	E	n158;22
0.9334468700033874	E	n158;23
0.9334468700033874	E	n158;19
0.9670868952604992	L	n200;9
0.9683950985124125	D	n200;11;n200;24;n200;25
1.0	F	n200;24
1.0	F	n200;25
