TIME	EVENT	NODES
0.6779608922920562	O	n128
0.7210277529225892	E	n128;1
