TIME	EVENT	NODES
0.6909780574326102	O	n113
0.6975577051315929	S	n113;1;n137;2;n138;3
0.6999609868063202	L	n137;2
0.7271137001153057	E	n138;3
