TIME	EVENT	NODES
0.7114064096850483	O	n103
0.7247629626005688	S	n103;1;n149;2;n150;3
0.7269254320852284	L	n150;3
0.7276046550877852	S	n149;2;n153;4;n154;5
0.7317548458021231	D	n153;4;n153;6;n153;7
0.7359094885998367	E	n154;5
0.7819767641534635	L	n153;7
0.802766193558471	S	n153;6;n201;8;n202;9
0.8352544388705551	S	n202;9;n215;10;n216;11
0.8409256797631153	E	n216;11
0.8460015102603748	S	n201;8;n219;12;n220;13
0.854307315944115	E	n215;10
0.8825998228348834	S	n219;12;n231;14;n232;15
0.921954449245773	S	n231;14;n253;16;n254;17
0.9260472099728787	L	n232;15
0.9331189763794548	S	n253;16;n261;18;n262;19
0.9363568896910541	I	n262;19
0.9382537776095115	S	n254;17;n263;20;n264;21
0.9453738548637767	E	n263;20
0.9486013636009557	S	n261;18;n267;22;n268;23
0.9598159582018603	S	n220;13;n273;24;n274;25
0.9621233290640864	S	n262;19;n277;26;n278;27
0.9689023525530531	S	n273;24;n279;28;n280;29
0.971640391490068	S	n279;28;n281;30;n282;31
0.9774128112905862	E	n264;21
0.983455035698425	E	n268;23
0.9838251299642106	E	n267;22
0.9866315391651298	S	n282;31;n291;32;n292;33
0.9905897473389577	L	n281;30
0.993707679202344	S	n291;32;n299;34;n300;35
1.0	F	n292;33
1.0	F	n300;35
1.0	F	n274;25
1.0	F	n278;27
1.0	F	n280;29
1.0	F	n299;34
1.0	F	n277;26
