TIME	EVENT	NODES
0.712880623400914	O	n132
0.7481394058852846	S	n132;1;n165;2;n166;3
0.7579531713527351	E	n165;2
0.894241506807794	L	n166;3
