TIME	EVENT	NODES
0.7205324093807685	O	n120
0.7701743730769628	S	n120;1;n175;2;n176;3
0.7722887411826787	S	n175;2;n177;4;n178;5
0.7745798703701913	E	n176;3
0.8165945263173363	D	n178;5;n178;6;n178;7
0.8229237166281851	L	n177;4
0.8348346185515035	E	n178;6
0.8348346185515035	E	n178;7
