TIME	EVENT	NODES
0.7420859327712201	O	n150
0.7500329224096391	E	n150;1
