TIME	EVENT	NODES
0.7604190982420249	O	n156
0.7978528084143132	S	n156;1;n195;2;n196;3
0.8368111068320828	S	n196;3;n217;4;n218;5
0.8517224027933125	S	n195;2;n223;6;n224;7
0.8556270720475889	L	n218;5
0.8766090439836998	D	n217;4;n217;8;n217;9
0.8874499684285017	S	n217;8;n233;10;n234;11
0.8874499684285017	S	n217;9;n233;12;n234;13
0.8903456152832875	E	n224;7
0.8958770819902527	S	n234;11;n239;14;n240;15
0.8958770819902527	S	n234;13;n239;16;n240;17
0.9072072099082116	L	n240;17
0.9171440668508187	S	n240;15;n251;18;n252;19
0.918709877259294	E	n233;10
0.918709877259294	E	n233;12
0.9226858204668572	D	n239;16;n239;20;n239;21
0.9255988467268518	S	n239;14;n255;22;n256;23
0.9255988467268518	S	n239;20;n255;24;n256;25
0.9255988467268518	S	n239;21;n255;26;n256;27
0.9308574068795644	E	n256;23
0.9308574068795644	E	n256;25
0.9308574068795644	E	n256;27
0.9463580364009508	L	n255;22
0.9665583422746157	L	n251;18
0.9667019983620715	L	n255;24
0.9711027875363744	E	n252;19
0.9835716504478796	E	n223;6
1.0	F	n255;26
