TIME	EVENT	NODES
0.7625127110692798	O	n167
0.8164044470765601	E	n167;1
