TIME	EVENT	NODES
0.7829061301608115	O	n158
0.9334468700033874	E	n158;1
