TIME	EVENT	NODES
0.8052384364493947	O	n189
0.8168185596786944	S	n189;1;n209;2;n210;3
0.8185227121838949	L	n209;2
0.8318994907069088	S	n210;3;n213;4;n214;5
0.8432642881862309	E	n214;5
0.8480954951968339	D	n213;4;n213;6;n213;7
0.8672673307661658	L	n213;6
0.8672673307661658	L	n213;7
