TIME	EVENT	NODES
0.8241576875440665	O	n145
0.8813881991268552	E	n145;1
