TIME	EVENT	NODES
0.8259818629578136	O	n177
0.8462038436727194	E	n177;1
