TIME	EVENT	NODES
0.8409777432937001	O	n166
0.8916290252602047	D	n166;1;n166;2;n166;3
0.9049608857101237	S	n166;2;n245;4;n246;5
0.9049608857101237	S	n166;3;n245;6;n246;7
0.9106338950899321	S	n246;5;n247;8;n248;9
0.9106338950899321	S	n246;7;n247;10;n248;11
0.9364731069415062	E	n248;9
0.9364731069415062	E	n248;11
0.9735454519975546	L	n245;6
0.9786065520660436	S	n245;4;n285;12;n286;13
0.9851301504358597	E	n247;8
0.9851301504358597	E	n247;10
1.0	F	n285;12
1.0	F	n286;13
