TIME	EVENT	NODES
0.8512340987373083	O	n145
0.8813881991268552	E	n145;1
