TIME	EVENT	NODES
0.858623964796379	O	n226
0.8963153352133119	L	n226;1
