TIME	EVENT	NODES
0.8736407459145711	O	n227
0.8974496054601573	E	n227;1
