TIME	EVENT	NODES
0.8787585443061731	O	n226
0.8871282212324642	L	n226;1
