TIME	EVENT	NODES
0.8912139055025645	O	n235
0.905185808726317	E	n235;1
