TIME	EVENT	NODES
0.8945873228688158	O	n168
0.9437743069310279	E	n168;1
