TIME	EVENT	NODES
0.9385600247717437	O	n264
0.9774128112905862	E	n264;1
