TIME	EVENT	NODES
0.9441700345889067	O	n242
0.9557905494076593	S	n242;1;n271;2;n272;3
0.9609231641360226	S	n272;3;n275;4;n276;5
0.9691581463771816	L	n276;5
0.9898113896787903	S	n271;2;n297;6;n298;7
1.0	F	n298;7
1.0	F	n275;4
1.0	F	n297;6
