TIME	EVENT	NODES
0.9502310937858717	O	n251
0.9752307469153354	L	n251;1
