TIME	EVENT	NODES
0.953872913347546	O	n200
0.9602676338505164	L	n200;1
