TIME	EVENT	NODES
0.9644456819159413	O	n264
0.9774128112905862	E	n264;1
