TIME	EVENT	NODES
0.9800858045668986	O	n271
0.9829500248343555	L	n271;1
