TIME	EVENT	NODES
0.9820598341705605	O	n276
0.9869915986282715	S	n276;1;n293;2;n294;3
1.0	F	n294;3
1.0	F	n293;2
