TIME	EVENT	NODES
0.994219289380227	O	n284
0.9973204261958437	E	n284;1
