TIME	EVENT	NODES
0.9962643623801699	O	n284
0.9973204261958437	E	n284;1
