TIME	EVENT	NODES
0	O	Root
0.03565811281626705	S	Root;1;n1;2;n2;3
0.04460471486996762	L	n2;3
0.07001518009168661	L	n1;2
