TIME	EVENT	NODES
0	O	Root
0.03565811281626705	S	Root;1;n1;2;n2;3
0.05861878921004344	S	n2;3;n3;4;n4;5
0.07031084410145487	L	n3;4
0.07375809080458343	S	n4;5;n5;6;n6;7
0.07833050552031286	S	n5;6;n7;8;n8;9
0.08422747358635597	L	n8;9
0.11428202715204365	E	n1;2
0.16093066445356763	S	n6;7;n11;10;n12;11
0.18274527452700604	E	n11;10
0.20007797053315204	L	n7;8
0.31264334529074317	I	n12;11
0.32090036940607464	S	n12;11;n33;12;n34;13
0.38805050801579005	E	n34;13
0.39338276362597696	D	n33;12;n33;14;n33;15
0.42854301057533273	S	n33;14;n73;16;n74;17
0.42854301057533273	S	n33;15;n73;18;n74;19
0.4956791982998115	E	n74;17
0.4956791982998115	E	n74;19
0.6575623711300396	E	n73;16
0.6575623711300396	E	n73;18
