TIME	EVENT	NODES
0	O	Root
0.03565811281626705	S	Root;1;n1;2;n2;3
0.05861878921004344	S	n2;3;n3;4;n4;5
0.06318676310112495	L	n4;5
0.1008035139693104	S	n3;4;n9;6;n10;7
0.10396871792456464	D	n1;2;n1;8;n1;9
0.11428202715204365	E	n1;8
0.11428202715204365	E	n1;9
0.12237906536574851	D	n10;7;n10;10;n10;11
0.12926119954649454	L	n10;11
0.15483476093186332	L	n10;10
0.17526045395151396	L	n9;6
