TIME	EVENT	NODES
0	O	Root
0.03565811281626705	S	Root;1;n1;2;n2;3
0.05048778055368266	D	n1;2;n1;4;n1;5
0.05861878921004344	S	n2;3;n3;6;n4;7
0.07375809080458343	S	n4;7;n5;8;n6;9
0.07833050552031286	S	n5;8;n7;10;n8;11
0.1008035139693104	S	n3;6;n9;12;n10;13
0.11428202715204365	E	n1;4
0.11428202715204365	E	n1;5
0.11569658424088136	D	n10;13;n10;14;n10;15
0.116181512791002	D	n10;15;n10;16;n10;17
0.12677450745907523	L	n7;10
0.1307468573352167	E	n8;11
0.15617361904071542	L	n10;16
0.16093066445356763	S	n6;9;n11;18;n12;19
0.16249863861729646	S	n10;14;n13;20;n14;21
0.16249863861729646	S	n10;17;n13;22;n14;23
0.1728772304451632	S	n13;20;n15;24;n16;25
0.1728772304451632	S	n13;22;n15;26;n16;27
0.18274527452700604	E	n11;18
0.1969107897114663	E	n9;12
0.20281734974563537	D	n15;26;n15;28;n15;29
0.21477181151800195	D	n15;29;n15;30;n15;31
0.22603107740870831	D	n15;24;n15;32;n15;33
0.2372402471114948	E	n15;32
0.2372402471114948	E	n15;33
0.2372402471114948	E	n15;28
0.2372402471114948	E	n15;30
0.2372402471114948	E	n15;31
0.2601117742688435	S	n16;25;n21;34;n22;35
0.2601117742688435	S	n16;27;n21;36;n22;37
0.2671518695686604	S	n14;21;n23;38;n24;39
0.2671518695686604	S	n14;23;n23;40;n24;41
0.27745213159000687	S	n24;39;n27;42;n28;43
0.27745213159000687	S	n24;41;n27;44;n28;45
0.2796285127655525	L	n21;36
0.2799238517383474	E	n23;38
0.2799238517383474	E	n23;40
0.2956178903787941	E	n22;35
0.2956178903787941	E	n22;37
0.2990284862777491	S	n21;34;n31;46;n32;47
0.3053755609257773	L	n27;44
0.31649392319706954	L	n31;46
0.32090036940607464	S	n12;19;n33;48;n34;49
0.32904946939963037	E	n28;43
0.32904946939963037	E	n28;45
0.3312970553039297	S	n27;42;n39;50;n40;51
0.3622216926957658	S	n32;47;n49;52;n50;53
0.3677069796890287	D	n33;48;n33;54;n33;55
0.3713640705493649	S	n50;53;n53;56;n54;57
0.37583130942817106	E	n54;57
0.376649005409596	L	n40;51
0.38805050801579005	E	n34;49
0.3889779967809304	E	n53;56
0.401106059040852	L	n49;52
0.40776133334394826	E	n39;50
0.42854301057533273	S	n33;54;n73;58;n74;59
0.42854301057533273	S	n33;55;n73;60;n74;61
0.4322276936184248	D	n74;61;n74;62;n74;63
0.43848559717926344	D	n74;62;n74;64;n74;65
0.4483428353002206	D	n73;60;n73;66;n73;67
0.4956791982998115	E	n74;59
0.4956791982998115	E	n74;64
0.4956791982998115	E	n74;65
0.4956791982998115	E	n74;63
0.5052836017210263	L	n73;66
0.5499955308284407	D	n73;67;n73;68;n73;69
0.5620121210889959	D	n73;68;n73;70;n73;71
0.6575623711300396	E	n73;58
0.6575623711300396	E	n73;70
0.6575623711300396	E	n73;71
0.6575623711300396	E	n73;69
