TIME	EVENT	NODES
0	O	Root
0.03565811281626705	S	Root;1;n1;2;n2;3
0.05861878921004344	S	n2;3;n3;4;n4;5
0.07226901612497652	L	n3;4
0.07375809080458343	S	n4;5;n5;6;n6;7
0.07833050552031286	S	n5;6;n7;8;n8;9
0.11428202715204365	E	n1;2
0.12031120958732776	L	n6;7
0.1307468573352167	E	n8;9
0.20845796674833328	S	n7;8;n17;10;n18;11
0.23892462888085989	E	n18;11
0.2490407372631786	S	n17;10;n19;12;n20;13
0.25333367035335214	D	n20;13;n20;14;n20;15
0.25789518305851156	L	n20;14
0.2765985482048439	S	n20;15;n25;16;n26;17
0.27855792444951527	S	n25;16;n29;18;n30;19
0.29180342183819413	E	n29;18
0.3242431098178988	E	n26;17
0.3257514072895137	S	n30;19;n35;20;n36;21
0.3267467684448356	S	n36;21;n37;22;n38;23
0.3335651473273877	S	n38;23;n41;24;n42;25
0.34247326623149754	E	n41;24
0.3437941645540986	S	n19;12;n43;26;n44;27
0.3547602837547445	L	n37;22
0.35793305376362283	S	n42;25;n45;28;n46;29
0.36370417689028006	E	n44;27
0.3638875715740503	S	n35;20;n51;30;n52;31
0.39182157006149465	S	n52;31;n57;32;n58;33
0.3974594228905295	S	n57;32;n59;34;n60;35
0.39774118535546255	S	n58;33;n61;36;n62;37
0.40140186928566196	E	n51;30
0.4066753845391696	E	n46;29
0.40850073276585896	S	n59;34;n65;38;n66;39
0.4159911733662709	L	n43;26
0.4209965192467931	S	n61;36;n71;40;n72;41
0.42795023912694147	E	n66;39
0.43048184675792817	E	n45;28
0.44165987187968164	D	n71;40;n71;42;n71;43
0.4423483705727157	S	n60;35;n77;44;n78;45
0.4484518620077349	L	n62;37
0.4487358723077373	E	n71;42
0.4487358723077373	E	n71;43
0.4643255835110095	E	n72;41
0.477908856756897	E	n78;45
0.4927173369477565	E	n77;44
0.5093929148877467	S	n65;38;n85;46;n86;47
0.5112139140650295	D	n85;46;n85;48;n85;49
0.5261657820178198	E	n86;47
0.5756195185127128	E	n85;48
0.5756195185127128	E	n85;49
