TIME	EVENT	NODES
0	O	Root
0.03565811281626705	S	Root;1;n1;2;n2;3
0.05861878921004344	S	n2;3;n3;4;n4;5
0.07140399060762752	L	n1;2
0.07375809080458343	S	n4;5;n5;6;n6;7
0.07663103636453228	L	n5;6
0.1008035139693104	S	n3;4;n9;8;n10;9
0.16093066445356763	S	n6;7;n11;10;n12;11
0.16249863861729646	S	n10;9;n13;12;n14;13
0.1688463914332967	L	n9;8
0.1728772304451632	S	n13;12;n15;14;n16;15
0.17578663078666007	L	n16;15
0.18274527452700604	E	n11;10
0.2197339764078426	D	n15;14;n15;16;n15;17
0.23698027075944586	L	n12;11
0.2372402471114948	E	n15;16
0.2372402471114948	E	n15;17
0.2671518695686604	S	n14;13;n23;18;n24;19
0.27745213159000687	S	n24;19;n27;20;n28;21
0.2799238517383474	E	n23;18
0.29211502845417575	L	n27;20
0.31063067213697065	D	n28;21;n28;22;n28;23
0.32904946939963037	E	n28;22
0.32904946939963037	E	n28;23
