TIME	EVENT	NODES
0	O	Root
0.03565811281626705	S	Root;1;n1;2;n2;3
0.05861878921004344	S	n2;3;n3;4;n4;5
0.07375809080458343	S	n4;5;n5;6;n6;7
0.07833050552031286	S	n5;6;n7;8;n8;9
0.1008035139693104	S	n3;4;n9;10;n10;11
0.11428202715204365	E	n1;2
0.12466977897501985	L	n9;10
0.1307468573352167	E	n8;9
0.13117959112589223	L	n10;11
0.13931939564262621	L	n7;8
0.16093066445356763	S	n6;7;n11;12;n12;13
0.17175695442868816	L	n11;12
0.32090036940607464	S	n12;13;n33;14;n34;15
0.38805050801579005	E	n34;15
0.4275318831758882	D	n33;14;n33;16;n33;17
0.42854301057533273	S	n33;16;n73;18;n74;19
0.42854301057533273	S	n33;17;n73;20;n74;21
0.4839110272561906	L	n73;18
0.4956791982998115	E	n74;19
0.4956791982998115	E	n74;21
0.5797870003636596	D	n73;20;n73;22;n73;23
0.5973568771636131	L	n73;23
0.6156831818800153	L	n73;22
