TIME	EVENT	NODES
0	O	Root
0.03565811281626705	S	Root;1;n1;2;n2;3
0.03627161599549481	D	n1;2;n1;4;n1;5
0.050017030010466396	L	n2;3
0.07658621000699141	L	n1;5
0.11428202715204365	E	n1;4
