TIME	EVENT	NODES
0	O	Root
0.03565811281626705	S	Root;1;n1;2;n2;3
0.05861878921004344	S	n2;3;n3;4;n4;5
0.07375809080458343	S	n4;5;n5;6;n6;7
0.07383580913470107	D	n1;2;n1;8;n1;9
0.07833050552031286	S	n5;6;n7;10;n8;11
0.1008035139693104	S	n3;4;n9;12;n10;13
0.11428202715204365	E	n1;8
0.11428202715204365	E	n1;9
0.12570276956855908	L	n10;13
0.1307468573352167	E	n8;11
0.1555842172473266	D	n9;12;n9;14;n9;15
0.16093066445356763	S	n6;7;n11;16;n12;17
0.18274527452700604	E	n11;16
0.1967713139632636	L	n12;17
0.1969107897114663	E	n9;14
0.1969107897114663	E	n9;15
0.20845796674833328	S	n7;10;n17;18;n18;19
0.23892462888085989	E	n18;19
0.2490407372631786	S	n17;18;n19;20;n20;21
0.2765985482048439	S	n20;21;n25;22;n26;23
0.27855792444951527	S	n25;22;n29;24;n30;25
0.28503692992345253	D	n29;24;n29;26;n29;27
0.29180342183819413	E	n29;26
0.29180342183819413	E	n29;27
0.3166820445828906	L	n30;25
0.3242431098178988	E	n26;23
0.3437941645540986	S	n19;20;n43;28;n44;29
0.3481158892502912	L	n43;28
0.36370417689028006	E	n44;29
