TIME	EVENT	NODES
0	O	Root
0.03565811281626705	S	Root;1;n1;2;n2;3
0.04986642106152599	D	n1;2;n1;4;n1;5
0.05861878921004344	S	n2;3;n3;6;n4;7
0.06465872827594814	D	n1;5;n1;8;n1;9
0.07375809080458343	S	n4;7;n5;10;n6;11
0.07833050552031286	S	n5;10;n7;12;n8;13
0.1008035139693104	S	n3;6;n9;14;n10;15
0.11428202715204365	E	n1;4
0.11428202715204365	E	n1;8
0.11428202715204365	E	n1;9
0.1307468573352167	E	n8;13
0.14775631028750405	D	n9;14;n9;16;n9;17
0.14786435695250058	L	n10;15
0.16093066445356763	S	n6;11;n11;18;n12;19
0.16177417574761105	L	n12;19
0.16929114920386856	L	n7;12
0.18274527452700604	E	n11;18
0.1969107897114663	E	n9;16
0.1969107897114663	E	n9;17
