TIME	EVENT	NODES
0	O	Root
0.03565811281626705	S	Root;1;n1;2;n2;3
0.05861878921004344	S	n2;3;n3;4;n4;5
0.07375809080458343	S	n4;5;n5;6;n6;7
0.07833050552031286	S	n5;6;n7;8;n8;9
0.09992562428083275	L	n6;7
0.1008035139693104	S	n3;4;n9;10;n10;11
0.10255280851493728	L	n1;2
0.1307468573352167	E	n8;9
0.14683704020575947	L	n10;11
0.18823711319792538	L	n9;10
0.20845796674833328	S	n7;8;n17;12;n18;13
0.23892462888085989	E	n18;13
0.2490407372631786	S	n17;12;n19;14;n20;15
0.2765985482048439	S	n20;15;n25;16;n26;17
0.27855792444951527	S	n25;16;n29;18;n30;19
0.29180342183819413	E	n29;18
0.3242431098178988	E	n26;17
0.3257514072895137	S	n30;19;n35;20;n36;21
0.3267467684448356	S	n36;21;n37;22;n38;23
0.3335651473273877	S	n38;23;n41;24;n42;25
0.34247326623149754	E	n41;24
0.3437941645540986	S	n19;14;n43;26;n44;27
0.3471680733468232	L	n35;20
0.35793305376362283	S	n42;25;n45;28;n46;29
0.3588303166920243	L	n37;22
0.36370417689028006	E	n44;27
0.3702676764541427	L	n46;29
0.417342117675562	S	n43;26;n67;30;n68;31
0.43048184675792817	E	n45;28
0.4630852183989318	D	n67;30;n67;32;n67;33
0.47000096575674405	L	n67;33
0.48815093741593235	L	n67;32
0.5822161925010496	S	n68;31;n101;34;n102;35
0.5949161755404646	E	n102;35
0.5951117521699512	E	n101;34
