TIME	EVENT	NODES
0	O	Root
0.03565811281626705	S	Root;1;n1;2;n2;3
0.05861878921004344	S	n2;3;n3;4;n4;5
0.07375809080458343	S	n4;5;n5;6;n6;7
0.07561004992936926	L	n3;4
0.07833050552031286	S	n5;6;n7;8;n8;9
0.08386712466554574	D	n8;9;n8;10;n8;11
0.11428202715204365	E	n1;2
0.1307468573352167	E	n8;10
0.1307468573352167	E	n8;11
0.13219994954869693	D	n6;7;n6;12;n6;13
0.16093066445356763	S	n6;12;n11;14;n12;15
0.16093066445356763	S	n6;13;n11;16;n12;17
0.18037631503531742	D	n12;15;n12;18;n12;19
0.18274527452700604	E	n11;14
0.18274527452700604	E	n11;16
0.19356835702696296	L	n7;8
0.23112476362693454	L	n12;19
0.32090036940607464	S	n12;18;n33;20;n34;21
0.32090036940607464	S	n12;17;n33;22;n34;23
0.3552452454447399	D	n33;20;n33;24;n33;25
0.3672117111648465	D	n34;21;n34;26;n34;27
0.38805050801579005	E	n34;26
0.38805050801579005	E	n34;27
0.38805050801579005	E	n34;23
0.4142108468339806	D	n33;25;n33;28;n33;29
0.42854301057533273	S	n33;24;n73;30;n74;31
0.42854301057533273	S	n33;28;n73;32;n74;33
0.42854301057533273	S	n33;29;n73;34;n74;35
0.42854301057533273	S	n33;22;n73;36;n74;37
0.43752029565960715	L	n73;32
0.4956791982998115	E	n74;31
0.4956791982998115	E	n74;33
0.4956791982998115	E	n74;35
0.4956791982998115	E	n74;37
0.5971242586325392	D	n73;36;n73;38;n73;39
0.5993944664158936	L	n73;39
0.6332296394558837	D	n73;30;n73;40;n73;41
0.6575623711300396	E	n73;40
0.6575623711300396	E	n73;41
0.6575623711300396	E	n73;34
0.6575623711300396	E	n73;38
