TIME	EVENT	NODES
0	O	Root
0.03565811281626705	S	Root;1;n1;2;n2;3
0.05861878921004344	S	n2;3;n3;4;n4;5
0.06414111170816977	L	n4;5
0.09215425179074156	L	n3;4
0.11428202715204365	E	n1;2
