TIME	EVENT	NODES
0	O	Root
0.024566008744747087	D	Root;1;Root;2;Root;3
0.03565811281626705	S	Root;2;n1;4;n2;5
0.03565811281626705	S	Root;3;n1;6;n2;7
0.03642732323546569	L	n2;7
0.03840329921786729	D	n1;4;n1;8;n1;9
0.042563437484244675	L	n2;5
0.042773422309085804	D	n1;8;n1;10;n1;11
0.05670631128769126	I	n1;10
0.05670631128769126	I	n1;11
0.05670631128769126	I	n1;9
0.05670631128769126	I	n1;6
0.09270811595703816	D	n1;6;n1;12;n1;13
0.11428202715204365	E	n1;12
0.11428202715204365	E	n1;13
0.11428202715204365	E	n1;9
0.11428202715204365	E	n1;11
0.11428202715204365	E	n1;10
