TIME	EVENT	NODES
0	O	Root
0.03565811281626705	S	Root;1;n1;2;n2;3
0.05195052581152654	L	n1;2
0.05861878921004344	S	n2;3;n3;4;n4;5
0.07375809080458343	S	n4;5;n5;6;n6;7
0.07833050552031286	S	n5;6;n7;8;n8;9
0.09588914250858603	L	n7;8
0.1008035139693104	S	n3;4;n9;10;n10;11
0.10232950568481845	L	n10;11
0.1307468573352167	E	n8;9
0.16093066445356763	S	n6;7;n11;12;n12;13
0.18274527452700604	E	n11;12
0.1969107897114663	E	n9;10
0.24533097926935948	L	n12;13
