TIME	EVENT	NODES
0	O	Root
0.03565811281626705	S	Root;1;n1;2;n2;3
0.05861878921004344	S	n2;3;n3;4;n4;5
0.06014638465618576	D	n1;2;n1;6;n1;7
0.07375809080458343	S	n4;5;n5;8;n6;9
0.07833050552031286	S	n5;8;n7;10;n8;11
0.1008035139693104	S	n3;4;n9;12;n10;13
0.11428202715204365	E	n1;6
0.11428202715204365	E	n1;7
0.1307468573352167	E	n8;11
0.14543139124115415	D	n6;9;n6;14;n6;15
0.16093066445356763	S	n6;14;n11;16;n12;17
0.16093066445356763	S	n6;15;n11;18;n12;19
0.16249863861729646	S	n10;13;n13;20;n14;21
0.1728772304451632	S	n13;20;n15;22;n16;23
0.17308128338302972	D	n12;19;n12;24;n12;25
0.18274527452700604	E	n11;16
0.18274527452700604	E	n11;18
0.1969107897114663	E	n9;12
0.19865812300167032	L	n16;23
0.2046214193577317	L	n7;10
0.21011671463556134	L	n12;17
0.2372402471114948	E	n15;22
0.2645944206562334	D	n12;24;n12;26;n12;27
0.2671518695686604	S	n14;21;n23;28;n24;29
0.27577794921575427	L	n24;29
0.2799238517383474	E	n23;28
0.32090036940607464	S	n12;26;n33;30;n34;31
0.32090036940607464	S	n12;27;n33;32;n34;33
0.32090036940607464	S	n12;25;n33;34;n34;35
0.38805050801579005	E	n34;31
0.38805050801579005	E	n34;33
0.38805050801579005	E	n34;35
0.4167459539824342	D	n33;30;n33;36;n33;37
0.42854301057533273	S	n33;36;n73;38;n74;39
0.42854301057533273	S	n33;37;n73;40;n74;41
0.42854301057533273	S	n33;32;n73;42;n74;43
0.42854301057533273	S	n33;34;n73;44;n74;45
0.438733234896263	D	n73;40;n73;46;n73;47
0.4389507005837581	D	n73;38;n73;48;n73;49
0.4393932038165639	L	n73;48
0.44780058267407136	L	n73;46
0.48836617564067475	L	n74;45
0.4956791982998115	E	n74;39
0.4956791982998115	E	n74;41
0.4956791982998115	E	n74;43
0.5178543134733746	D	n73;47;n73;50;n73;51
0.6142961966197827	L	n73;49
0.6575623711300396	E	n73;50
0.6575623711300396	E	n73;51
0.6575623711300396	E	n73;42
0.6575623711300396	E	n73;44
