TIME	EVENT	NODES
0	O	Root
0.03565811281626705	S	Root;1;n1;2;n2;3
0.05861878921004344	S	n2;3;n3;4;n4;5
0.07375809080458343	S	n4;5;n5;6;n6;7
0.07757375989339373	L	n3;4
0.07833050552031286	S	n5;6;n7;8;n8;9
0.07924104607229725	L	n7;8
0.11428202715204365	E	n1;2
0.1307468573352167	E	n8;9
0.16093066445356763	S	n6;7;n11;10;n12;11
0.18274527452700604	E	n11;10
0.23798458275566076	D	n12;11;n12;12;n12;13
0.2737224803466793	L	n12;12
0.32090036940607464	S	n12;13;n33;14;n34;15
0.3727030004559604	D	n34;15;n34;16;n34;17
0.37627433002837607	D	n34;17;n34;18;n34;19
0.38805050801579005	E	n34;16
0.38805050801579005	E	n34;18
0.38805050801579005	E	n34;19
0.42854301057533273	S	n33;14;n73;20;n74;21
0.4956791982998115	E	n74;21
0.5985591382379599	D	n73;20;n73;22;n73;23
0.6160142882882139	L	n73;23
0.6575623711300396	E	n73;22
