TIME	EVENT	NODES
0	O	Root
0.03565811281626705	S	Root;1;n1;2;n2;3
0.05861878921004344	S	n2;3;n3;4;n4;5
0.07226680089494364	D	n4;5;n4;6;n4;7
0.07375809080458343	S	n4;6;n5;8;n6;9
0.07375809080458343	S	n4;7;n5;10;n6;11
0.07833050552031286	S	n5;8;n7;12;n8;13
0.07833050552031286	S	n5;10;n7;14;n8;15
0.08903175835803046	D	n8;13;n8;16;n8;17
0.09619132873066019	L	n7;14
0.09692110847867873	L	n3;4
0.11428202715204365	E	n1;2
0.11666451836592602	D	n8;16;n8;18;n8;19
0.13002536054900674	L	n7;12
0.1307468573352167	E	n8;18
0.1307468573352167	E	n8;19
0.1307468573352167	E	n8;17
0.1307468573352167	E	n8;15
0.16093066445356763	S	n6;9;n11;20;n12;21
0.16093066445356763	S	n6;11;n11;22;n12;23
0.18274527452700604	E	n11;20
0.18274527452700604	E	n11;22
0.32090036940607464	S	n12;21;n33;24;n34;25
0.32090036940607464	S	n12;23;n33;26;n34;27
0.3530619197001414	L	n33;24
0.36960021374589164	L	n33;26
0.3806311638819284	L	n34;25
0.38805050801579005	E	n34;27
