TIME	EVENT	NODES
0	O	Root
0.03565811281626705	S	Root;1;n1;2;n2;3
0.03661489560863006	D	n2;3;n2;4;n2;5
0.05817978149963504	L	n2;4
0.05817978149963504	L	n2;5
0.1142586050045604	L	n1;2
