TIME	EVENT	NODES
0	O	Root
0.03565811281626705	S	Root;1;n1;2;n2;3
0.05861878921004344	S	n2;3;n3;4;n4;5
0.07375809080458343	S	n4;5;n5;6;n6;7
0.07833050552031286	S	n5;6;n7;8;n8;9
0.08612080443515292	L	n8;9
0.1008035139693104	S	n3;4;n9;10;n10;11
0.10773070760886207	L	n6;7
0.11017089830075846	L	n9;10
0.11428202715204365	E	n1;2
0.13894120090680143	L	n10;11
0.19805346717507544	L	n7;8
