TIME	EVENT	NODES
0	O	Root
0.03565811281626705	S	Root;1;n1;2;n2;3
0.04481753563640152	L	n2;3
0.07271182481695904	L	n1;2
