TIME	EVENT	NODES
0	O	Root
0.03565811281626705	S	Root;1;n1;2;n2;3
0.04016069454331439	L	n1;2
0.05861878921004344	S	n2;3;n3;4;n4;5
0.07375809080458343	S	n4;5;n5;6;n6;7
0.07833050552031286	S	n5;6;n7;8;n8;9
0.1008035139693104	S	n3;4;n9;10;n10;11
0.13039691414981022	D	n8;9;n8;12;n8;13
0.1307468573352167	E	n8;12
0.1307468573352167	E	n8;13
0.135048469131577	L	n7;8
0.13738332536634162	D	n6;7;n6;14;n6;15
0.15212882187432739	L	n10;11
0.16093066445356763	S	n6;14;n11;16;n12;17
0.16093066445356763	S	n6;15;n11;18;n12;19
0.18274527452700604	E	n11;16
0.18274527452700604	E	n11;18
0.1969107897114663	E	n9;10
0.265206111914089	L	n12;17
0.32090036940607464	S	n12;19;n33;20;n34;21
0.3288755927405518	D	n33;20;n33;22;n33;23
0.3865446744654784	L	n33;23
0.38805050801579005	E	n34;21
0.3941488017340191	L	n33;22
