TIME	EVENT	NODES
0	O	Root
0.03565811281626705	S	Root;1;n1;2;n2;3
0.05861878921004344	S	n2;3;n3;4;n4;5
0.06173566025559502	L	n1;2
0.06621559140426038	L	n3;4
0.07375809080458343	S	n4;5;n5;6;n6;7
0.07833050552031286	S	n5;6;n7;8;n8;9
0.0806451055988528	L	n8;9
0.0852501860920108	L	n6;7
0.17752908113444102	L	n7;8
