TIME	EVENT	NODES
0	O	Root
0.03565811281626705	S	Root;1;n1;2;n2;3
0.05861878921004344	S	n2;3;n3;4;n4;5
0.07375809080458343	S	n4;5;n5;6;n6;7
0.07795132090086875	D	n1;2;n1;8;n1;9
0.07815640399548777	L	n6;7
0.07833050552031286	S	n5;6;n7;10;n8;11
0.1008035139693104	S	n3;4;n9;12;n10;13
0.10580385257526828	L	n10;13
0.11092642395563335	L	n9;12
0.11428202715204365	E	n1;8
0.11428202715204365	E	n1;9
0.1307468573352167	E	n8;11
0.20647370919941824	L	n7;10
