TIME	EVENT	NODES
0	O	Root
0.03565811281626705	S	Root;1;n1;2;n2;3
0.039766061148469506	L	n2;3
0.11428202715204365	E	n1;2
