TIME	EVENT	NODES
0	O	Root
0.03565811281626705	S	Root;1;n1;2;n2;3
0.05861878921004344	S	n2;3;n3;4;n4;5
0.07375809080458343	S	n4;5;n5;6;n6;7
0.07833050552031286	S	n5;6;n7;8;n8;9
0.08636911552373017	L	n1;2
0.1008035139693104	S	n3;4;n9;10;n10;11
0.1307468573352167	E	n8;9
0.16093066445356763	S	n6;7;n11;12;n12;13
0.16249863861729646	S	n10;11;n13;14;n14;15
0.1728772304451632	S	n13;14;n15;16;n16;17
0.18274527452700604	E	n11;12
0.18793223806802511	L	n12;13
0.1969107897114663	E	n9;10
0.2037841870883516	L	n14;15
0.20845796674833328	S	n7;8;n17;18;n18;19
0.20992921092131459	L	n16;17
0.21614637524037084	L	n15;16
0.23581190233871616	D	n18;19;n18;20;n18;21
0.23892462888085989	E	n18;20
0.23892462888085989	E	n18;21
0.2490407372631786	S	n17;18;n19;22;n20;23
0.2755919046137416	L	n19;22
0.2765985482048439	S	n20;23;n25;24;n26;25
0.27855792444951527	S	n25;24;n29;26;n30;27
0.29180342183819413	E	n29;26
0.30890492225732286	L	n26;25
0.3257514072895137	S	n30;27;n35;28;n36;29
0.3267467684448356	S	n36;29;n37;30;n38;31
0.3335651473273877	S	n38;31;n41;32;n42;33
0.34247326623149754	E	n41;32
0.35793305376362283	S	n42;33;n45;34;n46;35
0.3638875715740503	S	n35;28;n51;36;n52;37
0.38274052623538724	L	n46;35
0.39182157006149465	S	n52;37;n57;38;n58;39
0.3974594228905295	S	n57;38;n59;40;n60;41
0.39774118535546255	S	n58;39;n61;42;n62;43
0.40140186928566196	E	n51;36
0.40850073276585896	S	n59;40;n65;44;n66;45
0.4139205316149006	D	n61;42;n61;46;n61;47
0.4209965192467931	S	n61;46;n71;48;n72;49
0.4209965192467931	S	n61;47;n71;50;n72;51
0.42795023912694147	E	n66;45
0.43048184675792817	E	n45;34
0.4388939774077376	L	n37;30
0.44036986079390866	L	n62;43
0.4423483705727157	S	n60;41;n77;52;n78;53
0.4487358723077373	E	n71;48
0.4487358723077373	E	n71;50
0.4643255835110095	E	n72;49
0.4643255835110095	E	n72;51
0.477908856756897	E	n78;53
0.4927173369477565	E	n77;52
0.5093929148877467	S	n65;44;n85;54;n86;55
0.5261657820178198	E	n86;55
0.5756195185127128	E	n85;54
