TIME	EVENT	NODES
0	O	Root
0.029056467022138707	D	Root;1;Root;2;Root;3
0.03565811281626705	S	Root;2;n1;4;n2;5
0.03565811281626705	S	Root;3;n1;6;n2;7
0.03810929019294016	I	n1;4
0.03810929019294016	I	n1;6
0.038687748797924526	L	n2;5
0.038687748797924526	L	n2;7
0.11428202715204365	E	n1;6
0.11428202715204365	E	n1;4
