TIME	EVENT	NODES
0	O	Root
0.03565811281626705	S	Root;1;n1;2;n2;3
0.05861878921004344	S	n2;3;n3;4;n4;5
0.07375809080458343	S	n4;5;n5;6;n6;7
0.07833050552031286	S	n5;6;n7;8;n8;9
0.1008035139693104	S	n3;4;n9;10;n10;11
0.11428202715204365	E	n1;2
0.1237245214615348	L	n10;11
0.1307468573352167	E	n8;9
0.1518090664267621	L	n9;10
0.15547706896588967	L	n6;7
0.20845796674833328	S	n7;8;n17;12;n18;13
0.23892462888085989	E	n18;13
0.2490407372631786	S	n17;12;n19;14;n20;15
0.2765985482048439	S	n20;15;n25;16;n26;17
0.27855792444951527	S	n25;16;n29;18;n30;19
0.29180342183819413	E	n29;18
0.3242431098178988	E	n26;17
0.3257514072895137	S	n30;19;n35;20;n36;21
0.32642372598060126	L	n36;21
0.3437941645540986	S	n19;14;n43;22;n44;23
0.3566332204123372	L	n43;22
0.36370417689028006	E	n44;23
0.3638875715740503	S	n35;20;n51;24;n52;25
0.3686662083648253	D	n52;25;n52;26;n52;27
0.39182157006149465	S	n52;26;n57;28;n58;29
0.39182157006149465	S	n52;27;n57;30;n58;31
0.3974594228905295	S	n57;28;n59;32;n60;33
0.3974594228905295	S	n57;30;n59;34;n60;35
0.39774118535546255	S	n58;29;n61;36;n62;37
0.39774118535546255	S	n58;31;n61;38;n62;39
0.40140186928566196	E	n51;24
0.40850073276585896	S	n59;32;n65;40;n66;41
0.40850073276585896	S	n59;34;n65;42;n66;43
0.4113319011831104	L	n61;38
0.42091211691678226	D	n66;43;n66;44;n66;45
0.4209965192467931	S	n61;36;n71;46;n72;47
0.42795023912694147	E	n66;41
0.42795023912694147	E	n66;44
0.42795023912694147	E	n66;45
0.4407945747172216	L	n62;39
0.4423483705727157	S	n60;33;n77;48;n78;49
0.4423483705727157	S	n60;35;n77;50;n78;51
0.4487358723077373	E	n71;46
0.4643255835110095	E	n72;47
0.477908856756897	E	n78;49
0.477908856756897	E	n78;51
0.47893748989308055	E	n62;37
0.4927173369477565	E	n77;48
0.4927173369477565	E	n77;50
0.5032783795020161	D	n65;40;n65;52;n65;54
0.5032783795020161	D	n65;42;n65;53;n65;55
0.5093929148877467	S	n65;52;n85;56;n86;57
0.5093929148877467	S	n65;53;n85;58;n86;59
0.5093929148877467	S	n65;54;n85;60;n86;61
0.5093929148877467	S	n65;55;n85;62;n86;63
0.5261657820178198	E	n86;57
0.5261657820178198	E	n86;59
0.5261657820178198	E	n86;61
0.5261657820178198	E	n86;63
0.5379587208130883	L	n85;56
0.5756195185127128	E	n85;58
0.5756195185127128	E	n85;60
0.5756195185127128	E	n85;62
