TIME	EVENT	NODES
0	O	Root
0.03565811281626705	S	Root;1;n1;2;n2;3
0.05861878921004344	S	n2;3;n3;4;n4;5
0.07375809080458343	S	n4;5;n5;6;n6;7
0.07455629608445485	L	n5;6
0.08260343891208405	D	n6;7;n6;8;n6;9
0.1008035139693104	S	n3;4;n9;10;n10;11
0.11428202715204365	E	n1;2
0.15585181929735162	D	n6;8;n6;12;n6;13
0.16093066445356763	S	n6;12;n11;14;n12;15
0.16093066445356763	S	n6;13;n11;16;n12;17
0.16093066445356763	S	n6;9;n11;18;n12;19
0.16249863861729646	S	n10;11;n13;20;n14;21
0.1728772304451632	S	n13;20;n15;22;n16;23
0.1731821349424986	L	n14;21
0.18274527452700604	E	n11;14
0.18274527452700604	E	n11;16
0.18274527452700604	E	n11;18
0.1969107897114663	E	n9;10
0.2107614486182548	L	n12;15
0.2372402471114948	E	n15;22
0.24277971581406044	L	n12;19
0.26007469555932233	D	n12;17;n12;24;n12;25
0.2601117742688435	S	n16;23;n21;26;n22;27
0.2956178903787941	E	n22;27
0.2990284862777491	S	n21;26;n31;28;n32;29
0.32090036940607464	S	n12;24;n33;30;n34;31
0.32090036940607464	S	n12;25;n33;32;n34;33
0.3233139888055056	L	n31;28
0.3347725140445002	L	n34;33
0.34289479924687	L	n34;31
0.35062770823027556	D	n33;32;n33;34;n33;35
0.3622216926957658	S	n32;29;n49;36;n50;37
0.3713640705493649	S	n50;37;n53;38;n54;39
0.37583130942817106	E	n54;39
0.3889779967809304	E	n53;38
0.42854301057533273	S	n33;30;n73;40;n74;41
0.42854301057533273	S	n33;34;n73;42;n74;43
0.42854301057533273	S	n33;35;n73;44;n74;45
0.45075165797868477	D	n73;42;n73;46;n73;47
0.47108278141134374	L	n49;36
0.47973931641353923	L	n74;41
0.4956791982998115	E	n74;43
0.4956791982998115	E	n74;45
0.5090747084174263	D	n73;40;n73;48;n73;49
0.5177835304928676	D	n73;44;n73;50;n73;51
0.5205264830544031	L	n73;51
0.5622999876137664	D	n73;50;n73;52;n73;53
0.574976938027262	L	n73;46
0.5945187038281461	L	n73;53
0.6053196383574526	D	n73;47;n73;54;n73;55
0.6187941606616832	D	n73;55;n73;56;n73;58
0.6187941606616832	D	n73;52;n73;57;n73;59
0.6575623711300396	E	n73;48
0.6575623711300396	E	n73;49
0.6575623711300396	E	n73;54
0.6575623711300396	E	n73;56
0.6575623711300396	E	n73;57
0.6575623711300396	E	n73;58
0.6575623711300396	E	n73;59
