TIME	EVENT	NODES
0	O	Root
0.03565811281626705	S	Root;1;n1;2;n2;3
0.05861878921004344	S	n2;3;n3;4;n4;5
0.07375809080458343	S	n4;5;n5;6;n6;7
0.07833050552031286	S	n5;6;n7;8;n8;9
0.1008035139693104	S	n3;4;n9;10;n10;11
0.10421366119298962	L	n8;9
0.11428202715204365	E	n1;2
0.15727337685460707	D	n7;8;n7;12;n7;13
0.16093066445356763	S	n6;7;n11;14;n12;15
0.16249863861729646	S	n10;11;n13;16;n14;17
0.1728772304451632	S	n13;16;n15;18;n16;19
0.1782875004000553	L	n7;13
0.18274527452700604	E	n11;14
0.1969107897114663	E	n9;10
0.20259503708965057	L	n12;15
0.20845796674833328	S	n7;12;n17;20;n18;21
0.23056064828055672	L	n16;19
0.2372402471114948	E	n15;18
0.23892462888085989	E	n18;21
0.2490407372631786	S	n17;20;n19;22;n20;23
0.2671518695686604	S	n14;17;n23;24;n24;25
0.2765985482048439	S	n20;23;n25;26;n26;27
0.27745213159000687	S	n24;25;n27;28;n28;29
0.27855792444951527	S	n25;26;n29;30;n30;31
0.2799238517383474	E	n23;24
0.29180342183819413	E	n29;30
0.29664460060598713	L	n28;29
0.3172234335756262	L	n19;22
0.3242431098178988	E	n26;27
0.3257514072895137	S	n30;31;n35;32;n36;33
0.3267467684448356	S	n36;33;n37;34;n38;35
0.330098971678763	L	n27;28
0.3335651473273877	S	n38;35;n41;36;n42;37
0.34247326623149754	E	n41;36
0.35793305376362283	S	n42;37;n45;38;n46;39
0.3638875715740503	S	n35;32;n51;40;n52;41
0.36696468698398077	D	n45;38;n45;42;n45;43
0.38573700041339737	L	n45;42
0.39182157006149465	S	n52;41;n57;44;n58;45
0.3974594228905295	S	n57;44;n59;46;n60;47
0.39774118535546255	S	n58;45;n61;48;n62;49
0.40140186928566196	E	n51;40
0.4066753845391696	E	n46;39
0.40850073276585896	S	n59;46;n65;50;n66;51
0.4088884884279848	D	n60;47;n60;52;n60;53
0.41662553104146605	L	n65;50
0.4209965192467931	S	n61;48;n71;54;n72;55
0.42253974447989484	D	n66;51;n66;56;n66;57
0.42795023912694147	E	n66;56
0.42795023912694147	E	n66;57
0.43048184675792817	E	n45;43
0.43915936912675674	D	n62;49;n62;58;n62;59
0.4423483705727157	S	n60;52;n77;60;n78;61
0.4423483705727157	S	n60;53;n77;62;n78;63
0.4487358723077373	E	n71;54
0.4643255835110095	E	n72;55
0.477908856756897	E	n78;61
0.477908856756897	E	n78;63
0.47893748989308055	E	n62;58
0.47893748989308055	E	n62;59
0.4927173369477565	E	n77;60
0.4927173369477565	E	n77;62
0.5254450531965038	L	n37;34
