TIME	EVENT	NODES
0	O	Root
0.03565811281626705	S	Root;1;n1;2;n2;3
0.05861878921004344	S	n2;3;n3;4;n4;5
0.07375809080458343	S	n4;5;n5;6;n6;7
0.07833050552031286	S	n5;6;n7;8;n8;9
0.08118074896012668	D	n8;9;n8;10;n8;11
0.09123714292378224	L	n3;4
0.11428202715204365	E	n1;2
0.12661596397752278	L	n7;8
0.1307468573352167	E	n8;10
0.1307468573352167	E	n8;11
0.16093066445356763	S	n6;7;n11;12;n12;13
0.18274527452700604	E	n11;12
0.32090036940607464	S	n12;13;n33;14;n34;15
0.38805050801579005	E	n34;15
0.42854301057533273	S	n33;14;n73;16;n74;17
0.4303943789094761	L	n73;16
0.4521779504517798	D	n74;17;n74;18;n74;19
0.4956791982998115	E	n74;18
0.4956791982998115	E	n74;19
