TIME	EVENT	NODES
0	O	Root
0.010156744992896314	D	Root;1;Root;2;Root;3
0.030641856150479176	L	Root;3
0.03262391074868464	L	Root;2
