TIME	EVENT	NODES
0	O	Root
0.03565811281626705	S	Root;1;n1;2;n2;3
0.05861878921004344	S	n2;3;n3;4;n4;5
0.07375809080458343	S	n4;5;n5;6;n6;7
0.07833050552031286	S	n5;6;n7;8;n8;9
0.1008035139693104	S	n3;4;n9;10;n10;11
0.10881826411697057	D	n6;7;n6;12;n6;13
0.11428202715204365	E	n1;2
0.1307468573352167	E	n8;9
0.13481629623344402	L	n10;11
0.140901253499828	L	n9;10
0.15398423352532006	L	n7;8
0.16093066445356763	S	n6;12;n11;14;n12;15
0.16093066445356763	S	n6;13;n11;16;n12;17
0.16852100881753165	L	n12;15
0.18274527452700604	E	n11;14
0.18274527452700604	E	n11;16
0.32090036940607464	S	n12;17;n33;18;n34;19
0.3558241025283396	D	n33;18;n33;20;n33;21
0.38805050801579005	E	n34;19
0.3925911253328223	L	n33;21
0.42854301057533273	S	n33;20;n73;22;n74;23
0.43155627282278813	L	n74;23
0.4552056222238765	L	n73;22
