TIME	EVENT	NODES
0	O	Root
0.03565811281626705	S	Root;1;n1;2;n2;3
0.05861878921004344	S	n2;3;n3;4;n4;5
0.07375809080458343	S	n4;5;n5;6;n6;7
0.07833050552031286	S	n5;6;n7;8;n8;9
0.1008035139693104	S	n3;4;n9;10;n10;11
0.11428202715204365	E	n1;2
0.11957612540614099	L	n9;10
0.1307468573352167	E	n8;9
0.13481629623344402	L	n10;11
0.16093066445356763	S	n6;7;n11;12;n12;13
0.18274527452700604	E	n11;12
0.20845796674833328	S	n7;8;n17;14;n18;15
0.2206118304692695	L	n12;13
0.23892462888085989	E	n18;15
0.2490407372631786	S	n17;14;n19;16;n20;17
0.26565141876782367	D	n20;17;n20;18;n20;19
0.2765985482048439	S	n20;18;n25;20;n26;21
0.2765985482048439	S	n20;19;n25;22;n26;23
0.27855792444951527	S	n25;20;n29;24;n30;25
0.27855792444951527	S	n25;22;n29;26;n30;27
0.29180342183819413	E	n29;24
0.29180342183819413	E	n29;26
0.3242431098178988	E	n26;21
0.3242431098178988	E	n26;23
0.3257514072895137	S	n30;25;n35;28;n36;29
0.3257514072895137	S	n30;27;n35;30;n36;31
0.3267467684448356	S	n36;29;n37;32;n38;33
0.3267467684448356	S	n36;31;n37;34;n38;35
0.32754283179445287	L	n19;16
0.32781907066636706	L	n37;34
0.3335651473273877	S	n38;33;n41;36;n42;37
0.3335651473273877	S	n38;35;n41;38;n42;39
0.33527100511944324	L	n35;28
0.34247326623149754	E	n41;36
0.34247326623149754	E	n41;38
0.35793305376362283	S	n42;37;n45;40;n46;41
0.35793305376362283	S	n42;39;n45;42;n46;43
0.3638875715740503	S	n35;30;n51;44;n52;45
0.3828061379055714	D	n45;42;n45;46;n45;47
0.38599732058474046	D	n46;41;n46;48;n46;49
0.39182157006149465	S	n52;45;n57;50;n58;51
0.39711307759243064	D	n46;43;n46;52;n46;53
0.3974594228905295	S	n57;50;n59;54;n60;55
0.39774118535546255	S	n58;51;n61;56;n62;57
0.40033646939905776	D	n62;57;n62;58;n62;59
0.40140186928566196	E	n51;44
0.4066753845391696	E	n46;48
0.4066753845391696	E	n46;49
0.4066753845391696	E	n46;52
0.4066753845391696	E	n46;53
0.40850073276585896	S	n59;54;n65;60;n66;61
0.4112216936841372	D	n62;58;n62;62;n62;63
0.4209965192467931	S	n61;56;n71;64;n72;65
0.42795023912694147	E	n66;61
0.43048184675792817	E	n45;40
0.43048184675792817	E	n45;46
0.43048184675792817	E	n45;47
0.4423483705727157	S	n60;55;n77;66;n78;67
0.4487358723077373	E	n71;64
0.4524699492398792	L	n65;60
0.4528862601187132	L	n37;32
0.45623396106401237	D	n62;62;n62;68;n62;69
0.4643255835110095	E	n72;65
0.477908856756897	E	n78;67
0.47893748989308055	E	n62;68
0.47893748989308055	E	n62;69
0.47893748989308055	E	n62;63
0.47893748989308055	E	n62;59
0.4927173369477565	E	n77;66
