TIME	EVENT	NODES
0	O	Root
0.03565811281626705	S	Root;1;n1;2;n2;3
0.05861878921004344	S	n2;3;n3;4;n4;5
0.07375809080458343	S	n4;5;n5;6;n6;7
0.07833050552031286	S	n5;6;n7;8;n8;9
0.09770088610434476	L	n3;4
0.11428202715204365	E	n1;2
0.1307468573352167	E	n8;9
0.16093066445356763	S	n6;7;n11;10;n12;11
0.17286636702983013	L	n11;10
0.20845796674833328	S	n7;8;n17;12;n18;13
0.20982686136647977	L	n17;12
0.23892462888085989	E	n18;13
0.32090036940607464	S	n12;11;n33;14;n34;15
0.38805050801579005	E	n34;15
0.42854301057533273	S	n33;14;n73;16;n74;17
0.45189194357165513	L	n73;16
0.4956791982998115	E	n74;17
