TIME	EVENT	NODES
0	O	Root
0.03565811281626705	S	Root;1;n1;2;n2;3
0.05861878921004344	S	n2;3;n3;4;n4;5
0.06014975434976436	L	n3;4
0.07375809080458343	S	n4;5;n5;6;n6;7
0.07833050552031286	S	n5;6;n7;8;n8;9
0.07963110118073367	L	n8;9
0.11428202715204365	E	n1;2
0.16093066445356763	S	n6;7;n11;10;n12;11
0.18274527452700604	E	n11;10
0.20822670023857218	L	n7;8
0.22958680733473624	D	n12;11;n12;12;n12;13
0.2761309992080525	L	n12;12
0.32090036940607464	S	n12;13;n33;14;n34;15
0.38805050801579005	E	n34;15
0.42854301057533273	S	n33;14;n73;16;n74;17
0.46585805315827034	L	n74;17
0.6211207565969121	L	n73;16
