TIME	EVENT	NODES
0	O	Root
0.03565811281626705	S	Root;1;n1;2;n2;3
0.05861878921004344	S	n2;3;n3;4;n4;5
0.07375809080458343	S	n4;5;n5;6;n6;7
0.07833050552031286	S	n5;6;n7;8;n8;9
0.1008035139693104	S	n3;4;n9;10;n10;11
0.11428202715204365	E	n1;2
0.11667626346905427	D	n8;9;n8;12;n8;13
0.1307468573352167	E	n8;12
0.1307468573352167	E	n8;13
0.1533153109447082	L	n6;7
0.16249863861729646	S	n10;11;n13;14;n14;15
0.1728772304451632	S	n13;14;n15;16;n16;17
0.18908869073628487	L	n7;8
0.1969107897114663	E	n9;10
0.2372402471114948	E	n15;16
0.2601117742688435	S	n16;17;n21;18;n22;19
0.2671518695686604	S	n14;15;n23;20;n24;21
0.27745213159000687	S	n24;21;n27;22;n28;23
0.2799238517383474	E	n23;20
0.2956178903787941	E	n22;19
0.2990284862777491	S	n21;18;n31;24;n32;25
0.3215861864957727	L	n32;25
0.3282105381896346	L	n31;24
0.32904946939963037	E	n28;23
0.3312970553039297	S	n27;22;n39;26;n40;27
0.36742045945333796	L	n40;27
0.40776133334394826	E	n39;26
