TIME	EVENT	NODES
0	O	Root
0.03565811281626705	S	Root;1;n1;2;n2;3
0.05861878921004344	S	n2;3;n3;4;n4;5
0.07375809080458343	S	n4;5;n5;6;n6;7
0.07833050552031286	S	n5;6;n7;8;n8;9
0.1008035139693104	S	n3;4;n9;10;n10;11
0.11428202715204365	E	n1;2
0.1307468573352167	E	n8;9
0.1533153109447082	L	n6;7
0.16249863861729646	S	n10;11;n13;12;n14;13
0.1728772304451632	S	n13;12;n15;14;n16;15
0.18908869073628487	L	n7;8
0.1969107897114663	E	n9;10
0.2372402471114948	E	n15;14
0.2601117742688435	S	n16;15;n21;16;n22;17
0.2671518695686604	S	n14;13;n23;18;n24;19
0.27745213159000687	S	n24;19;n27;20;n28;21
0.2799238517383474	E	n23;18
0.2956178903787941	E	n22;17
0.2990284862777491	S	n21;16;n31;22;n32;23
0.3282105381896346	L	n31;22
0.32904946939963037	E	n28;21
0.3312970553039297	S	n27;20;n39;24;n40;25
0.3622216926957658	S	n32;23;n49;26;n50;27
0.3713640705493649	S	n50;27;n53;28;n54;29
0.37583130942817106	E	n54;29
0.38527024566626544	S	n40;25;n55;30;n56;31
0.3886529530272833	D	n39;24;n39;32;n39;33
0.3889779967809304	E	n53;28
0.39572310287152684	E	n56;31
0.40776133334394826	E	n39;32
0.40776133334394826	E	n39;33
0.43653002852024747	L	n49;26
0.453481949309394	L	n55;30
