TIME	EVENT	NODES
0	O	Root
0.03565811281626705	S	Root;1;n1;2;n2;3
0.05861878921004344	S	n2;3;n3;4;n4;5
0.07375809080458343	S	n4;5;n5;6;n6;7
0.07833050552031286	S	n5;6;n7;8;n8;9
0.08771579690834073	L	n7;8
0.1008035139693104	S	n3;4;n9;10;n10;11
0.11428202715204365	E	n1;2
0.1307468573352167	E	n8;9
0.13792486196319192	D	n9;10;n9;12;n9;13
0.1431522778552012	L	n10;11
0.16093066445356763	S	n6;7;n11;14;n12;15
0.1775778831367692	D	n9;12;n9;16;n9;17
0.18274527452700604	E	n11;14
0.18310506694235787	D	n9;17;n9;18;n9;19
0.1969107897114663	E	n9;16
0.1969107897114663	E	n9;18
0.1969107897114663	E	n9;19
0.1969107897114663	E	n9;13
0.22958680733473624	D	n12;15;n12;20;n12;21
0.2761309992080525	L	n12;20
0.32090036940607464	S	n12;21;n33;22;n34;23
0.3237048568300722	D	n34;23;n34;24;n34;25
0.38805050801579005	E	n34;24
0.38805050801579005	E	n34;25
0.42854301057533273	S	n33;22;n73;26;n74;27
0.4704935665053305	L	n74;27
0.5167675206297541	L	n73;26
