TIME	EVENT	NODES
0	O	Root
0.03565811281626705	S	Root;1;n1;2;n2;3
0.05861878921004344	S	n2;3;n3;4;n4;5
0.06715929407427651	L	n1;2
0.07375809080458343	S	n4;5;n5;6;n6;7
0.07833050552031286	S	n5;6;n7;8;n8;9
0.08589197995973394	L	n3;4
0.1307468573352167	E	n8;9
0.15949815005559154	L	n7;8
0.16093066445356763	S	n6;7;n11;10;n12;11
0.18274527452700604	E	n11;10
0.2995101485493453	L	n12;11
