TIME	EVENT	NODES
0	O	Root
0.03565811281626705	S	Root;1;n1;2;n2;3
0.05861878921004344	S	n2;3;n3;4;n4;5
0.07375809080458343	S	n4;5;n5;6;n6;7
0.07833050552031286	S	n5;6;n7;8;n8;9
0.09431252994353104	D	n1;2;n1;10;n1;11
0.1008035139693104	S	n3;4;n9;12;n10;13
0.10776901318411342	D	n8;9;n8;14;n8;15
0.11428202715204365	E	n1;10
0.11428202715204365	E	n1;11
0.1307468573352167	E	n8;14
0.1307468573352167	E	n8;15
0.14391744615771304	L	n7;8
0.16093066445356763	S	n6;7;n11;16;n12;17
0.16249863861729646	S	n10;13;n13;18;n14;19
0.16977022113460505	D	n12;17;n12;20;n12;21
0.1728772304451632	S	n13;18;n15;22;n16;23
0.18274527452700604	E	n11;16
0.18752087290933311	I	n9;12
0.1969107897114663	E	n9;12
0.20184112312809843	D	n15;22;n15;24;n15;25
0.21501824211052706	L	n16;23
0.2372402471114948	E	n15;24
0.2372402471114948	E	n15;25
0.25032612276402444	D	n12;20;n12;26;n12;27
0.2671518695686604	S	n14;19;n23;28;n24;29
0.27745213159000687	S	n24;29;n27;30;n28;31
0.2799238517383474	E	n23;28
0.2804439242889707	D	n12;27;n12;32;n12;33
0.29881517732002144	L	n12;26
0.3136478751104124	L	n28;31
0.3161675480010264	L	n12;21
0.32090036940607464	S	n12;32;n33;34;n34;35
0.32090036940607464	S	n12;33;n33;36;n34;37
0.3274831765592014	L	n34;37
0.3312970553039297	S	n27;30;n39;38;n40;39
0.36440375140676684	L	n39;38
0.38527024566626544	S	n40;39;n55;40;n56;41
0.38805050801579005	E	n34;35
0.39572310287152684	E	n56;41
0.42854301057533273	S	n33;34;n73;42;n74;43
0.42854301057533273	S	n33;36;n73;44;n74;45
0.4614636471342297	S	n55;40;n81;46;n82;47
0.47986903137927106	L	n74;43
0.4946484335497452	D	n82;47;n82;48;n82;49
0.4956791982998115	E	n74;45
0.5219322896160301	L	n81;46
0.5667575682745323	L	n73;42
0.5682075658134571	D	n73;44;n73;50;n73;51
0.5945445255125342	D	n73;50;n73;52;n73;54
0.5945445255125342	D	n73;51;n73;53;n73;55
0.6049905299992304	E	n82;48
0.6049905299992304	E	n82;49
0.6248963595763215	D	n73;53;n73;56;n73;57
0.6575623711300396	E	n73;52
0.6575623711300396	E	n73;56
0.6575623711300396	E	n73;57
0.6575623711300396	E	n73;54
0.6575623711300396	E	n73;55
