TIME	EVENT	NODES
0	O	Root
0.03565811281626705	S	Root;1;n1;2;n2;3
0.05861878921004344	S	n2;3;n3;4;n4;5
0.07375809080458343	S	n4;5;n5;6;n6;7
0.07833050552031286	S	n5;6;n7;8;n8;9
0.1008035139693104	S	n3;4;n9;10;n10;11
0.11428202715204365	E	n1;2
0.11552023320921766	L	n9;10
0.1307468573352167	E	n8;9
0.13617904499056208	L	n10;11
0.13915522377928102	L	n7;8
0.16093066445356763	S	n6;7;n11;12;n12;13
0.18274527452700604	E	n11;12
0.32090036940607464	S	n12;13;n33;14;n34;15
0.38805050801579005	E	n34;15
0.42854301057533273	S	n33;14;n73;16;n74;17
0.43507564421457656	D	n74;17;n74;18;n74;19
0.4431814937323724	L	n74;18
0.4956791982998115	E	n74;19
0.5711876936391196	D	n73;16;n73;20;n73;21
0.5961082402404513	L	n73;21
0.6575623711300396	E	n73;20
