TIME	EVENT	NODES
0	O	Root
0.03565811281626705	S	Root;1;n1;2;n2;3
0.05861878921004344	S	n2;3;n3;4;n4;5
0.07375809080458343	S	n4;5;n5;6;n6;7
0.07833050552031286	S	n5;6;n7;8;n8;9
0.08218395387666856	L	n8;9
0.09191956493360406	L	n7;8
0.1008035139693104	S	n3;4;n9;10;n10;11
0.11131111145900144	L	n1;2
0.11561201845237548	L	n9;10
0.12101726105848108	D	n6;7;n6;12;n6;13
0.16093066445356763	S	n6;12;n11;14;n12;15
0.16093066445356763	S	n6;13;n11;16;n12;17
0.16249863861729646	S	n10;11;n13;18;n14;19
0.16592123705693668	D	n11;14;n11;20;n11;21
0.1728772304451632	S	n13;18;n15;22;n16;23
0.18274527452700604	E	n11;20
0.18274527452700604	E	n11;21
0.18274527452700604	E	n11;16
0.19011260651968304	L	n16;23
0.2372402471114948	E	n15;22
0.2671518695686604	S	n14;19;n23;24;n24;25
0.27745213159000687	S	n24;25;n27;26;n28;27
0.27771356202673847	D	n28;27;n28;28;n28;29
0.2799238517383474	E	n23;24
0.32090036940607464	S	n12;15;n33;30;n34;31
0.32090036940607464	S	n12;17;n33;32;n34;33
0.32904946939963037	E	n28;28
0.32904946939963037	E	n28;29
0.3312970553039297	S	n27;26;n39;34;n40;35
0.33340617522582106	L	n40;35
0.3608388773035484	D	n33;30;n33;36;n33;37
0.3730148392978662	D	n34;33;n34;38;n34;39
0.38805050801579005	E	n34;31
0.38805050801579005	E	n34;38
0.38805050801579005	E	n34;39
0.3894032697465497	L	n39;34
0.40799542724492455	L	n33;36
0.42854301057533273	S	n33;37;n73;40;n74;41
0.42854301057533273	S	n33;32;n73;42;n74;43
0.4956791982998115	E	n74;41
0.4956791982998115	E	n74;43
0.49986004222381614	L	n73;42
0.5363561747239873	L	n73;40
