TIME	EVENT	NODES
0	O	Root
0.03565811281626705	S	Root;1;n1;2;n2;3
0.05861878921004344	S	n2;3;n3;4;n4;5
0.06560945213095476	L	n4;5
0.07001578255587812	L	n1;2
0.1008035139693104	S	n3;4;n9;6;n10;7
0.12846366259444864	L	n10;7
0.1969107897114663	E	n9;6
