TIME	EVENT	NODES
0	O	Root
0.03565811281626705	S	Root;1;n1;2;n2;3
0.051172817964047435	D	n1;2;n1;4;n1;5
0.05861878921004344	S	n2;3;n3;6;n4;7
0.07375809080458343	S	n4;7;n5;8;n6;9
0.07833050552031286	S	n5;8;n7;10;n8;11
0.09578549746013094	D	n3;6;n3;12;n3;13
0.1008035139693104	S	n3;12;n9;14;n10;15
0.1008035139693104	S	n3;13;n9;16;n10;17
0.10267651680063375	L	n1;5
0.11428202715204365	E	n1;4
0.1299638089205598	L	n10;15
0.1299638089205598	L	n10;17
0.1307468573352167	E	n8;11
0.16093066445356763	S	n6;9;n11;18;n12;19
0.18274527452700604	E	n11;18
0.18432367325958676	D	n12;19;n12;20;n12;21
0.1969107897114663	E	n9;14
0.1969107897114663	E	n9;16
0.20845796674833328	S	n7;10;n17;22;n18;23
0.2272536869249566	D	n17;22;n17;24;n17;25
0.23892462888085989	E	n18;23
0.2490407372631786	S	n17;24;n19;26;n20;27
0.2490407372631786	S	n17;25;n19;28;n20;29
0.2765985482048439	S	n20;27;n25;30;n26;31
0.2765985482048439	S	n20;29;n25;32;n26;33
0.27687230703695004	D	n26;31;n26;34;n26;35
0.27855792444951527	S	n25;30;n29;36;n30;37
0.27855792444951527	S	n25;32;n29;38;n30;39
0.2853371341143743	L	n30;39
0.29180342183819413	E	n29;36
0.29180342183819413	E	n29;38
0.2949300967885848	L	n19;28
0.306105336444988	L	n19;26
0.3202322380199546	L	n30;37
0.32090036940607464	S	n12;20;n33;40;n34;41
0.32090036940607464	S	n12;21;n33;42;n34;43
0.3242431098178988	E	n26;34
0.3242431098178988	E	n26;35
0.3242431098178988	E	n26;33
0.36128095107202746	I	n34;41
0.36128095107202746	I	n34;43
0.38805050801579005	E	n34;43
0.38805050801579005	E	n34;41
0.39113560350125665	L	n33;40
0.42854301057533273	S	n33;42;n73;44;n74;45
0.4556717298018488	L	n73;44
0.4885406726423015	D	n74;45;n74;46;n74;47
0.4956791982998115	E	n74;46
0.4956791982998115	E	n74;47
