TIME	EVENT	NODES
0	O	Root
0.03565811281626705	S	Root;1;n1;2;n2;3
0.037706095318949896	L	n1;2
0.05861878921004344	S	n2;3;n3;4;n4;5
0.067739470274715	L	n4;5
0.1008035139693104	S	n3;4;n9;6;n10;7
0.14545355259430304	L	n10;7
0.1969107897114663	E	n9;6
