TIME	EVENT	NODES
0.045523455724750604	O	n1
0.11428202715204365	E	n1;1
