TIME	EVENT	NODES
0.08978271128063163	O	n1
0.11428202715204365	E	n1;1
