TIME	EVENT	NODES
0.1295449317528354	O	n9
0.1969107897114663	E	n9;1
