TIME	EVENT	NODES
0.2926447377484096	O	n30
0.3257514072895137	S	n30;1;n35;2;n36;3
0.3267467684448356	S	n36;3;n37;4;n38;5
0.3335651473273877	S	n38;5;n41;6;n42;7
0.34247326623149754	E	n41;6
0.35793305376362283	S	n42;7;n45;8;n46;9
0.3638875715740503	S	n35;2;n51;10;n52;11
0.39182157006149465	S	n52;11;n57;12;n58;13
0.3974594228905295	S	n57;12;n59;14;n60;15
0.39774118535546255	S	n58;13;n61;16;n62;17
0.40140186928566196	E	n51;10
0.4066753845391696	E	n46;9
0.40850073276585896	S	n59;14;n65;18;n66;19
0.4209965192467931	S	n61;16;n71;20;n72;21
0.42795023912694147	E	n66;19
0.43048184675792817	E	n45;8
0.4423483705727157	S	n60;15;n77;22;n78;23
0.44446709086480524	I	n71;20
0.4487358723077373	E	n71;20
0.4643255835110095	E	n72;21
0.477908856756897	E	n78;23
0.47893748989308055	E	n62;17
0.4927173369477565	E	n77;22
0.5093929148877467	S	n65;18;n85;24;n86;25
0.5261657820178198	E	n86;25
0.5509952243951802	S	n37;4;n91;26;n92;27
0.5756195185127128	E	n85;24
0.6248682797632655	S	n91;26;n113;28;n114;29
0.6413451922296899	S	n114;29;n119;30;n120;31
0.6714208973395133	S	n92;27;n127;32;n128;33
0.6771480527232184	E	n127;32
0.6953243955279519	S	n119;30;n135;34;n136;35
0.6975577051315929	S	n113;28;n137;36;n138;37
0.7005084646083697	S	n136;35;n139;38;n140;39
0.7099753554541903	E	n135;34
0.7210277529225892	E	n128;33
0.7215838219978351	S	n139;38;n145;40;n146;41
0.7226331056963025	E	n140;39
0.7268485611847301	S	n137;36;n151;42;n152;43
0.7271137001153057	E	n138;37
0.743681333697219	E	n146;41
0.7701743730769628	S	n120;31;n175;44;n176;45
0.7722887411826787	S	n175;44;n177;46;n178;47
0.7745798703701913	E	n176;45
0.7869910465073588	E	n152;43
0.7889668809496501	S	n151;42;n189;48;n190;49
0.8168185596786944	S	n189;48;n209;50;n210;51
0.8318994907069088	S	n210;51;n213;52;n214;53
0.8348346185515035	E	n178;47
0.8432642881862309	E	n214;53
0.8462038436727194	E	n177;46
0.8734902166513967	E	n213;52
0.8742918575836303	E	n190;49
0.8813881991268552	E	n145;40
0.8980060272048759	S	n209;50;n243;54;n244;55
0.927312365914823	E	n243;54
1.0	F	n244;55
