TIME	EVENT	NODES
0.26687175107864997	O	n20
0.2765985482048439	S	n20;1;n25;2;n26;3
0.27855792444951527	S	n25;2;n29;4;n30;5
0.29180342183819413	E	n29;4
0.3242431098178988	E	n26;3
0.3257514072895137	S	n30;5;n35;6;n36;7
0.3267467684448356	S	n36;7;n37;8;n38;9
0.3335651473273877	S	n38;9;n41;10;n42;11
0.34247326623149754	E	n41;10
0.35793305376362283	S	n42;11;n45;12;n46;13
0.3638875715740503	S	n35;6;n51;14;n52;15
0.39182157006149465	S	n52;15;n57;16;n58;17
0.3974594228905295	S	n57;16;n59;18;n60;19
0.39774118535546255	S	n58;17;n61;20;n62;21
0.40140186928566196	E	n51;14
0.4066753845391696	E	n46;13
0.40850073276585896	S	n59;18;n65;22;n66;23
0.4209965192467931	S	n61;20;n71;24;n72;25
0.42795023912694147	E	n66;23
0.43048184675792817	E	n45;12
0.4423483705727157	S	n60;19;n77;26;n78;27
0.4487358723077373	E	n71;24
0.4643255835110095	E	n72;25
0.477908856756897	E	n78;27
0.47893748989308055	E	n62;21
0.4927173369477565	E	n77;26
0.5093929148877467	S	n65;22;n85;28;n86;29
0.5261657820178198	E	n86;29
0.5509952243951802	S	n37;8;n91;30;n92;31
0.5756195185127128	E	n85;28
0.6248682797632655	S	n91;30;n113;32;n114;33
0.6413451922296899	S	n114;33;n119;34;n120;35
0.6714208973395133	S	n92;31;n127;36;n128;37
0.6771480527232184	E	n127;36
0.6953243955279519	S	n119;34;n135;38;n136;39
0.6975577051315929	S	n113;32;n137;40;n138;41
0.7005084646083697	S	n136;39;n139;42;n140;43
0.7099753554541903	E	n135;38
0.7210277529225892	E	n128;37
0.7215838219978351	S	n139;42;n145;44;n146;45
0.7226331056963025	E	n140;43
0.7268485611847301	S	n137;40;n151;46;n152;47
0.7271137001153057	E	n138;41
0.743681333697219	E	n146;45
0.7701743730769628	S	n120;35;n175;48;n176;49
0.7722887411826787	S	n175;48;n177;50;n178;51
0.7745798703701913	E	n176;49
0.7869910465073588	E	n152;47
0.7889668809496501	S	n151;46;n189;52;n190;53
0.8168185596786944	S	n189;52;n209;54;n210;55
0.8318994907069088	S	n210;55;n213;56;n214;57
0.8348346185515035	E	n178;51
0.8432642881862309	E	n214;57
0.8462038436727194	E	n177;50
0.8734902166513967	E	n213;56
0.8742918575836303	E	n190;53
0.8813881991268552	E	n145;44
0.8980060272048759	S	n209;54;n243;58;n244;59
0.927312365914823	E	n243;58
1.0	F	n244;59
