TIME	EVENT	NODES
0.3487769174172864	O	n39
0.40776133334394826	E	n39;1
