TIME	EVENT	NODES
0.38543713305548927	O	n46
0.4066753845391696	E	n46;1
