TIME	EVENT	NODES
0.3880946988611063	O	n52
0.39182157006149465	S	n52;1;n57;2;n58;3
0.3974594228905295	S	n57;2;n59;4;n60;5
0.39774118535546255	S	n58;3;n61;6;n62;7
0.40850073276585896	S	n59;4;n65;8;n66;9
0.4209965192467931	S	n61;6;n71;10;n72;11
0.42795023912694147	E	n66;9
0.4385160100831489	I	n60;5
0.4423483705727157	S	n60;5;n77;12;n78;13
0.4487358723077373	E	n71;10
0.4643255835110095	E	n72;11
0.477908856756897	E	n78;13
0.47893748989308055	E	n62;7
0.4927173369477565	E	n77;12
0.5093929148877467	S	n65;8;n85;14;n86;15
0.5261657820178198	E	n86;15
0.5756195185127128	E	n85;14
