TIME	EVENT	NODES
0.37896401959434434	O	n51
0.40140186928566196	E	n51;1
