TIME	EVENT	NODES
0.43162783099581553	O	n70
0.4457139964449435	E	n70;1
