TIME	EVENT	NODES
0.4333554001477376	O	n68
0.5822161925010496	S	n68;1;n101;2;n102;3
0.5949161755404646	E	n102;3
0.5951117521699512	E	n101;2
