TIME	EVENT	NODES
0.43613236686608736	O	n71
0.4487358723077373	E	n71;1
