TIME	EVENT	NODES
0.3933235175932229	O	n56
0.39572310287152684	E	n56;1
