TIME	EVENT	NODES
0.39468347241224494	O	n39
0.40776133334394826	E	n39;1
