TIME	EVENT	NODES
0.4431373113932397	O	n73
0.6575623711300396	E	n73;1
