TIME	EVENT	NODES
0.40786330647847324	O	n45
0.43048184675792817	E	n45;1
