TIME	EVENT	NODES
0.46636637610134296	O	n77
0.4927173369477565	E	n77;1
