TIME	EVENT	NODES
0.4716948147237802	O	n69
0.49158736343140175	E	n69;1
