TIME	EVENT	NODES
0.43065177673581295	O	n73
0.6575623711300396	E	n73;1
