TIME	EVENT	NODES
0.4771229381050382	O	n79
0.5449769855939937	S	n79;1;n89;2;n90;3
0.5605956152818038	E	n90;3
0.6005762215934414	S	n89;2;n103;4;n104;5
0.6696366104238207	E	n104;5
0.7247629626005688	S	n103;4;n149;6;n150;7
0.7276046550877852	S	n149;6;n153;8;n154;9
0.7359094885998367	E	n154;9
0.7500329224096391	E	n150;7
0.802766193558471	S	n153;8;n201;10;n202;11
0.8352544388705551	S	n202;11;n215;12;n216;13
0.8409256797631153	E	n216;13
0.8460015102603748	S	n201;10;n219;14;n220;15
0.854307315944115	E	n215;12
0.8825998228348834	S	n219;14;n231;16;n232;17
0.921954449245773	S	n231;16;n253;18;n254;19
0.9262180312867804	E	n232;17
0.9331189763794548	S	n253;18;n261;20;n262;21
0.9382537776095115	S	n254;19;n263;22;n264;23
0.9453738548637767	E	n263;22
0.9486013636009557	S	n261;20;n267;24;n268;25
0.9598159582018603	S	n220;15;n273;26;n274;27
0.9621233290640864	S	n262;21;n277;28;n278;29
0.9689023525530531	S	n273;26;n279;30;n280;31
0.971640391490068	S	n279;30;n281;32;n282;33
0.9774128112905862	E	n264;23
0.983455035698425	E	n268;25
0.9838251299642106	E	n267;24
0.9866315391651298	S	n282;33;n291;34;n292;35
0.993707679202344	S	n291;34;n299;36;n300;37
0.998644442566671	E	n281;32
1.0	F	n274;27
1.0	F	n277;28
1.0	F	n300;37
1.0	F	n299;36
1.0	F	n278;29
1.0	F	n280;31
1.0	F	n292;35
