TIME	EVENT	NODES
0.4948927180675122	O	n82
0.6049905299992304	E	n82;1
