TIME	EVENT	NODES
0.499245026612008	O	n84
0.5322172744577628	E	n84;1
