TIME	EVENT	NODES
0.4903900552878588	O	n74
0.4956791982998115	E	n74;1
