TIME	EVENT	NODES
0.5164430785833911	O	n82
0.6049905299992304	E	n82;1
