TIME	EVENT	NODES
0.542602524070695	O	n82
0.5881621829381009	D	n82;1;n82;2;n82;3
0.6049905299992304	E	n82;2
0.6049905299992304	E	n82;3
