TIME	EVENT	NODES
0.5537351611874496	O	n82
0.6049905299992304	E	n82;1
