TIME	EVENT	NODES
0.558816654519417	O	n98
0.701079093030748	E	n98;1
