TIME	EVENT	NODES
0.5629482268695061	O	n85
0.5756195185127128	E	n85;1
