TIME	EVENT	NODES
0.5673994688613001	O	n73
0.6575623711300396	E	n73;1
