TIME	EVENT	NODES
0.5947758566785217	O	n102
0.5949161755404646	E	n102;1
