TIME	EVENT	NODES
0.6506098885617475	O	n121
0.6685627179118959	E	n121;1
