TIME	EVENT	NODES
0.6631621109618532	O	n105
0.7109290296217277	E	n105;1
