TIME	EVENT	NODES
0.6564689420477273	O	n99
0.6633287276540377	E	n99;1
