TIME	EVENT	NODES
0.6765488896042614	O	n105
0.7109290296217277	E	n105;1
