TIME	EVENT	NODES
0.7078692926045975	O	n105
0.7109290296217277	E	n105;1
