TIME	EVENT	NODES
0.6884475476191815	O	n131
0.6941596368553979	E	n131;1
