TIME	EVENT	NODES
0.7073350452958279	O	n137
0.7268485611847301	S	n137;1;n151;2;n152;3
0.7869910465073588	E	n152;3
0.7889668809496501	S	n151;2;n189;4;n190;5
0.8168185596786944	S	n189;4;n209;6;n210;7
0.8318994907069088	S	n210;7;n213;8;n214;9
0.8432642881862309	E	n214;9
0.8734902166513967	E	n213;8
0.8742918575836303	E	n190;5
0.8980060272048759	S	n209;6;n243;10;n244;11
0.927312365914823	E	n243;10
1.0	F	n244;11
