TIME	EVENT	NODES
0.7492153736816737	O	n145
0.8813881991268552	E	n145;1
