TIME	EVENT	NODES
0.7687454901828683	O	n158
0.9334468700033874	E	n158;1
