TIME	EVENT	NODES
0.7674777969747829	O	n170
0.7721466484093822	E	n170;1
