TIME	EVENT	NODES
0.8034210003615868	O	n197
0.8503085550548898	S	n197;1;n221;2;n222;3
0.9114950528903518	E	n222;3
0.9292507846091586	S	n221;2;n259;4;n260;5
0.93500510079701	E	n259;4
0.9460617632927703	S	n260;5;n265;6;n266;7
1.0	F	n266;7
1.0	F	n265;6
