TIME	EVENT	NODES
0.7722425842183135	O	n172
0.7774381661020539	E	n172;1
