TIME	EVENT	NODES
0.823151414648815	O	n163
0.8261291493880141	E	n163;1
