TIME	EVENT	NODES
0.8358095097250573	O	n168
0.9437743069310279	E	n168;1
