TIME	EVENT	NODES
0.8398143706262008	O	n216
0.8409256797631153	E	n216;1
