TIME	EVENT	NODES
0.8310029141578043	O	n177
0.8462038436727194	E	n177;1
