TIME	EVENT	NODES
0.836866347376589	O	n215
0.854307315944115	E	n215;1
