TIME	EVENT	NODES
0.8721649458762263	O	n226
0.915456583677902	S	n226;1;n249;2;n250;3
0.9275903159912018	E	n249;2
0.9805992605924941	E	n250;3
