TIME	EVENT	NODES
0.8748028626328682	O	n211
0.9280137218581821	E	n211;1
