TIME	EVENT	NODES
0.8786835545219712	O	n224
0.8903456152832875	E	n224;1
