TIME	EVENT	NODES
0.8956103490084374	O	n222
0.9114950528903518	E	n222;1
