TIME	EVENT	NODES
0.9245348139432906	O	n230
0.94826054007743	E	n230;1
