TIME	EVENT	NODES
0.8998733146123917	O	n168
0.9437743069310279	E	n168;1
