TIME	EVENT	NODES
0.9016214509574643	O	n168
0.9437743069310279	E	n168;1
