TIME	EVENT	NODES
0.9139253786143363	O	n168
0.9437743069310279	E	n168;1
