TIME	EVENT	NODES
0.9140692874532151	O	n223
0.9835716504478796	E	n223;1
