TIME	EVENT	NODES
0.9526518807450671	O	n247
0.9851301504358597	E	n247;1
