TIME	EVENT	NODES
0.9158459439159623	O	n249
0.9275903159912018	E	n249;1
