TIME	EVENT	NODES
0.957341145666611	O	n271
0.9898113896787903	S	n271;1;n297;2;n298;3
1.0	F	n297;2
1.0	F	n298;3
