TIME	EVENT	NODES
0.9326028460717667	O	n260
0.9460617632927703	S	n260;1;n265;2;n266;3
1.0	F	n266;3
1.0	F	n265;2
