TIME	EVENT	NODES
0.9674946048034967	O	n245
0.9786065520660436	S	n245;1;n285;2;n286;3
1.0	F	n285;2
1.0	F	n286;3
