TIME	EVENT	NODES
0.970530142118515	O	n252
0.9711027875363744	E	n252;1
