TIME	EVENT	NODES
0.9558923723523833	O	n269
0.9727278219767251	S	n269;1;n283;2;n284;3
0.9826208035981886	S	n283;2;n287;4;n288;5
0.9854537340418459	S	n288;5;n289;6;n290;7
0.9973204261958437	E	n284;3
1.0	F	n290;7
1.0	F	n289;6
1.0	F	n287;4
