TIME	EVENT	NODES
0.9824326795504943	O	n282
0.9866315391651298	S	n282;1;n291;2;n292;3
0.993707679202344	S	n291;2;n299;4;n300;5
1.0	F	n292;3
1.0	F	n299;4
1.0	F	n300;5
