TIME	EVENT	NODES
0.7762959733681368	O	n2
26.256835295663688	E	n2;1
