TIME	EVENT	NODES
313.86263429940175	O	n174
315.2971155703692	C	n174;1
316.64521563171144	E	n174;1
