TIME	EVENT	NODES
313.9039510129473	O	n225
324.7848548775896	E	n225;1
