TIME	EVENT	NODES
313.87095036002285	O	n226
324.2601856628277	E	n226;1
