TIME	EVENT	NODES
314.1922631160553	O	n174
316.64521563171144	E	n174;1
