TIME	EVENT	NODES
314.2729758636442	O	n212
317.4792985216561	I	n212;1
364.14479088522387	E	n212;1
