TIME	EVENT	NODES
0.5316328074255134	O	n1
3.35634255505027	E	n1;1
