TIME	EVENT	NODES
314.5049474655961	O	n234
368.33285918754166	F	n234;1
