TIME	EVENT	NODES
314.48038432323	O	n228
316.5100147570523	I	n228;1
339.0045593258577	I	n228;1
342.3523845263514	S	n228;1;n281;2;n282;3
346.14184622948244	I	n281;2
355.5885060913253	I	n281;2
368.33285918754166	F	n282;3
368.33285918754166	F	n281;2
