TIME	EVENT	NODES
0.6357125192719317	O	n1
3.35634255505027	E	n1;1
