TIME	EVENT	NODES
1.934934963528874	O	n4
7.566795314525711	S	n4;1;n7;2;n8;3
9.937342596589726	E	n7;2
22.909819856367786	S	n8;3;n13;4;n14;5
26.84276481692311	S	n14;5;n17;6;n18;7
30.407447078502262	S	n17;6;n21;8;n22;9
35.92070569340266	S	n21;8;n25;10;n26;11
38.13198542719755	E	n22;9
39.04702059247166	E	n13;4
40.759074860237476	E	n25;10
42.012799395780256	E	n26;11
42.357769946350246	S	n18;7;n31;12;n32;13
46.694210788673075	E	n32;13
50.79591476008908	S	n31;12;n39;14;n40;15
52.618978043968546	S	n39;14;n47;16;n48;17
55.45651211006114	E	n47;16
55.72139548911094	L	n40;15
56.86864330959981	I	n48;17
61.254313095266134	E	n48;17
