TIME	EVENT	NODES
314.6433190593168	O	n211
323.451126983794	S	n211;1;n247;2;n248;3
326.9299560409181	S	n248;3;n249;4;n250;5
330.397948376878	I	n247;2
333.36170589388036	I	n250;5
334.64198406508626	S	n249;4;n255;6;n256;7
338.51097831531484	S	n247;2;n269;8;n270;9
351.3681074054671	E	n270;9
351.37042779145395	E	n255;6
356.5243775902817	S	n250;5;n303;10;n304;11
359.43466135079467	S	n269;8;n307;12;n308;13
364.49514583717956	S	n304;11;n319;14;n320;15
365.0168302374957	S	n256;7;n323;16;n324;17
365.63453782883306	D	n319;14;n319;18;n319;19
368.1525611161385	S	n324;17;n331;20;n332;21
368.33285918754166	F	n307;12
368.33285918754166	F	n303;10
368.33285918754166	F	n308;13
368.33285918754166	F	n331;20
368.33285918754166	F	n323;16
368.33285918754166	F	n320;15
368.33285918754166	F	n332;21
368.33285918754166	F	n319;18
368.33285918754166	F	n319;19
