TIME	EVENT	NODES
314.80340257360245	O	n235
321.78135305229097	E	n235;1
