TIME	EVENT	NODES
314.98430426347164	O	n235
321.78135305229097	E	n235;1
