TIME	EVENT	NODES
314.81367037521983	O	n181
326.9191915703628	E	n181;1
