TIME	EVENT	NODES
315.27045697826816	O	n205
315.6082576650288	I	n205;1
362.8414883764672	L	n205;1
