TIME	EVENT	NODES
1.6741152115923554	O	n1
3.35634255505027	E	n1;1
