TIME	EVENT	NODES
315.46044277756715	O	n218
327.1046107185982	E	n218;1
