TIME	EVENT	NODES
315.4914008492094	O	n218
327.1046107185982	E	n218;1
