TIME	EVENT	NODES
2.4073277329184526	O	n2
17.42110824856938	I	n2;1
26.256835295663688	E	n2;1
