TIME	EVENT	NODES
315.33008858750094	O	n221
337.7408739864108	D	n221;1;n221;2;n221;3
355.14624857943664	I	n221;2
355.14624857943664	I	n221;3
368.33285918754166	F	n221;3
368.33285918754166	F	n221;2
