TIME	EVENT	NODES
315.661914340101	O	n236
331.02825248126715	E	n236;1
