TIME	EVENT	NODES
315.66785605130264	O	n237
337.63568338885636	L	n237;1
