TIME	EVENT	NODES
315.76979281257474	O	n218
318.72401865689216	I	n218;1
327.1046107185982	E	n218;1
