TIME	EVENT	NODES
315.7890449458729	O	n237
330.2221475965039	C	n237;1
339.96246034945096	S	n237;1;n273;2;n274;3
355.7899662740194	E	n274;3
365.43190125744275	S	n273;2;n325;4;n326;5
365.63394948672277	I	n325;4
367.28502234346956	I	n325;4
368.1202744279893	I	n325;4
368.33285918754166	F	n325;4
368.33285918754166	F	n326;5
