TIME	EVENT	NODES
315.801549326086	O	n221
346.25933828589956	I	n221;1
368.33285918754166	F	n221;1
