TIME	EVENT	NODES
316.1703574774119	O	n205
317.90867721627444	I	n205;1
330.78992634396303	T	n205;1;n205;2;n254;3
335.92113620132585	S	n254;3;n263;4;n264;5
339.658731161582	S	n264;5;n271;6;n272;7
361.7971077523211	S	n272;7;n309;8;n310;9
363.72092949357767	S	n205;2;n313;10;n314;11
364.39265661618424	S	n310;9;n317;12;n318;13
365.0417268907298	E	n263;4
365.9406802548836	S	n318;13;n329;14;n330;15
368.33285918754166	F	n330;15
368.33285918754166	F	n329;14
368.33285918754166	F	n271;6
368.33285918754166	F	n314;11
368.33285918754166	F	n317;12
368.33285918754166	F	n309;8
368.33285918754166	F	n313;10
