TIME	EVENT	NODES
316.2540082184357	O	n230
346.71860717177015	C	n230;1
358.14679831246286	I	n230;1
368.33285918754166	F	n230;1
