TIME	EVENT	NODES
316.3611121625786	O	n212
323.6627930255169	L	n212;1
