TIME	EVENT	NODES
316.2134895392056	O	n212
357.6291539305534	I	n212;1
364.14479088522387	E	n212;1
