TIME	EVENT	NODES
316.409112945696	O	n183
349.00530575206363	E	n183;1
