TIME	EVENT	NODES
316.4417546737856	O	n230
321.43661401840086	I	n230;1
368.33285918754166	F	n230;1
