TIME	EVENT	NODES
316.46534737453896	O	n187
328.9856205519988	I	n187;1
334.77105755064736	I	n187;1
350.09767721780577	I	n187;1
356.3119546325315	E	n187;1
