TIME	EVENT	NODES
3.7215369996562755	O	n2
24.7751167916332	L	n2;1
