TIME	EVENT	NODES
316.9510505984956	O	n235
321.78135305229097	E	n235;1
