TIME	EVENT	NODES
3.8555671527814206	O	n2
10.413627114102479	C	n2;1
14.529666982099723	I	n2;1
23.95153757918673	I	n2;1
26.256835295663688	E	n2;1
