TIME	EVENT	NODES
317.0895220749567	O	n228
317.77507607480436	L	n228;1
