TIME	EVENT	NODES
316.9748627061016	O	n234
340.69539970567195	I	n234;1
368.33285918754166	F	n234;1
