TIME	EVENT	NODES
317.1141065747378	O	n236
317.9083759436601	C	n236;1
331.02825248126715	E	n236;1
