TIME	EVENT	NODES
317.2306167411235	O	n170
328.51162888162287	I	n170;1
348.7549530494746	I	n170;1
368.33285918754166	F	n170;1
