TIME	EVENT	NODES
317.277739137872	O	n235
321.78135305229097	E	n235;1
