TIME	EVENT	NODES
317.45196822297726	O	n238
333.92318052411156	I	n238;1
368.33285918754166	F	n238;1
