TIME	EVENT	NODES
317.450592396366	O	n230
342.5090384748172	I	n230;1
345.55860598523526	I	n230;1
368.33285918754166	F	n230;1
