TIME	EVENT	NODES
317.4937600454602	O	n230
347.3052777559425	L	n230;1
