TIME	EVENT	NODES
317.77493635927203	O	n203
318.9566040063278	S	n203;1;n241;2;n242;3
322.0219878916506	I	n242;3
322.55757071821887	L	n241;2
335.2181929265087	I	n242;3
351.98665208934887	I	n242;3
368.33285918754166	F	n242;3
