TIME	EVENT	NODES
317.695681771041	O	n226
324.2601856628277	E	n226;1
