TIME	EVENT	NODES
317.94267453392206	O	n235
321.78135305229097	E	n235;1
