TIME	EVENT	NODES
318.15438380323013	O	n233
322.6630115581117	S	n233;1;n245;2;n246;3
326.55310508848294	C	n245;2
331.9333317087975	I	n245;2
338.89935941368094	E	n245;2
341.11177427463167	S	n246;3;n275;4;n276;5
345.7103210925006	T	n276;5;n276;6;n282;7
348.7700363029201	S	n275;4;n291;8;n292;9
350.6247674253394	S	n276;6;n295;10;n296;11
355.0583586205711	S	n292;9;n299;12;n300;13
355.8778505990836	S	n295;10;n301;14;n302;15
357.1757291726746	S	n301;14;n305;16;n306;17
358.4607067328813	L	n305;16
360.30348491415737	I	n291;8
360.66748199542366	E	n306;17
363.7883358674996	I	n302;15
364.8824680743981	S	n302;15;n321;18;n322;19
368.33285918754166	F	n322;19
368.33285918754166	F	n291;8
368.33285918754166	F	n300;13
368.33285918754166	F	n296;11
368.33285918754166	F	n282;7
368.33285918754166	F	n299;12
368.33285918754166	F	n321;18
