TIME	EVENT	NODES
318.17840979223854	O	n218
327.1046107185982	E	n218;1
