TIME	EVENT	NODES
318.26536140184214	O	n223
327.68708843484586	S	n223;1;n251;2;n252;3
334.9897297167016	S	n251;2;n257;4;n258;5
344.02040770953147	S	n258;5;n283;6;n284;7
346.5990500281604	S	n283;6;n287;8;n288;9
353.2274467652559	S	n284;7;n297;10;n298;11
353.39818423078464	I	n288;9
353.6253777250622	I	n252;3
366.85312056560724	D	n297;10;n297;12;n297;13
368.33285918754166	F	n287;8
368.33285918754166	F	n257;4
368.33285918754166	F	n288;9
368.33285918754166	F	n252;3
368.33285918754166	F	n297;12
368.33285918754166	F	n297;13
368.33285918754166	F	n298;11
