TIME	EVENT	NODES
318.4991553144925	O	n239
335.6757341636113	I	n239;1
365.6675909654996	S	n239;1;n327;2;n328;3
368.33285918754166	F	n327;2
368.33285918754166	F	n328;3
