TIME	EVENT	NODES
318.4183005575441	O	n170
328.7191585569831	C	n170;1
368.33285918754166	F	n170;1
