TIME	EVENT	NODES
318.3723852783921	O	n187
356.3119546325315	E	n187;1
