TIME	EVENT	NODES
318.5250824648309	O	n234
319.59538715878915	I	n234;1
368.33285918754166	F	n234;1
