TIME	EVENT	NODES
318.56911362358267	O	n170
319.1906503502559	I	n170;1
336.38670857306187	C	n170;1
359.62604469215063	L	n170;1
