TIME	EVENT	NODES
318.7526437247468	O	n228
329.38875709029696	L	n228;1
