TIME	EVENT	NODES
318.7137980450165	O	n226
324.2601856628277	E	n226;1
