TIME	EVENT	NODES
318.89190126821546	O	n234
330.58014726999374	I	n234;1
337.76249528831687	L	n234;1
