TIME	EVENT	NODES
318.9162711237293	O	n212
356.3066588385502	I	n212;1
364.14479088522387	E	n212;1
