TIME	EVENT	NODES
318.9655071876701	O	n226
324.2601856628277	E	n226;1
