TIME	EVENT	NODES
318.94414481678837	O	n187
319.25946250984737	I	n187;1
356.3119546325315	E	n187;1
