TIME	EVENT	NODES
5.575184074607427	O	n2
26.256835295663688	E	n2;1
