TIME	EVENT	NODES
319.1550107948581	O	n230
329.7149144872252	T	n230;1;n230;2;n243;3
336.27194991669535	S	n243;3;n265;4;n266;5
337.9466629699342	E	n266;5
339.8575086757971	I	n265;4
342.1563829820947	I	n265;4
343.2244835606076	I	n265;4
355.6192450173162	I	n230;2
355.6267457007246	I	n265;4
357.83898267386695	E	n265;4
367.2684050032206	C	n230;2
368.33285918754166	F	n230;2
