TIME	EVENT	NODES
319.5711722384195	O	n212
364.14479088522387	E	n212;1
