TIME	EVENT	NODES
319.5562379706467	O	n205
320.1306508583624	I	n205;1
327.4847826697247	I	n205;1
363.72092949357767	S	n205;1;n313;2;n314;3
368.33285918754166	F	n314;3
368.33285918754166	F	n313;2
