TIME	EVENT	NODES
319.7502100162659	O	n242
327.68013730410706	I	n242;1
368.33285918754166	F	n242;1
