TIME	EVENT	NODES
319.60243796400994	O	n166
325.62016585225894	E	n166;1
