TIME	EVENT	NODES
319.79526311722407	O	n233
322.6630115581117	S	n233;1;n245;2;n246;3
338.89935941368094	E	n245;2
341.11177427463167	S	n246;3;n275;4;n276;5
344.4964842368511	I	n275;4
346.105310300986	T	n275;4;n275;6;n263;7
348.7700363029201	S	n275;6;n291;8;n292;9
350.6247674253394	S	n276;5;n295;10;n296;11
352.608099045892	I	n291;8
354.34818566314385	T	n291;8;n291;12;n297;13
355.0583586205711	S	n292;9;n299;14;n300;15
355.8778505990836	S	n295;10;n301;16;n302;17
356.2958322248388	I	n263;7
356.64877284788156	I	n297;13
357.1757291726746	S	n301;16;n305;18;n306;19
360.66748199542366	E	n306;19
364.0086300239402	S	n305;18;n315;20;n316;21
364.8824680743981	S	n302;17;n321;22;n322;23
365.0417268907298	E	n263;7
367.9021455928221	L	n316;21
368.33285918754166	F	n322;23
368.33285918754166	F	n291;12
368.33285918754166	F	n300;15
368.33285918754166	F	n296;11
368.33285918754166	F	n299;14
368.33285918754166	F	n321;22
368.33285918754166	F	n297;13
368.33285918754166	F	n315;20
