TIME	EVENT	NODES
6.281274371395994	O	n2
14.647661635970639	I	n2;1
26.256835295663688	E	n2;1
