TIME	EVENT	NODES
320.08997562077184	O	n166
325.62016585225894	E	n166;1
