TIME	EVENT	NODES
9.845621397038002	O	n5
15.743352056073558	T	n5;1;n5;2;n3;3
16.661417086053657	S	n3;3;n9;4;n10;5
17.681552081932402	E	n10;5
22.401872151706616	S	n9;4;n11;6;n12;7
22.41324765578705	E	n12;7
23.67182323826393	E	n5;2
36.88128362876969	E	n11;6
