TIME	EVENT	NODES
320.1632934383533	O	n221
348.0755271545663	L	n221;1
