TIME	EVENT	NODES
320.23713582530644	O	n239
338.88175935413443	C	n239;1
365.6675909654996	S	n239;1;n327;2;n328;3
368.33285918754166	F	n327;2
368.33285918754166	F	n328;3
