TIME	EVENT	NODES
6.521048397670116	O	n1
12.049627919615546	E	n1;1
