TIME	EVENT	NODES
320.3294555016414	O	n240
348.6720819320871	E	n240;1
