TIME	EVENT	NODES
320.2937351651487	O	n236
325.0222346752212	L	n236;1
