TIME	EVENT	NODES
320.41896188192237	O	n241
335.6967060113735	S	n241;1;n261;2;n262;3
338.36492086996844	C	n262;3
350.53960376877336	S	n262;3;n293;4;n294;5
353.76505430247056	I	n261;2
355.69190527382386	I	n261;2
359.16454116420584	E	n261;2
368.33285918754166	F	n293;4
368.33285918754166	F	n294;5
