TIME	EVENT	NODES
10.130634892979222	O	n5
10.711922016002793	I	n5;1
17.72127459926623	I	n5;1
23.67182323826393	E	n5;1
