TIME	EVENT	NODES
320.8407279679496	O	n242
322.64000266054353	L	n242;1
