TIME	EVENT	NODES
320.7007385999353	O	n159
328.2146319613769	S	n159;1;n253;2;n254;3
335.92113620132585	S	n254;3;n263;4;n264;5
339.658731161582	S	n264;5;n271;6;n272;7
345.71198993976384	E	n253;2
352.3801828547458	T	n263;4;n263;8;n250;9
356.5243775902817	S	n250;9;n303;10;n304;11
361.34363812109325	I	n272;7
361.7971077523211	S	n272;7;n309;12;n310;13
364.39265661618424	S	n310;13;n317;14;n318;15
364.49514583717956	S	n304;11;n319;16;n320;17
365.0417268907298	E	n263;8
365.9406802548836	S	n318;15;n329;18;n330;19
368.33285918754166	F	n330;19
368.33285918754166	F	n329;18
368.33285918754166	F	n303;10
368.33285918754166	F	n271;6
368.33285918754166	F	n320;17
368.33285918754166	F	n317;14
368.33285918754166	F	n309;12
368.33285918754166	F	n319;16
