TIME	EVENT	NODES
10.302418962631883	O	n5
23.67182323826393	E	n5;1
