TIME	EVENT	NODES
320.80250333356634	O	n235
321.78135305229097	E	n235;1
