TIME	EVENT	NODES
320.80530962846757	O	n238
368.33285918754166	F	n238;1
