TIME	EVENT	NODES
321.10919082398715	O	n205
326.06007565318185	C	n205;1
363.72092949357767	S	n205;1;n313;2;n314;3
368.33285918754166	F	n314;3
368.33285918754166	F	n313;2
