TIME	EVENT	NODES
321.1958118962778	O	n205
323.1556191889025	C	n205;1
358.38784410183206	T	n205;1;n205;2;n278;3
359.099501747735	I	n278;3
363.72092949357767	S	n205;2;n313;4;n314;5
363.8582224227088	C	n313;4
367.179064540445	I	n278;3
368.33285918754166	F	n314;5
368.33285918754166	F	n313;4
368.33285918754166	F	n278;3
