TIME	EVENT	NODES
321.22050501970045	O	n239
336.0428329172861	I	n239;1
350.90136533230094	I	n239;1
365.6675909654996	S	n239;1;n327;2;n328;3
368.33285918754166	F	n327;2
368.33285918754166	F	n328;3
