TIME	EVENT	NODES
321.2814246031501	O	n242
322.0219878916506	I	n242;1
368.33285918754166	F	n242;1
