TIME	EVENT	NODES
321.23203001727023	O	n238
339.2225011890868	I	n238;1
339.48265989727685	I	n238;1
340.2590393699998	C	n238;1
362.62695020702785	L	n238;1
