TIME	EVENT	NODES
321.23996746010425	O	n183
349.00530575206363	E	n183;1
