TIME	EVENT	NODES
321.3243885788193	O	n234
347.4646950445366	I	n234;1
368.33285918754166	F	n234;1
