TIME	EVENT	NODES
7.079905452619665	O	n6
41.7308661144652	E	n6;1
