TIME	EVENT	NODES
321.70680227923896	O	n183
349.00530575206363	E	n183;1
