TIME	EVENT	NODES
321.9548995050309	O	n223
327.68708843484586	S	n223;1;n251;2;n252;3
333.5431884418258	I	n252;3
334.9897297167016	S	n251;2;n257;4;n258;5
340.26812282775273	T	n257;4;n257;6;n242;7
344.02040770953147	S	n258;5;n283;8;n284;9
346.5990500281604	S	n283;8;n287;10;n288;11
353.2274467652559	S	n284;9;n297;12;n298;13
368.33285918754166	F	n242;7
368.33285918754166	F	n287;10
368.33285918754166	F	n257;6
368.33285918754166	F	n288;11
368.33285918754166	F	n252;3
368.33285918754166	F	n297;12
368.33285918754166	F	n298;13
