TIME	EVENT	NODES
321.8443104832366	O	n218
326.0868633917245	I	n218;1
327.1046107185982	E	n218;1
