TIME	EVENT	NODES
321.94059924094336	O	n183
325.7913595782031	I	n183;1
349.00530575206363	E	n183;1
