TIME	EVENT	NODES
322.0924448161609	O	n237
326.59708559788425	C	n237;1
335.1906230270677	D	n237;1;n237;2;n237;3
339.96246034945096	S	n237;2;n273;4;n274;5
339.96246034945096	S	n237;3;n273;6;n274;7
347.69967403529307	I	n274;5
347.69967403529307	I	n274;7
352.00053300721373	L	n273;6
355.7899662740194	E	n274;7
355.7899662740194	E	n274;5
365.43190125744275	S	n273;4;n325;8;n326;9
368.33285918754166	F	n325;8
368.33285918754166	F	n326;9
