TIME	EVENT	NODES
322.0865703925158	O	n218
324.1292764634471	I	n218;1
327.1046107185982	E	n218;1
