TIME	EVENT	NODES
8.573604030426713	O	n2
16.59756880462722	C	n2;1
26.256835295663688	E	n2;1
