TIME	EVENT	NODES
322.07396175129867	O	n225
324.7848548775896	E	n225;1
