TIME	EVENT	NODES
322.39007913809695	O	n218
327.1046107185982	E	n218;1
