TIME	EVENT	NODES
8.735273131130075	O	n8
22.909819856367786	S	n8;1;n13;2;n14;3
26.84276481692311	S	n14;3;n17;4;n18;5
30.407447078502262	S	n17;4;n21;6;n22;7
30.445267513768336	I	n22;7
35.92070569340266	S	n21;6;n25;8;n26;9
38.13198542719755	E	n22;7
39.04702059247166	E	n13;2
40.759074860237476	E	n25;8
42.012799395780256	E	n26;9
42.357769946350246	S	n18;5;n31;10;n32;11
46.694210788673075	E	n32;11
50.79591476008908	S	n31;10;n39;12;n40;13
52.618978043968546	S	n39;12;n47;14;n48;15
53.23010519968115	L	n47;14
56.80939942046324	T	n40;13;n40;16;n55;17
58.30047483794531	S	n40;16;n59;18;n60;19
58.94799355594872	S	n60;19;n61;20;n62;21
59.5579516206426	S	n62;21;n63;22;n64;23
61.254313095266134	E	n48;15
65.13921464734916	E	n59;18
67.79713360797955	S	n61;20;n81;24;n82;25
68.63556632322181	I	n64;23
69.50333777943767	E	n64;23
69.708668487013	E	n81;24
73.06969448986186	S	n82;25;n95;26;n96;27
74.75708131456398	E	n95;26
75.18396773406573	S	n55;17;n103;28;n104;29
76.76269344293296	E	n103;28
77.82875716052023	E	n96;27
77.87291920469795	S	n63;22;n111;30;n112;31
80.13789888595848	S	n112;31;n121;32;n122;33
81.50267712156104	E	n104;29
84.02661955226591	S	n122;33;n129;34;n130;35
86.0006184609162	E	n121;32
86.51037182362073	S	n111;30;n147;36;n148;37
89.53953138554083	S	n147;36;n163;38;n164;39
91.12710587207293	S	n129;34;n171;40;n172;41
91.4383781794955	I	n171;40
91.44039855751173	S	n164;39;n177;42;n178;43
91.9252527843899	S	n148;37;n183;44;n184;45
93.02752733690477	I	n171;40
93.34880801811472	E	n183;44
93.40783796646144	S	n130;35;n189;46;n190;47
93.64609162057884	E	n178;43
94.23463384435259	I	n190;47
96.77409377030416	E	n190;47
100.61091691856613	E	n171;40
102.58874847283909	E	n189;46
106.02298060458065	E	n172;41
114.18324510306947	S	n184;45;n303;48;n304;49
114.41278485366259	S	n163;38;n305;50;n306;51
115.31366088035851	L	n304;49
118.21581233262908	S	n177;42;n327;52;n328;53
118.26466469545224	S	n328;53;n329;54;n330;55
119.30590668260064	E	n303;48
121.7585378305599	S	n330;55;n353;56;n354;57
122.20096298192965	F	n327;52
122.20096298192965	F	n329;54
122.20096298192965	F	n306;51
122.20096298192965	F	n354;57
122.20096298192965	F	n353;56
122.20096298192965	F	n305;50
