TIME	EVENT	NODES
322.58356662007577	O	n170
368.33285918754166	F	n170;1
