TIME	EVENT	NODES
322.7346268112722	O	n245
323.9491443297719	I	n245;1
338.89935941368094	E	n245;1
