TIME	EVENT	NODES
322.78641968294517	O	n245
338.89935941368094	E	n245;1
