TIME	EVENT	NODES
9.233371007700528	O	n7
9.937342596589726	E	n7;1
