TIME	EVENT	NODES
11.704604755418503	O	n5
13.947488163946229	I	n5;1
23.67182323826393	E	n5;1
