TIME	EVENT	NODES
322.8940091287901	O	n170
328.51162888162287	I	n170;1
368.33285918754166	F	n170;1
