TIME	EVENT	NODES
323.007277223133	O	n236
327.715249659492	C	n236;1
331.02825248126715	E	n236;1
