TIME	EVENT	NODES
322.87962892636386	O	n159
328.2146319613769	S	n159;1;n253;2;n254;3
335.92113620132585	S	n254;3;n263;4;n264;5
337.05509378891134	D	n253;2;n253;6;n253;7
339.658731161582	S	n264;5;n271;8;n272;9
339.81291679217514	I	n253;7
345.71198993976384	E	n253;6
345.71198993976384	E	n253;7
347.0387545264086	I	n271;8
361.7971077523211	S	n272;9;n309;10;n310;11
364.39265661618424	S	n310;11;n317;12;n318;13
365.0417268907298	E	n263;4
365.9406802548836	S	n318;13;n329;14;n330;15
367.77020779065504	I	n317;12
368.33285918754166	F	n330;15
368.33285918754166	F	n329;14
368.33285918754166	F	n271;8
368.33285918754166	F	n317;12
368.33285918754166	F	n309;10
