TIME	EVENT	NODES
323.0361396576091	O	n228
338.91715093926877	I	n228;1
342.3523845263514	S	n228;1;n281;2;n282;3
345.81626860807586	I	n281;2
368.33285918754166	F	n282;3
368.33285918754166	F	n281;2
