TIME	EVENT	NODES
323.2234696818489	O	n240
348.6720819320871	E	n240;1
