TIME	EVENT	NODES
323.1537250022679	O	n215
341.5385477573434	S	n215;1;n277;2;n278;3
362.7529047308665	T	n278;3;n278;4;n288;5
363.7179365725955	E	n277;2
368.33285918754166	F	n288;5
368.33285918754166	F	n278;4
