TIME	EVENT	NODES
323.1971032747314	O	n238
336.8502780556365	I	n238;1
368.33285918754166	F	n238;1
