TIME	EVENT	NODES
323.32486716687737	O	n242
368.33285918754166	F	n242;1
