TIME	EVENT	NODES
8.392060427427829	O	n1
12.049627919615546	E	n1;1
