TIME	EVENT	NODES
323.62327848641434	O	n234
339.0105469053834	I	n234;1
356.8719709156321	I	n234;1
368.33285918754166	F	n234;1
