TIME	EVENT	NODES
323.9318101618171	O	n240
348.6720819320871	E	n240;1
