TIME	EVENT	NODES
323.9795782901426	O	n181
326.9191915703628	E	n181;1
