TIME	EVENT	NODES
323.8750045717217	O	n244
368.33285918754166	F	n244;1
