TIME	EVENT	NODES
323.8802972090964	O	n241
335.6967060113735	S	n241;1;n261;2;n262;3
350.53960376877336	S	n262;3;n293;4;n294;5
353.4437139912468	I	n294;5
356.07738728640095	I	n293;4
356.4774712209432	I	n294;5
357.9567198285618	I	n294;5
359.16454116420584	E	n261;2
368.33285918754166	F	n293;4
368.33285918754166	F	n294;5
