TIME	EVENT	NODES
324.20879527177664	O	n234
352.333321988538	I	n234;1
368.33285918754166	F	n234;1
