TIME	EVENT	NODES
324.4265014771694	O	n236
331.02825248126715	E	n236;1
