TIME	EVENT	NODES
13.536331299917848	O	n3
16.661417086053657	S	n3;1;n9;2;n10;3
17.681552081932402	E	n10;3
18.769049202222664	I	n9;2
22.401872151706616	S	n9;2;n11;4;n12;5
22.41324765578705	E	n12;5
27.063029415345003	T	n11;4;n11;6;n19;7
33.41488849387419	S	n19;7;n27;8;n28;9
34.67578577773059	I	n28;9
34.804549942871546	S	n27;8;n29;10;n30;11
35.09443443155474	I	n30;11
36.88128362876969	E	n11;6
38.32535214593611	I	n29;10
42.943931074204656	E	n29;10
46.037623632506545	I	n30;11
46.09636269859029	I	n30;11
53.29780979945958	E	n28;9
55.73831808661641	S	n30;11;n57;12;n58;13
59.65295875486497	E	n58;13
66.2736100429329	E	n57;12
