TIME	EVENT	NODES
324.3600427850479	O	n223
327.68708843484586	S	n223;1;n251;2;n252;3
334.9897297167016	S	n251;2;n257;4;n258;5
340.5215730191307	C	n258;5
344.02040770953147	S	n258;5;n283;6;n284;7
346.17395169587365	T	n283;6;n283;8;n260;9
346.5990500281604	S	n283;8;n287;10;n288;11
353.2274467652559	S	n284;7;n297;12;n298;13
353.4262085420484	I	n298;13
358.7771337914097	I	n260;9
359.9936661597378	I	n297;12
360.4891776863368	I	n260;9
362.7654531577302	I	n257;4
365.1713971908051	C	n288;11
365.3354294195512	E	n260;9
368.33285918754166	F	n287;10
368.33285918754166	F	n257;4
368.33285918754166	F	n288;11
368.33285918754166	F	n252;3
368.33285918754166	F	n297;12
368.33285918754166	F	n298;13
