TIME	EVENT	NODES
324.4821723894015	O	n243
330.0077452600612	I	n243;1
336.27194991669535	S	n243;1;n265;2;n266;3
337.9466629699342	E	n266;3
357.1265959768085	T	n265;2;n265;4;n263;5
357.83898267386695	E	n265;4
365.0417268907298	E	n263;5
