TIME	EVENT	NODES
324.7250129228635	O	n166
325.62016585225894	E	n166;1
