TIME	EVENT	NODES
324.74311808707876	O	n230
368.33285918754166	F	n230;1
