TIME	EVENT	NODES
324.768858791205	O	n245
338.89935941368094	E	n245;1
