TIME	EVENT	NODES
13.638729937359562	O	n5
23.67182323826393	E	n5;1
