TIME	EVENT	NODES
324.82987416586286	O	n236
331.02825248126715	E	n236;1
