TIME	EVENT	NODES
9.59076979085457	O	n1
12.049627919615546	E	n1;1
