TIME	EVENT	NODES
324.8918445922906	O	n239
329.19205072074965	I	n239;1
365.6675909654996	S	n239;1;n327;2;n328;3
368.33285918754166	F	n327;2
368.33285918754166	F	n328;3
