TIME	EVENT	NODES
324.9722970622406	O	n236
331.02825248126715	E	n236;1
