TIME	EVENT	NODES
12.012562731999136	O	n2
26.256835295663688	E	n2;1
