TIME	EVENT	NODES
325.0629317188765	O	n241
335.6967060113735	S	n241;1;n261;2;n262;3
348.7885287499841	I	n261;2
350.53960376877336	S	n262;3;n293;4;n294;5
356.96321429040404	C	n261;2
359.16454116420584	E	n261;2
368.33285918754166	F	n293;4
368.33285918754166	F	n294;5
