TIME	EVENT	NODES
325.0284188446138	O	n244
333.1694336167502	I	n244;1
337.6158345079353	I	n244;1
349.25075932660855	C	n244;1
368.33285918754166	F	n244;1
