TIME	EVENT	NODES
325.3308358854053	O	n240
347.92101753801643	I	n240;1
348.6720819320871	E	n240;1
