TIME	EVENT	NODES
325.29880122608887	O	n212
364.14479088522387	E	n212;1
