TIME	EVENT	NODES
12.364384325842517	O	n2
18.751092189304654	I	n2;1
26.256835295663688	E	n2;1
