TIME	EVENT	NODES
325.6816103634313	O	n170
368.33285918754166	F	n170;1
