TIME	EVENT	NODES
325.7361471439883	O	n221
333.2243139310976	I	n221;1
362.53516005322575	C	n221;1
368.33285918754166	F	n221;1
