TIME	EVENT	NODES
325.92378213025046	O	n212
329.49614869881907	I	n212;1
364.14479088522387	E	n212;1
