TIME	EVENT	NODES
325.8609495197116	O	n246
341.11177427463167	S	n246;1;n275;2;n276;3
341.80020605872494	L	n276;3
348.7700363029201	S	n275;2;n291;4;n292;5
355.0583586205711	S	n292;5;n299;6;n300;7
355.3955068121278	C	n300;7
368.33285918754166	F	n291;4
368.33285918754166	F	n300;7
368.33285918754166	F	n299;6
