TIME	EVENT	NODES
326.483139809708	O	n230
368.33285918754166	F	n230;1
