TIME	EVENT	NODES
10.462721540301656	O	n5
65.79458869924449	S	n5;1;n11;2;n12;3
71.19001158022084	I	n11;2
78.67196232775571	E	n11;2
80.59920766624008	E	n12;3
