TIME	EVENT	NODES
326.50124340147426	O	n218
327.1046107185982	E	n218;1
