TIME	EVENT	NODES
10.628155056534657	O	n6
41.7308661144652	E	n6;1
