TIME	EVENT	NODES
326.6937722792806	O	n212
364.14479088522387	E	n212;1
