TIME	EVENT	NODES
13.122522162891563	O	n8
21.14195005974708	I	n8;1
22.909819856367786	S	n8;1;n13;2;n14;3
26.84276481692311	S	n14;3;n17;4;n18;5
30.407447078502262	S	n17;4;n21;6;n22;7
31.756158480765983	C	n13;2
32.76986375724862	D	n21;6;n21;8;n21;9
35.16937640739217	I	n22;7
35.92070569340266	S	n21;8;n25;10;n26;11
35.92070569340266	S	n21;9;n25;12;n26;13
38.13198542719755	E	n22;7
39.04702059247166	E	n13;2
40.759074860237476	E	n25;10
40.759074860237476	E	n25;12
42.012799395780256	E	n26;11
42.012799395780256	E	n26;13
42.357769946350246	S	n18;5;n31;14;n32;15
46.694210788673075	E	n32;15
50.79591476008908	S	n31;14;n39;16;n40;17
52.618978043968546	S	n39;16;n47;18;n48;19
55.45651211006114	E	n47;18
58.30047483794531	S	n40;17;n59;20;n60;21
58.94799355594872	S	n60;21;n61;22;n62;23
59.5579516206426	S	n62;23;n63;24;n64;25
61.254313095266134	E	n48;19
61.936400750093995	L	n63;24
63.56425235037479	I	n64;25
65.13921464734916	E	n59;20
67.79713360797955	S	n61;22;n81;26;n82;27
69.50333777943767	E	n64;25
69.708668487013	E	n81;26
73.06969448986186	S	n82;27;n95;28;n96;29
74.41506599695214	I	n95;28
74.75708131456398	E	n95;28
77.82875716052023	E	n96;29
