TIME	EVENT	NODES
326.87976491920443	O	n231
335.14844581859495	S	n231;1;n259;2;n260;3
335.9542072500633	I	n260;3
348.7564267084988	E	n259;2
365.3354294195512	E	n260;3
