TIME	EVENT	NODES
13.194970689241297	O	n8
20.17060328540308	L	n8;1
