TIME	EVENT	NODES
326.95166584859277	O	n221
368.33285918754166	F	n221;1
