TIME	EVENT	NODES
327.0844570441831	O	n241
335.6967060113735	S	n241;1;n261;2;n262;3
347.701645545619	I	n262;3
348.7885287499841	I	n261;2
350.53960376877336	S	n262;3;n293;4;n294;5
351.87496673193976	T	n261;2;n261;6;n272;7
356.40752609609893	I	n293;4
359.16454116420584	E	n261;6
360.64093809484024	I	n272;7
361.7971077523211	S	n272;7;n309;8;n310;9
364.39265661618424	S	n310;9;n317;10;n318;11
365.9406802548836	S	n318;11;n329;12;n330;13
368.33285918754166	F	n330;13
368.33285918754166	F	n293;4
368.33285918754166	F	n329;12
368.33285918754166	F	n294;5
368.33285918754166	F	n317;10
368.33285918754166	F	n309;8
