TIME	EVENT	NODES
11.051116031045133	O	n1
12.049627919615546	E	n1;1
