TIME	EVENT	NODES
327.24053237157443	O	n242
364.30897272570144	I	n242;1
368.33285918754166	F	n242;1
