TIME	EVENT	NODES
327.2326156682638	O	n245
338.89935941368094	E	n245;1
