TIME	EVENT	NODES
327.3429569870606	O	n234
347.97884840936774	C	n234;1
368.33285918754166	F	n234;1
