TIME	EVENT	NODES
327.52381190965974	O	n234
352.24393712010743	I	n234;1
362.56799200207115	I	n234;1
368.33285918754166	F	n234;1
