TIME	EVENT	NODES
327.56522506685735	O	n237
332.1746173469738	I	n237;1
339.96246034945096	S	n237;1;n273;2;n274;3
351.64992078918175	I	n274;3
355.7899662740194	E	n274;3
365.43190125744275	S	n273;2;n325;4;n326;5
368.33285918754166	F	n325;4
368.33285918754166	F	n326;5
