TIME	EVENT	NODES
327.61443947359635	O	n221
363.9174287175796	L	n221;1
