TIME	EVENT	NODES
13.932357014540994	O	n2
26.256835295663688	E	n2;1
