TIME	EVENT	NODES
327.8419477616617	O	n187
331.87450342329106	I	n187;1
356.3119546325315	E	n187;1
