TIME	EVENT	NODES
11.717150334932915	O	n3
29.937005007446096	I	n3;1
30.337553612540763	S	n3;1;n7;2;n8;3
46.478728420132114	S	n8;3;n9;4;n10;5
47.92973633939138	I	n9;4
61.79975795398734	C	n7;2
74.46921559592096	L	n10;5
92.9245179792003	L	n7;2
102.88084729327288	S	n9;4;n19;6;n20;7
102.91412707414116	I	n20;7
148.9849759202454	S	n20;7;n27;8;n28;9
151.64420283807632	L	n19;6
153.15396712937255	S	n28;9;n35;10;n36;11
160.4412742129099	I	n35;10
166.54278869017284	E	n27;8
168.98360319176706	S	n36;11;n43;12;n44;13
170.44202290403095	I	n43;12
170.74431018111153	S	n43;12;n45;14;n46;15
172.7134354678535	S	n35;10;n51;16;n52;17
177.51846234063663	E	n45;14
184.38473418243225	S	n51;16;n57;18;n58;19
186.64933400282465	L	n44;13
186.8437036227284	I	n58;19
187.68489901940544	E	n46;15
190.5435930187316	C	n58;19
195.81562732113593	E	n58;19
198.83469529420407	I	n57;18
199.3404950915714	E	n57;18
214.42883463715737	I	n52;17
227.7086322008703	S	n52;17;n97;20;n98;21
231.04748031238898	L	n97;20
265.53054853056784	I	n98;21
268.55959621947636	I	n98;21
272.1052500981711	I	n98;21
297.82959460464184	E	n98;21
