TIME	EVENT	NODES
328.09990709200525	O	n249
332.03448059167346	D	n249;1;n249;2;n249;3
334.64198406508626	S	n249;2;n255;4;n256;5
334.64198406508626	S	n249;3;n255;6;n256;7
351.37042779145395	E	n255;4
351.37042779145395	E	n255;6
365.0168302374957	S	n256;5;n323;8;n324;9
365.0168302374957	S	n256;7;n323;10;n324;11
368.1525611161385	S	n324;9;n331;12;n332;13
368.1525611161385	S	n324;11;n331;14;n332;15
368.33285918754166	F	n331;12
368.33285918754166	F	n331;14
368.33285918754166	F	n323;8
368.33285918754166	F	n323;10
368.33285918754166	F	n332;13
368.33285918754166	F	n332;15
