TIME	EVENT	NODES
328.0588391169089	O	n242
354.61616949518344	C	n242;1
368.33285918754166	F	n242;1
