TIME	EVENT	NODES
328.3692015789692	O	n240
348.6720819320871	E	n240;1
