TIME	EVENT	NODES
328.2969172340188	O	n251
328.4542413926555	D	n251;1;n251;2;n251;3
333.0606416379389	I	n251;2
333.0606416379389	I	n251;3
334.9897297167016	S	n251;3;n257;4;n258;5
334.9897297167016	S	n251;2;n257;6;n258;7
344.02040770953147	S	n258;5;n283;8;n284;9
344.02040770953147	S	n258;7;n283;10;n284;11
346.5990500281604	S	n283;8;n287;12;n288;13
346.5990500281604	S	n283;10;n287;14;n288;15
350.8176003735088	I	n288;13
350.8176003735088	I	n288;15
353.118241409938	C	n288;13
353.2274467652559	S	n284;9;n297;16;n298;17
353.2274467652559	S	n284;11;n297;18;n298;19
363.0972454732712	I	n297;16
363.0972454732712	I	n297;18
365.96835020372475	I	n257;4
365.96835020372475	I	n257;6
368.33285918754166	F	n287;12
368.33285918754166	F	n287;14
368.33285918754166	F	n257;6
368.33285918754166	F	n257;4
368.33285918754166	F	n288;15
368.33285918754166	F	n288;13
368.33285918754166	F	n297;18
368.33285918754166	F	n297;16
368.33285918754166	F	n298;17
368.33285918754166	F	n298;19
