TIME	EVENT	NODES
328.3614670170313	O	n234
335.0700596475676	D	n234;1;n234;2;n234;3
367.00440120460644	T	n234;3;n234;4;n307;5
368.33285918754166	F	n307;5
368.33285918754166	F	n234;2
368.33285918754166	F	n234;4
