TIME	EVENT	NODES
328.5205585263134	O	n221
333.2243139310976	I	n221;1
368.33285918754166	F	n221;1
