TIME	EVENT	NODES
328.647006230083	O	n251
334.9897297167016	S	n251;1;n257;2;n258;3
344.02040770953147	S	n258;3;n283;4;n284;5
346.5990500281604	S	n283;4;n287;6;n288;7
353.2274467652559	S	n284;5;n297;8;n298;9
356.30516236171127	C	n257;2
364.1699775277031	I	n257;2
368.33285918754166	F	n287;6
368.33285918754166	F	n257;2
368.33285918754166	F	n288;7
368.33285918754166	F	n297;8
368.33285918754166	F	n298;9
