TIME	EVENT	NODES
328.64843197473976	O	n212
364.14479088522387	E	n212;1
