TIME	EVENT	NODES
11.921716449131758	O	n1
12.049627919615546	E	n1;1
