TIME	EVENT	NODES
328.8073089063697	O	n246
333.1967345000782	L	n246;1
