TIME	EVENT	NODES
328.7161311424119	O	n215
341.5385477573434	S	n215;1;n277;2;n278;3
353.9215649366431	D	n278;3;n278;4;n278;5
363.7179365725955	E	n277;2
368.33285918754166	F	n278;4
368.33285918754166	F	n278;5
