TIME	EVENT	NODES
11.992685308895169	O	n6
41.7308661144652	E	n6;1
