TIME	EVENT	NODES
328.85024215366445	O	n221
368.33285918754166	F	n221;1
