TIME	EVENT	NODES
329.4155601517819	O	n229
337.10932653973396	S	n229;1;n267;2;n268;3
338.767783708216	I	n268;3
339.1912092193621	I	n267;2
342.1368897672253	S	n267;2;n279;4;n280;5
346.5471506808192	S	n280;5;n285;6;n286;7
347.3589689447561	S	n268;3;n289;8;n290;9
354.79351283461045	C	n290;9
358.6980084274748	I	n289;8
362.14507068748986	S	n289;8;n311;10;n312;11
362.93877184850265	E	n279;4
368.33285918754166	F	n285;6
368.33285918754166	F	n286;7
368.33285918754166	F	n312;11
368.33285918754166	F	n311;10
368.33285918754166	F	n290;9
