TIME	EVENT	NODES
329.335634884792	O	n240
348.6720819320871	E	n240;1
