TIME	EVENT	NODES
329.74423066731396	O	n238
339.2225011890868	I	n238;1
341.45487342010534	I	n238;1
368.33285918754166	F	n238;1
