TIME	EVENT	NODES
329.8116005587854	O	n241
335.6967060113735	S	n241;1;n261;2;n262;3
343.1554015792672	L	n261;2
350.53960376877336	S	n262;3;n293;4;n294;5
364.35284617055726	I	n293;4
368.33285918754166	F	n293;4
368.33285918754166	F	n294;5
