TIME	EVENT	NODES
329.74932767208134	O	n254
335.92113620132585	S	n254;1;n263;2;n264;3
337.97908103918746	T	n263;2;n263;4;n258;5
339.658731161582	S	n264;3;n271;6;n272;7
344.02040770953147	S	n258;5;n283;8;n284;9
345.4788043565977	C	n272;7
345.82090257587765	I	n272;7
346.5990500281604	S	n283;8;n287;10;n288;11
347.404002699891	L	n263;4
348.5957409293679	I	n288;11
353.2274467652559	S	n284;9;n297;12;n298;13
361.7971077523211	S	n272;7;n309;14;n310;15
364.39265661618424	S	n310;15;n317;16;n318;17
365.9406802548836	S	n318;17;n329;18;n330;19
368.33285918754166	F	n330;19
368.33285918754166	F	n287;10
368.33285918754166	F	n329;18
368.33285918754166	F	n271;6
368.33285918754166	F	n288;11
368.33285918754166	F	n317;16
368.33285918754166	F	n297;12
368.33285918754166	F	n309;14
368.33285918754166	F	n298;13
