TIME	EVENT	NODES
329.9619146038929	O	n242
339.07648494786457	T	n242;1;n242;2;n258;3
344.02040770953147	S	n258;3;n283;4;n284;5
346.5990500281604	S	n283;4;n287;6;n288;7
347.6224118586533	L	n288;7
353.2274467652559	S	n284;5;n297;8;n298;9
368.33285918754166	F	n242;2
368.33285918754166	F	n287;6
368.33285918754166	F	n297;8
368.33285918754166	F	n298;9
