TIME	EVENT	NODES
329.8990671607247	O	n231
335.14844581859495	S	n231;1;n259;2;n260;3
348.7564267084988	E	n259;2
358.9382385141788	C	n260;3
365.3354294195512	E	n260;3
