TIME	EVENT	NODES
330.06959779175565	O	n246
341.11177427463167	S	n246;1;n275;2;n276;3
348.7700363029201	S	n275;2;n291;4;n292;5
348.95390899342993	L	n276;3
355.0583586205711	S	n292;5;n299;6;n300;7
368.33285918754166	F	n291;4
368.33285918754166	F	n300;7
368.33285918754166	F	n299;6
