TIME	EVENT	NODES
16.91318414021197	O	n5
23.67182323826393	E	n5;1
