TIME	EVENT	NODES
330.0744166623228	O	n236
330.84955524684165	I	n236;1
331.02825248126715	E	n236;1
