TIME	EVENT	NODES
330.15226052490885	O	n183
338.88137665606513	I	n183;1
349.00530575206363	E	n183;1
