TIME	EVENT	NODES
330.26541748436455	O	n252
332.49121349648993	I	n252;1
368.33285918754166	F	n252;1
