TIME	EVENT	NODES
330.41405697517285	O	n247
338.51097831531484	S	n247;1;n269;2;n270;3
342.0084771462701	T	n269;2;n269;4;n271;5
351.3681074054671	E	n270;3
359.43466135079467	S	n269;4;n307;6;n308;7
368.33285918754166	F	n307;6
368.33285918754166	F	n271;5
368.33285918754166	F	n308;7
