TIME	EVENT	NODES
330.60608040385915	O	n245
338.89935941368094	E	n245;1
