TIME	EVENT	NODES
330.55188776271285	O	n254
335.92113620132585	S	n254;1;n263;2;n264;3
339.658731161582	S	n264;3;n271;4;n272;5
345.9310300185252	L	n271;4
360.4210415950625	L	n272;5
362.34490449185506	I	n263;2
365.0417268907298	E	n263;2
