TIME	EVENT	NODES
330.7556052322539	O	n239
344.17113150681206	I	n239;1
346.628520298055	I	n239;1
365.6675909654996	S	n239;1;n327;2;n328;3
368.33285918754166	F	n327;2
368.33285918754166	F	n328;3
