TIME	EVENT	NODES
330.94005773134245	O	n241
335.6967060113735	S	n241;1;n261;2;n262;3
350.53960376877336	S	n262;3;n293;4;n294;5
357.01127497657194	L	n294;5
357.01127497657194	T	n293;4;n293;6;n294;7
359.16454116420584	E	n261;2
368.33285918754166	F	n293;6
368.33285918754166	F	n294;7
