TIME	EVENT	NODES
15.15136250711385	O	n6
41.7308661144652	E	n6;1
