TIME	EVENT	NODES
330.91303406470513	O	n254
335.92113620132585	S	n254;1;n263;2;n264;3
339.336458970353	I	n264;3
339.658731161582	S	n264;3;n271;4;n272;5
340.20057986553655	I	n271;4
360.8065026312082	I	n271;4
361.7971077523211	S	n272;5;n309;6;n310;7
364.39265661618424	S	n310;7;n317;8;n318;9
365.0417268907298	E	n263;2
365.9406802548836	S	n318;9;n329;10;n330;11
368.33285918754166	F	n330;11
368.33285918754166	F	n329;10
368.33285918754166	F	n271;4
368.33285918754166	F	n317;8
368.33285918754166	F	n309;6
