TIME	EVENT	NODES
330.96220279938757	O	n249
334.64198406508626	S	n249;1;n255;2;n256;3
351.37042779145395	E	n255;2
365.0168302374957	S	n256;3;n323;4;n324;5
368.1525611161385	S	n324;5;n331;6;n332;7
368.33285918754166	F	n331;6
368.33285918754166	F	n323;4
368.33285918754166	F	n332;7
