TIME	EVENT	NODES
17.20751382687399	O	n5
23.67182323826393	E	n5;1
