TIME	EVENT	NODES
331.5041085807952	O	n254
335.92113620132585	S	n254;1;n263;2;n264;3
337.7721043519087	I	n264;3
339.658731161582	S	n264;3;n271;4;n272;5
352.2112047522595	T	n271;4;n271;6;n291;7
361.7971077523211	S	n272;5;n309;8;n310;9
363.29248300529576	C	n271;6
364.39265661618424	S	n310;9;n317;10;n318;11
365.0417268907298	E	n263;2
365.9406802548836	S	n318;11;n329;12;n330;13
367.5397362546583	I	n317;10
368.33285918754166	F	n330;13
368.33285918754166	F	n291;7
368.33285918754166	F	n329;12
368.33285918754166	F	n271;6
368.33285918754166	F	n317;10
368.33285918754166	F	n309;8
