TIME	EVENT	NODES
331.37672220659874	O	n170
348.7549530494746	I	n170;1
368.33285918754166	F	n170;1
