TIME	EVENT	NODES
331.7234092907901	O	n244
368.33285918754166	F	n244;1
