TIME	EVENT	NODES
331.6099285396097	O	n212
364.14479088522387	E	n212;1
