TIME	EVENT	NODES
331.7683646965671	O	n242
366.1509257341363	T	n242;1;n242;2;n308;3
368.33285918754166	F	n242;2
368.33285918754166	F	n308;3
