TIME	EVENT	NODES
16.022283954586698	O	n5
37.49223249479537	L	n5;1
