TIME	EVENT	NODES
331.8865416461669	O	n170
360.4204975965426	C	n170;1
368.33285918754166	F	n170;1
