TIME	EVENT	NODES
331.9724117934974	O	n253
345.71198993976384	E	n253;1
