TIME	EVENT	NODES
331.96207906457107	O	n228
335.8913160342679	I	n228;1
342.3523845263514	S	n228;1;n281;2;n282;3
346.3018021962096	I	n282;3
368.33285918754166	F	n282;3
368.33285918754166	F	n281;2
