TIME	EVENT	NODES
332.0570755714284	O	n241
335.6967060113735	S	n241;1;n261;2;n262;3
349.1510230427086	T	n262;3;n262;4;n255;5
350.53960376877336	S	n262;4;n293;6;n294;7
351.37042779145395	E	n255;5
359.16454116420584	E	n261;2
359.65141834455005	C	n294;7
368.33285918754166	F	n293;6
368.33285918754166	F	n294;7
