TIME	EVENT	NODES
332.13213561879786	O	n212
364.14479088522387	E	n212;1
