TIME	EVENT	NODES
17.156968578386945	O	n6
41.7308661144652	E	n6;1
