TIME	EVENT	NODES
332.30996743063594	O	n240
348.6720819320871	E	n240;1
