TIME	EVENT	NODES
332.26387092513545	O	n238
368.33285918754166	F	n238;1
