TIME	EVENT	NODES
332.2187038461239	O	n240
348.6720819320871	E	n240;1
