TIME	EVENT	NODES
332.4180859465435	O	n239
365.6675909654996	S	n239;1;n327;2;n328;3
368.33285918754166	F	n327;2
368.33285918754166	F	n328;3
