TIME	EVENT	NODES
332.60183291529216	O	n237
335.1171106494238	T	n237;1;n237;2;n231;3
335.14844581859495	S	n231;3;n259;4;n260;5
339.96246034945096	S	n237;2;n273;6;n274;7
348.7564267084988	E	n259;4
355.7899662740194	E	n274;7
365.3354294195512	E	n260;5
365.43190125744275	S	n273;6;n325;8;n326;9
368.33285918754166	F	n325;8
368.33285918754166	F	n326;9
