TIME	EVENT	NODES
17.56738347829011	O	n6
30.236670997216574	L	n6;1
