TIME	EVENT	NODES
332.7212211365841	O	n253
345.71198993976384	E	n253;1
