TIME	EVENT	NODES
332.95355040279276	O	n230
341.2725469454676	D	n230;1;n230;2;n230;3
342.5090384748172	I	n230;2
342.5090384748172	I	n230;3
345.55860598523526	I	n230;3
345.55860598523526	I	n230;2
368.33285918754166	F	n230;2
368.33285918754166	F	n230;3
