TIME	EVENT	NODES
18.516020104499336	O	n9
20.239990944317555	S	n9;1;n11;2;n12;3
22.321333856383625	E	n11;2
24.41824382283007	S	n12;3;n15;4;n16;5
25.86298051660454	E	n15;4
27.04655144454366	E	n16;5
