TIME	EVENT	NODES
333.1305735254584	O	n170
368.33285918754166	F	n170;1
