TIME	EVENT	NODES
18.69227569424086	O	n2
26.256835295663688	E	n2;1
