TIME	EVENT	NODES
18.68996006067708	O	n9
22.401872151706616	S	n9;1;n11;2;n12;3
22.41324765578705	E	n12;3
27.490153610948553	I	n11;2
36.88128362876969	E	n11;2
