TIME	EVENT	NODES
333.6168913971618	O	n245
338.89935941368094	E	n245;1
