TIME	EVENT	NODES
333.8535374608064	O	n205
362.017380918619	L	n205;1
