TIME	EVENT	NODES
333.78234692972023	O	n244
347.64034388032036	I	n244;1
349.260475633971	I	n244;1
354.10974447075046	I	n244;1
360.41175156520734	I	n244;1
368.33285918754166	F	n244;1
