TIME	EVENT	NODES
19.029916307996682	O	n8
21.816021552269778	L	n8;1
