TIME	EVENT	NODES
333.75373879192773	O	n228
335.14884300633787	T	n228;1;n228;2;n255;3
339.0045593258577	I	n228;2
342.3523845263514	S	n228;2;n281;4;n282;5
346.14184622948244	I	n281;4
351.37042779145395	E	n255;3
355.5885060913253	I	n281;4
368.33285918754166	F	n282;5
368.33285918754166	F	n281;4
