TIME	EVENT	NODES
18.39183363596435	O	n6
29.491999615555155	I	n6;1
41.7308661144652	E	n6;1
