TIME	EVENT	NODES
333.96093952824094	O	n244
350.26948367359995	I	n244;1
357.86710060650717	C	n244;1
368.33285918754166	F	n244;1
