TIME	EVENT	NODES
334.06389579947887	O	n245
338.89935941368094	E	n245;1
