TIME	EVENT	NODES
334.17303872140263	O	n240
348.6720819320871	E	n240;1
