TIME	EVENT	NODES
334.08869342505005	O	n240
348.6720819320871	E	n240;1
