TIME	EVENT	NODES
334.29616439400456	O	n252
359.2476402173371	T	n252;1;n252;2;n305;3
360.7716002088989	I	n252;2
364.0086300239402	S	n305;3;n315;4;n316;5
365.0209186252094	T	n315;4;n315;6;n319;7
366.7726528228716	L	n315;6
368.33285918754166	F	n316;5
368.33285918754166	F	n252;2
368.33285918754166	F	n319;7
