TIME	EVENT	NODES
334.38071760262415	O	n187
356.3119546325315	E	n187;1
