TIME	EVENT	NODES
334.5952689006406	O	n221
368.33285918754166	F	n221;1
