TIME	EVENT	NODES
334.39114045463975	O	n252
342.22137994292405	L	n252;1
