TIME	EVENT	NODES
334.44370578807434	O	n238
368.33285918754166	F	n238;1
