TIME	EVENT	NODES
334.6638291701748	O	n254
335.92113620132585	S	n254;1;n263;2;n264;3
339.658731161582	S	n264;3;n271;4;n272;5
344.82142935245326	T	n272;5;n272;6;n274;7
355.7899662740194	E	n274;7
361.7971077523211	S	n272;6;n309;8;n310;9
364.39265661618424	S	n310;9;n317;10;n318;11
365.0417268907298	E	n263;2
365.9406802548836	S	n318;11;n329;12;n330;13
368.33285918754166	F	n330;13
368.33285918754166	F	n329;12
368.33285918754166	F	n271;4
368.33285918754166	F	n317;10
368.33285918754166	F	n309;8
