TIME	EVENT	NODES
19.680409751171137	O	n2
26.256835295663688	E	n2;1
