TIME	EVENT	NODES
334.68551433101766	O	n228
342.3523845263514	S	n228;1;n281;2;n282;3
346.14184622948244	I	n281;2
368.33285918754166	F	n282;3
368.33285918754166	F	n281;2
