TIME	EVENT	NODES
334.9159356725898	O	n247
338.51097831531484	S	n247;1;n269;2;n270;3
341.0305248344953	D	n270;3;n270;4;n270;5
343.50189851422664	I	n269;2
351.3681074054671	E	n270;4
351.3681074054671	E	n270;5
359.43466135079467	S	n269;2;n307;6;n308;7
365.58976355956855	T	n308;7;n308;8;n319;9
368.33285918754166	F	n307;6
368.33285918754166	F	n308;8
368.33285918754166	F	n319;9
