TIME	EVENT	NODES
334.97469287406847	O	n247
338.51097831531484	S	n247;1;n269;2;n270;3
339.70389927988145	I	n270;3
349.4240169424542	C	n269;2
351.3681074054671	E	n270;3
359.43466135079467	S	n269;2;n307;4;n308;5
368.33285918754166	F	n307;4
368.33285918754166	F	n308;5
