TIME	EVENT	NODES
20.03652741025687	O	n8
22.909819856367786	S	n8;1;n13;2;n14;3
23.16958522717262	I	n13;2
25.129387655320354	C	n14;3
26.84276481692311	S	n14;3;n17;4;n18;5
27.006246722162054	I	n18;5
30.407447078502262	S	n17;4;n21;6;n22;7
35.92070569340266	S	n21;6;n25;8;n26;9
38.13198542719755	E	n22;7
39.04702059247166	E	n13;2
40.759074860237476	E	n25;8
41.460534412007	L	n18;5
42.012799395780256	E	n26;9
