TIME	EVENT	NODES
335.1932722565582	O	n230
368.33285918754166	F	n230;1
