TIME	EVENT	NODES
335.1299390432117	O	n230
368.33285918754166	F	n230;1
