TIME	EVENT	NODES
335.2530718836266	O	n257
368.33285918754166	F	n257;1
