TIME	EVENT	NODES
19.88959432619371	O	n5
23.67182323826393	E	n5;1
