TIME	EVENT	NODES
20.312625818918004	O	n10
29.33010074008584	L	n10;1
