TIME	EVENT	NODES
335.35291992787677	O	n260
365.3354294195512	E	n260;1
