TIME	EVENT	NODES
20.34641581315247	O	n2
26.256835295663688	E	n2;1
