TIME	EVENT	NODES
335.646227462735	O	n170
356.58845841528614	L	n170;1
