TIME	EVENT	NODES
19.920423597570075	O	n5
23.67182323826393	E	n5;1
