TIME	EVENT	NODES
335.8427794600027	O	n257
338.60724308394225	I	n257;1
364.1699775277031	I	n257;1
368.33285918754166	F	n257;1
