TIME	EVENT	NODES
335.708456651447	O	n230
342.5090384748172	I	n230;1
368.33285918754166	F	n230;1
