TIME	EVENT	NODES
335.8183982232568	O	n244
368.33285918754166	F	n244;1
