TIME	EVENT	NODES
335.96321753866596	O	n205
358.3633397875162	I	n205;1
360.29578122550197	D	n205;1;n205;2;n205;3
363.72092949357767	S	n205;2;n313;4;n314;5
363.72092949357767	S	n205;3;n313;6;n314;7
368.33285918754166	F	n314;5
368.33285918754166	F	n314;7
368.33285918754166	F	n313;4
368.33285918754166	F	n313;6
