TIME	EVENT	NODES
335.92741263730693	O	n215
341.5385477573434	S	n215;1;n277;2;n278;3
350.56604478187114	L	n277;2
356.7501230452111	I	n278;3
368.33285918754166	F	n278;3
