TIME	EVENT	NODES
336.08444453224075	O	n230
342.47020887563514	L	n230;1
