TIME	EVENT	NODES
336.4678932913572	O	n242
340.69882848688314	I	n242;1
344.69190873165553	I	n242;1
368.33285918754166	F	n242;1
