TIME	EVENT	NODES
20.612622032913695	O	n11
22.321333856383625	E	n11;1
