TIME	EVENT	NODES
336.75696095026274	O	n230
346.24416899405475	T	n230;1;n230;2;n261;3
359.16454116420584	E	n261;3
368.33285918754166	F	n230;2
