TIME	EVENT	NODES
336.70500597506003	O	n212
364.14479088522387	E	n212;1
