TIME	EVENT	NODES
336.80965605273445	O	n221
344.34016286681936	I	n221;1
368.33285918754166	F	n221;1
