TIME	EVENT	NODES
336.95573642945453	O	n266
337.9466629699342	E	n266;1
