TIME	EVENT	NODES
337.01837798376266	O	n170
368.33285918754166	F	n170;1
