TIME	EVENT	NODES
21.9889016860235	O	n6
24.716849293024012	I	n6;1
27.538398428414286	T	n6;1;n6;2;n5;3
41.7308661144652	E	n6;2
55.47305235114726	I	n5;3
65.79458869924449	S	n5;3;n11;4;n12;5
73.44407882111044	C	n12;5
78.67196232775571	E	n11;4
80.59920766624008	E	n12;5
