TIME	EVENT	NODES
20.895000656107015	O	n11
22.321333856383625	E	n11;1
