TIME	EVENT	NODES
337.1794580815092	O	n260
338.2325154907867	I	n260;1
365.3354294195512	E	n260;1
