TIME	EVENT	NODES
337.2778764838188	O	n260
365.3354294195512	E	n260;1
