TIME	EVENT	NODES
337.3481488850175	O	n183
349.00530575206363	E	n183;1
