TIME	EVENT	NODES
337.324499524682	O	n247
338.51097831531484	S	n247;1;n269;2;n270;3
351.3681074054671	E	n270;3
359.43466135079467	S	n269;2;n307;4;n308;5
360.049847511758	I	n308;5
368.33285918754166	F	n307;4
368.33285918754166	F	n308;5
