TIME	EVENT	NODES
337.50653038569567	O	n250
349.8807346723329	I	n250;1
352.06997209264966	L	n250;1
