TIME	EVENT	NODES
337.60654047341353	O	n252
350.3253154483715	I	n252;1
368.33285918754166	F	n252;1
