TIME	EVENT	NODES
22.04468066463649	O	n9
22.401872151706616	S	n9;1;n11;2;n12;3
22.41324765578705	E	n12;3
36.88128362876969	E	n11;2
