TIME	EVENT	NODES
337.8098208813401	O	n212
364.14479088522387	E	n212;1
