TIME	EVENT	NODES
337.9125392934251	O	n262
349.93405363826025	I	n262;1
350.53960376877336	S	n262;1;n293;2;n294;3
353.4437139912468	I	n294;3
362.420945418132	I	n294;3
368.33285918754166	F	n293;2
368.33285918754166	F	n294;3
