TIME	EVENT	NODES
337.98299135958473	O	n267
342.1368897672253	S	n267;1;n279;2;n280;3
346.5471506808192	S	n280;3;n285;4;n286;5
353.51199049935195	L	n279;2
368.33285918754166	F	n285;4
368.33285918754166	F	n286;5
