TIME	EVENT	NODES
22.29571566037189	O	n8
22.909819856367786	S	n8;1;n13;2;n14;3
26.84276481692311	S	n14;3;n17;4;n18;5
30.407447078502262	S	n17;4;n21;6;n22;7
35.92070569340266	S	n21;6;n25;8;n26;9
38.13198542719755	E	n22;7
39.04702059247166	E	n13;2
40.759074860237476	E	n25;8
42.012799395780256	E	n26;9
42.357769946350246	S	n18;5;n31;10;n32;11
46.694210788673075	E	n32;11
50.79591476008908	S	n31;10;n39;12;n40;13
52.618978043968546	S	n39;12;n47;14;n48;15
55.45651211006114	E	n47;14
56.86864330959981	I	n48;15
58.30047483794531	S	n40;13;n59;16;n60;17
58.94799355594872	S	n60;17;n61;18;n62;19
59.5579516206426	S	n62;19;n63;20;n64;21
61.254313095266134	E	n48;15
62.59127011359874	I	n59;16
65.13921464734916	E	n59;16
67.79713360797955	S	n61;18;n81;22;n82;23
68.98399033518078	C	n82;23
69.50333777943767	E	n64;21
69.708668487013	E	n81;22
73.06969448986186	S	n82;23;n95;24;n96;25
74.75708131456398	E	n95;24
75.25425761489372	I	n63;20
77.82875716052023	E	n96;25
77.87291920469795	S	n63;20;n111;26;n112;27
79.6274454961691	I	n111;26
80.13789888595848	S	n112;27;n121;28;n122;29
84.02661955226591	S	n122;29;n129;30;n130;31
85.22461225381278	I	n111;26
86.0006184609162	E	n121;28
86.51037182362073	S	n111;26;n147;32;n148;33
89.06817155250252	I	n130;31
89.53953138554083	S	n147;32;n163;34;n164;35
91.12710587207293	S	n129;30;n171;36;n172;37
91.44039855751173	S	n164;35;n177;38;n178;39
91.9252527843899	S	n148;33;n183;40;n184;41
93.34880801811472	E	n183;40
93.40783796646144	S	n130;31;n189;42;n190;43
93.64609162057884	E	n178;39
96.77409377030416	E	n190;43
100.61091691856613	E	n171;36
102.58874847283909	E	n189;42
102.85198275745971	I	n163;34
106.02298060458065	E	n172;37
110.0002769715713	L	n163;34
114.18324510306947	S	n184;41;n303;44;n304;45
118.21581233262908	S	n177;38;n327;46;n328;47
118.26466469545224	S	n328;47;n329;48;n330;49
118.26703542017893	I	n304;45
119.30590668260064	E	n303;44
119.93146279771446	S	n304;45;n339;50;n340;51
121.7585378305599	S	n330;49;n353;52;n354;53
121.85255750893415	S	n339;50;n357;54;n358;55
122.20096298192965	F	n327;46
122.20096298192965	F	n357;54
122.20096298192965	F	n329;48
122.20096298192965	F	n358;55
122.20096298192965	F	n340;51
122.20096298192965	F	n354;53
122.20096298192965	F	n353;52
