TIME	EVENT	NODES
338.20764149632464	O	n240
344.3953555923527	C	n240;1
348.6720819320871	E	n240;1
