TIME	EVENT	NODES
22.195283566141512	O	n5
23.67182323826393	E	n5;1
