TIME	EVENT	NODES
338.3129346362148	O	n267
342.1368897672253	S	n267;1;n279;2;n280;3
346.5471506808192	S	n280;3;n285;4;n286;5
349.4477751147952	L	n279;2
349.65079560628845	I	n286;5
368.33285918754166	F	n285;4
368.33285918754166	F	n286;5
