TIME	EVENT	NODES
338.25110675275266	O	n258
339.29900506616656	I	n258;1
344.02040770953147	S	n258;1;n283;2;n284;3
346.5990500281604	S	n283;2;n287;4;n288;5
350.999681588702	I	n288;5
353.2274467652559	S	n284;3;n297;6;n298;7
357.18077313562986	I	n288;5
357.7069996964234	T	n287;4;n287;8;n205;9
363.0972454732712	I	n297;6
363.72092949357767	S	n205;9;n313;10;n314;11
368.33285918754166	F	n287;8
368.33285918754166	F	n288;5
368.33285918754166	F	n314;11
368.33285918754166	F	n297;6
368.33285918754166	F	n313;10
368.33285918754166	F	n298;7
