TIME	EVENT	NODES
338.2319775955706	O	n253
345.71198993976384	E	n253;1
