TIME	EVENT	NODES
338.41314033932014	O	n221
346.8347044409321	I	n221;1
368.33285918754166	F	n221;1
