TIME	EVENT	NODES
338.3350613691362	O	n183
349.00530575206363	E	n183;1
