TIME	EVENT	NODES
338.33509577309036	O	n221
359.8856507536519	C	n221;1
368.33285918754166	F	n221;1
