TIME	EVENT	NODES
338.56540688734975	O	n257
368.33285918754166	F	n257;1
