TIME	EVENT	NODES
338.56313133814865	O	n258
344.02040770953147	S	n258;1;n283;2;n284;3
345.0122289357593	L	n283;2
353.2274467652559	S	n284;3;n297;4;n298;5
353.4262085420484	I	n298;5
359.9936661597378	I	n297;4
368.33285918754166	F	n297;4
368.33285918754166	F	n298;5
