TIME	EVENT	NODES
338.6388380485814	O	n257
368.33285918754166	F	n257;1
