TIME	EVENT	NODES
338.7878077458047	O	n170
368.33285918754166	F	n170;1
