TIME	EVENT	NODES
22.70874518025744	O	n14
30.85807005283699	E	n14;1
