TIME	EVENT	NODES
22.552013266424566	O	n2
26.256835295663688	E	n2;1
