TIME	EVENT	NODES
338.81609160250986	O	n230
361.0073631361826	I	n230;1
368.33285918754166	F	n230;1
