TIME	EVENT	NODES
338.9251986174013	O	n221
368.33285918754166	F	n221;1
