TIME	EVENT	NODES
23.842973511282914	O	n6
31.748971352517326	I	n6;1
41.7308661144652	E	n6;1
