TIME	EVENT	NODES
339.04115113306017	O	n230
354.66779287123256	C	n230;1
368.33285918754166	F	n230;1
