TIME	EVENT	NODES
24.15588586859201	O	n5
32.97209597196211	T	n5;1;n5;2;n8;3
39.22135132233037	L	n8;3
41.13872881180504	I	n5;2
65.79458869924449	S	n5;2;n11;4;n12;5
78.67196232775571	E	n11;4
80.59920766624008	E	n12;5
