TIME	EVENT	NODES
22.852402526619432	O	n5
23.67182323826393	E	n5;1
