TIME	EVENT	NODES
339.3357143304202	O	n269
344.65876038946266	I	n269;1
348.27187592580316	D	n269;1;n269;2;n269;3
351.698783420854	I	n269;2
351.698783420854	I	n269;3
359.43466135079467	S	n269;3;n307;4;n308;5
359.43466135079467	S	n269;2;n307;6;n308;7
368.33285918754166	F	n307;4
368.33285918754166	F	n307;6
368.33285918754166	F	n308;5
368.33285918754166	F	n308;7
