TIME	EVENT	NODES
339.36060413451673	O	n242
368.33285918754166	F	n242;1
