TIME	EVENT	NODES
23.163414232550025	O	n11
36.88128362876969	E	n11;1
