TIME	EVENT	NODES
23.633658644901896	O	n13
27.40504012991567	L	n13;1
