TIME	EVENT	NODES
340.12055288076846	O	n261
341.48279955515943	I	n261;1
359.16454116420584	E	n261;1
