TIME	EVENT	NODES
340.12424510776884	O	n205
350.55399258673447	T	n205;1;n205;2;n277;3
353.9504502431209	I	n205;2
356.10359043255374	I	n205;2
362.8859385136637	I	n205;2
363.7179365725955	E	n277;3
363.72092949357767	S	n205;2;n313;4;n314;5
368.33285918754166	F	n314;5
368.33285918754166	F	n313;4
