TIME	EVENT	NODES
340.11318794752077	O	n272
357.51093587746277	C	n272;1
361.7971077523211	S	n272;1;n309;2;n310;3
362.96209378659995	I	n310;3
364.39265661618424	S	n310;3;n317;4;n318;5
365.9406802548836	S	n318;5;n329;6;n330;7
367.86107560390747	C	n309;2
368.33285918754166	F	n330;7
368.33285918754166	F	n329;6
368.33285918754166	F	n317;4
368.33285918754166	F	n309;2
