TIME	EVENT	NODES
23.821492787560743	O	n13
39.04702059247166	E	n13;1
