TIME	EVENT	NODES
340.30019564310925	O	n187
356.3119546325315	E	n187;1
