TIME	EVENT	NODES
23.98372454999934	O	n2
26.256835295663688	E	n2;1
