TIME	EVENT	NODES
340.20296309859816	O	n187
356.3119546325315	E	n187;1
