TIME	EVENT	NODES
340.3530949596523	O	n239
342.5079525425039	I	n239;1
365.6675909654996	S	n239;1;n327;2;n328;3
366.8583197178368	I	n327;2
368.33285918754166	F	n327;2
368.33285918754166	F	n328;3
