TIME	EVENT	NODES
340.38809055901487	O	n170
354.1243629477875	I	n170;1
363.16062832909114	I	n170;1
368.33285918754166	F	n170;1
