TIME	EVENT	NODES
340.370272186662	O	n212
345.20014562866083	C	n212;1
364.14479088522387	E	n212;1
