TIME	EVENT	NODES
340.45131451329445	O	n250
351.60343713593574	I	n250;1
356.5243775902817	S	n250;1;n303;2;n304;3
364.49514583717956	S	n304;3;n319;4;n320;5
368.33285918754166	F	n303;2
368.33285918754166	F	n320;5
368.33285918754166	F	n319;4
