TIME	EVENT	NODES
24.666217426679335	O	n2
26.256835295663688	E	n2;1
