TIME	EVENT	NODES
24.837325151780824	O	n13
37.028064338371934	C	n13;1
39.04702059247166	E	n13;1
