TIME	EVENT	NODES
340.8985293335457	O	n268
346.4331403080224	I	n268;1
346.4451742579985	I	n268;1
347.3589689447561	S	n268;1;n289;2;n290;3
349.3637280478884	I	n289;2
357.8272554601683	I	n289;2
362.14507068748986	S	n289;2;n311;4;n312;5
368.33285918754166	F	n312;5
368.33285918754166	F	n311;4
368.33285918754166	F	n290;3
