TIME	EVENT	NODES
340.8969166381207	O	n263
365.0417268907298	E	n263;1
