TIME	EVENT	NODES
23.807653188220712	O	n14
30.85807005283699	E	n14;1
