TIME	EVENT	NODES
340.83366347361095	O	n170
368.33285918754166	F	n170;1
