TIME	EVENT	NODES
340.8442307137645	O	n183
349.00530575206363	E	n183;1
