TIME	EVENT	NODES
340.9403762121807	O	n263
342.34481668106974	C	n263;1
346.5135930678274	I	n263;1
353.8418010865622	L	n263;1
