TIME	EVENT	NODES
341.1011667590612	O	n271
368.33285918754166	F	n271;1
