TIME	EVENT	NODES
340.92882780574314	O	n212
364.14479088522387	E	n212;1
