TIME	EVENT	NODES
341.25198987958265	O	n263
365.0417268907298	E	n263;1
