TIME	EVENT	NODES
24.02208805627067	O	n14
30.85807005283699	E	n14;1
