TIME	EVENT	NODES
341.3105529311421	O	n215
341.5385477573434	S	n215;1;n277;2;n278;3
348.1955773991347	T	n278;3;n278;4;n269;5
359.43466135079467	S	n269;5;n307;6;n308;7
363.7179365725955	E	n277;2
367.179064540445	I	n278;4
368.33285918754166	F	n307;6
368.33285918754166	F	n308;7
368.33285918754166	F	n278;4
