TIME	EVENT	NODES
25.730402938409146	O	n2
26.256835295663688	E	n2;1
