TIME	EVENT	NODES
24.08591347112351	O	n14
30.85807005283699	E	n14;1
