TIME	EVENT	NODES
25.73097281682929	O	n15
25.86298051660454	E	n15;1
