TIME	EVENT	NODES
24.26671427313506	O	n11
36.88128362876969	E	n11;1
