TIME	EVENT	NODES
341.4952812900632	O	n221
362.2178354164318	T	n221;1;n221;2;n271;3
368.33285918754166	F	n271;3
368.33285918754166	F	n221;2
