TIME	EVENT	NODES
341.51088196365953	O	n170
368.33285918754166	F	n170;1
