TIME	EVENT	NODES
24.4424110895756	O	n11
36.88128362876969	E	n11;1
