TIME	EVENT	NODES
24.450730869855814	O	n17
29.034297600007672	I	n17;1
29.746783029605652	S	n17;1;n21;2;n22;3
31.49007846860047	S	n22;3;n23;4;n24;5
33.3266154078909	E	n24;5
35.18763541247925	S	n23;4;n31;6;n32;7
35.678876359008704	S	n32;7;n33;8;n34;9
37.43449429937737	E	n33;8
42.16982539729144	S	n21;2;n35;10;n36;11
42.932085337062354	S	n35;10;n37;12;n38;13
43.96599703156712	S	n38;13;n39;14;n40;15
45.829514390972626	S	n40;15;n43;16;n44;17
46.54911121911787	S	n43;16;n45;18;n46;19
46.684750265085036	E	n39;14
46.87578296073487	S	n36;11;n47;20;n48;21
47.034496220930585	S	n46;19;n49;22;n50;23
47.16080095237834	I	n45;18
47.20567624080078	E	n37;12
47.6395298760472	E	n44;17
47.801935550276376	E	n34;9
48.913423218412746	S	n45;18;n51;24;n52;25
51.65188497381932	E	n51;24
52.00683670020086	E	n31;6
52.6867131228639	I	n49;22
54.22525593253356	S	n49;22;n53;26;n54;27
54.86457311440032	S	n54;27;n55;28;n56;29
56.27158308445796	E	n56;29
57.23402616228817	E	n48;21
58.54276733235532	L	n52;25
58.8528404549742	E	n50;23
64.02821562048103	C	n47;20
69.27734310787434	I	n55;28
69.3614836110607	S	n47;20;n71;30;n72;31
70.54207454409047	I	n53;26
70.88343313549224	E	n72;31
71.89828452143536	E	n55;28
74.41436690001827	E	n53;26
80.57463946636354	S	n71;30;n83;32;n84;33
83.36154141654652	I	n83;32
86.60669252253648	E	n83;32
91.78210615836441	S	n84;33;n103;34;n104;35
101.95642972344521	I	n104;35
102.82426853750586	E	n103;34
106.57096831231419	E	n104;35
