TIME	EVENT	NODES
341.7718220359733	O	n274
355.7899662740194	E	n274;1
