TIME	EVENT	NODES
341.8345841626996	O	n271
368.33285918754166	F	n271;1
