TIME	EVENT	NODES
341.9232413563627	O	n221
368.33285918754166	F	n221;1
