TIME	EVENT	NODES
341.9817195917235	O	n240
348.6720819320871	E	n240;1
