TIME	EVENT	NODES
342.04704668018763	O	n253
345.71198993976384	E	n253;1
