TIME	EVENT	NODES
342.0236888961957	O	n187
356.3119546325315	E	n187;1
