TIME	EVENT	NODES
342.29038695499736	O	n234
368.33285918754166	F	n234;1
