TIME	EVENT	NODES
342.2465716451199	O	n277
363.7179365725955	E	n277;1
