TIME	EVENT	NODES
342.2652502870626	O	n259
348.7564267084988	E	n259;1
