TIME	EVENT	NODES
342.3816719922175	O	n277
350.1521120340722	T	n277;1;n277;2;n265;3
356.05385183686974	I	n277;2
357.83898267386695	E	n265;3
363.7179365725955	E	n277;2
