TIME	EVENT	NODES
28.640233137619028	O	n6
29.491999615555155	I	n6;1
41.7308661144652	E	n6;1
