TIME	EVENT	NODES
342.43309735777666	O	n187
356.3119546325315	E	n187;1
