TIME	EVENT	NODES
342.5426555579171	O	n242
345.2003141765761	I	n242;1
368.33285918754166	F	n242;1
