TIME	EVENT	NODES
342.73680799760535	O	n187
356.3119546325315	E	n187;1
