TIME	EVENT	NODES
25.389518379932106	O	n14
30.85807005283699	E	n14;1
