TIME	EVENT	NODES
342.6711558425132	O	n240
346.2149137392892	I	n240;1
346.4200038816308	I	n240;1
348.6720819320871	E	n240;1
