TIME	EVENT	NODES
342.7620578437263	O	n263
365.0417268907298	E	n263;1
