TIME	EVENT	NODES
342.6284050192472	O	n261
359.16454116420584	E	n261;1
