TIME	EVENT	NODES
28.913835031566478	O	n5
36.61692873719382	C	n5;1
49.20370780491597	I	n5;1
55.98372758862969	T	n5;1;n5;2;n10;3
65.79458869924449	S	n5;2;n11;4;n12;5
76.60076695800359	I	n11;4
76.83040379162496	S	n10;3;n13;6;n14;7
78.67196232775571	E	n11;4
80.59920766624008	E	n12;5
80.65664055191147	S	n14;7;n15;8;n16;9
80.83394855857269	I	n16;9
85.22349210912938	L	n16;9
85.22349210912938	T	n15;8;n15;10;n16;11
86.18991809771326	L	n13;6
90.03849608767848	E	n15;10
90.74528338734476	E	n16;11
