TIME	EVENT	NODES
27.009906608794726	O	n17
28.096169128527592	D	n17;1;n17;2;n17;3
30.407447078502262	S	n17;2;n21;4;n22;5
30.407447078502262	S	n17;3;n21;6;n22;7
35.92070569340266	S	n21;4;n25;8;n26;9
35.92070569340266	S	n21;6;n25;10;n26;11
38.13198542719755	E	n22;5
38.13198542719755	E	n22;7
40.759074860237476	E	n25;8
40.759074860237476	E	n25;10
42.012799395780256	E	n26;9
42.012799395780256	E	n26;11
