TIME	EVENT	NODES
25.468061356635708	O	n14
30.85807005283699	E	n14;1
