TIME	EVENT	NODES
342.8006145436164	O	n240
348.6720819320871	E	n240;1
