TIME	EVENT	NODES
342.93753607951476	O	n239
345.3514228150454	I	n239;1
350.90136533230094	I	n239;1
365.6675909654996	S	n239;1;n327;2;n328;3
368.33285918754166	F	n327;2
368.33285918754166	F	n328;3
