TIME	EVENT	NODES
342.9285216041962	O	n282
343.52740554273055	L	n282;1
