TIME	EVENT	NODES
342.97433459394443	O	n281
368.33285918754166	F	n281;1
