TIME	EVENT	NODES
343.04823695028654	O	n265
357.83898267386695	E	n265;1
