TIME	EVENT	NODES
343.1245288439472	O	n183
349.00530575206363	E	n183;1
