TIME	EVENT	NODES
27.17305657513651	O	n17
30.407447078502262	S	n17;1;n21;2;n22;3
31.268244962692677	I	n21;2
33.24390038696068	I	n22;3
35.92070569340266	S	n21;2;n25;4;n26;5
38.13198542719755	E	n22;3
40.759074860237476	E	n25;4
42.012799395780256	E	n26;5
