TIME	EVENT	NODES
343.1559992985493	O	n270
351.3681074054671	E	n270;1
