TIME	EVENT	NODES
343.29571051660423	O	n238
368.33285918754166	F	n238;1
