TIME	EVENT	NODES
26.027600091696726	O	n14
30.85807005283699	E	n14;1
