TIME	EVENT	NODES
343.1521867411035	O	n270
351.3681074054671	E	n270;1
