TIME	EVENT	NODES
26.052701544327554	O	n14
30.85807005283699	E	n14;1
