TIME	EVENT	NODES
343.3803391266589	O	n282
368.33285918754166	F	n282;1
