TIME	EVENT	NODES
343.3674737818809	O	n221
353.21678740997504	I	n221;1
368.33285918754166	F	n221;1
