TIME	EVENT	NODES
343.36382356705957	O	n240
348.6720819320871	E	n240;1
