TIME	EVENT	NODES
343.47209116134206	O	n281
346.14184622948244	I	n281;1
355.5885060913253	I	n281;1
368.33285918754166	F	n281;1
