TIME	EVENT	NODES
27.483980309001822	O	n13
39.04702059247166	E	n13;1
