TIME	EVENT	NODES
343.53472564655016	O	n272
361.7971077523211	S	n272;1;n309;2;n310;3
364.39265661618424	S	n310;3;n317;4;n318;5
365.67303807214716	T	n318;5;n318;6;n312;7
365.9406802548836	S	n318;6;n329;8;n330;9
366.7783321706037	I	n329;8
368.33285918754166	F	n330;9
368.33285918754166	F	n329;8
368.33285918754166	F	n312;7
368.33285918754166	F	n317;4
368.33285918754166	F	n309;2
