TIME	EVENT	NODES
343.7278124267347	O	n281
361.7967567291923	I	n281;1
368.33285918754166	F	n281;1
