TIME	EVENT	NODES
27.625416615063003	O	n17
30.407447078502262	S	n17;1;n21;2;n22;3
32.0830179410103	I	n21;2
35.92070569340266	S	n21;2;n25;4;n26;5
38.13198542719755	E	n22;3
40.759074860237476	E	n25;4
42.012799395780256	E	n26;5
