TIME	EVENT	NODES
343.9145098786582	O	n255
351.37042779145395	E	n255;1
