TIME	EVENT	NODES
343.84963286234955	O	n278
368.33285918754166	F	n278;1
