TIME	EVENT	NODES
26.349537900212972	O	n11
36.88128362876969	E	n11;1
