TIME	EVENT	NODES
343.8632577233835	O	n282
368.33285918754166	F	n282;1
