TIME	EVENT	NODES
343.91093058346763	O	n221
368.33285918754166	F	n221;1
