TIME	EVENT	NODES
344.00677702716035	O	n279
362.93877184850265	E	n279;1
