TIME	EVENT	NODES
343.9979088842666	O	n262
348.80572182653924	C	n262;1
350.53960376877336	S	n262;1;n293;2;n294;3
357.0452766754948	T	n294;3;n294;4;n302;5
364.8824680743981	S	n302;5;n321;6;n322;7
366.1916889748353	I	n293;2
368.33285918754166	F	n322;7
368.33285918754166	F	n293;2
368.33285918754166	F	n294;4
368.33285918754166	F	n321;6
