TIME	EVENT	NODES
27.93931946015806	O	n18
42.357769946350246	S	n18;1;n31;2;n32;3
45.12853072200111	I	n31;2
46.694210788673075	E	n32;3
50.79591476008908	S	n31;2;n39;4;n40;5
52.618978043968546	S	n39;4;n47;6;n48;7
55.45651211006114	E	n47;6
57.734022056741686	I	n40;5
58.30047483794531	S	n40;5;n59;8;n60;9
58.47095834175556	I	n60;9
58.94799355594872	S	n60;9;n61;10;n62;11
59.5579516206426	S	n62;11;n63;12;n64;13
61.254313095266134	E	n48;7
65.04258396789089	C	n63;12
65.13921464734916	E	n59;8
67.79713360797955	S	n61;10;n81;14;n82;15
68.63556632322181	I	n64;13
69.50333777943767	E	n64;13
69.708668487013	E	n81;14
73.06969448986186	S	n82;15;n95;16;n96;17
73.97468278731274	I	n96;17
74.75708131456398	E	n95;16
77.82875716052023	E	n96;17
77.87291920469795	S	n63;12;n111;18;n112;19
80.13789888595848	S	n112;19;n121;20;n122;21
84.02661955226591	S	n122;21;n129;22;n130;23
86.0006184609162	E	n121;20
86.51037182362073	S	n111;18;n147;24;n148;25
89.53953138554083	S	n147;24;n163;26;n164;27
90.0520461878374	I	n129;22
91.12710587207293	S	n129;22;n171;28;n172;29
91.44039855751173	S	n164;27;n177;30;n178;31
91.9252527843899	S	n148;25;n183;32;n184;33
93.34880801811472	E	n183;32
93.40783796646144	S	n130;23;n189;34;n190;35
93.64609162057884	E	n178;31
96.77409377030416	E	n190;35
97.10441901511594	I	n189;34
98.6594907445444	I	n163;26
99.90223535584413	I	n172;29
100.61091691856613	E	n171;28
102.58874847283909	E	n189;34
102.85198275745971	I	n163;26
104.34828052989774	I	n177;30
105.44451450929559	I	n172;29
106.02298060458065	E	n172;29
112.6748478242386	I	n184;33
112.94097464488055	I	n177;30
114.18324510306947	S	n184;33;n303;36;n304;37
114.41278485366259	S	n163;26;n305;38;n306;39
115.64503547387919	I	n304;37
117.82050705523599	L	n306;39
118.03761128729664	C	n304;37
118.21581233262908	S	n177;30;n327;40;n328;41
118.26466469545224	S	n328;41;n329;42;n330;43
119.30590668260064	E	n303;36
119.93146279771446	S	n304;37;n339;44;n340;45
121.7585378305599	S	n330;43;n353;46;n354;47
121.85255750893415	S	n339;44;n357;48;n358;49
122.20096298192965	F	n327;40
122.20096298192965	F	n357;48
122.20096298192965	F	n329;42
122.20096298192965	F	n358;49
122.20096298192965	F	n340;45
122.20096298192965	F	n354;47
122.20096298192965	F	n353;46
122.20096298192965	F	n305;38
