TIME	EVENT	NODES
344.0478381200218	O	n242
344.69190873165553	I	n242;1
368.33285918754166	F	n242;1
