TIME	EVENT	NODES
344.19517277607207	O	n253
345.71198993976384	E	n253;1
