TIME	EVENT	NODES
344.14280137788876	O	n270
351.3681074054671	E	n270;1
