TIME	EVENT	NODES
344.146068750289	O	n274
347.69967403529307	I	n274;1
352.54209778934523	L	n274;1
