TIME	EVENT	NODES
26.985893138609907	O	n11
36.88128362876969	E	n11;1
