TIME	EVENT	NODES
344.30654878714535	O	n252
368.33285918754166	F	n252;1
