TIME	EVENT	NODES
344.4808506045806	O	n282
346.31794207816046	I	n282;1
352.32944441421955	I	n282;1
355.68964542018165	I	n282;1
368.33285918754166	F	n282;1
