TIME	EVENT	NODES
344.52620142014285	O	n221
368.33285918754166	F	n221;1
