TIME	EVENT	NODES
344.52539831771855	O	n277
363.7179365725955	E	n277;1
