TIME	EVENT	NODES
27.495010553741075	O	n15
27.840020452057974	I	n15;1
32.38286256948116	E	n15;1
