TIME	EVENT	NODES
344.57599156108716	O	n277
363.7179365725955	E	n277;1
