TIME	EVENT	NODES
344.64614563381264	O	n238
368.33285918754166	F	n238;1
