TIME	EVENT	NODES
344.6550209627065	O	n187
350.09767721780577	I	n187;1
356.3119546325315	E	n187;1
