TIME	EVENT	NODES
27.622859715309648	O	n14
30.85807005283699	E	n14;1
