TIME	EVENT	NODES
344.970559675083	O	n170
368.33285918754166	F	n170;1
