TIME	EVENT	NODES
345.05605756334023	O	n274
355.7899662740194	E	n274;1
