TIME	EVENT	NODES
345.034935286126	O	n262
350.53960376877336	S	n262;1;n293;2;n294;3
366.1916889748353	I	n293;2
368.33285918754166	F	n293;2
368.33285918754166	F	n294;3
