TIME	EVENT	NODES
344.98857642079105	O	n259
348.7564267084988	E	n259;1
