TIME	EVENT	NODES
345.18391676089254	O	n259
348.7564267084988	E	n259;1
