TIME	EVENT	NODES
345.2818906141736	O	n252
346.5796605235363	L	n252;1
