TIME	EVENT	NODES
345.197460003945	O	n280
346.5471506808192	S	n280;1;n285;2;n286;3
368.33285918754166	F	n285;2
368.33285918754166	F	n286;3
