TIME	EVENT	NODES
29.725879778003584	O	n13
30.49441601583928	I	n13;1
39.04702059247166	E	n13;1
