TIME	EVENT	NODES
345.357165291834	O	n230
368.33285918754166	F	n230;1
