TIME	EVENT	NODES
345.47647308754466	O	n259
348.7564267084988	E	n259;1
