TIME	EVENT	NODES
29.790546370389055	O	n13
39.04702059247166	E	n13;1
