TIME	EVENT	NODES
345.4564972261059	O	n259
348.7564267084988	E	n259;1
