TIME	EVENT	NODES
345.49680251528486	O	n260
362.29665565121337	I	n260;1
365.3354294195512	E	n260;1
