TIME	EVENT	NODES
345.5431964719549	O	n270
351.3681074054671	E	n270;1
