TIME	EVENT	NODES
345.5997045503424	O	n221
368.33285918754166	F	n221;1
