TIME	EVENT	NODES
345.6709739970153	O	n277
363.7179365725955	E	n277;1
