TIME	EVENT	NODES
345.7235525733142	O	n183
349.00530575206363	E	n183;1
