TIME	EVENT	NODES
345.8920382558185	O	n170
368.33285918754166	F	n170;1
