TIME	EVENT	NODES
345.8898820453884	O	n262
347.701645545619	I	n262;1
350.53960376877336	S	n262;1;n293;2;n294;3
356.40752609609893	I	n293;2
368.33285918754166	F	n293;2
368.33285918754166	F	n294;3
