TIME	EVENT	NODES
345.9039436269128	O	n282
368.33285918754166	F	n282;1
