TIME	EVENT	NODES
28.541840453107206	O	n11
36.88128362876969	E	n11;1
