TIME	EVENT	NODES
346.18751274534355	O	n250
351.13082297693995	T	n250;1;n250;2;n170;3
356.5243775902817	S	n250;2;n303;4;n304;5
364.49514583717956	S	n304;5;n319;6;n320;7
366.9157040380599	C	n170;3
367.1124614369003	I	n170;3
368.33285918754166	F	n303;4
368.33285918754166	F	n320;7
368.33285918754166	F	n170;3
368.33285918754166	F	n319;6
