TIME	EVENT	NODES
346.2628168962489	O	n244
368.33285918754166	F	n244;1
