TIME	EVENT	NODES
30.720519190060582	O	n22
38.13198542719755	E	n22;1
