TIME	EVENT	NODES
346.3338162550324	O	n238
351.02482024613164	C	n238;1
353.6543878143171	I	n238;1
368.33285918754166	F	n238;1
