TIME	EVENT	NODES
30.735297794252595	O	n22
38.13198542719755	E	n22;1
