TIME	EVENT	NODES
346.31330526953786	O	n212
364.14479088522387	E	n212;1
