TIME	EVENT	NODES
346.27897087307565	O	n255
351.37042779145395	E	n255;1
