TIME	EVENT	NODES
346.46351550897873	O	n257
368.33285918754166	F	n257;1
