TIME	EVENT	NODES
346.50100533353543	O	n282
358.1019261902247	I	n282;1
365.2590692844924	C	n282;1
368.33285918754166	F	n282;1
