TIME	EVENT	NODES
346.47708936872647	O	n238
368.33285918754166	F	n238;1
