TIME	EVENT	NODES
30.909560323487657	O	n22
33.93051197756821	I	n22;1
38.13198542719755	E	n22;1
