TIME	EVENT	NODES
346.459196430716	O	n170
368.33285918754166	F	n170;1
