TIME	EVENT	NODES
346.6205897314894	O	n255
350.58277489482543	D	n255;1;n255;2;n255;3
351.37042779145395	E	n255;2
351.37042779145395	E	n255;3
