TIME	EVENT	NODES
31.04482526177157	O	n13
39.04702059247166	E	n13;1
