TIME	EVENT	NODES
346.7579632350809	O	n234
362.06197982428654	I	n234;1
368.33285918754166	F	n234;1
