TIME	EVENT	NODES
346.9602668402865	O	n257
368.33285918754166	F	n257;1
