TIME	EVENT	NODES
346.93224282747946	O	n183
349.00530575206363	E	n183;1
