TIME	EVENT	NODES
347.01854430240405	O	n265
357.83898267386695	E	n265;1
