TIME	EVENT	NODES
347.15149386533284	O	n285
347.225434542003	C	n285;1
368.33285918754166	F	n285;1
