TIME	EVENT	NODES
347.1382861835873	O	n285
368.33285918754166	F	n285;1
