TIME	EVENT	NODES
29.380996850334327	O	n15
32.38286256948116	E	n15;1
