TIME	EVENT	NODES
347.2747427551104	O	n170
368.33285918754166	F	n170;1
