TIME	EVENT	NODES
347.4247000090313	O	n183
349.00530575206363	E	n183;1
