TIME	EVENT	NODES
347.40888020406885	O	n252
362.29069445787525	I	n252;1
365.0812702355728	I	n252;1
368.33285918754166	F	n252;1
