TIME	EVENT	NODES
347.4989439308669	O	n285
348.9401928940762	I	n285;1
368.33285918754166	F	n285;1
