TIME	EVENT	NODES
32.15049492030589	O	n22
38.13198542719755	E	n22;1
