TIME	EVENT	NODES
29.974075341651105	O	n22
31.49007846860047	S	n22;1;n23;2;n24;3
33.3266154078909	E	n24;3
35.18763541247925	S	n23;2;n31;4;n32;5
35.678876359008704	S	n32;5;n33;6;n34;7
36.2292247724095	I	n34;7
37.43449429937737	E	n33;6
47.519330526570464	C	n31;4
47.801935550276376	E	n34;7
52.00683670020086	E	n31;4
