TIME	EVENT	NODES
347.5554187952421	O	n287
364.6210972206389	C	n287;1
368.33285918754166	F	n287;1
