TIME	EVENT	NODES
347.6591744497024	O	n255
351.37042779145395	E	n255;1
