TIME	EVENT	NODES
347.7122404835802	O	n274
353.58190020231007	I	n274;1
355.7899662740194	E	n274;1
