TIME	EVENT	NODES
347.71301573578603	O	n277
363.7179365725955	E	n277;1
