TIME	EVENT	NODES
347.8729579906688	O	n230
368.33285918754166	F	n230;1
