TIME	EVENT	NODES
347.8438343362661	O	n234
368.33285918754166	F	n234;1
