TIME	EVENT	NODES
32.57959864392856	O	n13
39.04702059247166	E	n13;1
