TIME	EVENT	NODES
30.31149757508031	O	n11
36.88128362876969	E	n11;1
