TIME	EVENT	NODES
348.01951475561384	O	n278
361.847175486363	I	n278;1
368.33285918754166	F	n278;1
