TIME	EVENT	NODES
348.1184265200403	O	n282
368.33285918754166	F	n282;1
