TIME	EVENT	NODES
348.11320231272884	O	n244
368.33285918754166	F	n244;1
