TIME	EVENT	NODES
348.1417959540625	O	n265
357.83898267386695	E	n265;1
