TIME	EVENT	NODES
348.3986270670078	O	n183
349.00530575206363	E	n183;1
