TIME	EVENT	NODES
348.4687438221724	O	n265
357.83898267386695	E	n265;1
