TIME	EVENT	NODES
348.43682488341096	O	n252
368.33285918754166	F	n252;1
