TIME	EVENT	NODES
348.46024930800485	O	n242
368.33285918754166	F	n242;1
