TIME	EVENT	NODES
30.670585122602503	O	n11
36.88128362876969	E	n11;1
