TIME	EVENT	NODES
348.64639601963387	O	n230
367.38182193948694	I	n230;1
368.33285918754166	F	n230;1
