TIME	EVENT	NODES
30.695334228021917	O	n14
30.85807005283699	E	n14;1
