TIME	EVENT	NODES
36.040947604532576	O	n6
41.7308661144652	E	n6;1
