TIME	EVENT	NODES
348.794116362986	O	n274
355.7899662740194	E	n274;1
