TIME	EVENT	NODES
348.8831967080151	O	n282
349.2406027336065	I	n282;1
356.3381371492316	C	n282;1
368.33285918754166	F	n282;1
