TIME	EVENT	NODES
30.772802523556713	O	n19
33.41488849387419	S	n19;1;n27;2;n28;3
34.67578577773059	I	n28;3
34.804549942871546	S	n27;2;n29;4;n30;5
38.32535214593611	I	n29;4
40.21513397827931	C	n30;5
40.677710343593766	D	n30;5;n30;6;n30;7
42.943931074204656	E	n29;4
53.29780979945958	E	n28;3
55.73831808661641	S	n30;6;n57;8;n58;9
55.73831808661641	S	n30;7;n57;10;n58;11
59.65295875486497	E	n58;9
59.65295875486497	E	n58;11
66.2736100429329	E	n57;8
66.2736100429329	E	n57;10
