TIME	EVENT	NODES
348.95881280192776	O	n292
355.0583586205711	S	n292;1;n299;2;n300;3
360.1807027249935	I	n299;2
368.33285918754166	F	n300;3
368.33285918754166	F	n299;2
