TIME	EVENT	NODES
30.816936734491637	O	n15
32.38286256948116	E	n15;1
