TIME	EVENT	NODES
349.04057076048764	O	n288
350.8176003735088	I	n288;1
350.999681588702	I	n288;1
361.6901438072727	L	n288;1
