TIME	EVENT	NODES
349.1598344755289	O	n270
351.3681074054671	E	n270;1
