TIME	EVENT	NODES
30.94702143578114	O	n15
32.38286256948116	E	n15;1
