TIME	EVENT	NODES
33.459955581267884	O	n24
37.63445823921123	S	n24;1;n27;2;n28;3
44.23758335264503	S	n27;2;n33;4;n34;5
44.96395278748206	D	n28;3;n28;6;n28;7
47.68959993094763	I	n33;4
49.2772007128582	I	n28;6
49.2772007128582	I	n28;7
50.417795200084555	L	n34;5
51.93686477410592	S	n33;4;n45;8;n46;9
53.82667175225311	S	n45;8;n49;10;n50;11
57.237712525400994	S	n28;7;n57;12;n58;13
57.237712525400994	S	n28;6;n57;14;n58;15
60.75090761671917	S	n50;11;n65;16;n66;17
60.97357901514652	E	n58;13
60.97357901514652	E	n58;15
61.03616331546765	I	n49;10
62.13615154914574	E	n66;17
64.4764211776003	E	n46;9
65.84614554953704	E	n57;12
65.84614554953704	E	n57;14
72.58640953688958	E	n65;16
75.0883559486219	S	n49;10;n101;18;n102;19
76.07500621366802	E	n102;19
85.14519719498897	S	n101;18;n135;20;n136;21
85.99631158609974	S	n136;21;n143;22;n144;23
86.37764105276558	S	n135;20;n145;24;n146;25
86.81771029291036	S	n143;22;n149;26;n150;27
86.83104900222925	L	n144;23
89.23844721992381	S	n146;25;n159;28;n160;29
89.53317087689874	I	n160;29
94.68228810518416	S	n159;28;n199;30;n200;31
94.75491060307387	S	n160;29;n203;32;n204;33
96.44290819147221	S	n200;31;n211;34;n212;35
97.27620570628896	I	n145;24
97.39967128992377	E	n145;24
98.32698127730475	E	n204;33
98.6227177030625	S	n149;26;n221;36;n222;37
101.51446341153029	E	n212;35
102.98341176200759	E	n211;34
103.24789987789956	E	n150;27
105.30461095796572	I	n221;36
105.64390149111966	L	n199;30
106.92161422948067	E	n221;36
111.2767318351347	C	n203;32
118.63591561020323	S	n203;32;n333;38;n334;39
122.20096298192965	F	n333;38
122.20096298192965	F	n222;37
122.20096298192965	F	n334;39
