TIME	EVENT	NODES
349.2642488766339	O	n291
368.33285918754166	F	n291;1
