TIME	EVENT	NODES
31.16697737959298	O	n20
32.800131426310806	S	n20;1;n25;2;n26;3
36.56775820596162	I	n26;3
36.881358768164496	E	n25;2
44.85245251234952	S	n26;3;n41;4;n42;5
57.97964289262236	E	n42;5
58.3730579156683	L	n41;4
