TIME	EVENT	NODES
349.4099679220421	O	n282
368.33285918754166	F	n282;1
