TIME	EVENT	NODES
349.37193479477764	O	n187
356.3119546325315	E	n187;1
