TIME	EVENT	NODES
349.33447215564854	O	n187
356.3119546325315	E	n187;1
