TIME	EVENT	NODES
33.63756877675646	O	n21
35.92070569340266	S	n21;1;n25;2;n26;3
39.29010219593379	L	n26;3
40.759074860237476	E	n25;2
