TIME	EVENT	NODES
349.7774016199809	O	n263
356.2958322248388	I	n263;1
365.0417268907298	E	n263;1
