TIME	EVENT	NODES
31.409396039935128	O	n11
36.88128362876969	E	n11;1
