TIME	EVENT	NODES
349.8364505366465	O	n285
361.0922680359645	I	n285;1
368.33285918754166	F	n285;1
