TIME	EVENT	NODES
349.90054213568334	O	n257
368.33285918754166	F	n257;1
