TIME	EVENT	NODES
349.80068227449897	O	n187
356.3119546325315	E	n187;1
