TIME	EVENT	NODES
350.025447672023	O	n288
350.06321762255766	L	n288;1
