TIME	EVENT	NODES
350.11979035225664	O	n238
356.0175696648469	D	n238;1;n238;2;n238;3
368.33285918754166	F	n238;2
368.33285918754166	F	n238;3
