TIME	EVENT	NODES
350.27998659890955	O	n290
368.33285918754166	F	n290;1
