TIME	EVENT	NODES
350.32256260686364	O	n284
353.2274467652559	S	n284;1;n297;2;n298;3
360.9229379391616	I	n297;2
366.149425203077	L	n297;2
368.33285918754166	F	n298;3
