TIME	EVENT	NODES
350.26835314888586	O	n260
365.3354294195512	E	n260;1
