TIME	EVENT	NODES
38.17491890588157	O	n7
80.37647466197548	I	n7;1
152.63308264867726	S	n7;1;n33;2;n34;3
154.60939241912072	C	n33;2
155.39774386548248	L	n34;3
165.2249719103747	E	n33;2
