TIME	EVENT	NODES
31.884093334106957	O	n15
32.38286256948116	E	n15;1
