TIME	EVENT	NODES
350.731465424946	O	n234
368.33285918754166	F	n234;1
