TIME	EVENT	NODES
350.7265859231613	O	n286
353.6738859872844	T	n286;1;n286;2;n279;3
362.93877184850265	E	n279;3
367.8015156702989	D	n286;2;n286;4;n286;5
368.33285918754166	F	n286;4
368.33285918754166	F	n286;5
