TIME	EVENT	NODES
34.272910353786685	O	n22
38.13198542719755	E	n22;1
