TIME	EVENT	NODES
350.81157332262296	O	n291
353.7937603031686	I	n291;1
368.33285918754166	F	n291;1
