TIME	EVENT	NODES
31.95163445697253	O	n19
33.41488849387419	S	n19;1;n27;2;n28;3
34.804549942871546	S	n27;2;n29;4;n30;5
42.943931074204656	E	n29;4
46.146141923796726	I	n30;5
47.246553918917975	T	n28;3;n28;6;n31;7
52.00683670020086	E	n31;7
53.29780979945958	E	n28;6
55.73831808661641	S	n30;5;n57;8;n58;9
59.65295875486497	E	n58;9
66.2736100429329	E	n57;8
