TIME	EVENT	NODES
38.79716947053915	O	n7
64.01023980997324	I	n7;1
148.1421072995674	C	n7;1
150.4084443160359	L	n7;1
