TIME	EVENT	NODES
351.0084198634044	O	n244
362.4947194427466	I	n244;1
368.33285918754166	F	n244;1
