TIME	EVENT	NODES
351.0875428574326	O	n288
353.39818423078464	I	n288;1
368.33285918754166	F	n288;1
