TIME	EVENT	NODES
38.98307637787783	O	n5
58.90650729839597	I	n5;1
65.79458869924449	S	n5;1;n11;2;n12;3
68.87008076596177	I	n12;3
78.67196232775571	E	n11;2
78.78933843814929	I	n12;3
80.59920766624008	E	n12;3
