TIME	EVENT	NODES
351.0229122458248	O	n281
368.33285918754166	F	n281;1
