TIME	EVENT	NODES
351.14232501147177	O	n255
351.37042779145395	E	n255;1
