TIME	EVENT	NODES
351.25594951911245	O	n234
368.33285918754166	F	n234;1
