TIME	EVENT	NODES
351.17827554918534	O	n294
359.10393773611906	T	n294;1;n294;2;n277;3
363.7179365725955	E	n277;3
368.33285918754166	F	n294;2
