TIME	EVENT	NODES
351.31955296791335	O	n274
355.7899662740194	E	n274;1
