TIME	EVENT	NODES
34.45128758470209	O	n22
38.13198542719755	E	n22;1
