TIME	EVENT	NODES
32.07757801835029	O	n19
33.41488849387419	S	n19;1;n27;2;n28;3
34.804549942871546	S	n27;2;n29;4;n30;5
42.943931074204656	E	n29;4
53.29780979945958	E	n28;3
55.73831808661641	S	n30;5;n57;6;n58;7
57.85839991840333	L	n57;6
59.65295875486497	E	n58;7
