TIME	EVENT	NODES
351.56281016129503	O	n234
368.33285918754166	F	n234;1
