TIME	EVENT	NODES
351.5151860120927	O	n277
363.7179365725955	E	n277;1
