TIME	EVENT	NODES
351.5878411169305	O	n277
363.7179365725955	E	n277;1
