TIME	EVENT	NODES
32.34844157077352	O	n11
33.623819210392035	L	n11;1
