TIME	EVENT	NODES
351.66292947056525	O	n291
368.33285918754166	F	n291;1
