TIME	EVENT	NODES
351.7370243875686	O	n244
368.33285918754166	F	n244;1
