TIME	EVENT	NODES
39.360295964429206	O	n7
70.6855552878254	I	n7;1
81.04484490507093	T	n7;1;n7;2;n16;3
90.74528338734476	E	n16;3
146.32179131251107	L	n7;2
