TIME	EVENT	NODES
351.6993069630012	O	n212
364.14479088522387	E	n212;1
