TIME	EVENT	NODES
351.866895611551	O	n234
368.33285918754166	F	n234;1
