TIME	EVENT	NODES
351.951220777028	O	n281
368.33285918754166	F	n281;1
