TIME	EVENT	NODES
351.9776726385184	O	n244
368.33285918754166	F	n244;1
