TIME	EVENT	NODES
32.416240176997675	O	n19
33.41488849387419	S	n19;1;n27;2;n28;3
34.60916938965022	I	n27;2
34.804549942871546	S	n27;2;n29;4;n30;5
36.796239293427845	I	n28;3
37.37997851933418	I	n30;5
37.547379411740216	I	n29;4
42.943931074204656	E	n29;4
53.29780979945958	E	n28;3
55.73831808661641	S	n30;5;n57;6;n58;7
56.11411607630493	I	n58;7
59.65295875486497	E	n58;7
66.2736100429329	E	n57;6
