TIME	EVENT	NODES
352.0129482260784	O	n288
368.33285918754166	F	n288;1
