TIME	EVENT	NODES
352.13985934073247	O	n221
362.06030120570546	I	n221;1
368.33285918754166	F	n221;1
