TIME	EVENT	NODES
352.15416558382856	O	n287
359.3550251967161	C	n287;1
365.59004631600106	C	n287;1
368.33285918754166	F	n287;1
