TIME	EVENT	NODES
352.2722646192563	O	n230
367.09330917961756	I	n230;1
368.33285918754166	F	n230;1
