TIME	EVENT	NODES
352.24368612387326	O	n238
368.33285918754166	F	n238;1
