TIME	EVENT	NODES
352.26338187207716	O	n252
368.33285918754166	F	n252;1
