TIME	EVENT	NODES
35.07601713123186	O	n22
38.13198542719755	E	n22;1
