TIME	EVENT	NODES
352.23296193537163	O	n260
365.3354294195512	E	n260;1
