TIME	EVENT	NODES
352.3230426238837	O	n244
368.33285918754166	F	n244;1
