TIME	EVENT	NODES
352.3390529169325	O	n273
365.43190125744275	S	n273;1;n325;2;n326;3
368.33285918754166	F	n325;2
368.33285918754166	F	n326;3
