TIME	EVENT	NODES
352.3234980853806	O	n278
368.33285918754166	F	n278;1
