TIME	EVENT	NODES
40.6177857577591	O	n7
44.6680854954979	I	n7;1
121.21607139090625	I	n7;1
126.1370587775615	I	n7;1
132.9705731462823	I	n7;1
144.85586530147208	I	n7;1
152.63308264867726	S	n7;1;n33;2;n34;3
162.77617771303431	S	n34;3;n37;4;n38;5
164.0650225736182	E	n38;5
165.2249719103747	E	n33;2
173.93652872611017	I	n37;4
187.1981154176181	S	n37;4;n59;6;n60;7
197.574740969038	S	n60;7;n71;8;n72;9
224.87883338170167	E	n71;8
228.33680116945035	L	n59;6
254.2371808775152	I	n72;9
254.31869674795763	S	n72;9;n137;10;n138;11
262.48313050699846	S	n137;10;n155;12;n156;13
268.08312347105647	S	n138;11;n163;14;n164;15
277.8106349986983	E	n163;14
279.3689247604448	E	n164;15
280.9346084359787	E	n156;13
281.53913832428935	L	n155;12
