TIME	EVENT	NODES
40.75735737421351	O	n6
41.7308661144652	E	n6;1
