TIME	EVENT	NODES
352.6362753865275	O	n287
368.33285918754166	F	n287;1
