TIME	EVENT	NODES
35.51331348685652	O	n22
38.13198542719755	E	n22;1
