TIME	EVENT	NODES
33.00784452702571	O	n19
33.41488849387419	S	n19;1;n27;2;n28;3
34.804549942871546	S	n27;2;n29;4;n30;5
40.59290781127007	I	n28;3
42.13766870609707	L	n29;4
42.13766870609707	T	n30;5;n30;6;n29;7
42.943931074204656	E	n29;7
53.29780979945958	E	n28;3
55.73831808661641	S	n30;6;n57;8;n58;9
59.65295875486497	E	n58;9
66.2736100429329	E	n57;8
