TIME	EVENT	NODES
33.09213780130295	O	n25
36.881358768164496	E	n25;1
