TIME	EVENT	NODES
352.93737900229866	O	n234
353.11581948779536	C	n234;1
368.33285918754166	F	n234;1
