TIME	EVENT	NODES
35.79629945206669	O	n22
38.13198542719755	E	n22;1
