TIME	EVENT	NODES
41.36842649469692	O	n7
107.05070666897818	L	n7;1
