TIME	EVENT	NODES
353.2803112540926	O	n242
368.33285918754166	F	n242;1
