TIME	EVENT	NODES
353.2352090847019	O	n242
356.1164804556257	I	n242;1
368.33285918754166	F	n242;1
