TIME	EVENT	NODES
353.3513881242195	O	n273
353.3542655042282	I	n273;1
354.8954343814023	I	n273;1
362.1670410741377	C	n273;1
365.43190125744275	S	n273;1;n325;2;n326;3
368.33285918754166	F	n325;2
368.33285918754166	F	n326;3
