TIME	EVENT	NODES
353.33357953911275	O	n244
368.33285918754166	F	n244;1
