TIME	EVENT	NODES
353.44834515444853	O	n238
368.33285918754166	F	n238;1
