TIME	EVENT	NODES
353.39845445707573	O	n285
358.68352724080404	I	n285;1
368.33285918754166	F	n285;1
