TIME	EVENT	NODES
353.64112681517173	O	n286
368.33285918754166	F	n286;1
