TIME	EVENT	NODES
353.662744957092	O	n288
368.33285918754166	F	n288;1
