TIME	EVENT	NODES
353.86860301623614	O	n286
368.33285918754166	F	n286;1
