TIME	EVENT	NODES
353.8720311991997	O	n263
365.0417268907298	E	n263;1
