TIME	EVENT	NODES
353.8797193377843	O	n298
367.10131686334466	C	n298;1
368.33285918754166	F	n298;1
