TIME	EVENT	NODES
353.87761354518324	O	n291
368.33285918754166	F	n291;1
