TIME	EVENT	NODES
353.8768468990585	O	n290
364.9993554908918	I	n290;1
368.33285918754166	F	n290;1
