TIME	EVENT	NODES
353.97383986859967	O	n294
368.33285918754166	F	n294;1
