TIME	EVENT	NODES
354.11233041914306	O	n285
368.33285918754166	F	n285;1
