TIME	EVENT	NODES
42.671330464405195	O	n7
78.43024752327356	L	n7;1
