TIME	EVENT	NODES
354.2880319989683	O	n234
368.33285918754166	F	n234;1
