TIME	EVENT	NODES
42.84826911890854	O	n7
44.250062940044266	L	n7;1
