TIME	EVENT	NODES
354.3339272766726	O	n290
368.33285918754166	F	n290;1
