TIME	EVENT	NODES
354.44273595997805	O	n271
363.4037231448903	C	n271;1
368.33285918754166	F	n271;1
