TIME	EVENT	NODES
354.4635405327989	O	n212
354.79901776642936	L	n212;1
