TIME	EVENT	NODES
354.4981760490157	O	n230
358.14679831246286	I	n230;1
368.33285918754166	F	n230;1
