TIME	EVENT	NODES
354.48390587363207	O	n286
368.33285918754166	F	n286;1
