TIME	EVENT	NODES
354.59833060193455	O	n170
368.33285918754166	F	n170;1
