TIME	EVENT	NODES
34.27864514218874	O	n25
36.881358768164496	E	n25;1
