TIME	EVENT	NODES
354.64868749566807	O	n278
362.5341000934007	I	n278;1
368.33285918754166	F	n278;1
