TIME	EVENT	NODES
36.94971446822459	O	n23
37.81845603596032	S	n23;1;n29;2;n30;3
39.830617844120326	E	n29;2
49.63328192413581	I	n30;3
50.94172198732372	S	n30;3;n41;4;n42;5
53.252202072939525	E	n42;5
59.82100229367665	E	n41;4
