TIME	EVENT	NODES
354.6934010774322	O	n212
361.78207696059627	I	n212;1
364.14479088522387	E	n212;1
