TIME	EVENT	NODES
354.8854046245023	O	n257
368.33285918754166	F	n257;1
