TIME	EVENT	NODES
354.8143328300001	O	n269
359.43466135079467	S	n269;1;n307;2;n308;3
364.2374986844681	C	n307;2
368.33285918754166	F	n307;2
368.33285918754166	F	n308;3
