TIME	EVENT	NODES
354.8365731416557	O	n221
368.33285918754166	F	n221;1
