TIME	EVENT	NODES
354.8564542834304	O	n260
365.3354294195512	E	n260;1
