TIME	EVENT	NODES
34.387679659186304	O	n21
42.16982539729144	S	n21;1;n35;2;n36;3
42.932085337062354	S	n35;2;n37;4;n38;5
43.96599703156712	S	n38;5;n39;6;n40;7
44.389577781636135	I	n40;7
45.829514390972626	S	n40;7;n43;8;n44;9
46.54911121911787	S	n43;8;n45;10;n46;11
46.684750265085036	E	n39;6
46.87578296073487	S	n36;3;n47;12;n48;13
47.034496220930585	S	n46;11;n49;14;n50;15
47.20567624080078	E	n37;4
47.6395298760472	E	n44;9
47.88572090924833	L	n45;10
52.85231308742453	I	n49;14
54.22525593253356	S	n49;14;n53;16;n54;17
54.86457311440032	S	n54;17;n55;18;n56;19
56.27158308445796	E	n56;19
57.23402616228817	E	n48;13
58.8528404549742	E	n50;15
69.3614836110607	S	n47;12;n71;20;n72;21
70.88343313549224	E	n72;21
71.89828452143536	E	n55;18
74.41436690001827	E	n53;16
77.5970722937553	I	n71;20
80.57463946636354	S	n71;20;n83;22;n84;23
86.60669252253648	E	n83;22
88.83847231477696	T	n84;23;n84;24;n96;25
89.63731734236336	E	n96;25
91.78210615836441	S	n84;24;n103;26;n104;27
101.60985598598357	I	n103;26
102.82426853750586	E	n103;26
106.57096831231419	E	n104;27
