TIME	EVENT	NODES
354.9966069293296	O	n271
368.33285918754166	F	n271;1
