TIME	EVENT	NODES
354.98712727176365	O	n263
365.0417268907298	E	n263;1
