TIME	EVENT	NODES
355.04688875438745	O	n274
355.7899662740194	E	n274;1
