TIME	EVENT	NODES
355.0260596896526	O	n238
368.33285918754166	F	n238;1
