TIME	EVENT	NODES
355.0905241887403	O	n261
359.16454116420584	E	n261;1
