TIME	EVENT	NODES
34.420718153126764	O	n28
53.29780979945958	E	n28;1
