TIME	EVENT	NODES
355.1683992259283	O	n296
368.33285918754166	F	n296;1
