TIME	EVENT	NODES
355.3314608556365	O	n293
368.33285918754166	F	n293;1
