TIME	EVENT	NODES
355.37025187439826	O	n257
368.33285918754166	F	n257;1
