TIME	EVENT	NODES
355.4206894447979	O	n294
368.33285918754166	F	n294;1
