TIME	EVENT	NODES
355.43357416144846	O	n271
368.33285918754166	F	n271;1
