TIME	EVENT	NODES
355.4815188440599	O	n205
363.72092949357767	S	n205;1;n313;2;n314;3
368.33285918754166	F	n314;3
368.33285918754166	F	n313;2
