TIME	EVENT	NODES
37.19642016565539	O	n25
40.759074860237476	E	n25;1
