TIME	EVENT	NODES
34.73601640964641	O	n11
36.88128362876969	E	n11;1
