TIME	EVENT	NODES
355.47529611687025	O	n293
368.33285918754166	F	n293;1
