TIME	EVENT	NODES
355.5266541845834	O	n271
368.33285918754166	F	n271;1
