TIME	EVENT	NODES
37.25689677335379	O	n22
38.13198542719755	E	n22;1
