TIME	EVENT	NODES
355.82198600220113	O	n288
368.33285918754166	F	n288;1
