TIME	EVENT	NODES
355.9264327745882	O	n271
368.33285918754166	F	n271;1
