TIME	EVENT	NODES
355.9005664554164	O	n271
368.33285918754166	F	n271;1
