TIME	EVENT	NODES
356.0401180505689	O	n187
356.3119546325315	E	n187;1
