TIME	EVENT	NODES
356.0627316081624	O	n290
368.33285918754166	F	n290;1
