TIME	EVENT	NODES
34.83828604790828	O	n11
36.88128362876969	E	n11;1
