TIME	EVENT	NODES
356.1913162663981	O	n288
361.99210645583963	L	n288;1
