TIME	EVENT	NODES
356.185058703582	O	n288
368.33285918754166	F	n288;1
