TIME	EVENT	NODES
37.56933172002249	O	n18
42.357769946350246	S	n18;1;n31;2;n32;3
46.694210788673075	E	n32;3
50.79591476008908	S	n31;2;n39;4;n40;5
52.618978043968546	S	n39;4;n47;6;n48;7
55.45651211006114	E	n47;6
58.30047483794531	S	n40;5;n59;8;n60;9
58.94799355594872	S	n60;9;n61;10;n62;11
59.5579516206426	S	n62;11;n63;12;n64;13
61.254313095266134	E	n48;7
65.13921464734916	E	n59;8
67.79713360797955	S	n61;10;n81;14;n82;15
68.48046564168504	I	n63;12
68.91225552856119	L	n64;13
69.708668487013	E	n81;14
73.06969448986186	S	n82;15;n95;16;n96;17
74.75708131456398	E	n95;16
76.02902659070585	I	n63;12
76.32357259653617	I	n96;17
77.82875716052023	E	n96;17
77.87291920469795	S	n63;12;n111;18;n112;19
80.13789888595848	S	n112;19;n121;20;n122;21
83.27186851027852	L	n111;18
84.02661955226591	S	n122;21;n129;22;n130;23
86.0006184609162	E	n121;20
86.26864869052032	I	n130;23
90.587811430753	L	n130;23
91.12710587207293	S	n129;22;n171;24;n172;25
100.61091691856613	E	n171;24
106.02298060458065	E	n172;25
