TIME	EVENT	NODES
356.2552103581371	O	n252
368.33285918754166	F	n252;1
