TIME	EVENT	NODES
356.1869263462222	O	n300
368.33285918754166	F	n300;1
