TIME	EVENT	NODES
356.2157790773202	O	n257
368.33285918754166	F	n257;1
