TIME	EVENT	NODES
356.27944918724694	O	n285
368.33285918754166	F	n285;1
