TIME	EVENT	NODES
37.89098191091764	O	n13
39.04702059247166	E	n13;1
