TIME	EVENT	NODES
356.46096757821437	O	n287
368.33285918754166	F	n287;1
