TIME	EVENT	NODES
35.0652513412867	O	n30
38.10978367545728	I	n30;1
55.73831808661641	S	n30;1;n57;2;n58;3
56.11411607630493	I	n58;3
59.65295875486497	E	n58;3
66.2736100429329	E	n57;2
