TIME	EVENT	NODES
356.425732427888	O	n261
359.16454116420584	E	n261;1
