TIME	EVENT	NODES
356.39669481981946	O	n238
368.33285918754166	F	n238;1
