TIME	EVENT	NODES
356.57436258470614	O	n301
357.1757291726746	S	n301;1;n305;2;n306;3
360.66748199542366	E	n306;3
364.0086300239402	S	n305;2;n315;4;n316;5
367.06132515827835	I	n316;5
368.33285918754166	F	n316;5
368.33285918754166	F	n315;4
