TIME	EVENT	NODES
46.35419879804029	O	n8
46.478728420132114	S	n8;1;n9;2;n10;3
73.8821842315508	I	n10;3
76.83040379162496	S	n10;3;n13;4;n14;5
80.65664055191147	S	n14;5;n15;6;n16;7
90.03849608767848	E	n15;6
90.74528338734476	E	n16;7
92.11367029627978	L	n9;2
100.0082568610545	S	n13;4;n17;8;n18;9
105.49740063220179	I	n17;8
111.66586617081315	S	n18;9;n21;10;n22;11
112.29310899288454	I	n22;11
123.00210789537027	I	n22;11
124.33424371318216	I	n22;11
127.09439606284033	S	n17;8;n23;12;n24;13
131.05163357451565	E	n21;10
137.33366044182898	S	n22;11;n25;14;n26;15
141.19262542344254	I	n25;14
142.7155834077547	E	n25;14
145.45940293078473	I	n23;12
149.3238145096331	S	n26;15;n29;16;n30;17
150.3892222281834	L	n24;13
150.84222171296392	E	n30;17
151.18585586125988	L	n23;12
224.34369207996875	S	n29;16;n91;18;n92;19
227.54637249049256	E	n91;18
251.1517682979901	S	n92;19;n127;20;n128;21
251.5390235914055	E	n128;21
252.87678478256842	E	n127;20
