TIME	EVENT	NODES
37.89960354259377	O	n13
39.04702059247166	E	n13;1
