TIME	EVENT	NODES
37.904105817135516	O	n19
44.77884411935749	S	n19;1;n35;2;n36;3
45.481795147722195	S	n36;3;n37;4;n38;5
46.89441621440418	E	n38;5
53.380444639804644	E	n35;2
53.9262251160511	S	n37;4;n51;6;n52;7
54.592708267342836	S	n52;7;n53;8;n54;9
63.37888544917936	S	n54;9;n69;10;n70;11
63.55096011226192	E	n53;8
64.96591152733993	S	n51;6;n73;12;n74;13
65.69497400279168	S	n74;13;n77;14;n78;15
66.89637296929558	S	n69;10;n79;16;n80;17
67.12625767514804	T	n78;15;n78;18;n68;19
67.27597408757154	L	n79;16
69.36748751985498	E	n77;14
72.98120508309454	L	n80;17
75.85933326606094	I	n70;11
76.28019184632365	I	n78;18
76.75087355783961	S	n73;12;n107;20;n108;21
78.35351366847215	E	n70;11
79.22755505538495	S	n108;21;n113;22;n114;23
80.3895646593219	E	n78;18
82.84074056886857	S	n113;22;n127;24;n128;25
83.4965443788225	I	n127;24
86.64549986121668	E	n68;19
87.1911954645398	E	n114;23
90.79568255560412	E	n107;20
91.0242900867634	S	n127;24;n169;26;n170;27
91.54856848753883	S	n170;27;n181;28;n182;29
92.33494976870058	E	n182;29
96.83861240646377	E	n169;26
99.10789388249582	E	n128;25
107.07038824181652	S	n181;28;n253;30;n254;31
107.74072796019063	I	n254;31
113.30536005868117	I	n254;31
113.76517703328658	S	n254;31;n301;32;n302;33
113.98118132905664	E	n301;32
114.59513604545869	S	n302;33;n309;34;n310;35
115.66881765817878	T	n253;30;n253;36;n299;37
117.64931390587152	E	n253;36
117.7896908122934	I	n309;34
119.5417768978418	E	n299;37
121.1154699736872	E	n309;34
122.20096298192965	F	n310;35
