TIME	EVENT	NODES
356.6615716267451	O	n296
368.33285918754166	F	n296;1
