TIME	EVENT	NODES
35.20890319783228	O	n25
36.881358768164496	E	n25;1
