TIME	EVENT	NODES
356.82750749703814	O	n289
362.14507068748986	S	n289;1;n311;2;n312;3
368.33285918754166	F	n312;3
368.33285918754166	F	n311;2
