TIME	EVENT	NODES
356.89806304282774	O	n278
363.7012461409899	I	n278;1
368.33285918754166	F	n278;1
