TIME	EVENT	NODES
356.8353645666	O	n293
368.33285918754166	F	n293;1
