TIME	EVENT	NODES
356.922839280041	O	n297
368.33285918754166	F	n297;1
