TIME	EVENT	NODES
37.98977193305196	O	n18
42.357769946350246	S	n18;1;n31;2;n32;3
46.694210788673075	E	n32;3
48.91978650962632	L	n31;2
