TIME	EVENT	NODES
357.01692947576254	O	n285
368.33285918754166	F	n285;1
