TIME	EVENT	NODES
357.0166862845795	O	n212
364.14479088522387	E	n212;1
