TIME	EVENT	NODES
357.05100136210194	O	n287
365.4424578215546	I	n287;1
368.33285918754166	F	n287;1
