TIME	EVENT	NODES
38.0573794632425	O	n19
44.77884411935749	S	n19;1;n35;2;n36;3
45.481795147722195	S	n36;3;n37;4;n38;5
46.89441621440418	E	n38;5
53.380444639804644	E	n35;2
53.9262251160511	S	n37;4;n51;6;n52;7
54.16187418620362	I	n52;7
54.592708267342836	S	n52;7;n53;8;n54;9
58.11023943492751	I	n54;9
63.37888544917936	S	n54;9;n69;10;n70;11
63.55096011226192	E	n53;8
64.96591152733993	S	n51;6;n73;12;n74;13
65.69497400279168	S	n74;13;n77;14;n78;15
66.48599818253412	I	n77;14
66.58779724530228	I	n69;10
66.89637296929558	S	n69;10;n79;16;n80;17
69.36748751985498	E	n77;14
73.96170390340738	S	n79;16;n97;18;n98;19
75.77909324475415	E	n98;19
76.17184293596569	S	n80;17;n105;20;n106;21
76.75087355783961	S	n73;12;n107;22;n108;23
76.98271308737247	S	n105;20;n109;24;n110;25
78.35351366847215	E	n70;11
79.22755505538495	S	n108;23;n113;26;n114;27
79.30812165855059	E	n110;25
79.82687071617491	S	n109;24;n117;28;n118;29
80.3895646593219	E	n78;15
81.41489726462852	I	n118;29
82.84074056886857	S	n113;26;n127;30;n128;31
84.61441438989753	S	n118;29;n131;32;n132;33
85.50601592411626	E	n97;18
87.1911954645398	E	n114;27
87.42636199447134	S	n132;33;n153;34;n154;35
88.66389465217347	S	n117;28;n157;36;n158;37
89.39607863679154	S	n157;36;n161;38;n162;39
89.56639408370069	E	n161;38
89.92672479913614	S	n158;37;n165;40;n166;41
90.79568255560412	E	n107;22
91.0242900867634	S	n127;30;n169;42;n170;43
91.11770339704343	E	n131;32
91.26775341023475	S	n106;21;n175;44;n176;45
91.54856848753883	S	n170;43;n181;46;n182;47
92.33494976870058	E	n182;47
92.63276630510067	S	n154;35;n185;48;n186;49
93.20882231749565	I	n185;48
94.2905627805281	S	n162;39;n193;50;n194;51
95.00069429405947	E	n176;45
95.34371363479748	E	n185;48
96.83861240646377	E	n169;42
97.56005289654414	E	n193;50
98.4187588296697	E	n165;40
98.53344519810094	E	n194;51
99.10789388249582	E	n128;31
101.39060278740864	L	n175;44
101.83274108164306	S	n166;41;n231;52;n232;53
101.908053772782	E	n231;52
105.3897705314984	S	n232;53;n245;54;n246;55
106.84486426192589	E	n186;49
107.07038824181652	S	n181;46;n253;56;n254;57
108.2409827939678	S	n245;54;n265;58;n266;59
108.27613832721116	L	n254;57
108.94967586684253	C	n265;58
111.91854719341158	S	n266;59;n295;60;n296;61
115.36249319289614	E	n296;61
117.64931390587152	E	n253;56
118.22271826685676	E	n265;58
120.08725737012921	S	n246;55;n341;62;n342;63
122.20096298192965	F	n153;34
122.20096298192965	F	n341;62
122.20096298192965	F	n342;63
122.20096298192965	F	n295;60
