TIME	EVENT	NODES
357.2170062119837	O	n300
368.33285918754166	F	n300;1
