TIME	EVENT	NODES
357.17868773288353	O	n306
360.66748199542366	E	n306;1
