TIME	EVENT	NODES
35.71518486633237	O	n34
42.51222174714535	T	n34;1;n34;2;n29;3
42.943931074204656	E	n29;3
47.801935550276376	E	n34;2
