TIME	EVENT	NODES
357.24513544113074	O	n299
368.33285918754166	F	n299;1
