TIME	EVENT	NODES
357.38836782189856	O	n296
368.33285918754166	F	n296;1
