TIME	EVENT	NODES
357.3971283659405	O	n298
368.33285918754166	F	n298;1
