TIME	EVENT	NODES
357.4728767510684	O	n294
368.33285918754166	F	n294;1
