TIME	EVENT	NODES
357.4809747804628	O	n244
368.33285918754166	F	n244;1
