TIME	EVENT	NODES
357.6884461080825	O	n263
365.0417268907298	E	n263;1
