TIME	EVENT	NODES
357.5789710621334	O	n212
364.14479088522387	E	n212;1
