TIME	EVENT	NODES
357.861889710275	O	n290
368.33285918754166	F	n290;1
