TIME	EVENT	NODES
38.203209130545446	O	n28
48.325170578344775	C	n28;1
49.2772007128582	I	n28;1
57.237712525400994	S	n28;1;n57;2;n58;3
60.97357901514652	E	n58;3
65.84614554953704	E	n57;2
