TIME	EVENT	NODES
357.8366544558323	O	n296
368.33285918754166	F	n296;1
