TIME	EVENT	NODES
357.8463738068593	O	n306
359.44255110439275	I	n306;1
360.66748199542366	E	n306;1
