TIME	EVENT	NODES
35.95565045786125	O	n29
42.943931074204656	E	n29;1
