TIME	EVENT	NODES
357.7814485205697	O	n286
368.33285918754166	F	n286;1
