TIME	EVENT	NODES
35.9707518406386	O	n28
36.796239293427845	I	n28;1
53.29780979945958	E	n28;1
