TIME	EVENT	NODES
38.219532206081986	O	n28
43.698199767995376	C	n28;1
48.87400308351554	C	n28;1
57.237712525400994	S	n28;1;n57;2;n58;3
60.97357901514652	E	n58;3
65.84614554953704	E	n57;2
