TIME	EVENT	NODES
357.9521096093134	O	n303
368.33285918754166	F	n303;1
