TIME	EVENT	NODES
47.883745551727834	O	n7
55.32117252192765	I	n7;1
102.38781173853927	L	n7;1
