TIME	EVENT	NODES
48.080129173522224	O	n7
141.38694580254452	C	n7;1
150.70488048242996	L	n7;1
