TIME	EVENT	NODES
358.0201659097456	O	n281
368.33285918754166	F	n281;1
