TIME	EVENT	NODES
358.1070577299726	O	n260
365.3354294195512	E	n260;1
