TIME	EVENT	NODES
358.0222668894555	O	n278
368.33285918754166	F	n278;1
