TIME	EVENT	NODES
48.225880335272905	O	n9
53.33837032772131	C	n9;1
58.3766619571966	L	n9;1
