TIME	EVENT	NODES
38.34766513189019	O	n25
40.759074860237476	E	n25;1
