TIME	EVENT	NODES
358.2279929305853	O	n303
368.33285918754166	F	n303;1
