TIME	EVENT	NODES
36.07718538998834	O	n31
52.00683670020086	E	n31;1
