TIME	EVENT	NODES
358.3187645634013	O	n282
368.33285918754166	F	n282;1
