TIME	EVENT	NODES
358.422172389026	O	n285
368.33285918754166	F	n285;1
