TIME	EVENT	NODES
358.4149115158064	O	n296
368.33285918754166	F	n296;1
