TIME	EVENT	NODES
358.33758091069524	O	n287
368.33285918754166	F	n287;1
