TIME	EVENT	NODES
358.4336698777012	O	n282
368.33285918754166	F	n282;1
