TIME	EVENT	NODES
358.5358044389043	O	n288
368.33285918754166	F	n288;1
