TIME	EVENT	NODES
36.17011293960357	O	n34
47.801935550276376	E	n34;1
