TIME	EVENT	NODES
358.47541465117024	O	n285
368.33285918754166	F	n285;1
