TIME	EVENT	NODES
358.64668795321893	O	n252
360.7305502555282	L	n252;1
