TIME	EVENT	NODES
38.626194763104834	O	n25
40.759074860237476	E	n25;1
