TIME	EVENT	NODES
36.212961361318804	O	n31
52.00683670020086	E	n31;1
