TIME	EVENT	NODES
36.219847648282226	O	n33
37.43449429937737	E	n33;1
