TIME	EVENT	NODES
358.6960979303425	O	n238
366.6019432856436	L	n238;1
