TIME	EVENT	NODES
48.6141449584182	O	n7
90.62075147423019	L	n7;1
