TIME	EVENT	NODES
36.241723449488575	O	n29
42.943931074204656	E	n29;1
