TIME	EVENT	NODES
358.7777359682703	O	n257
368.33285918754166	F	n257;1
