TIME	EVENT	NODES
358.7976481308574	O	n290
368.33285918754166	F	n290;1
