TIME	EVENT	NODES
358.7421299847494	O	n252
362.29069445787525	I	n252;1
368.33285918754166	F	n252;1
