TIME	EVENT	NODES
49.03038854648519	O	n7
104.43170789737015	L	n7;1
