TIME	EVENT	NODES
36.302450689490115	O	n25
36.881358768164496	E	n25;1
