TIME	EVENT	NODES
36.308307274478956	O	n29
36.68780374992867	L	n29;1
