TIME	EVENT	NODES
358.9225104316371	O	n293
368.33285918754166	F	n293;1
