TIME	EVENT	NODES
359.0211157661655	O	n277
363.7179365725955	E	n277;1
