TIME	EVENT	NODES
358.9739094486571	O	n297
361.36473925610744	I	n297;1
368.33285918754166	F	n297;1
