TIME	EVENT	NODES
359.0030173894743	O	n230
368.33285918754166	F	n230;1
