TIME	EVENT	NODES
359.19338341018306	O	n299
368.33285918754166	F	n299;1
