TIME	EVENT	NODES
359.12579959336966	O	n293
364.35284617055726	I	n293;1
368.33285918754166	F	n293;1
