TIME	EVENT	NODES
36.393301268945315	O	n29
42.943931074204656	E	n29;1
