TIME	EVENT	NODES
359.1150712971734	O	n293
368.053331038294	I	n293;1
368.33285918754166	F	n293;1
