TIME	EVENT	NODES
359.2463026649397	O	n286
368.33285918754166	F	n286;1
