TIME	EVENT	NODES
359.2365746916899	O	n291
368.33285918754166	F	n291;1
