TIME	EVENT	NODES
359.2199856104834	O	n212
364.14479088522387	E	n212;1
