TIME	EVENT	NODES
359.2568472251284	O	n260
365.3354294195512	E	n260;1
