TIME	EVENT	NODES
359.40827433065664	O	n293
368.33285918754166	F	n293;1
