TIME	EVENT	NODES
359.39093576161366	O	n234
368.33285918754166	F	n234;1
