TIME	EVENT	NODES
359.4256447414819	O	n296
363.5947219206022	I	n296;1
368.33285918754166	F	n296;1
