TIME	EVENT	NODES
359.46514426269107	O	n279
362.93877184850265	E	n279;1
