TIME	EVENT	NODES
36.71008522743349	O	n28
44.735105338501896	I	n28;1
53.29780979945958	E	n28;1
