TIME	EVENT	NODES
359.687575538648	O	n300
368.33285918754166	F	n300;1
