TIME	EVENT	NODES
359.8108459039191	O	n238
368.33285918754166	F	n238;1
