TIME	EVENT	NODES
359.8091964030964	O	n282
368.33285918754166	F	n282;1
