TIME	EVENT	NODES
359.9898614053077	O	n244
368.33285918754166	F	n244;1
