TIME	EVENT	NODES
360.00694301087935	O	n307
368.33285918754166	F	n307;1
