TIME	EVENT	NODES
36.87049851562786	O	n29
37.547379411740216	I	n29;1
42.943931074204656	E	n29;1
