TIME	EVENT	NODES
360.1124944076075	O	n303
362.6952339851356	I	n303;1
368.33285918754166	F	n303;1
