TIME	EVENT	NODES
36.89726717762776	O	n28
53.29780979945958	E	n28;1
