TIME	EVENT	NODES
360.12125473089014	O	n288
368.33285918754166	F	n288;1
