TIME	EVENT	NODES
39.5772536340257	O	n18
42.357769946350246	S	n18;1;n31;2;n32;3
46.694210788673075	E	n32;3
50.79591476008908	S	n31;2;n39;4;n40;5
52.618978043968546	S	n39;4;n47;6;n48;7
55.45651211006114	E	n47;6
58.30047483794531	S	n40;5;n59;8;n60;9
58.94799355594872	S	n60;9;n61;10;n62;11
59.5579516206426	S	n62;11;n63;12;n64;13
61.254313095266134	E	n48;7
62.896106976518176	I	n63;12
64.42323521779419	T	n64;13;n64;14;n57;15
65.13921464734916	E	n59;8
65.84614554953704	E	n57;15
67.79713360797955	S	n61;10;n81;16;n82;17
69.50333777943767	E	n64;14
69.708668487013	E	n81;16
73.06969448986186	S	n82;17;n95;18;n96;19
74.75708131456398	E	n95;18
76.02902659070585	I	n63;12
77.82875716052023	E	n96;19
77.87291920469795	S	n63;12;n111;20;n112;21
80.13789888595848	S	n112;21;n121;22;n122;23
83.26825614926466	I	n122;23
83.28770087720454	C	n111;20
84.02661955226591	S	n122;23;n129;24;n130;25
86.0006184609162	E	n121;22
86.51037182362073	S	n111;20;n147;26;n148;27
89.53953138554083	S	n147;26;n163;28;n164;29
91.12710587207293	S	n129;24;n171;30;n172;31
91.44039855751173	S	n164;29;n177;32;n178;33
91.86020215472183	C	n148;27
91.9252527843899	S	n148;27;n183;34;n184;35
93.16574953574857	L	n178;33
93.34880801811472	E	n183;34
93.40783796646144	S	n130;25;n189;36;n190;37
94.90275332331854	I	n190;37
96.77409377030416	E	n190;37
100.61091691856613	E	n171;30
102.58874847283909	E	n189;36
106.02298060458065	E	n172;31
108.09778822732248	I	n163;28
114.18324510306947	S	n184;35;n303;38;n304;39
114.41278485366259	S	n163;28;n305;40;n306;41
118.21581233262908	S	n177;32;n327;42;n328;43
118.26466469545224	S	n328;43;n329;44;n330;45
118.44775156706248	I	n327;42
119.30590668260064	E	n303;38
119.93146279771446	S	n304;39;n339;46;n340;47
120.01257696609102	L	n330;45
121.85255750893415	S	n339;46;n357;48;n358;49
122.20096298192965	F	n327;42
122.20096298192965	F	n357;48
122.20096298192965	F	n329;44
122.20096298192965	F	n358;49
122.20096298192965	F	n306;41
122.20096298192965	F	n340;47
122.20096298192965	F	n305;40
