TIME	EVENT	NODES
360.2161374252216	O	n306
360.66748199542366	E	n306;1
