TIME	EVENT	NODES
360.2079600227863	O	n300
368.33285918754166	F	n300;1
