TIME	EVENT	NODES
360.3859565477062	O	n279
362.93877184850265	E	n279;1
