TIME	EVENT	NODES
360.39234535363465	O	n306
360.66748199542366	E	n306;1
