TIME	EVENT	NODES
360.49759076246204	O	n308
368.33285918754166	F	n308;1
