TIME	EVENT	NODES
360.40886788973074	O	n242
368.33285918754166	F	n242;1
