TIME	EVENT	NODES
37.01782624595273	O	n31
52.00683670020086	E	n31;1
