TIME	EVENT	NODES
360.4820916045714	O	n294
368.33285918754166	F	n294;1
