TIME	EVENT	NODES
360.6473731272705	O	n285
368.33285918754166	F	n285;1
