TIME	EVENT	NODES
360.71709686470604	O	n300
368.33285918754166	F	n300;1
