TIME	EVENT	NODES
37.11991485791478	O	n29
42.943931074204656	E	n29;1
