TIME	EVENT	NODES
360.824476025358	O	n260
365.3354294195512	E	n260;1
