TIME	EVENT	NODES
360.88052861939053	O	n304
364.49514583717956	S	n304;1;n319;2;n320;3
368.33285918754166	F	n320;3
368.33285918754166	F	n319;2
