TIME	EVENT	NODES
361.0544393982887	O	n298
368.33285918754166	F	n298;1
