TIME	EVENT	NODES
360.9915294031096	O	n299
368.33285918754166	F	n299;1
