TIME	EVENT	NODES
360.9876837774457	O	n252
368.33285918754166	F	n252;1
