TIME	EVENT	NODES
51.61726479861423	O	n5
52.528232972525004	I	n5;1
65.22142532887267	I	n5;1
65.79458869924449	S	n5;1;n11;2;n12;3
72.51170289590628	I	n11;2
78.67196232775571	E	n11;2
80.59920766624008	E	n12;3
