TIME	EVENT	NODES
51.70389596901399	O	n9
54.86400797163467	C	n9;1
67.17425103777994	L	n9;1
