TIME	EVENT	NODES
361.14718424635504	O	n290
368.33285918754166	F	n290;1
