TIME	EVENT	NODES
361.1846129680856	O	n303
368.33285918754166	F	n303;1
