TIME	EVENT	NODES
361.16539225739854	O	n260
365.3354294195512	E	n260;1
