TIME	EVENT	NODES
361.18506543075034	O	n281
368.33285918754166	F	n281;1
