TIME	EVENT	NODES
361.2100971124429	O	n234
368.33285918754166	F	n234;1
