TIME	EVENT	NODES
361.23462440087764	O	n303
368.33285918754166	F	n303;1
