TIME	EVENT	NODES
361.2128712167357	O	n244
368.33285918754166	F	n244;1
