TIME	EVENT	NODES
361.2017178700071	O	n279
362.93877184850265	E	n279;1
