TIME	EVENT	NODES
361.3858637949334	O	n305
364.0086300239402	S	n305;1;n315;2;n316;3
368.33285918754166	F	n316;3
368.33285918754166	F	n315;2
