TIME	EVENT	NODES
40.49562687155965	O	n18
42.357769946350246	S	n18;1;n31;2;n32;3
46.694210788673075	E	n32;3
50.795188555580864	T	n31;2;n31;4;n35;5
50.79591476008908	S	n31;4;n39;6;n40;7
52.618978043968546	S	n39;6;n47;8;n48;9
53.380444639804644	E	n35;5
55.45651211006114	E	n47;8
57.11683902176536	C	n40;7
58.30047483794531	S	n40;7;n59;10;n60;11
58.94799355594872	S	n60;11;n61;12;n62;13
59.5579516206426	S	n62;13;n63;14;n64;15
61.254313095266134	E	n48;9
62.270348692137084	D	n59;10;n59;16;n59;17
65.13921464734916	E	n59;16
65.13921464734916	E	n59;17
67.79713360797955	S	n61;12;n81;18;n82;19
69.50333777943767	E	n64;15
69.708668487013	E	n81;18
73.06969448986186	S	n82;19;n95;20;n96;21
74.75708131456398	E	n95;20
75.93943429294211	I	n63;14
77.82875716052023	E	n96;21
77.87291920469795	S	n63;14;n111;22;n112;23
80.13789888595848	S	n112;23;n121;24;n122;25
84.02661955226591	S	n122;25;n129;26;n130;27
84.47255440586962	I	n121;24
86.0006184609162	E	n121;24
86.51037182362073	S	n111;22;n147;28;n148;29
89.53953138554083	S	n147;28;n163;30;n164;31
91.12710587207293	S	n129;26;n171;32;n172;33
91.44039855751173	S	n164;31;n177;34;n178;35
91.9252527843899	S	n148;29;n183;36;n184;37
93.34880801811472	E	n183;36
93.40783796646144	S	n130;27;n189;38;n190;39
93.64609162057884	E	n178;35
95.41106869392023	T	n184;37;n184;40;n203;41
96.77409377030416	E	n190;39
100.61091691856613	E	n171;32
102.58874847283909	E	n189;38
106.02298060458065	E	n172;33
114.18324510306947	S	n184;40;n303;42;n304;43
114.41278485366259	S	n163;30;n305;44;n306;45
118.21581233262908	S	n177;34;n327;46;n328;47
118.26466469545224	S	n328;47;n329;48;n330;49
118.63591561020323	S	n203;41;n333;50;n334;51
119.30590668260064	E	n303;42
119.93146279771446	S	n304;43;n339;52;n340;53
120.06704076056235	I	n329;48
120.7449822450763	C	n330;49
121.7585378305599	S	n330;49;n353;54;n354;55
121.85255750893415	S	n339;52;n357;56;n358;57
122.20096298192965	F	n327;46
122.20096298192965	F	n357;56
122.20096298192965	F	n333;50
122.20096298192965	F	n329;48
122.20096298192965	F	n358;57
122.20096298192965	F	n334;51
122.20096298192965	F	n306;45
122.20096298192965	F	n340;53
122.20096298192965	F	n354;55
122.20096298192965	F	n353;54
122.20096298192965	F	n305;44
