TIME	EVENT	NODES
361.53509143654094	O	n299
368.33285918754166	F	n299;1
