TIME	EVENT	NODES
361.56787355666665	O	n263
365.0417268907298	E	n263;1
