TIME	EVENT	NODES
37.40547916047013	O	n34
47.801935550276376	E	n34;1
