TIME	EVENT	NODES
361.599744380379	O	n221
368.33285918754166	F	n221;1
