TIME	EVENT	NODES
361.69428398719356	O	n238
368.33285918754166	F	n238;1
