TIME	EVENT	NODES
37.40604430467249	O	n21
39.48359566544293	L	n21;1
