TIME	EVENT	NODES
361.8896082615777	O	n230
368.33285918754166	F	n230;1
