TIME	EVENT	NODES
362.08824998975257	O	n242
362.1995239266483	C	n242;1
368.33285918754166	F	n242;1
