TIME	EVENT	NODES
362.073332809435	O	n278
368.33285918754166	F	n278;1
