TIME	EVENT	NODES
362.05631768392647	O	n212
364.14479088522387	E	n212;1
