TIME	EVENT	NODES
362.0330432501954	O	n294
368.33285918754166	F	n294;1
