TIME	EVENT	NODES
52.2768099378384	O	n5
53.992332161115115	I	n5;1
65.79458869924449	S	n5;1;n11;2;n12;3
78.67196232775571	E	n11;2
80.59920766624008	E	n12;3
