TIME	EVENT	NODES
362.3063992846556	O	n299
368.33285918754166	F	n299;1
