TIME	EVENT	NODES
362.37899756729985	O	n312
368.33285918754166	F	n312;1
