TIME	EVENT	NODES
362.35950463021567	O	n286
368.33285918754166	F	n286;1
