TIME	EVENT	NODES
37.726573052945064	O	n34
47.801935550276376	E	n34;1
