TIME	EVENT	NODES
362.48514808142755	O	n281
368.33285918754166	F	n281;1
