TIME	EVENT	NODES
362.50242366195545	O	n291
368.33285918754166	F	n291;1
