TIME	EVENT	NODES
362.5510733615081	O	n296
368.33285918754166	F	n296;1
