TIME	EVENT	NODES
362.57002358268153	O	n303
368.33285918754166	F	n303;1
