TIME	EVENT	NODES
362.5693634514005	O	n271
368.33285918754166	F	n271;1
