TIME	EVENT	NODES
362.5629755892897	O	n303
368.33285918754166	F	n303;1
