TIME	EVENT	NODES
362.74185076375517	O	n244
368.33285918754166	F	n244;1
