TIME	EVENT	NODES
362.71263512051	O	n271
368.33285918754166	F	n271;1
