TIME	EVENT	NODES
362.7192265695442	O	n290
368.33285918754166	F	n290;1
