TIME	EVENT	NODES
37.940281379579076	O	n28
53.29780979945958	E	n28;1
