TIME	EVENT	NODES
362.82173184367264	O	n297
368.33285918754166	F	n297;1
