TIME	EVENT	NODES
41.7144751084968	O	n28
57.237712525400994	S	n28;1;n57;2;n58;3
60.97357901514652	E	n58;3
62.25684446335434	I	n57;2
65.84614554953704	E	n57;2
