TIME	EVENT	NODES
362.8104822919242	O	n257
368.33285918754166	F	n257;1
