TIME	EVENT	NODES
362.8002013550766	O	n290
368.33285918754166	F	n290;1
