TIME	EVENT	NODES
363.00970715912825	O	n299
368.33285918754166	F	n299;1
