TIME	EVENT	NODES
362.9418495477865	O	n288
368.33285918754166	F	n288;1
