TIME	EVENT	NODES
37.99985228178948	O	n31
52.00683670020086	E	n31;1
