TIME	EVENT	NODES
362.8751846291669	O	n285
368.33285918754166	F	n285;1
