TIME	EVENT	NODES
363.0857993866687	O	n293
368.33285918754166	F	n293;1
