TIME	EVENT	NODES
363.39257069364106	O	n294
368.33285918754166	F	n294;1
