TIME	EVENT	NODES
363.367692650928	O	n282
368.33285918754166	F	n282;1
