TIME	EVENT	NODES
363.4830580668681	O	n287
365.41931560377526	I	n287;1
368.33285918754166	F	n287;1
