TIME	EVENT	NODES
363.43718903958984	O	n271
368.33285918754166	F	n271;1
