TIME	EVENT	NODES
363.7023404229149	O	n291
368.33285918754166	F	n291;1
