TIME	EVENT	NODES
363.50573723302284	O	n300
368.33285918754166	F	n300;1
