TIME	EVENT	NODES
363.8311177296065	O	n212
364.14479088522387	E	n212;1
