TIME	EVENT	NODES
363.8848137404871	O	n294
368.33285918754166	F	n294;1
