TIME	EVENT	NODES
38.66488866443416	O	n34
47.801935550276376	E	n34;1
