TIME	EVENT	NODES
363.8980756113901	O	n298
368.33285918754166	F	n298;1
