TIME	EVENT	NODES
363.83739922702046	O	n239
365.6675909654996	S	n239;1;n327;2;n328;3
368.33285918754166	F	n327;2
368.33285918754166	F	n328;3
