TIME	EVENT	NODES
363.90556427084977	O	n287
368.33285918754166	F	n287;1
