TIME	EVENT	NODES
364.06378731303874	O	n297
368.33285918754166	F	n297;1
