TIME	EVENT	NODES
364.0475798916395	O	n300
368.33285918754166	F	n300;1
