TIME	EVENT	NODES
364.2264781855227	O	n296
368.33285918754166	F	n296;1
