TIME	EVENT	NODES
364.33533458549294	O	n307
364.8146362410501	C	n307;1
368.33285918754166	F	n307;1
