TIME	EVENT	NODES
39.05584869031799	O	n29
42.63468388941691	C	n29;1
42.943931074204656	E	n29;1
