TIME	EVENT	NODES
364.2872207369365	O	n291
368.33285918754166	F	n291;1
