TIME	EVENT	NODES
364.4295612576513	O	n298
368.33285918754166	F	n298;1
