TIME	EVENT	NODES
364.51919424301155	O	n316
368.33285918754166	F	n316;1
