TIME	EVENT	NODES
39.18188944559697	O	n28
53.29780979945958	E	n28;1
