TIME	EVENT	NODES
364.85469083469866	O	n298
366.98328391265227	L	n298;1
