TIME	EVENT	NODES
364.7086437462735	O	n307
368.33285918754166	F	n307;1
