TIME	EVENT	NODES
364.6646264608856	O	n282
368.33285918754166	F	n282;1
