TIME	EVENT	NODES
364.97305043364446	O	n290
368.33285918754166	F	n290;1
