TIME	EVENT	NODES
364.91238327686233	O	n316
368.33285918754166	F	n316;1
