TIME	EVENT	NODES
54.58962884689386	O	n10
76.83040379162496	S	n10;1;n13;2;n14;3
78.62543824701935	I	n13;2
79.70052437885991	L	n14;3
100.0082568610545	S	n13;2;n17;4;n18;5
110.28465470139984	I	n17;4
111.66586617081315	S	n18;5;n21;6;n22;7
112.01465113909292	I	n17;4
124.55570956379407	I	n17;4
127.09439606284033	S	n17;4;n23;8;n24;9
127.70138730143786	C	n24;9
127.91039143408636	I	n24;9
129.70108101597992	I	n23;8
131.05163357451565	E	n21;6
137.33366044182898	S	n22;7;n25;10;n26;11
142.7155834077547	E	n25;10
149.3238145096331	S	n26;11;n29;12;n30;13
150.5320868575151	I	n23;8
150.66371876436537	I	n30;13
150.84222171296392	E	n30;13
151.41608628417967	S	n24;9;n31;14;n32;15
165.1799971652594	S	n31;14;n39;16;n40;17
166.42281919880233	S	n40;17;n41;18;n42;19
169.09281682708968	E	n41;18
169.40844172015872	E	n39;16
171.45748821204532	S	n23;8;n49;20;n50;21
172.0550160052887	I	n42;19
173.3420775141136	S	n42;19;n53;22;n54;23
173.88687652149895	E	n54;23
176.11005676811268	S	n49;20;n55;24;n56;25
178.72575800629298	I	n53;22
180.68423174771254	E	n50;21
184.07079734796926	I	n32;15
188.99377288291518	S	n56;25;n61;26;n62;27
190.7703124543247	I	n55;24
191.35598736312272	S	n62;27;n65;28;n66;29
193.54890914381417	S	n32;15;n67;30;n68;31
193.58359349176217	I	n53;22
194.78330033017426	I	n55;24
196.74632570764513	E	n66;29
201.2191251596323	L	n67;30
204.37902165053822	L	n68;31
212.14935991177535	E	n65;28
221.4844260935815	S	n61;26;n89;32;n90;33
224.32847399993054	I	n89;32
224.34369207996875	S	n29;12;n91;34;n92;35
226.86452868796613	S	n53;22;n95;36;n96;37
227.54637249049256	E	n91;34
230.54798003505593	L	n55;24
231.2895298785254	E	n89;32
233.55443944646427	S	n96;37;n105;38;n106;39
243.30096724713678	I	n106;39
243.63195567016433	C	n95;36
246.88641973062292	C	n95;36
247.39689396549332	C	n92;35
247.89276809742267	S	n106;39;n121;40;n122;41
251.1517682979901	S	n92;35;n127;42;n128;43
251.5390235914055	E	n128;43
252.86332030692316	I	n95;36
252.87678478256842	E	n127;42
257.30558179502094	T	n121;40;n121;44;n109;45
257.6973407888458	I	n95;36
258.1180527361404	I	n109;45
261.6291738439399	E	n121;44
263.7658784633183	I	n122;41
271.5541373875477	S	n95;36;n167;46;n168;47
273.5864034493894	E	n122;41
278.37777927242377	S	n168;47;n179;48;n180;49
278.6214938342557	E	n167;46
280.88338111280893	E	n90;33
282.56958360049487	E	n179;48
287.11255834254723	I	n109;45
287.2898658895813	E	n105;38
292.321064504694	E	n180;49
315.342886568578	E	n109;45
