TIME	EVENT	NODES
364.8629338834543	O	n252
368.33285918754166	F	n252;1
