TIME	EVENT	NODES
365.03840506866857	O	n308
368.33285918754166	F	n308;1
