TIME	EVENT	NODES
365.20256764177225	O	n290
368.33285918754166	F	n290;1
