TIME	EVENT	NODES
365.22272117804954	O	n323
368.33285918754166	F	n323;1
