TIME	EVENT	NODES
39.34851760134427	O	n30
54.28936915956209	I	n30;1
55.73831808661641	S	n30;1;n57;2;n58;3
59.65295875486497	E	n58;3
66.2736100429329	E	n57;2
