TIME	EVENT	NODES
365.1596741654438	O	n170
368.33285918754166	F	n170;1
