TIME	EVENT	NODES
365.32925099843595	O	n230
368.33285918754166	F	n230;1
