TIME	EVENT	NODES
42.67942757893698	O	n32
46.694210788673075	E	n32;1
