TIME	EVENT	NODES
365.27981691158885	O	n242
368.33285918754166	F	n242;1
