TIME	EVENT	NODES
365.27035877285266	O	n311
368.33285918754166	F	n311;1
