TIME	EVENT	NODES
365.38803112047856	O	n282
368.33285918754166	F	n282;1
