TIME	EVENT	NODES
365.3401530749934	O	n230
368.33285918754166	F	n230;1
