TIME	EVENT	NODES
365.35041424964146	O	n286
368.33285918754166	F	n286;1
