TIME	EVENT	NODES
365.4644303329263	O	n313
368.33285918754166	F	n313;1
