TIME	EVENT	NODES
42.88712244743397	O	n32
46.694210788673075	E	n32;1
