TIME	EVENT	NODES
365.67431089805467	O	n319
368.33285918754166	F	n319;1
