TIME	EVENT	NODES
365.67447890269773	O	n318
365.9406802548836	S	n318;1;n329;2;n330;3
368.33285918754166	F	n330;3
368.33285918754166	F	n329;2
