TIME	EVENT	NODES
39.761573180214505	O	n30
46.037623632506545	I	n30;1
55.73831808661641	S	n30;1;n57;2;n58;3
59.65295875486497	E	n58;3
66.2736100429329	E	n57;2
