TIME	EVENT	NODES
365.71011223754857	O	n296
368.33285918754166	F	n296;1
