TIME	EVENT	NODES
365.7172774105006	O	n234
368.33285918754166	F	n234;1
