TIME	EVENT	NODES
365.87007028648367	O	n298
368.33285918754166	F	n298;1
