TIME	EVENT	NODES
40.134306236554444	O	n31
52.00683670020086	E	n31;1
