TIME	EVENT	NODES
365.87629341290744	O	n327
368.33285918754166	F	n327;1
