TIME	EVENT	NODES
365.95966239501905	O	n170
368.33285918754166	F	n170;1
