TIME	EVENT	NODES
366.0125848819543	O	n316
368.33285918754166	F	n316;1
