TIME	EVENT	NODES
366.0500272236505	O	n327
368.33285918754166	F	n327;1
