TIME	EVENT	NODES
366.0438107492619	O	n308
368.33285918754166	F	n308;1
