TIME	EVENT	NODES
366.07241952689213	O	n287
368.33285918754166	F	n287;1
