TIME	EVENT	NODES
366.0421273503947	O	n307
368.33285918754166	F	n307;1
