TIME	EVENT	NODES
43.108006455297286	O	n32
46.694210788673075	E	n32;1
