TIME	EVENT	NODES
366.0772822689431	O	n297
368.33285918754166	F	n297;1
