TIME	EVENT	NODES
366.1591922835364	O	n170
368.33285918754166	F	n170;1
