TIME	EVENT	NODES
366.26729860887934	O	n238
368.33285918754166	F	n238;1
