TIME	EVENT	NODES
366.24206611679097	O	n285
367.61788425334043	I	n285;1
368.33285918754166	F	n285;1
