TIME	EVENT	NODES
366.38621354494967	O	n308
368.33285918754166	F	n308;1
