TIME	EVENT	NODES
366.30991984034245	O	n298
368.33285918754166	F	n298;1
