TIME	EVENT	NODES
366.42227278362617	O	n285
368.33285918754166	F	n285;1
