TIME	EVENT	NODES
366.4508358378356	O	n244
368.33285918754166	F	n244;1
