TIME	EVENT	NODES
366.474284188978	O	n320
368.33285918754166	F	n320;1
