TIME	EVENT	NODES
366.65042118280485	O	n326
368.33285918754166	F	n326;1
