TIME	EVENT	NODES
366.76557872580213	O	n321
368.33285918754166	F	n321;1
