TIME	EVENT	NODES
366.7953204760351	O	n287
368.33285918754166	F	n287;1
