TIME	EVENT	NODES
366.8765795126968	O	n221
368.33285918754166	F	n221;1
