TIME	EVENT	NODES
40.5350415528967	O	n29
42.943931074204656	E	n29;1
