TIME	EVENT	NODES
366.8718778248966	O	n326
368.33285918754166	F	n326;1
