TIME	EVENT	NODES
366.9730897088726	O	n290
368.33285918754166	F	n290;1
