TIME	EVENT	NODES
40.56354618009383	O	n34
47.801935550276376	E	n34;1
