TIME	EVENT	NODES
366.9762267297998	O	n308
368.33285918754166	F	n308;1
