TIME	EVENT	NODES
367.02382730348376	O	n298
368.33285918754166	F	n298;1
