TIME	EVENT	NODES
367.03903899651516	O	n303
367.5281650464622	I	n303;1
368.33285918754166	F	n303;1
