TIME	EVENT	NODES
367.0269618288272	O	n315
368.33285918754166	F	n315;1
