TIME	EVENT	NODES
367.0697178892748	O	n296
367.3801381643112	C	n296;1
368.33285918754166	F	n296;1
