TIME	EVENT	NODES
367.10591198457576	O	n327
368.33285918754166	F	n327;1
