TIME	EVENT	NODES
367.1227854719896	O	n296
368.33285918754166	F	n296;1
