TIME	EVENT	NODES
367.1775778530881	O	n290
368.33285918754166	F	n290;1
