TIME	EVENT	NODES
40.73216722981154	O	n29
42.943931074204656	E	n29;1
