TIME	EVENT	NODES
367.2500867326728	O	n303
367.3823909983052	I	n303;1
368.33285918754166	F	n303;1
