TIME	EVENT	NODES
367.25611900765733	O	n291
368.33285918754166	F	n291;1
