TIME	EVENT	NODES
367.2397268314982	O	n290
368.33285918754166	F	n290;1
