TIME	EVENT	NODES
367.2671118246374	O	n329
368.33285918754166	F	n329;1
