TIME	EVENT	NODES
367.36786339128633	O	n221
368.33285918754166	F	n221;1
