TIME	EVENT	NODES
40.74508830353053	O	n34
47.801935550276376	E	n34;1
