TIME	EVENT	NODES
367.29996504327505	O	n290
368.33285918754166	F	n290;1
