TIME	EVENT	NODES
367.52660548305056	O	n297
368.33285918754166	F	n297;1
