TIME	EVENT	NODES
44.67715210015975	O	n32
46.694210788673075	E	n32;1
