TIME	EVENT	NODES
367.5028227557572	O	n307
368.33285918754166	F	n307;1
