TIME	EVENT	NODES
367.5057897293318	O	n308
368.33285918754166	F	n308;1
