TIME	EVENT	NODES
367.8153007830674	O	n317
368.33285918754166	F	n317;1
