TIME	EVENT	NODES
41.07348352644357	O	n31
52.00683670020086	E	n31;1
