TIME	EVENT	NODES
367.77873538061556	O	n327
368.33285918754166	F	n327;1
