TIME	EVENT	NODES
41.110400816782665	O	n29
42.943931074204656	E	n29;1
