TIME	EVENT	NODES
367.8771449740249	O	n288
368.33285918754166	F	n288;1
