TIME	EVENT	NODES
367.9979032935758	O	n257
368.33285918754166	F	n257;1
