TIME	EVENT	NODES
368.02214203580775	O	n271
368.33285918754166	F	n271;1
