TIME	EVENT	NODES
41.16972882623579	O	n28
43.322067672506385	T	n28;1;n28;2;n34;3
46.88258123915649	I	n28;2
47.801935550276376	E	n34;3
53.29780979945958	E	n28;2
