TIME	EVENT	NODES
44.94604079849438	O	n36
45.481795147722195	S	n36;1;n37;2;n38;3
46.89441621440418	E	n38;3
50.749058815683526	I	n37;2
53.9262251160511	S	n37;2;n51;4;n52;5
54.592708267342836	S	n52;5;n53;6;n54;7
57.77176985662854	L	n54;7
63.55096011226192	E	n53;6
64.96591152733993	S	n51;4;n73;8;n74;9
65.69497400279168	S	n74;9;n77;10;n78;11
69.36748751985498	E	n77;10
76.75087355783961	S	n73;8;n107;12;n108;13
79.22755505538495	S	n108;13;n113;14;n114;15
80.3895646593219	E	n78;11
81.26963557551893	C	n107;12
82.8195070591541	I	n107;12
82.84074056886857	S	n113;14;n127;16;n128;17
87.1911954645398	E	n114;15
90.79568255560412	E	n107;12
91.0242900867634	S	n127;16;n169;18;n170;19
91.54856848753883	S	n170;19;n181;20;n182;21
92.33494976870058	E	n182;21
96.83861240646377	E	n169;18
99.10789388249582	E	n128;17
107.07038824181652	S	n181;20;n253;22;n254;23
111.28325284510493	I	n253;22
113.76517703328658	S	n254;23;n301;24;n302;25
113.98118132905664	E	n301;24
114.59513604545869	S	n302;25;n309;26;n310;27
117.64931390587152	E	n253;22
120.86303351854802	I	n309;26
121.1154699736872	E	n309;26
122.20096298192965	F	n310;27
