TIME	EVENT	NODES
368.24905487108265	O	n230
368.33285918754166	F	n230;1
