TIME	EVENT	NODES
368.1163281124188	O	n287
368.33285918754166	F	n287;1
