TIME	EVENT	NODES
41.20037632120286	O	n28
53.29780979945958	E	n28;1
