TIME	EVENT	NODES
368.26005182018673	O	n309
368.33285918754166	F	n309;1
