TIME	EVENT	NODES
368.29201828143994	O	n328
368.33285918754166	F	n328;1
