TIME	EVENT	NODES
41.293902257316205	O	n30
41.52321484299192	I	n30;1
55.73831808661641	S	n30;1;n57;2;n58;3
59.65295875486497	E	n58;3
65.53806348042167	I	n57;2
66.2736100429329	E	n57;2
