TIME	EVENT	NODES
368.27343592906806	O	n221
368.33285918754166	F	n221;1
