TIME	EVENT	NODES
368.2665350589266	O	n314
368.33285918754166	F	n314;1
