TIME	EVENT	NODES
45.535926251533844	O	n32
45.612858712895985	I	n32;1
46.694210788673075	E	n32;1
