TIME	EVENT	NODES
41.464036017927	O	n29
42.943931074204656	E	n29;1
