TIME	EVENT	NODES
41.788983574103085	O	n26
44.85245251234952	S	n26;1;n41;2;n42;3
57.310630475684235	L	n41;2
57.97964289262236	E	n42;3
