TIME	EVENT	NODES
41.93125906862815	O	n30
44.02818813276317	I	n30;1
55.73831808661641	S	n30;1;n57;2;n58;3
57.90394158342632	C	n58;3
59.65295875486497	E	n58;3
66.2736100429329	E	n57;2
