TIME	EVENT	NODES
59.50655780244455	O	n10
70.25083258846432	L	n10;1
