TIME	EVENT	NODES
42.193030325385116	O	n29
42.943931074204656	E	n29;1
