TIME	EVENT	NODES
46.402192337879455	O	n32
46.694210788673075	E	n32;1
