TIME	EVENT	NODES
46.562538162027764	O	n33
51.93686477410592	S	n33;1;n45;2;n46;3
53.10640318364259	I	n46;3
53.82667175225311	S	n45;2;n49;4;n50;5
60.75090761671917	S	n50;5;n65;6;n66;7
62.13615154914574	E	n66;7
64.4764211776003	E	n46;3
72.58640953688958	E	n65;6
75.0883559486219	S	n49;4;n101;8;n102;9
76.07500621366802	E	n102;9
85.14519719498897	S	n101;8;n135;10;n136;11
85.99631158609974	S	n136;11;n143;12;n144;13
86.37764105276558	S	n135;10;n145;14;n146;15
86.81771029291036	S	n143;12;n149;16;n150;17
88.2079321579105	E	n144;13
89.23844721992381	S	n146;15;n159;18;n160;19
94.68228810518416	S	n159;18;n199;20;n200;21
94.75491060307387	S	n160;19;n203;22;n204;23
95.69417516387067	I	n199;20
96.44290819147221	S	n200;21;n211;24;n212;25
97.39967128992377	E	n145;14
98.32698127730475	E	n204;23
98.43505507238682	C	n149;16
98.6227177030625	S	n149;16;n221;26;n222;27
100.04147181143192	D	n212;25;n212;28;n212;29
101.51446341153029	E	n212;28
101.51446341153029	E	n212;29
102.98341176200759	E	n211;24
103.24789987789956	E	n150;17
106.92161422948067	E	n221;26
108.37576250505025	E	n199;20
114.14672954199513	C	n203;22
118.63591561020323	S	n203;22;n333;30;n334;31
122.20096298192965	F	n333;30
122.20096298192965	F	n222;27
122.20096298192965	F	n334;31
