TIME	EVENT	NODES
60.82393310336235	O	n7
116.05339113395773	I	n7;1
121.0467721139544	C	n7;1
135.3381153621667	L	n7;1
