TIME	EVENT	NODES
46.723794543279325	O	n33
51.93686477410592	S	n33;1;n45;2;n46;3
53.82667175225311	S	n45;2;n49;4;n50;5
60.75090761671917	S	n50;5;n65;6;n66;7
62.13615154914574	E	n66;7
64.4764211776003	E	n46;3
66.74204612269163	I	n49;4
72.58640953688958	E	n65;6
75.0883559486219	S	n49;4;n101;8;n102;9
76.07500621366802	E	n102;9
85.14519719498897	S	n101;8;n135;10;n136;11
85.99631158609974	S	n136;11;n143;12;n144;13
86.37764105276558	S	n135;10;n145;14;n146;15
86.81771029291036	S	n143;12;n149;16;n150;17
88.2079321579105	E	n144;13
89.23844721992381	S	n146;15;n159;18;n160;19
89.28467796901685	D	n145;14;n145;20;n145;21
94.68228810518416	S	n159;18;n199;22;n200;23
94.75491060307387	S	n160;19;n203;24;n204;25
95.5629536817662	L	n150;17
96.44290819147221	S	n200;23;n211;26;n212;27
96.49798857517968	I	n204;25
97.39967128992377	E	n145;20
97.39967128992377	E	n145;21
98.32698127730475	E	n204;25
98.6227177030625	S	n149;16;n221;28;n222;29
100.53272371946052	I	n212;27
101.51446341153029	E	n212;27
102.98341176200759	E	n211;26
105.87642352712851	I	n199;22
106.92161422948067	E	n221;28
108.37576250505025	E	n199;22
110.82083933859423	I	n203;24
111.34367270631523	I	n203;24
118.63591561020323	S	n203;24;n333;30;n334;31
122.20096298192965	F	n333;30
122.20096298192965	F	n222;29
122.20096298192965	F	n334;31
