TIME	EVENT	NODES
42.35706428153253	O	n36
46.87578296073487	S	n36;1;n47;2;n48;3
48.09144863523401	I	n47;2
51.36183749431137	I	n47;2
57.23402616228817	E	n48;3
69.3614836110607	S	n47;2;n71;4;n72;5
70.88343313549224	E	n72;5
78.41490264637783	C	n71;4
80.57463946636354	S	n71;4;n83;6;n84;7
86.60669252253648	E	n83;6
91.78210615836441	S	n84;7;n103;8;n104;9
102.82426853750586	E	n103;8
105.44036139949971	I	n104;9
106.57096831231419	E	n104;9
