TIME	EVENT	NODES
42.415091071128955	O	n28
53.29780979945958	E	n28;1
