TIME	EVENT	NODES
42.44804639103931	O	n31
52.00683670020086	E	n31;1
