TIME	EVENT	NODES
46.86152284710087	O	n38
46.89441621440418	E	n38;1
