TIME	EVENT	NODES
42.45046461899318	O	n31
52.00683670020086	E	n31;1
