TIME	EVENT	NODES
46.99637944255288	O	n30
50.94172198732372	S	n30;1;n41;2;n42;3
53.252202072939525	E	n42;3
55.54587721557281	I	n41;2
55.673706936265646	I	n41;2
59.82100229367665	E	n41;2
