TIME	EVENT	NODES
42.48112614171563	O	n29
42.943931074204656	E	n29;1
