TIME	EVENT	NODES
42.79407885453559	O	n31
52.00683670020086	E	n31;1
