TIME	EVENT	NODES
48.36164277120148	O	n35
53.380444639804644	E	n35;1
