TIME	EVENT	NODES
42.996151969006284	O	n34
47.801935550276376	E	n34;1
