TIME	EVENT	NODES
43.07338345888086	O	n37
47.20567624080078	E	n37;1
