TIME	EVENT	NODES
48.51103844388339	O	n33
49.75745015536951	I	n33;1
51.93686477410592	S	n33;1;n45;2;n46;3
53.82667175225311	S	n45;2;n49;4;n50;5
55.34645598199986	I	n49;4
60.75090761671917	S	n50;5;n65;6;n66;7
61.76438889882374	L	n49;4
62.13615154914574	E	n66;7
64.4764211776003	E	n46;3
72.58640953688958	E	n65;6
