TIME	EVENT	NODES
63.67992606781629	O	n7
70.6855552878254	I	n7;1
143.54197741139245	I	n7;1
152.63308264867726	S	n7;1;n33;2;n34;3
162.77617771303431	S	n34;3;n37;4;n38;5
164.0650225736182	E	n38;5
165.2249719103747	E	n33;2
165.26262186305448	I	n37;4
187.1981154176181	S	n37;4;n59;6;n60;7
197.4425771279869	L	n60;7
251.91737397158224	S	n59;6;n131;8;n132;9
264.256074713361	S	n131;8;n159;10;n160;11
283.003644560383	E	n160;11
288.5496408940298	S	n132;9;n189;12;n190;13
293.09541863459924	L	n159;10
297.2325938618031	S	n190;13;n211;14;n212;15
306.18779637717876	E	n189;12
323.451126983794	S	n211;14;n247;16;n248;17
324.0623103128992	C	n212;15
325.3357706177903	I	n247;16
326.6218002998892	I	n247;16
326.9299560409181	S	n248;17;n249;18;n250;19
332.8507289016223	C	n250;19
334.64198406508626	S	n249;18;n255;20;n256;21
338.51097831531484	S	n247;16;n269;22;n270;23
351.3681074054671	E	n270;23
351.37042779145395	E	n255;20
351.5727200775193	D	n212;15;n212;24;n212;25
351.82911819364017	I	n269;22
354.67211978769	I	n212;24
354.67211978769	I	n212;25
354.9674705781348	D	n256;21;n256;26;n256;27
356.5243775902817	S	n250;19;n303;28;n304;29
359.43466135079467	S	n269;22;n307;30;n308;31
360.0553054589767	T	n304;29;n304;32;n288;33
360.30853322923554	T	n303;28;n303;34;n205;35
363.72092949357767	S	n205;35;n313;36;n314;37
364.0326981951225	I	n304;32
364.14479088522387	E	n212;25
364.14479088522387	E	n212;24
364.49514583717956	S	n304;32;n319;38;n320;39
365.0168302374957	S	n256;26;n323;40;n324;41
365.0168302374957	S	n256;27;n323;42;n324;43
367.6182129741708	I	n324;41
367.6182129741708	I	n324;43
368.1525611161385	S	n324;43;n331;44;n332;45
368.1525611161385	S	n324;41;n331;46;n332;47
368.33285918754166	F	n307;30
368.33285918754166	F	n303;34
368.33285918754166	F	n288;33
368.33285918754166	F	n308;31
368.33285918754166	F	n331;44
368.33285918754166	F	n331;46
368.33285918754166	F	n323;40
368.33285918754166	F	n323;42
368.33285918754166	F	n314;37
368.33285918754166	F	n320;39
368.33285918754166	F	n332;45
368.33285918754166	F	n332;47
368.33285918754166	F	n319;38
368.33285918754166	F	n313;36
