TIME	EVENT	NODES
48.76156478188439	O	n31
50.79591476008908	S	n31;1;n39;2;n40;3
52.618978043968546	S	n39;2;n47;4;n48;5
55.45651211006114	E	n47;4
55.47618653241733	I	n40;3
58.30047483794531	S	n40;3;n59;6;n60;7
58.94799355594872	S	n60;7;n61;8;n62;9
59.5579516206426	S	n62;9;n63;10;n64;11
60.30829257717326	I	n48;5
61.254313095266134	E	n48;5
65.13921464734916	E	n59;6
67.79713360797955	S	n61;8;n81;12;n82;13
69.50333777943767	E	n64;11
69.708668487013	E	n81;12
73.06969448986186	S	n82;13;n95;14;n96;15
74.75708131456398	E	n95;14
77.82875716052023	E	n96;15
77.87291920469795	S	n63;10;n111;16;n112;17
80.13789888595848	S	n112;17;n121;18;n122;19
84.02661955226591	S	n122;19;n129;20;n130;21
86.0006184609162	E	n121;18
86.51037182362073	S	n111;16;n147;22;n148;23
89.53953138554083	S	n147;22;n163;24;n164;25
90.0520461878374	I	n129;20
91.12710587207293	S	n129;20;n171;26;n172;27
91.44039855751173	S	n164;25;n177;28;n178;29
91.9252527843899	S	n148;23;n183;30;n184;31
93.07256149884206	L	n172;27
93.34880801811472	E	n183;30
93.40783796646144	S	n130;21;n189;32;n190;33
93.64609162057884	E	n178;29
96.77409377030416	E	n190;33
100.61091691856613	E	n171;26
102.58874847283909	E	n189;32
104.34828052989774	I	n177;28
105.919144251041	L	n184;31
114.38578170592491	T	n177;28;n177;34;n272;35
114.41278485366259	S	n163;24;n305;36;n306;37
115.65239317601123	E	n272;35
118.21581233262908	S	n177;34;n327;38;n328;39
118.26466469545224	S	n328;39;n329;40;n330;41
119.51910084526986	I	n327;38
121.7585378305599	S	n330;41;n353;42;n354;43
122.20096298192965	F	n327;38
122.20096298192965	F	n329;40
122.20096298192965	F	n306;37
122.20096298192965	F	n354;43
122.20096298192965	F	n353;42
122.20096298192965	F	n305;36
