TIME	EVENT	NODES
43.23947170367905	O	n36
46.87578296073487	S	n36;1;n47;2;n48;3
57.23402616228817	E	n48;3
69.3614836110607	S	n47;2;n71;4;n72;5
70.88343313549224	E	n72;5
80.57463946636354	S	n71;4;n83;6;n84;7
86.60669252253648	E	n83;6
91.78210615836441	S	n84;7;n103;8;n104;9
101.95642972344521	I	n104;9
102.82426853750586	E	n103;8
106.57096831231419	E	n104;9
