TIME	EVENT	NODES
63.77816071300221	O	n10
76.83040379162496	S	n10;1;n13;2;n14;3
78.82037777126803	L	n13;2
80.65664055191147	S	n14;3;n15;4;n16;5
85.61291329505775	I	n15;4
90.03849608767848	E	n15;4
90.74528338734476	E	n16;5
