TIME	EVENT	NODES
48.89205999554336	O	n33
51.93686477410592	S	n33;1;n45;2;n46;3
53.82667175225311	S	n45;2;n49;4;n50;5
54.36562985811934	I	n49;4
60.75090761671917	S	n50;5;n65;6;n66;7
62.13615154914574	E	n66;7
64.4764211776003	E	n46;3
71.02786356000028	I	n65;6
72.58640953688958	E	n65;6
75.0883559486219	S	n49;4;n101;8;n102;9
76.07500621366802	E	n102;9
81.98857766541393	I	n101;8
85.14519719498897	S	n101;8;n135;10;n136;11
85.99631158609974	S	n136;11;n143;12;n144;13
86.37764105276558	S	n135;10;n145;14;n146;15
86.81771029291036	S	n143;12;n149;16;n150;17
88.2079321579105	E	n144;13
89.23844721992381	S	n146;15;n159;18;n160;19
93.73137878505234	L	n160;19
94.68228810518416	S	n159;18;n199;20;n200;21
96.44290819147221	S	n200;21;n211;22;n212;23
97.137508302244	I	n211;22
97.39967128992377	E	n145;14
98.6227177030625	S	n149;16;n221;24;n222;25
101.51446341153029	E	n212;23
102.98341176200759	E	n211;22
103.24789987789956	E	n150;17
106.92161422948067	E	n221;24
108.37576250505025	E	n199;20
108.47113641783343	T	n222;25;n222;26;n260;27
111.62809666568839	S	n260;27;n293;28;n294;29
114.418033427831	S	n293;28;n307;30;n308;31
114.716632109647	S	n308;31;n311;32;n312;33
115.60507045488139	S	n307;30;n317;34;n318;35
120.53125479329535	S	n317;34;n347;36;n348;37
120.84755198451518	I	n318;35
121.8287853204813	S	n348;37;n355;38;n356;39
122.20096298192965	F	n222;26
122.20096298192965	F	n355;38
122.20096298192965	F	n294;29
122.20096298192965	F	n318;35
122.20096298192965	F	n347;36
122.20096298192965	F	n356;39
122.20096298192965	F	n312;33
122.20096298192965	F	n311;32
