TIME	EVENT	NODES
43.277064588237145	O	n37
47.20567624080078	E	n37;1
