TIME	EVENT	NODES
43.38029821719576	O	n34
47.801935550276376	E	n34;1
