TIME	EVENT	NODES
43.40047424176077	O	n36
45.30461991317689	C	n36;1
46.87578296073487	S	n36;1;n47;2;n48;3
57.23402616228817	E	n48;3
69.3614836110607	S	n47;2;n71;4;n72;5
70.33755876722313	I	n72;5
70.88343313549224	E	n72;5
80.32548312267541	L	n71;4
