TIME	EVENT	NODES
64.05144378427613	O	n9
67.25930214900008	C	n9;1
84.40812680810487	C	n9;1
93.97835620211282	I	n9;1
102.88084729327288	S	n9;1;n19;2;n20;3
109.53353985599574	I	n20;3
112.72591525286747	I	n19;2
137.1326913122398	I	n19;2
148.9849759202454	S	n20;3;n27;4;n28;5
153.15396712937255	S	n28;5;n35;6;n36;7
155.04580674480258	I	n35;6
160.13645441185184	I	n35;6
164.2235512386896	I	n36;7
164.92871493241356	I	n19;2
166.54278869017284	E	n27;4
168.98360319176706	S	n36;7;n43;8;n44;9
170.74431018111153	S	n43;8;n45;10;n46;11
171.2809686135886	S	n19;2;n47;12;n48;13
172.7134354678535	S	n35;6;n51;14;n52;15
177.51846234063663	E	n45;10
182.14815934644238	I	n52;15
184.38473418243225	S	n51;14;n57;16;n58;17
187.68489901940544	E	n46;11
188.44823384054035	L	n47;12
189.4429084824666	S	n44;9;n63;18;n64;19
195.81562732113593	E	n58;17
199.3404950915714	E	n57;16
206.28548075428	L	n63;18
217.55749906970573	I	n52;15
227.7086322008703	S	n52;15;n97;20;n98;21
235.97636267054955	C	n98;21
239.54083796330215	I	n98;21
248.88117897606477	E	n64;19
249.03530572249304	S	n97;20;n123;22;n124;23
254.59397657947247	S	n123;22;n139;24;n140;25
254.90153539252105	I	n98;21
255.08922900163986	E	n139;24
258.8150958922131	S	n124;23;n149;26;n150;27
270.50846597342445	E	n48;13
275.3394929136777	E	n140;25
293.4401227103343	E	n150;27
297.82959460464184	E	n98;21
313.2735372024965	E	n149;26
