TIME	EVENT	NODES
43.81379106140456	O	n37
47.20567624080078	E	n37;1
