TIME	EVENT	NODES
44.23159999800697	O	n36
46.87578296073487	S	n36;1;n47;2;n48;3
57.23402616228817	E	n48;3
69.3614836110607	S	n47;2;n71;4;n72;5
70.74108811466787	L	n71;4
70.88343313549224	E	n72;5
