TIME	EVENT	NODES
49.631717391179734	O	n37
50.749058815683526	I	n37;1
53.9262251160511	S	n37;1;n51;2;n52;3
54.592708267342836	S	n52;3;n53;4;n54;5
56.74683438459227	L	n53;4
61.44776065262292	I	n54;5
63.37888544917936	S	n54;5;n69;6;n70;7
64.96591152733993	S	n51;2;n73;8;n74;9
65.69497400279168	S	n74;9;n77;10;n78;11
66.89637296929558	S	n69;6;n79;12;n80;13
67.14304517581525	L	n80;13
69.36748751985498	E	n77;10
73.96170390340738	S	n79;12;n97;14;n98;15
75.77909324475415	E	n98;15
76.75087355783961	S	n73;8;n107;16;n108;17
77.5000157039541	I	n97;14
78.35351366847215	E	n70;7
79.22755505538495	S	n108;17;n113;18;n114;19
80.3895646593219	E	n78;11
82.84074056886857	S	n113;18;n127;20;n128;21
83.06074028438063	I	n114;19
85.50601592411626	E	n97;14
87.1911954645398	E	n114;19
90.79568255560412	E	n107;16
91.0242900867634	S	n127;20;n169;22;n170;23
91.54856848753883	S	n170;23;n181;24;n182;25
92.33494976870058	E	n182;25
96.83861240646377	E	n169;22
99.10789388249582	E	n128;21
107.07038824181652	S	n181;24;n253;26;n254;27
113.76517703328658	S	n254;27;n301;28;n302;29
113.98118132905664	E	n301;28
114.59513604545869	S	n302;29;n309;30;n310;31
117.46411659437494	L	n253;26
117.46411659437494	T	n310;31;n310;32;n253;33
117.64931390587152	E	n253;33
120.86303351854802	I	n309;30
121.1154699736872	E	n309;30
122.20096298192965	F	n310;32
