TIME	EVENT	NODES
49.74568679357326	O	n35
53.380444639804644	E	n35;1
