TIME	EVENT	NODES
44.51016556979207	O	n36
46.87578296073487	S	n36;1;n47;2;n48;3
50.47162841257173	I	n48;3
54.29325101935029	L	n48;3
69.3614836110607	S	n47;2;n71;4;n72;5
70.88343313549224	E	n72;5
80.57463946636354	S	n71;4;n83;6;n84;7
86.60669252253648	E	n83;6
91.78210615836441	S	n84;7;n103;8;n104;9
102.82426853750586	E	n103;8
105.44036139949971	I	n104;9
106.57096831231419	E	n104;9
