TIME	EVENT	NODES
49.918734398950576	O	n30
50.94172198732372	S	n30;1;n41;2;n42;3
51.10241386661541	L	n41;2
53.252202072939525	E	n42;3
