TIME	EVENT	NODES
66.80423385994426	O	n12
80.59920766624008	E	n12;1
