TIME	EVENT	NODES
50.64225966671791	O	n30
50.94172198732372	S	n30;1;n41;2;n42;3
53.252202072939525	E	n42;3
59.82100229367665	E	n41;2
