TIME	EVENT	NODES
44.83649610218204	O	n37
47.20567624080078	E	n37;1
