TIME	EVENT	NODES
67.11894834495008	O	n12
80.59920766624008	E	n12;1
