TIME	EVENT	NODES
67.37820348933413	O	n12
80.59920766624008	E	n12;1
