TIME	EVENT	NODES
50.9780624283056	O	n35
53.380444639804644	E	n35;1
