TIME	EVENT	NODES
45.233346491103056	O	n37
47.20567624080078	E	n37;1
