TIME	EVENT	NODES
51.19213174071633	O	n41
59.82100229367665	E	n41;1
