TIME	EVENT	NODES
51.49074423906448	O	n39
52.618978043968546	S	n39;1;n47;2;n48;3
55.45651211006114	E	n47;2
61.254313095266134	E	n48;3
