TIME	EVENT	NODES
45.60012205001158	O	n42
57.97964289262236	E	n42;1
