TIME	EVENT	NODES
68.53462185215213	O	n12
68.87008076596177	I	n12;1
80.59920766624008	E	n12;1
