TIME	EVENT	NODES
51.613686461745594	O	n41
59.82100229367665	E	n41;1
