TIME	EVENT	NODES
45.96045702141293	O	n34
47.801935550276376	E	n34;1
