TIME	EVENT	NODES
51.75791012037205	O	n28
57.237712525400994	S	n28;1;n57;2;n58;3
60.97357901514652	E	n58;3
65.84614554953704	E	n57;2
