TIME	EVENT	NODES
69.15294778939521	O	n11
78.67196232775571	E	n11;1
