TIME	EVENT	NODES
46.02817902953688	O	n34
47.801935550276376	E	n34;1
