TIME	EVENT	NODES
69.40819133858919	O	n11
78.67196232775571	E	n11;1
