TIME	EVENT	NODES
52.290738408114954	O	n42
53.252202072939525	E	n42;1
