TIME	EVENT	NODES
46.278337799932835	O	n39
46.684750265085036	E	n39;1
