TIME	EVENT	NODES
52.740982160510704	O	n48
53.646620798429254	I	n48;1
57.59067437428081	I	n48;1
58.16220895042152	C	n48;1
61.254313095266134	E	n48;1
