TIME	EVENT	NODES
46.72307419723272	O	n34
47.801935550276376	E	n34;1
