TIME	EVENT	NODES
46.95100605016461	O	n30
55.73831808661641	S	n30;1;n57;2;n58;3
56.26467505748343	I	n57;2
59.65295875486497	E	n58;3
60.568803664446165	I	n57;2
66.2736100429329	E	n57;2
