TIME	EVENT	NODES
47.00238664982018	O	n31
52.00683670020086	E	n31;1
