TIME	EVENT	NODES
53.035276909675964	O	n48
57.59067437428081	I	n48;1
61.254313095266134	E	n48;1
