TIME	EVENT	NODES
47.31512886551498	O	n28
53.29780979945958	E	n28;1
