TIME	EVENT	NODES
53.100600640458	O	n35
53.380444639804644	E	n35;1
