TIME	EVENT	NODES
47.34600425086033	O	n42
57.97964289262236	E	n42;1
