TIME	EVENT	NODES
47.369772018905095	O	n34
47.801935550276376	E	n34;1
