TIME	EVENT	NODES
47.394266702798426	O	n44
47.6395298760472	E	n44;1
