TIME	EVENT	NODES
72.55041632735904	O	n10
76.83040379162496	S	n10;1;n13;2;n14;3
77.32457039396738	L	n13;2
80.65664055191147	S	n14;3;n15;4;n16;5
90.03849608767848	E	n15;4
90.74528338734476	E	n16;5
