TIME	EVENT	NODES
53.230699201405315	O	n42
53.252202072939525	E	n42;1
