TIME	EVENT	NODES
47.78735902286861	O	n47
48.759669450037855	T	n47;1;n47;2;n30;3
55.73831808661641	S	n30;3;n57;4;n58;5
59.65295875486497	E	n58;5
66.2736100429329	E	n57;4
69.3614836110607	S	n47;2;n71;6;n72;7
70.88343313549224	E	n72;7
80.57463946636354	S	n71;6;n83;8;n84;9
86.60669252253648	E	n83;8
91.78210615836441	S	n84;9;n103;10;n104;11
102.82426853750586	E	n103;10
106.57096831231419	E	n104;11
