TIME	EVENT	NODES
53.33152032916132	O	n41
58.91056544332707	I	n41;1
59.82100229367665	E	n41;1
