TIME	EVENT	NODES
47.80903485248222	O	n31
52.00683670020086	E	n31;1
