TIME	EVENT	NODES
73.03665755428003	O	n11
78.5259640765123	I	n11;1
78.67196232775571	E	n11;1
