TIME	EVENT	NODES
47.915746260143194	O	n50
58.8528404549742	E	n50;1
