TIME	EVENT	NODES
48.0375940858169	O	n49
51.705292893799644	I	n49;1
54.22525593253356	S	n49;1;n53;2;n54;3
54.86457311440032	S	n54;3;n55;4;n56;5
54.96219853662568	D	n55;4;n55;6;n55;7
56.27158308445796	E	n56;5
71.89828452143536	E	n55;6
71.89828452143536	E	n55;7
74.41436690001827	E	n53;2
