TIME	EVENT	NODES
73.49799557469188	O	n10
76.83040379162496	S	n10;1;n13;2;n14;3
80.65664055191147	S	n14;3;n15;4;n16;5
87.2065654299397	I	n15;4
90.03849608767848	E	n15;4
90.74528338734476	E	n16;5
100.0082568610545	S	n13;2;n17;6;n18;7
103.81859958897454	I	n18;7
104.32812621835782	I	n18;7
111.66586617081315	S	n18;7;n21;8;n22;9
112.25008885460878	I	n22;9
122.16832454647064	I	n21;8
127.09439606284033	S	n17;6;n23;10;n24;11
131.05163357451565	E	n21;8
137.33366044182898	S	n22;9;n25;12;n26;13
138.92374841915935	I	n25;12
142.7155834077547	E	n25;12
149.3238145096331	S	n26;13;n29;14;n30;15
150.84222171296392	E	n30;15
151.41608628417967	S	n24;11;n31;16;n32;17
162.56887838356684	L	n32;17
165.1799971652594	S	n31;16;n39;18;n40;19
166.2178203348881	I	n23;10
166.42281919880233	S	n40;19;n41;20;n42;21
169.09281682708968	E	n41;20
169.40844172015872	E	n39;18
171.45748821204532	S	n23;10;n49;22;n50;23
173.3420775141136	S	n42;21;n53;24;n54;25
173.88687652149895	E	n54;25
176.11005676811268	S	n49;22;n55;26;n56;27
180.68423174771254	E	n50;23
188.99377288291518	S	n56;27;n61;28;n62;29
189.909301822821	I	n29;14
191.35598736312272	S	n62;29;n65;30;n66;31
196.74632570764513	E	n66;31
202.17553609509292	L	n53;24
202.17553609509292	T	n55;26;n55;32;n53;33
212.14935991177535	E	n65;30
221.4844260935815	S	n61;28;n89;34;n90;35
224.34369207996875	S	n29;14;n91;36;n92;37
226.86452868796613	S	n53;33;n95;38;n96;39
227.54637249049256	E	n91;36
231.2895298785254	E	n89;34
233.55443944646427	S	n96;39;n105;40;n106;41
238.066136604651	E	n55;32
247.71276996446824	I	n92;37
247.89276809742267	S	n106;41;n121;42;n122;43
250.6576647988774	C	n90;35
251.1517682979901	S	n92;37;n127;44;n128;45
251.5390235914055	E	n128;45
252.87678478256842	E	n127;44
261.6291738439399	E	n121;42
271.5541373875477	S	n95;38;n167;46;n168;47
273.5864034493894	E	n122;43
274.56786631056326	I	n168;47
278.37777927242377	S	n168;47;n179;48;n180;49
278.6214938342557	E	n167;46
280.88338111280893	E	n90;35
282.56958360049487	E	n179;48
287.2898658895813	E	n105;40
292.321064504694	E	n180;49
