TIME	EVENT	NODES
48.13653976698877	O	n28
53.29780979945958	E	n28;1
