TIME	EVENT	NODES
48.41589395204903	O	n42
57.97964289262236	E	n42;1
