TIME	EVENT	NODES
53.95868021572716	O	n41
59.82100229367665	E	n41;1
