TIME	EVENT	NODES
73.89644492413152	O	n11
78.67196232775571	E	n11;1
