TIME	EVENT	NODES
53.962379345055076	O	n50
54.488373592313685	I	n50;1
60.75090761671917	S	n50;1;n65;2;n66;3
62.13615154914574	E	n66;3
71.88199775553498	C	n65;2
72.58640953688958	E	n65;2
