TIME	EVENT	NODES
48.54357070782139	O	n42
57.1070654394455	T	n42;1;n42;2;n50;3
57.97964289262236	E	n42;2
58.8528404549742	E	n50;3
