TIME	EVENT	NODES
54.0051921780504	O	n41
59.82100229367665	E	n41;1
