TIME	EVENT	NODES
48.61509079790403	O	n28
53.29780979945958	E	n28;1
