TIME	EVENT	NODES
54.16853236797669	O	n47
55.45651211006114	E	n47;1
