TIME	EVENT	NODES
48.81508340248133	O	n42
57.97964289262236	E	n42;1
