TIME	EVENT	NODES
48.82672011626532	O	n30
55.73831808661641	S	n30;1;n57;2;n58;3
59.65295875486497	E	n58;3
65.42585578862321	D	n57;2;n57;4;n57;5
66.2736100429329	E	n57;4
66.2736100429329	E	n57;5
