TIME	EVENT	NODES
48.82804506236774	O	n42
50.15560373881658	I	n42;1
57.97964289262236	E	n42;1
