TIME	EVENT	NODES
48.953132856193676	O	n48
55.73323019725293	I	n48;1
57.23402616228817	E	n48;1
