TIME	EVENT	NODES
48.961846104723726	O	n48
57.23402616228817	E	n48;1
