TIME	EVENT	NODES
54.43030037064019	O	n52
54.592708267342836	S	n52;1;n53;2;n54;3
63.37888544917936	S	n54;3;n69;4;n70;5
63.55096011226192	E	n53;2
66.89637296929558	S	n69;4;n79;6;n80;7
73.96170390340738	S	n79;6;n97;8;n98;9
75.77909324475415	E	n98;9
76.17184293596569	S	n80;7;n105;10;n106;11
76.98271308737247	S	n105;10;n109;12;n110;13
78.35351366847215	E	n70;5
79.30812165855059	E	n110;13
79.82687071617491	S	n109;12;n117;14;n118;15
84.61441438989753	S	n118;15;n131;16;n132;17
85.50601592411626	E	n97;8
87.42636199447134	S	n132;17;n153;18;n154;19
88.66389465217347	S	n117;14;n157;20;n158;21
89.39607863679154	S	n157;20;n161;22;n162;23
89.56639408370069	E	n161;22
89.92672479913614	S	n158;21;n165;24;n166;25
91.11770339704343	E	n131;16
91.26775341023475	S	n106;11;n175;26;n176;27
92.1044356278789	I	n166;25
92.63276630510067	S	n154;19;n185;28;n186;29
94.2905627805281	S	n162;23;n193;30;n194;31
95.00069429405947	E	n176;27
95.32205450518195	L	n153;18
95.32205450518195	T	n175;26;n175;32;n153;33
95.34371363479748	E	n185;28
97.56005289654414	E	n193;30
98.4187588296697	E	n165;24
98.53344519810094	E	n194;31
101.83274108164306	S	n166;25;n231;34;n232;35
101.908053772782	E	n231;34
105.3897705314984	S	n232;35;n245;36;n246;37
106.16702620943278	I	n245;36
106.84486426192589	E	n186;29
108.2409827939678	S	n245;36;n265;38;n266;39
108.42201726908658	S	n175;32;n267;40;n268;41
109.3892324400371	S	n267;40;n275;42;n276;43
109.84561817691029	S	n276;43;n279;44;n280;45
110.81554259923739	E	n275;42
111.91854719341158	S	n266;39;n295;46;n296;47
112.28537063347119	E	n268;41
113.54079122903167	E	n279;44
115.18717888916606	I	n296;47
115.36249319289614	E	n296;47
117.34618330599973	I	n246;37
118.22271826685676	E	n265;38
120.08725737012921	S	n246;37;n341;48;n342;49
121.43476404403538	E	n280;45
122.20096298192965	F	n153;33
122.20096298192965	F	n341;48
122.20096298192965	F	n342;49
122.20096298192965	F	n295;46
