TIME	EVENT	NODES
49.01763869213531	O	n28
53.29780979945958	E	n28;1
