TIME	EVENT	NODES
54.53974608558836	O	n52
54.592708267342836	S	n52;1;n53;2;n54;3
63.37888544917936	S	n54;3;n69;4;n70;5
63.55096011226192	E	n53;2
63.75122965687517	T	n70;5;n70;6;n59;7
65.13921464734916	E	n59;7
66.68035391494503	I	n69;4
66.89637296929558	S	n69;4;n79;8;n80;9
73.96170390340738	S	n79;8;n97;10;n98;11
75.77909324475415	E	n98;11
76.17184293596569	S	n80;9;n105;12;n106;13
76.98271308737247	S	n105;12;n109;14;n110;15
78.35351366847215	E	n70;6
79.30812165855059	E	n110;15
79.82687071617491	S	n109;14;n117;16;n118;17
83.01971199063779	I	n118;17
84.61441438989753	S	n118;17;n131;18;n132;19
85.50601592411626	E	n97;10
87.42636199447134	S	n132;19;n153;20;n154;21
88.58395711782458	I	n153;20
88.66389465217347	S	n117;16;n157;22;n158;23
89.39607863679154	S	n157;22;n161;24;n162;25
89.56639408370069	E	n161;24
89.92672479913614	S	n158;23;n165;26;n166;27
91.11770339704343	E	n131;18
91.26775341023475	S	n106;13;n175;28;n176;29
92.63276630510067	S	n154;21;n185;30;n186;31
94.2905627805281	S	n162;25;n193;32;n194;33
95.00069429405947	E	n176;29
95.34371363479748	E	n185;30
97.50300657070899	I	n153;20
97.56005289654414	E	n193;32
98.4187588296697	E	n165;26
98.53344519810094	E	n194;33
101.83274108164306	S	n166;27;n231;34;n232;35
101.908053772782	E	n231;34
105.3897705314984	S	n232;35;n245;36;n246;37
106.84486426192589	E	n186;31
108.2409827939678	S	n245;36;n265;38;n266;39
108.42201726908658	S	n175;28;n267;40;n268;41
109.3892324400371	S	n267;40;n275;42;n276;43
109.84561817691029	S	n276;43;n279;44;n280;45
110.81554259923739	E	n275;42
111.91854719341158	S	n266;39;n295;46;n296;47
112.28537063347119	E	n268;41
113.54079122903167	E	n279;44
115.21788276338074	I	n246;37
115.36249319289614	E	n296;47
118.22271826685676	E	n265;38
120.08725737012921	S	n246;37;n341;48;n342;49
120.20161673445457	L	n153;20
121.43476404403538	E	n280;45
122.20096298192965	F	n341;48
122.20096298192965	F	n342;49
122.20096298192965	F	n295;46
