TIME	EVENT	NODES
54.67194420106894	O	n49
62.50565850063429	I	n49;1
66.74204612269163	I	n49;1
75.0883559486219	S	n49;1;n101;2;n102;3
76.07500621366802	E	n102;3
85.14519719498897	S	n101;2;n135;4;n136;5
85.99631158609974	S	n136;5;n143;6;n144;7
86.37764105276558	S	n135;4;n145;8;n146;9
86.81771029291036	S	n143;6;n149;10;n150;11
88.2079321579105	E	n144;7
89.23844721992381	S	n146;9;n159;12;n160;13
90.34466831907045	L	n145;8
90.34466831907045	T	n160;13;n160;14;n145;15
94.68228810518416	S	n159;12;n199;16;n200;17
94.75491060307387	S	n160;14;n203;18;n204;19
96.44290819147221	S	n200;17;n211;20;n212;21
96.49798857517968	I	n204;19
97.39967128992377	E	n145;15
98.32698127730475	E	n204;19
98.6227177030625	S	n149;10;n221;22;n222;23
100.53272371946052	I	n212;21
101.51446341153029	E	n212;21
102.45168093918471	D	n203;18;n203;24;n203;25
102.98341176200759	E	n211;20
103.24789987789956	E	n150;11
105.87642352712851	I	n199;16
106.92161422948067	E	n221;22
108.26871498007847	L	n222;23
108.37576250505025	E	n199;16
110.82083933859423	I	n203;24
111.34367270631523	I	n203;24
118.63591561020323	S	n203;24;n333;26;n334;27
118.63591561020323	S	n203;25;n333;28;n334;29
122.20096298192965	F	n333;26
122.20096298192965	F	n333;28
122.20096298192965	F	n334;27
122.20096298192965	F	n334;29
