TIME	EVENT	NODES
49.29418490341585	O	n51
51.65188497381932	E	n51;1
