TIME	EVENT	NODES
77.58440690549124	O	n11
78.67196232775571	E	n11;1
