TIME	EVENT	NODES
49.30622251435582	O	n51
51.65188497381932	E	n51;1
