TIME	EVENT	NODES
49.62250845376748	O	n48
57.23402616228817	E	n48;1
