TIME	EVENT	NODES
54.76121540754921	O	n46
64.4764211776003	E	n46;1
