TIME	EVENT	NODES
77.76687109286145	O	n11
78.67196232775571	E	n11;1
