TIME	EVENT	NODES
49.80145925188399	O	n28
53.29780979945958	E	n28;1
