TIME	EVENT	NODES
54.889769242920565	O	n53
63.55096011226192	E	n53;1
