TIME	EVENT	NODES
50.04255623507803	O	n28
53.29780979945958	E	n28;1
