TIME	EVENT	NODES
50.07875633165562	O	n51
51.65188497381932	E	n51;1
