TIME	EVENT	NODES
55.0273594447366	O	n54
63.37888544917936	S	n54;1;n69;2;n70;3
66.89637296929558	S	n69;2;n79;4;n80;5
69.48985118339839	I	n79;4
73.66855658756651	C	n79;4
73.96170390340738	S	n79;4;n97;6;n98;7
75.77909324475415	E	n98;7
76.17184293596569	S	n80;5;n105;8;n106;9
76.23082764466176	I	n106;9
76.98271308737247	S	n105;8;n109;10;n110;11
78.35351366847215	E	n70;3
79.30812165855059	E	n110;11
79.82687071617491	S	n109;10;n117;12;n118;13
84.61441438989753	S	n118;13;n131;14;n132;15
85.50601592411626	E	n97;6
87.42636199447134	S	n132;15;n153;16;n154;17
88.66389465217347	S	n117;12;n157;18;n158;19
89.0884783831756	I	n157;18
89.39607863679154	S	n157;18;n161;20;n162;21
89.56639408370069	E	n161;20
89.92672479913614	S	n158;19;n165;22;n166;23
91.11770339704343	E	n131;14
91.26775341023475	S	n106;9;n175;24;n176;25
92.63276630510067	S	n154;17;n185;26;n186;27
93.0373253571899	I	n175;24
94.2905627805281	S	n162;21;n193;28;n194;29
95.00069429405947	E	n176;25
95.34371363479748	E	n185;26
97.20406694110115	L	n165;22
97.56005289654414	E	n193;28
98.53344519810094	E	n194;29
101.83274108164306	S	n166;23;n231;30;n232;31
101.908053772782	E	n231;30
103.27419595449227	L	n175;24
105.3897705314984	S	n232;31;n245;32;n246;33
106.84486426192589	E	n186;27
108.2409827939678	S	n245;32;n265;34;n266;35
109.14583721841701	I	n266;35
111.91854719341158	S	n266;35;n295;36;n296;37
115.36249319289614	E	n296;37
116.38419193606482	I	n246;33
116.60923323235312	I	n295;36
118.22271826685676	E	n265;34
118.87809483136888	C	n295;36
120.08725737012921	S	n246;33;n341;38;n342;39
122.20096298192965	F	n153;16
122.20096298192965	F	n341;38
122.20096298192965	F	n342;39
122.20096298192965	F	n295;36
