TIME	EVENT	NODES
55.15939331822931	O	n44
56.40239809491009	S	n44;1;n55;2;n56;3
60.897105428489944	S	n56;3;n67;4;n68;5
65.77816576872841	I	n67;4
66.36104093969522	I	n68;5
68.02787129403178	S	n67;4;n83;6;n84;7
69.37881073384503	S	n84;7;n87;8;n88;9
71.36563707627845	S	n88;9;n89;10;n90;11
71.4415941668603	S	n83;6;n91;12;n92;13
72.07350163470672	S	n89;10;n93;14;n94;15
72.44930356955444	E	n93;14
74.2640056802495	S	n91;12;n99;16;n100;17
75.18396773406573	S	n55;2;n103;18;n104;19
76.76269344293296	E	n103;18
79.19999367101636	I	n92;13
79.33819933326355	E	n87;8
79.4444114650622	L	n94;15
79.92423519246776	S	n99;16;n119;20;n120;21
80.21586346790183	E	n120;21
81.50267712156104	E	n104;19
82.32957367319115	S	n100;17;n125;22;n126;23
82.45241893062718	I	n68;5
84.70932730317352	S	n90;11;n133;24;n134;25
84.80476003374768	E	n126;23
85.42092120853172	S	n134;25;n139;26;n140;27
85.77742182160104	S	n140;27;n141;28;n142;29
86.25047763284532	E	n141;28
86.28738795676664	I	n125;22
86.64549986121668	E	n68;5
87.18963022322029	S	n133;24;n151;30;n152;31
88.61422845110853	S	n139;26;n155;32;n156;33
88.6664756776609	I	n92;13
90.0298616159461	E	n151;30
90.48646187123879	E	n92;13
91.72046016143437	E	n119;20
93.31877664280333	T	n152;31;n152;34;n159;35
93.42890592818105	C	n156;33
94.43021349303997	L	n125;22
94.68228810518416	S	n159;35;n199;36;n200;37
95.11640138496217	C	n142;29
96.36417835574501	E	n155;32
96.44290819147221	S	n200;37;n211;38;n212;39
98.27430524738351	E	n156;33
101.51446341153029	E	n212;39
101.61908466446761	I	n142;29
102.38892933329028	S	n152;34;n235;40;n236;41
102.98341176200759	E	n211;38
103.1465928539085	S	n142;29;n241;42;n242;43
104.39354497663153	E	n241;42
105.18311610228545	E	n235;40
108.37576250505025	E	n199;36
115.2182153714495	S	n236;41;n313;44;n314;45
116.15826723514712	E	n313;44
122.20096298192965	F	n242;43
122.20096298192965	F	n314;45
