TIME	EVENT	NODES
79.29410689774316	O	n9
100.46688495029277	L	n9;1
