TIME	EVENT	NODES
55.261181147973275	O	n46
64.4764211776003	E	n46;1
