TIME	EVENT	NODES
50.5269032288053	O	n51
51.65188497381932	E	n51;1
