TIME	EVENT	NODES
55.33665660096728	O	n40
58.30047483794531	S	n40;1;n59;2;n60;3
58.94799355594872	S	n60;3;n61;4;n62;5
59.5579516206426	S	n62;5;n63;6;n64;7
62.59127011359874	I	n59;2
65.13921464734916	E	n59;2
66.37962879053057	T	n64;7;n64;8;n65;9
67.79713360797955	S	n61;4;n81;10;n82;11
69.50333777943767	E	n64;8
69.67142459123643	I	n81;10
69.708668487013	E	n81;10
71.02786356000028	I	n65;9
72.58640953688958	E	n65;9
73.06969448986186	S	n82;11;n95;12;n96;13
74.75708131456398	E	n95;12
77.82875716052023	E	n96;13
77.87291920469795	S	n63;6;n111;14;n112;15
80.13789888595848	S	n112;15;n121;16;n122;17
84.02661955226591	S	n122;17;n129;18;n130;19
86.0006184609162	E	n121;16
86.31937191707338	C	n130;19
86.51037182362073	S	n111;14;n147;20;n148;21
87.41011987474612	L	n130;19
89.53953138554083	S	n147;20;n163;22;n164;23
91.12710587207293	S	n129;18;n171;24;n172;25
91.44039855751173	S	n164;23;n177;26;n178;27
91.9252527843899	S	n148;21;n183;28;n184;29
93.34880801811472	E	n183;28
93.64609162057884	E	n178;27
96.63069136398272	L	n184;29
100.61091691856613	E	n171;24
104.82669673402249	I	n177;26
106.02298060458065	E	n172;25
106.177540060782	I	n177;26
112.7414611035068	I	n177;26
114.41278485366259	S	n163;22;n305;30;n306;31
118.21581233262908	S	n177;26;n327;32;n328;33
118.26466469545224	S	n328;33;n329;34;n330;35
121.7585378305599	S	n330;35;n353;36;n354;37
122.20096298192965	F	n327;32
122.20096298192965	F	n329;34
122.20096298192965	F	n306;31
122.20096298192965	F	n354;37
122.20096298192965	F	n353;36
122.20096298192965	F	n305;30
