TIME	EVENT	NODES
50.690054840457506	O	n31
52.00683670020086	E	n31;1
