TIME	EVENT	NODES
55.34554140479715	O	n54
63.37888544917936	S	n54;1;n69;2;n70;3
66.84706424595421	I	n69;2
66.89637296929558	S	n69;2;n79;4;n80;5
68.83956782145795	I	n70;3
73.76294972579828	C	n70;3
73.96170390340738	S	n79;4;n97;6;n98;7
75.77417286095914	I	n98;7
75.77909324475415	E	n98;7
76.17184293596569	S	n80;5;n105;8;n106;9
76.40117951361991	I	n70;3
76.98271308737247	S	n105;8;n109;10;n110;11
78.35351366847215	E	n70;3
79.30812165855059	E	n110;11
79.82687071617491	S	n109;10;n117;12;n118;13
79.93886661591482	C	n118;13
84.61441438989753	S	n118;13;n131;14;n132;15
85.50601592411626	E	n97;6
87.42636199447134	S	n132;15;n153;16;n154;17
88.6150395218575	I	n131;14
88.66389465217347	S	n117;12;n157;18;n158;19
89.39607863679154	S	n157;18;n161;20;n162;21
89.56639408370069	E	n161;20
89.92672479913614	S	n158;19;n165;22;n166;23
91.11770339704343	E	n131;14
91.26775341023475	S	n106;9;n175;24;n176;25
92.63276630510067	S	n154;17;n185;26;n186;27
94.2905627805281	S	n162;21;n193;28;n194;29
94.40557683033484	L	n166;23
95.00069429405947	E	n176;25
95.34371363479748	E	n185;26
97.56005289654414	E	n193;28
98.4187588296697	E	n165;22
98.53344519810094	E	n194;29
102.5302197337206	I	n175;24
106.6771415550277	I	n153;16
106.84486426192589	E	n186;27
108.42201726908658	S	n175;24;n267;30;n268;31
109.3892324400371	S	n267;30;n275;32;n276;33
109.84561817691029	S	n276;33;n279;34;n280;35
110.81554259923739	E	n275;32
112.28537063347119	E	n268;31
113.54079122903167	E	n279;34
121.43476404403538	E	n280;35
122.20096298192965	F	n153;16
