TIME	EVENT	NODES
50.7609367952048	O	n48
57.23402616228817	E	n48;1
