TIME	EVENT	NODES
50.770368992916495	O	n50
58.8528404549742	E	n50;1
