TIME	EVENT	NODES
51.01644280044536	O	n42
57.97964289262236	E	n42;1
