TIME	EVENT	NODES
81.13002558383255	O	n15
90.03849608767848	E	n15;1
