TIME	EVENT	NODES
81.27317168192481	O	n16
90.74528338734476	E	n16;1
