TIME	EVENT	NODES
51.30194278729356	O	n31
52.00683670020086	E	n31;1
