TIME	EVENT	NODES
55.71796909704876	O	n54
59.18250244259892	I	n54;1
63.37888544917936	S	n54;1;n69;2;n70;3
66.89637296929558	S	n69;2;n79;4;n80;5
68.11207546626152	L	n80;5
68.11207546626152	T	n79;4;n79;6;n80;7
70.03013088840915	I	n80;7
73.96170390340738	S	n79;6;n97;8;n98;9
75.77909324475415	E	n98;9
76.17184293596569	S	n80;7;n105;10;n106;11
76.98271308737247	S	n105;10;n109;12;n110;13
78.35351366847215	E	n70;3
79.30812165855059	E	n110;13
79.7175441792889	I	n106;11
79.82687071617491	S	n109;12;n117;14;n118;15
83.20845762257233	I	n106;11
84.61441438989753	S	n118;15;n131;16;n132;17
85.50601592411626	E	n97;8
87.42636199447134	S	n132;17;n153;18;n154;19
88.66389465217347	S	n117;14;n157;20;n158;21
89.39607863679154	S	n157;20;n161;22;n162;23
89.56639408370069	E	n161;22
89.92672479913614	S	n158;21;n165;24;n166;25
90.45151300995693	I	n106;11
91.11770339704343	E	n131;16
91.17037595154306	L	n166;25
91.26775341023475	S	n106;11;n175;26;n176;27
92.3567688563361	I	n175;26
92.63276630510067	S	n154;19;n185;28;n186;29
94.2905627805281	S	n162;23;n193;30;n194;31
95.00069429405947	E	n176;27
95.06581791712362	T	n194;31;n194;32;n198;33
95.34371363479748	E	n185;28
97.56005289654414	E	n193;30
98.4187588296697	E	n165;24
98.53344519810094	E	n194;32
106.84486426192589	E	n186;29
108.42201726908658	S	n175;26;n267;34;n268;35
109.3892324400371	S	n267;34;n275;36;n276;37
109.47008522870891	I	n198;33
109.84561817691029	S	n276;37;n279;38;n280;39
110.38736452343699	E	n198;33
110.81554259923739	E	n275;36
112.28537063347119	E	n268;35
113.54079122903167	E	n279;38
121.07129678678109	I	n153;18
121.43476404403538	E	n280;39
122.20096298192965	F	n153;18
