TIME	EVENT	NODES
51.429117897643096	O	n42
57.97964289262236	E	n42;1
