TIME	EVENT	NODES
55.89650583914802	O	n48
60.30829257717326	I	n48;1
61.254313095266134	E	n48;1
