TIME	EVENT	NODES
51.56185539586922	O	n31
52.00683670020086	E	n31;1
