TIME	EVENT	NODES
51.56320223096409	O	n51
51.65188497381932	E	n51;1
