TIME	EVENT	NODES
81.98190718173295	O	n16
90.74528338734476	E	n16;1
