TIME	EVENT	NODES
82.23019759483414	O	n16
82.50743788622177	D	n16;1;n16;2;n16;3
90.74528338734476	E	n16;2
90.74528338734476	E	n16;3
