TIME	EVENT	NODES
56.288295230245254	O	n28
57.237712525400994	S	n28;1;n57;2;n58;3
58.969615166185136	L	n57;2
60.97357901514652	E	n58;3
