TIME	EVENT	NODES
56.38359652425708	O	n48
57.59067437428081	I	n48;1
61.254313095266134	E	n48;1
