TIME	EVENT	NODES
51.82621842702163	O	n30
55.73831808661641	S	n30;1;n57;2;n58;3
57.60817563678118	T	n58;3;n58;4;n47;5
59.65295875486497	E	n58;4
66.2736100429329	E	n57;2
69.3614836110607	S	n47;5;n71;6;n72;7
70.88343313549224	E	n72;7
80.57463946636354	S	n71;6;n83;8;n84;9
86.60669252253648	E	n83;8
91.78210615836441	S	n84;9;n103;10;n104;11
102.82426853750586	E	n103;10
105.44036139949971	I	n104;11
106.57096831231419	E	n104;11
