TIME	EVENT	NODES
56.660747335939895	O	n48
61.254313095266134	E	n48;1
