TIME	EVENT	NODES
52.08817680837139	O	n28
53.29780979945958	E	n28;1
