TIME	EVENT	NODES
82.83946944969179	O	n15
82.98800560841988	I	n15;1
89.4098795134512	C	n15;1
90.03849608767848	E	n15;1
