TIME	EVENT	NODES
56.7482091653088	O	n49
59.72171309282105	I	n49;1
75.0883559486219	S	n49;1;n101;2;n102;3
76.07500621366802	E	n102;3
76.49086568308157	T	n101;2;n101;4;n90;5
84.70932730317352	S	n90;5;n133;6;n134;7
85.14519719498897	S	n101;4;n135;8;n136;9
85.42092120853172	S	n134;7;n139;10;n140;11
85.77742182160104	S	n140;11;n141;12;n142;13
85.99631158609974	S	n136;9;n143;14;n144;15
86.25047763284532	E	n141;12
86.37764105276558	S	n135;8;n145;16;n146;17
86.81771029291036	S	n143;14;n149;18;n150;19
87.18963022322029	S	n133;6;n151;20;n152;21
87.54802982063191	I	n149;18
88.2079321579105	E	n144;15
88.3048743770568	I	n150;19
88.61422845110853	S	n139;10;n155;22;n156;23
89.23844721992381	S	n146;17;n159;24;n160;25
90.0298616159461	E	n151;20
90.31928899869949	L	n160;25
94.68228810518416	S	n159;24;n199;26;n200;27
96.36417835574501	E	n155;22
96.44290819147221	S	n200;27;n211;28;n212;29
97.39967128992377	E	n145;16
98.27430524738351	E	n156;23
98.6227177030625	S	n149;18;n221;30;n222;31
101.51446341153029	E	n212;29
102.38892933329028	S	n152;21;n235;32;n236;33
102.98341176200759	E	n211;28
103.1465928539085	S	n142;13;n241;34;n242;35
103.24789987789956	E	n150;19
104.39354497663153	E	n241;34
105.18311610228545	E	n235;32
106.92161422948067	E	n221;30
108.37576250505025	E	n199;26
110.83433468123908	D	n242;35;n242;36;n242;37
115.2182153714495	S	n236;33;n313;38;n314;39
116.15826723514712	E	n313;38
118.84305890773051	I	n314;39
122.20096298192965	F	n222;31
122.20096298192965	F	n242;36
122.20096298192965	F	n242;37
122.20096298192965	F	n314;39
