TIME	EVENT	NODES
52.1669400873681	O	n28
53.29780979945958	E	n28;1
