TIME	EVENT	NODES
83.17791934469489	O	n9
102.88084729327288	S	n9;1;n19;2;n20;3
107.22547283182307	L	n19;2
119.64139786575632	I	n20;3
143.1072862093513	I	n20;3
148.9849759202454	S	n20;3;n27;4;n28;5
153.15396712937255	S	n28;5;n35;6;n36;7
166.54278869017284	E	n27;4
168.98360319176706	S	n36;7;n43;8;n44;9
170.74431018111153	S	n43;8;n45;10;n46;11
172.7134354678535	S	n35;6;n51;12;n52;13
177.51846234063663	E	n45;10
184.38473418243225	S	n51;12;n57;14;n58;15
184.4459084260924	I	n52;13
187.68489901940544	E	n46;11
189.4429084824666	S	n44;9;n63;16;n64;17
195.81562732113593	E	n58;15
198.5315216424567	I	n57;14
199.3404950915714	E	n57;14
200.19811889062288	I	n64;17
202.36306263272294	L	n63;16
227.7086322008703	S	n52;13;n97;18;n98;19
231.47159422057626	T	n64;17;n64;20;n90;21
232.09505500922094	I	n97;18
237.2811327632787	C	n98;19
240.3331960884654	I	n97;18
242.52370810278444	I	n97;18
242.65770202322346	I	n98;19
242.92925463480364	I	n64;20
248.88117897606477	E	n64;20
249.03530572249304	S	n97;18;n123;22;n124;23
254.59397657947247	S	n123;22;n139;24;n140;25
255.08922900163986	E	n139;24
258.8150958922131	S	n124;23;n149;26;n150;27
266.64011493970855	L	n150;27
266.64011493970855	T	n90;21;n90;28;n150;29
269.77172764422386	I	n140;25
275.3394929136777	E	n140;25
277.42235307139066	I	n150;29
280.7194322114486	L	n90;28
286.08825979629114	I	n98;19
293.4401227103343	E	n150;29
297.82959460464184	E	n98;19
313.2735372024965	E	n149;26
