TIME	EVENT	NODES
57.03145435304072	O	n56
60.897105428489944	S	n56;1;n67;2;n68;3
66.36104093969522	I	n68;3
68.02787129403178	S	n67;2;n83;4;n84;5
69.37881073384503	S	n84;5;n87;6;n88;7
71.36563707627845	S	n88;7;n89;8;n90;9
71.4415941668603	S	n83;4;n91;10;n92;11
72.07350163470672	S	n89;8;n93;12;n94;13
72.44930356955444	E	n93;12
72.83402509382532	I	n94;13
74.2640056802495	S	n91;10;n99;14;n100;15
78.59244262022537	I	n99;14
79.19999367101636	I	n92;11
79.33819933326355	E	n87;6
79.81738353468062	S	n94;13;n115;16;n116;17
79.92423519246776	S	n99;14;n119;18;n120;19
80.21586346790183	E	n120;19
82.32957367319115	S	n100;15;n125;20;n126;21
82.45241893062718	I	n68;3
82.9280124294097	E	n115;16
84.70932730317352	S	n90;9;n133;22;n134;23
84.80476003374768	E	n126;21
85.26887989200775	S	n116;17;n137;24;n138;25
85.30249012568886	T	n92;11;n92;26;n114;27
85.42092120853172	S	n134;23;n139;28;n140;29
85.77742182160104	S	n140;29;n141;30;n142;31
86.25047763284532	E	n141;30
86.64549986121668	E	n68;3
87.18963022322029	S	n133;22;n151;32;n152;33
87.1911954645398	E	n114;27
88.61422845110853	S	n139;28;n155;34;n156;35
89.02520819144372	L	n137;24
90.0298616159461	E	n151;32
90.45030911438002	I	n138;25
90.48646187123879	E	n92;26
90.59408618872159	S	n138;25;n167;36;n168;37
91.72046016143437	E	n119;18
96.06946921142757	E	n168;37
96.36417835574501	E	n155;34
98.27430524738351	E	n156;35
98.603067936927	C	n142;31
98.61109440471564	I	n167;36
102.38892933329028	S	n152;33;n235;38;n236;39
102.48521947160668	S	n167;36;n237;40;n238;41
103.1465928539085	S	n142;31;n241;42;n242;43
103.84204834888251	C	n238;41
104.39354497663153	E	n241;42
105.18311610228545	E	n235;38
110.61259856831502	S	n237;40;n287;44;n288;45
115.2182153714495	S	n236;39;n313;46;n314;47
116.15826723514712	E	n313;46
116.4438118421558	E	n287;44
122.20096298192965	F	n242;43
122.20096298192965	F	n288;45
122.20096298192965	F	n125;20
122.20096298192965	F	n238;41
122.20096298192965	F	n314;47
