TIME	EVENT	NODES
83.85681902565558	O	n16
90.74528338734476	E	n16;1
