TIME	EVENT	NODES
84.04644247906411	O	n15
90.03849608767848	E	n15;1
