TIME	EVENT	NODES
57.2599770706275	O	n41
59.82100229367665	E	n41;1
