TIME	EVENT	NODES
57.28541284780571	O	n51
64.96591152733993	S	n51;1;n73;2;n74;3
65.69497400279168	S	n74;3;n77;4;n78;5
69.36748751985498	E	n77;4
76.75087355783961	S	n73;2;n107;6;n108;7
79.22755505538495	S	n108;7;n113;8;n114;9
80.3895646593219	E	n78;5
82.67660206987243	C	n113;8
82.84074056886857	S	n113;8;n127;10;n128;11
87.1911954645398	E	n114;9
90.79568255560412	E	n107;6
91.0242900867634	S	n127;10;n169;12;n170;13
91.54856848753883	S	n170;13;n181;14;n182;15
91.6596369342358	I	n182;15
92.33494976870058	E	n182;15
96.83861240646377	E	n169;12
99.10789388249582	E	n128;11
107.07038824181652	S	n181;14;n253;16;n254;17
113.76517703328658	S	n254;17;n301;18;n302;19
113.98118132905664	E	n301;18
114.59513604545869	S	n302;19;n309;20;n310;21
117.64931390587152	E	n253;16
121.1154699736872	E	n309;20
122.20096298192965	F	n310;21
