TIME	EVENT	NODES
57.29353810883119	O	n50
60.75090761671917	S	n50;1;n65;2;n66;3
61.29353536970173	I	n66;3
62.13615154914574	E	n66;3
72.58640953688958	E	n65;2
