TIME	EVENT	NODES
52.74145585136137	O	n48
57.23402616228817	E	n48;1
