TIME	EVENT	NODES
52.843657184372056	O	n42
57.97964289262236	E	n42;1
