TIME	EVENT	NODES
57.41052328659558	O	n41
59.82100229367665	E	n41;1
