TIME	EVENT	NODES
53.06052430681002	O	n28
53.29780979945958	E	n28;1
