TIME	EVENT	NODES
53.06189855409083	O	n30
55.73831808661641	S	n30;1;n57;2;n58;3
56.920803137158295	I	n58;3
59.65295875486497	E	n58;3
66.2736100429329	E	n57;2
