TIME	EVENT	NODES
57.44891103862831	O	n53
63.55096011226192	E	n53;1
