TIME	EVENT	NODES
57.464579550142425	O	n50
60.75090761671917	S	n50;1;n65;2;n66;3
62.13615154914574	E	n66;3
62.37272812109058	D	n65;2;n65;4;n65;5
72.58640953688958	E	n65;4
72.58640953688958	E	n65;5
