TIME	EVENT	NODES
53.229716025999565	O	n52
62.172158501477675	L	n52;1
