TIME	EVENT	NODES
53.42990298797811	O	n42
57.97964289262236	E	n42;1
