TIME	EVENT	NODES
53.43056299099436	O	n47
69.3614836110607	S	n47;1;n71;2;n72;3
70.88343313549224	E	n72;3
73.60280308502263	T	n71;2;n71;4;n66;5
80.57463946636354	S	n71;4;n83;6;n84;7
85.35531950007136	S	n66;5;n89;8;n90;9
85.49236502381507	S	n89;8;n91;10;n92;11
86.60669252253648	E	n83;6
90.49422440237502	S	n92;11;n99;12;n100;13
91.78210615836441	S	n84;7;n103;14;n104;15
93.37526834861075	E	n99;12
97.31886692307799	E	n91;10
100.65432007122843	I	n90;9
101.65830150095249	E	n100;13
102.82426853750586	E	n103;14
105.44036139949971	I	n104;15
106.57096831231419	E	n104;15
107.61702482279416	I	n90;9
107.82951466195033	I	n90;9
110.13910794856007	C	n90;9
110.50673029363546	I	n90;9
111.11982330004851	S	n90;9;n141;16;n142;17
113.05043982879775	S	n141;16;n147;18;n148;19
120.73658318917201	S	n147;18;n177;20;n178;21
121.94033774569849	S	n177;20;n187;22;n188;23
122.96089664221213	S	n187;22;n191;24;n192;25
124.93883038877543	D	n142;17;n142;26;n142;27
126.02587607460606	S	n192;25;n207;28;n208;29
128.0705698243647	S	n207;28;n213;30;n214;31
129.26832954659912	S	n188;23;n215;32;n216;33
129.35596822306974	I	n215;32
129.97651367823465	S	n142;26;n221;34;n222;35
129.97651367823465	S	n142;27;n221;36;n222;37
130.09222203709768	S	n213;30;n223;38;n224;39
130.3478450618157	S	n224;39;n225;40;n226;41
130.79527631442593	E	n222;35
130.79527631442593	E	n222;37
131.11070081786738	E	n191;24
131.12736847383428	E	n178;21
131.59642289544732	S	n215;32;n233;42;n234;43
132.25890650819693	E	n223;38
132.3401028583617	S	n233;42;n235;44;n236;45
132.75998679969956	S	n236;45;n241;46;n242;47
133.68463181083166	S	n225;40;n245;48;n246;49
133.9195906530183	E	n214;31
134.01809809279308	E	n226;41
135.26511937963505	E	n245;48
137.13164605031997	E	n234;43
137.44428209975396	F	n242;47
137.44428209975396	F	n235;44
137.44428209975396	F	n216;33
137.44428209975396	F	n208;29
137.44428209975396	F	n221;34
137.44428209975396	F	n221;36
137.44428209975396	F	n241;46
137.44428209975396	F	n148;19
137.44428209975396	F	n246;49
