TIME	EVENT	NODES
53.45376061306009	O	n42
57.97964289262236	E	n42;1
