TIME	EVENT	NODES
57.71773741010645	O	n58
60.97357901514652	E	n58;1
