TIME	EVENT	NODES
85.54892122720925	O	n16
90.74528338734476	E	n16;1
