TIME	EVENT	NODES
53.694593002370006	O	n47
69.3614836110607	S	n47;1;n71;2;n72;3
70.72385427150455	I	n71;2
70.88343313549224	E	n72;3
80.11540175233465	D	n71;2;n71;4;n71;5
80.57463946636354	S	n71;4;n83;6;n84;7
80.57463946636354	S	n71;5;n83;8;n84;9
86.60669252253648	E	n83;6
86.60669252253648	E	n83;8
91.78210615836441	S	n84;7;n103;10;n104;11
91.78210615836441	S	n84;9;n103;12;n104;13
98.03385717562367	I	n104;11
98.03385717562367	I	n104;13
102.82426853750586	E	n103;10
102.82426853750586	E	n103;12
106.57096831231419	E	n104;13
106.57096831231419	E	n104;11
