TIME	EVENT	NODES
85.54926648563207	O	n16
90.74528338734476	E	n16;1
