TIME	EVENT	NODES
85.62690875781408	O	n16
88.12725895224796	L	n16;1
