TIME	EVENT	NODES
54.00451957726871	O	n49
54.22525593253356	S	n49;1;n53;2;n54;3
54.34896568544194	I	n53;2
54.86457311440032	S	n54;3;n55;4;n56;5
56.27158308445796	E	n56;5
57.47092270739999	C	n55;4
64.46734860427726	I	n55;4
71.89828452143536	E	n55;4
74.41436690001827	E	n53;2
