TIME	EVENT	NODES
86.13026216541621	O	n15
90.03849608767848	E	n15;1
