TIME	EVENT	NODES
54.069574758132184	O	n48
57.23402616228817	E	n48;1
