TIME	EVENT	NODES
54.10351544091551	O	n49
54.22525593253356	S	n49;1;n53;2;n54;3
54.86457311440032	S	n54;3;n55;4;n56;5
55.96654903823212	I	n56;5
56.27158308445796	E	n56;5
60.392905419216	I	n55;4
61.902725210399396	I	n53;2
71.89828452143536	E	n55;4
74.41436690001827	E	n53;2
