TIME	EVENT	NODES
54.244863851725135	O	n53
74.41436690001827	E	n53;1
