TIME	EVENT	NODES
54.261838686015224	O	n42
57.97964289262236	E	n42;1
