TIME	EVENT	NODES
86.53079153573249	O	n15
90.03849608767848	E	n15;1
