TIME	EVENT	NODES
58.106393158383725	O	n53
63.55096011226192	E	n53;1
