TIME	EVENT	NODES
58.132566702453666	O	n48
61.254313095266134	E	n48;1
