TIME	EVENT	NODES
54.429340268588525	O	n30
55.73831808661641	S	n30;1;n57;2;n58;3
59.65295875486497	E	n58;3
66.2736100429329	E	n57;2
