TIME	EVENT	NODES
58.188813081606355	O	n55
73.32177979541856	C	n55;1
75.18396773406573	S	n55;1;n103;2;n104;3
76.76269344293296	E	n103;2
78.57773424097833	I	n104;3
81.50267712156104	E	n104;3
