TIME	EVENT	NODES
58.355758979033276	O	n58
60.97357901514652	E	n58;1
