TIME	EVENT	NODES
54.51717969259589	O	n50
58.8528404549742	E	n50;1
