TIME	EVENT	NODES
54.56846559966393	O	n47
69.3614836110607	S	n47;1;n71;2;n72;3
70.88343313549224	E	n72;3
80.57463946636354	S	n71;2;n83;4;n84;5
86.60669252253648	E	n83;4
91.78210615836441	S	n84;5;n103;6;n104;7
91.90115263955869	L	n104;7
102.82426853750586	E	n103;6
