TIME	EVENT	NODES
54.72281877362476	O	n48
57.23402616228817	E	n48;1
