TIME	EVENT	NODES
58.611703210365384	O	n46
64.4764211776003	E	n46;1
