TIME	EVENT	NODES
87.89415050295095	O	n9
93.91800501044705	C	n9;1
101.75268145752129	I	n9;1
102.88084729327288	S	n9;1;n19;2;n20;3
111.42045959106481	C	n19;2
147.42455022623707	I	n19;2
148.9849759202454	S	n20;3;n27;4;n28;5
153.15396712937255	S	n28;5;n35;6;n36;7
155.5864503419916	I	n19;2
160.32870465489182	L	n36;7
160.32870465489182	T	n19;2;n19;8;n36;9
166.54278869017284	E	n27;4
166.5663917706809	I	n19;8
168.98360319176706	S	n36;9;n43;10;n44;11
170.74431018111153	S	n43;10;n45;12;n46;13
171.10536923501556	L	n19;8
172.7134354678535	S	n35;6;n51;14;n52;15
177.51846234063663	E	n45;12
179.25449552625545	L	n44;11
181.2409138044418	I	n51;14
184.38473418243225	S	n51;14;n57;16;n58;17
187.68489901940544	E	n46;13
195.81562732113593	E	n58;17
199.3404950915714	E	n57;16
200.82593348349565	I	n52;15
208.6130169913643	C	n52;15
222.49381961834402	I	n52;15
227.7086322008703	S	n52;15;n97;18;n98;19
230.63281330277147	I	n98;19
242.65770202322346	I	n98;19
249.03530572249304	S	n97;18;n123;20;n124;21
254.59397657947247	S	n123;20;n139;22;n140;23
255.08922900163986	E	n139;22
256.64231642783636	I	n98;19
258.3521419397492	I	n124;21
258.8150958922131	S	n124;21;n149;24;n150;25
266.8260431524649	I	n149;24
274.1250014823083	I	n98;19
275.3394929136777	E	n140;23
279.2744333326708	L	n149;24
281.4465804297021	I	n98;19
290.6276844912212	I	n98;19
293.4401227103343	E	n150;25
297.82959460464184	E	n98;19
