TIME	EVENT	NODES
58.64404387454181	O	n56
60.525844259268034	L	n56;1
