TIME	EVENT	NODES
88.04784456366826	O	n15
90.03849608767848	E	n15;1
