TIME	EVENT	NODES
54.87720183392399	O	n50
58.8528404549742	E	n50;1
