TIME	EVENT	NODES
88.30717769050169	O	n15
90.03849608767848	E	n15;1
