TIME	EVENT	NODES
54.93343922282567	O	n52
66.62239281441798	S	n52;1;n67;2;n68;3
68.35036375208811	S	n67;2;n69;4;n70;5
69.5667288088442	S	n70;5;n73;6;n74;7
69.60989828333398	S	n68;3;n75;8;n76;9
72.39083028356858	L	n76;9
72.68336834045725	E	n75;8
73.81339158432333	E	n73;6
74.12983881862672	I	n69;4
84.91168904544854	I	n69;4
85.42101001162891	I	n74;7
87.36442533499313	S	n74;7;n93;10;n94;11
88.56452202044717	I	n94;11
89.55192399987956	S	n93;10;n97;12;n98;13
90.74295096381583	E	n97;12
90.83607300829031	S	n94;11;n101;14;n102;15
92.04149162390394	I	n69;4
94.44886266487701	S	n69;4;n107;16;n108;17
94.63460892869011	S	n107;16;n109;18;n110;19
94.9559992561096	S	n108;17;n113;20;n114;21
95.2001193413713	I	n110;19
95.38501757326547	E	n113;20
95.54954112669942	E	n110;19
96.09899526485816	E	n101;14
99.20531432363919	E	n109;18
99.8906396465015	E	n114;21
101.14759967511259	S	n98;13;n119;22;n120;23
103.71516184054366	C	n119;22
106.13974562605924	S	n102;15;n129;24;n130;25
106.2551761740781	S	n119;22;n131;26;n132;27
109.57833965310586	L	n129;24
112.48454101861527	L	n120;23
114.20472606597329	I	n131;26
114.657371613597	S	n130;25;n163;28;n164;29
118.4153082292563	I	n131;26
118.53269635400413	I	n164;29
120.76078747720435	S	n164;29;n179;30;n180;31
120.93492720218666	E	n132;27
124.00483492653812	S	n131;26;n193;32;n194;33
124.3711312004714	E	n179;30
124.819119618711	L	n180;31
125.3362666112503	S	n194;33;n201;34;n202;35
126.66387713008561	I	n201;34
127.74848639190229	S	n163;28;n211;36;n212;37
132.0096165425425	E	n201;34
132.73404178738306	S	n212;37;n239;38;n240;39
134.23046956332826	S	n239;38;n251;40;n252;41
134.67922445755087	S	n240;39;n255;42;n256;43
135.60815655957035	I	n193;32
135.910637703942	S	n202;35;n265;44;n266;45
136.2024720917159	S	n252;41;n269;46;n270;47
137.24494829212168	S	n269;46;n275;48;n276;49
137.3574170703479	S	n193;32;n277;50;n278;51
137.44428209975396	F	n270;47
137.44428209975396	F	n278;51
137.44428209975396	F	n265;44
137.44428209975396	F	n211;36
137.44428209975396	F	n255;42
137.44428209975396	F	n256;43
137.44428209975396	F	n277;50
137.44428209975396	F	n251;40
137.44428209975396	F	n266;45
137.44428209975396	F	n276;49
137.44428209975396	F	n275;48
