TIME	EVENT	NODES
58.82863912178463	O	n58
60.97357901514652	E	n58;1
