TIME	EVENT	NODES
55.103261444104824	O	n55
71.89828452143536	E	n55;1
