TIME	EVENT	NODES
58.86492866644314	O	n54
63.37888544917936	S	n54;1;n69;2;n70;3
66.89637296929558	S	n69;2;n79;4;n80;5
73.96170390340738	S	n79;4;n97;6;n98;7
75.77909324475415	E	n98;7
76.17184293596569	S	n80;5;n105;8;n106;9
76.98271308737247	S	n105;8;n109;10;n110;11
78.35351366847215	E	n70;3
79.30812165855059	E	n110;11
79.82687071617491	S	n109;10;n117;12;n118;13
80.74434308218135	L	n118;13
85.50601592411626	E	n97;6
88.66389465217347	S	n117;12;n157;14;n158;15
89.39607863679154	S	n157;14;n161;16;n162;17
89.56639408370069	E	n161;16
89.61171864296715	T	n158;15;n158;18;n152;19
89.92672479913614	S	n158;18;n165;20;n166;21
90.66252742353926	I	n166;21
91.26775341023475	S	n106;9;n175;22;n176;23
92.3567688563361	I	n175;22
94.2905627805281	S	n162;17;n193;24;n194;25
95.00069429405947	E	n176;23
95.030140704092	C	n166;21
97.56005289654414	E	n193;24
98.4187588296697	E	n165;20
98.53344519810094	E	n194;25
101.83274108164306	S	n166;21;n231;26;n232;27
101.908053772782	E	n231;26
102.38892933329028	S	n152;19;n235;28;n236;29
105.18311610228545	E	n235;28
105.3897705314984	S	n232;27;n245;30;n246;31
108.2409827939678	S	n245;30;n265;32;n266;33
108.42201726908658	S	n175;22;n267;34;n268;35
109.3892324400371	S	n267;34;n275;36;n276;37
109.84561817691029	S	n276;37;n279;38;n280;39
109.87807173611152	I	n265;32
110.81554259923739	E	n275;36
111.91854719341158	S	n266;33;n295;40;n296;41
112.28537063347119	E	n268;35
113.54079122903167	E	n279;38
114.09661351821259	T	n265;32;n265;42;n184;43
114.18324510306947	S	n184;43;n303;44;n304;45
114.18929997252422	C	n280;39
115.2182153714495	S	n236;29;n313;46;n314;47
115.36249319289614	E	n296;41
115.64503547387919	I	n304;45
116.15826723514712	E	n313;46
118.03761128729664	C	n304;45
118.22271826685676	E	n265;42
119.30590668260064	E	n303;44
119.93146279771446	S	n304;45;n339;48;n340;49
120.08725737012921	S	n246;31;n341;50;n342;51
120.40004223119416	I	n342;51
121.43476404403538	E	n280;39
121.85255750893415	S	n339;48;n357;52;n358;53
122.20096298192965	F	n357;52
122.20096298192965	F	n358;53
122.20096298192965	F	n341;50
122.20096298192965	F	n340;49
122.20096298192965	F	n342;51
122.20096298192965	F	n295;40
122.20096298192965	F	n314;47
