TIME	EVENT	NODES
88.46325457002226	O	n16
90.74528338734476	E	n16;1
