TIME	EVENT	NODES
88.47105838062531	O	n7
137.9439774111534	I	n7;1
152.3454909984387	C	n7;1
152.63308264867726	S	n7;1;n33;2;n34;3
160.12772940883485	L	n34;3
165.2249719103747	E	n33;2
