TIME	EVENT	NODES
55.28730278185877	O	n42
57.97964289262236	E	n42;1
