TIME	EVENT	NODES
55.41179678387231	O	n48
57.23402616228817	E	n48;1
