TIME	EVENT	NODES
59.135949256826464	O	n51
64.96591152733993	S	n51;1;n73;2;n74;3
65.69497400279168	S	n74;3;n77;4;n78;5
66.09313492039394	T	n78;5;n78;6;n70;7
69.06288492230341	I	n70;7
69.36748751985498	E	n77;4
72.26650710029861	L	n73;2
72.26650710029861	T	n70;7;n70;8;n73;9
76.75087355783961	S	n73;9;n107;10;n108;11
77.59039271635334	I	n107;10
78.35351366847215	E	n70;8
79.22755505538495	S	n108;11;n113;12;n114;13
80.3895646593219	E	n78;6
82.14065501357324	L	n107;10
82.84074056886857	S	n113;12;n127;14;n128;15
87.1911954645398	E	n114;13
91.0242900867634	S	n127;14;n169;16;n170;17
91.54856848753883	S	n170;17;n181;18;n182;19
92.33494976870058	E	n182;19
92.9811204228473	C	n128;15
96.83861240646377	E	n169;16
99.10789388249582	E	n128;15
106.1597795060468	I	n181;18
107.07038824181652	S	n181;18;n253;20;n254;21
108.01434066995279	T	n254;21;n254;22;n252;23
109.10825351651116	S	n252;23;n269;24;n270;25
111.80098211610584	E	n269;24
112.47100851439468	E	n270;25
113.76517703328658	S	n254;22;n301;26;n302;27
113.98118132905664	E	n301;26
114.59513604545869	S	n302;27;n309;28;n310;29
117.64931390587152	E	n253;20
121.1154699736872	E	n309;28
122.20096298192965	F	n310;29
