TIME	EVENT	NODES
88.81383511585037	O	n15
90.03849608767848	E	n15;1
