TIME	EVENT	NODES
59.22198045310286	O	n57
65.84614554953704	E	n57;1
