TIME	EVENT	NODES
59.2922203207347	O	n59
65.13921464734916	E	n59;1
