TIME	EVENT	NODES
56.248767206862084	O	n57
66.2736100429329	E	n57;1
