TIME	EVENT	NODES
59.46053183404703	O	n50
60.75090761671917	S	n50;1;n65;2;n66;3
62.13615154914574	E	n66;3
71.30716289233452	I	n65;2
72.58640953688958	E	n65;2
