TIME	EVENT	NODES
56.670756607336955	O	n50
58.8528404549742	E	n50;1
