TIME	EVENT	NODES
59.494542940466744	O	n50
60.75090761671917	S	n50;1;n65;2;n66;3
62.13615154914574	E	n66;3
63.57383934588435	I	n65;2
64.6184155826414	C	n65;2
72.58640953688958	E	n65;2
