TIME	EVENT	NODES
56.78747472275954	O	n57
66.2736100429329	E	n57;1
