TIME	EVENT	NODES
59.59020220047966	O	n46
64.4764211776003	E	n46;1
