TIME	EVENT	NODES
56.81727385097876	O	n42
57.97964289262236	E	n42;1
