TIME	EVENT	NODES
91.35636014111533	O	n13
100.0082568610545	S	n13;1;n17;2;n18;3
111.09658424960217	I	n17;2
111.66586617081315	S	n18;3;n21;4;n22;5
112.08796151722932	L	n17;2
118.55100004001298	I	n21;4
131.05163357451565	E	n21;4
137.33366044182898	S	n22;5;n25;6;n26;7
138.6082522963192	I	n26;7
142.7155834077547	E	n25;6
149.3238145096331	S	n26;7;n29;8;n30;9
150.84222171296392	E	n30;9
164.85008588878551	C	n29;8
177.62631812308106	L	n29;8
