TIME	EVENT	NODES
56.877108158958706	O	n48
57.23402616228817	E	n48;1
