TIME	EVENT	NODES
59.67193519051921	O	n46
62.79746101298545	I	n46;1
64.4764211776003	E	n46;1
