TIME	EVENT	NODES
57.0128660650311	O	n50
58.8528404549742	E	n50;1
