TIME	EVENT	NODES
57.19152426487097	O	n42
57.97964289262236	E	n42;1
