TIME	EVENT	NODES
59.70382908742838	O	n48
61.254313095266134	E	n48;1
