TIME	EVENT	NODES
57.24205230749741	O	n55
71.89828452143536	E	n55;1
