TIME	EVENT	NODES
57.32468961429583	O	n50
58.8528404549742	E	n50;1
