TIME	EVENT	NODES
59.76421406189071	O	n64
69.50333777943767	E	n64;1
