TIME	EVENT	NODES
59.773912379516624	O	n53
63.55096011226192	E	n53;1
