TIME	EVENT	NODES
59.79855197675451	O	n59
65.13921464734916	E	n59;1
