TIME	EVENT	NODES
59.882975215490845	O	n58
60.97357901514652	E	n58;1
