TIME	EVENT	NODES
57.60406588934451	O	n52
66.62239281441798	S	n52;1;n67;2;n68;3
68.35036375208811	S	n67;2;n69;4;n70;5
69.5667288088442	S	n70;5;n73;6;n74;7
69.60989828333398	S	n68;3;n75;8;n76;9
72.68336834045725	E	n75;8
73.81339158432333	E	n73;6
74.2145407938895	E	n76;9
77.84776679826432	D	n69;4;n69;10;n69;11
82.71496560136457	C	n74;7
87.36442533499313	S	n74;7;n93;12;n94;13
89.55192399987956	S	n93;12;n97;14;n98;15
90.74295096381583	E	n97;14
90.83607300829031	S	n94;13;n101;16;n102;17
91.20512203911903	I	n69;10
91.20512203911903	I	n69;11
94.44886266487701	S	n69;11;n107;18;n108;19
94.44886266487701	S	n69;10;n107;20;n108;21
94.63460892869011	S	n107;18;n109;22;n110;23
94.63460892869011	S	n107;20;n109;24;n110;25
94.9559992561096	S	n108;19;n113;26;n114;27
94.9559992561096	S	n108;21;n113;28;n114;29
95.38501757326547	E	n113;26
95.38501757326547	E	n113;28
95.54954112669942	E	n110;23
95.54954112669942	E	n110;25
96.09899526485816	E	n101;16
99.20531432363919	E	n109;22
99.20531432363919	E	n109;24
99.8906396465015	E	n114;27
99.8906396465015	E	n114;29
101.14759967511259	S	n98;15;n119;30;n120;31
101.60987868383519	L	n120;31
106.13974562605924	S	n102;17;n129;32;n130;33
106.2551761740781	S	n119;30;n131;34;n132;35
106.50706269076018	I	n131;34
106.64464180714423	L	n130;33
112.19152098498493	S	n129;32;n145;36;n146;37
114.6134552335811	S	n145;36;n161;38;n162;39
120.93492720218666	E	n132;35
121.71308316654702	S	n162;39;n183;40;n184;41
121.90041313691988	I	n184;41
123.4576512951491	E	n184;41
124.00483492653812	S	n131;34;n193;42;n194;43
124.1107468810393	I	n146;37
124.13457453384494	D	n193;42;n193;44;n193;45
125.3362666112503	S	n194;43;n201;46;n202;47
128.82695068799592	I	n193;44
128.82695068799592	I	n193;45
131.40182968561177	I	n201;46
132.0096165425425	E	n201;46
132.5078781716013	S	n183;40;n237;48;n238;49
135.06685894332068	S	n146;37;n257;50;n258;51
135.85464953594038	S	n257;50;n263;52;n264;53
135.910637703942	S	n202;47;n265;54;n266;55
136.098499562785	I	n237;48
136.11757414701233	S	n263;52;n267;56;n268;57
136.37102824962483	E	n264;53
137.3574170703479	S	n193;45;n277;58;n278;59
137.3574170703479	S	n193;44;n277;60;n278;61
137.44428209975396	F	n258;51
137.44428209975396	F	n161;38
137.44428209975396	F	n278;59
137.44428209975396	F	n278;61
137.44428209975396	F	n267;56
137.44428209975396	F	n265;54
137.44428209975396	F	n268;57
137.44428209975396	F	n238;49
137.44428209975396	F	n277;58
137.44428209975396	F	n277;60
137.44428209975396	F	n237;48
137.44428209975396	F	n266;55
