TIME	EVENT	NODES
57.60924042875296	O	n53
74.41436690001827	E	n53;1
