TIME	EVENT	NODES
59.99235685675476	O	n48
61.254313095266134	E	n48;1
