TIME	EVENT	NODES
57.641899909596034	O	n42
57.97964289262236	E	n42;1
