TIME	EVENT	NODES
57.69684470898132	O	n58
59.65295875486497	E	n58;1
