TIME	EVENT	NODES
60.12931775216397	O	n58
60.97357901514652	E	n58;1
