TIME	EVENT	NODES
60.13160258242656	O	n64
69.50333777943767	E	n64;1
