TIME	EVENT	NODES
57.88895252445064	O	n58
59.65295875486497	E	n58;1
