TIME	EVENT	NODES
60.23413230802623	O	n43
63.516631641770395	S	n43;1;n71;2;n72;3
65.1602009480692	S	n72;3;n75;4;n76;5
65.4414507242948	E	n75;4
69.17960379988853	S	n71;2;n85;6;n86;7
71.2192389560549	E	n85;6
79.82195944968959	E	n86;7
80.89521667799767	S	n76;5;n123;8;n124;9
81.28799258893893	E	n123;8
87.975175802996	L	n124;9
