TIME	EVENT	NODES
58.3507644268122	O	n53
61.40474055997255	I	n53;1
62.81729524053992	I	n53;1
74.41436690001827	E	n53;1
