TIME	EVENT	NODES
60.28972868379408	O	n43
60.643052771551524	L	n43;1
