TIME	EVENT	NODES
96.5896471995099	O	n7
152.63308264867726	S	n7;1;n33;2;n34;3
162.77617771303431	S	n34;3;n37;4;n38;5
164.0650225736182	E	n38;5
165.2249719103747	E	n33;2
169.26167833717898	I	n37;4
187.1981154176181	S	n37;4;n59;6;n60;7
197.574740969038	S	n60;7;n71;8;n72;9
224.87883338170167	E	n71;8
231.28383126355195	T	n59;6;n59;10;n89;11
231.2895298785254	E	n89;11
248.25622689300997	L	n59;10
249.59081507615775	I	n72;9
254.31869674795763	S	n72;9;n137;12;n138;13
261.8247307769047	I	n138;13
262.48313050699846	S	n137;12;n155;14;n156;15
268.08312347105647	S	n138;13;n163;16;n164;17
277.8106349986983	E	n163;16
279.3689247604448	E	n164;17
280.9346084359787	E	n156;15
302.77518792485097	S	n155;14;n221;18;n222;19
303.53877460970455	I	n221;18
314.3193370741534	E	n222;19
333.2243139310976	I	n221;18
348.56360012045053	L	n221;18
