TIME	EVENT	NODES
58.4019579636674	O	n53
74.41436690001827	E	n53;1
