TIME	EVENT	NODES
58.50205262785501	O	n53
74.41436690001827	E	n53;1
