TIME	EVENT	NODES
60.58649719509657	O	n48
61.254313095266134	E	n48;1
