TIME	EVENT	NODES
60.595152531191346	O	n46
64.4764211776003	E	n46;1
