TIME	EVENT	NODES
58.67882559583131	O	n57
59.3866329395284	I	n57;1
66.2736100429329	E	n57;1
