TIME	EVENT	NODES
58.724559771902605	O	n50
58.8528404549742	E	n50;1
