TIME	EVENT	NODES
58.75233342406917	O	n58
59.65295875486497	E	n58;1
