TIME	EVENT	NODES
98.38841125973715	O	n7
152.63308264867726	S	n7;1;n33;2;n34;3
162.77617771303431	S	n34;3;n37;4;n38;5
164.0650225736182	E	n38;5
165.2249719103747	E	n33;2
187.1981154176181	S	n37;4;n59;6;n60;7
197.574740969038	S	n60;7;n71;8;n72;9
224.87883338170167	E	n71;8
251.91737397158224	S	n59;6;n131;10;n132;11
254.2371808775152	I	n72;9
254.31869674795763	S	n72;9;n137;12;n138;13
262.48313050699846	S	n137;12;n155;14;n156;15
264.256074713361	S	n131;10;n159;16;n160;17
267.02273484588	I	n132;11
268.08312347105647	S	n138;13;n163;18;n164;19
276.59732911514175	I	n160;17
277.8106349986983	E	n163;18
279.3689247604448	E	n164;19
280.9346084359787	E	n156;15
283.003644560383	E	n160;17
288.5496408940298	S	n132;11;n189;20;n190;21
297.2325938618031	S	n190;21;n211;22;n212;23
300.2364266246502	I	n211;22
302.77518792485097	S	n155;14;n221;24;n222;25
303.20810982052006	I	n222;25
303.9349823292352	L	n159;16
306.18779637717876	E	n189;20
312.2369291319588	C	n221;24
314.3193370741534	E	n222;25
323.19347810724383	I	n211;22
323.451126983794	S	n211;22;n247;26;n248;27
324.42222468087465	L	n248;27
326.5294526517292	I	n212;23
326.93788042397534	T	n221;24;n221;28;n187;29
330.07530992373546	L	n187;29
336.66327933824607	T	n212;23;n212;30;n245;31
338.51097831531484	S	n247;26;n269;32;n270;33
338.89935941368094	E	n245;31
351.3681074054671	E	n270;33
358.95858292625	C	n269;32
359.43466135079467	S	n269;32;n307;34;n308;35
361.1853681117364	I	n212;30
362.06030120570546	I	n221;28
364.14479088522387	E	n212;30
365.26341012665364	L	n221;28
368.33285918754166	F	n307;34
368.33285918754166	F	n308;35
