TIME	EVENT	NODES
60.755961073854216	O	n53
63.55096011226192	E	n53;1
