TIME	EVENT	NODES
58.969201017299675	O	n57
66.2736100429329	E	n57;1
