TIME	EVENT	NODES
61.276498712657	O	n43
63.516631641770395	S	n43;1;n71;2;n72;3
65.1602009480692	S	n72;3;n75;4;n76;5
65.4414507242948	E	n75;4
67.96770208020553	C	n71;2
69.17960379988853	S	n71;2;n85;6;n86;7
71.2192389560549	E	n85;6
78.04921857553185	I	n86;7
79.82195944968959	E	n86;7
80.89521667799767	S	n76;5;n123;8;n124;9
81.28799258893893	E	n123;8
91.22227909913374	I	n124;9
94.20370820616749	S	n124;9;n191;10;n192;11
94.47618336966978	S	n192;11;n195;12;n196;13
94.6164334716133	E	n196;13
94.7406734041655	S	n195;12;n201;14;n202;15
95.00275428280193	S	n202;15;n205;16;n206;17
96.29466719948104	L	n206;17
98.31404312539485	S	n201;14;n219;18;n220;19
98.75177489660476	D	n205;16;n205;20;n205;21
100.58676847024424	S	n219;18;n227;22;n228;23
103.56296928893342	I	n227;22
105.15368373153343	S	n228;23;n243;24;n244;25
105.15937208631122	E	n227;22
105.62156874019976	I	n205;20
105.62156874019976	I	n205;21
106.14529429539196	S	n243;24;n249;26;n250;27
106.51663920428801	I	n250;27
107.34916340025805	S	n191;10;n259;28;n260;29
109.79279440220219	I	n220;19
110.97351095202811	S	n244;25;n289;30;n290;31
111.62809666568839	S	n260;29;n293;32;n294;33
112.32158139645087	S	n259;28;n299;34;n300;35
113.26780984524378	E	n249;26
113.88822922744914	E	n289;30
114.22092261403004	E	n290;31
114.418033427831	S	n293;32;n307;36;n308;37
114.66278719266091	I	n205;21
114.66278719266091	I	n205;20
114.716632109647	S	n308;37;n311;38;n312;39
115.60507045488139	S	n307;36;n317;40;n318;41
119.5417768978418	E	n299;34
120.53125479329535	S	n317;40;n347;42;n348;43
121.8287853204813	S	n348;43;n355;44;n356;45
122.20096298192965	F	n205;20
122.20096298192965	F	n205;21
122.20096298192965	F	n220;19
122.20096298192965	F	n355;44
122.20096298192965	F	n294;33
122.20096298192965	F	n318;41
122.20096298192965	F	n347;42
122.20096298192965	F	n300;35
122.20096298192965	F	n250;27
122.20096298192965	F	n356;45
122.20096298192965	F	n312;39
122.20096298192965	F	n311;38
