TIME	EVENT	NODES
100.24426834788665	O	n17
113.91359276578495	L	n17;1
