TIME	EVENT	NODES
59.4199471254378	O	n55
71.89828452143536	E	n55;1
