TIME	EVENT	NODES
61.49551681037141	O	n64
69.50333777943767	E	n64;1
