TIME	EVENT	NODES
61.50663927089877	O	n64
69.50333777943767	E	n64;1
