TIME	EVENT	NODES
61.598983530118396	O	n59
65.13921464734916	E	n59;1
