TIME	EVENT	NODES
60.03086961017696	O	n47
66.39002031359922	I	n47;1
69.3614836110607	S	n47;1;n71;2;n72;3
70.88343313549224	E	n72;3
80.57463946636354	S	n71;2;n83;4;n84;5
84.65431443956547	L	n83;4
91.78210615836441	S	n84;5;n103;6;n104;7
94.99221728831795	L	n103;6
106.57096831231419	E	n104;7
