TIME	EVENT	NODES
101.45881393051431	O	n9
102.88084729327288	S	n9;1;n19;2;n20;3
121.20191255580868	I	n20;3
148.9849759202454	S	n20;3;n27;4;n28;5
153.15396712937255	S	n28;5;n35;6;n36;7
166.30506798710283	I	n36;7
166.54278869017284	E	n27;4
167.8360864750574	C	n36;7
168.5331116349678	I	n36;7
168.98360319176706	S	n36;7;n43;8;n44;9
170.74431018111153	S	n43;8;n45;10;n46;11
170.85565056150816	L	n19;2
172.7134354678535	S	n35;6;n51;12;n52;13
172.82491028567745	I	n46;11
177.51846234063663	E	n45;10
180.00324211166986	L	n51;12
180.9594396024156	L	n52;13
187.68489901940544	E	n46;11
189.4429084824666	S	n44;9;n63;14;n64;15
192.9705299004418	I	n63;14
203.2369006608062	I	n63;14
214.92993231412532	I	n64;15
217.10122037003637	S	n63;14;n87;16;n88;17
219.9216388968374	I	n64;15
220.73994525193314	I	n87;16
224.42074098395472	S	n87;16;n93;18;n94;19
226.49385614607323	I	n88;17
228.0206674143332	I	n88;17
232.2598634713699	E	n94;19
232.8439288366906	E	n88;17
233.49945090046972	I	n64;15
234.98857538963813	L	n64;15
252.0443836459967	I	n93;18
263.1946935408616	S	n93;18;n157;20;n158;21
271.0359830191678	S	n158;21;n165;22;n166;23
275.89296821285615	I	n157;20
281.86281336619095	S	n157;20;n181;24;n182;25
282.61255130363196	I	n182;25
287.40371355691383	D	n182;25;n182;26;n182;27
288.41387633275195	C	n181;24
297.3759122122873	E	n182;26
297.3759122122873	E	n182;27
300.66408360617874	S	n165;22;n217;28;n218;29
301.39480262224913	S	n217;28;n219;30;n220;31
303.8075388211002	L	n181;24
309.22719658015154	E	n220;31
322.23550031039156	S	n219;30;n243;32;n244;33
325.4737104638525	I	n166;23
325.62016585225894	E	n166;23
327.1046107185982	E	n218;29
331.30761343493685	I	n243;32
336.27194991669535	S	n243;32;n265;34;n266;35
336.8568168165635	L	n266;35
357.83898267386695	E	n265;34
368.33285918754166	F	n244;33
