TIME	EVENT	NODES
61.798394417157326	O	n46
64.4764211776003	E	n46;1
