TIME	EVENT	NODES
60.22014370900039	O	n53
74.41436690001827	E	n53;1
