TIME	EVENT	NODES
61.8230965423336	O	n49
75.0883559486219	S	n49;1;n101;2;n102;3
76.07500621366802	E	n102;3
85.14519719498897	S	n101;2;n135;4;n136;5
85.99631158609974	S	n136;5;n143;6;n144;7
86.37061980008026	I	n143;6
86.37764105276558	S	n135;4;n145;8;n146;9
86.81771029291036	S	n143;6;n149;10;n150;11
88.2079321579105	E	n144;7
89.23844721992381	S	n146;9;n159;12;n160;13
90.32126635747913	L	n160;13
94.55772489489787	I	n159;12
94.68228810518416	S	n159;12;n199;14;n200;15
96.44290819147221	S	n200;15;n211;16;n212;17
97.39967128992377	E	n145;8
97.69755239235188	C	n211;16
98.6227177030625	S	n149;10;n221;18;n222;19
100.7178910037959	I	n211;16
101.51446341153029	E	n212;17
102.79711785564578	I	n150;11
102.98341176200759	E	n211;16
103.24789987789956	E	n150;11
106.92161422948067	E	n221;18
108.37576250505025	E	n199;14
111.75564563951143	T	n222;19;n222;20;n265;21
118.22271826685676	E	n265;21
120.37874886516794	D	n222;20;n222;22;n222;23
122.20096298192965	F	n222;22
122.20096298192965	F	n222;23
