TIME	EVENT	NODES
60.47127081728958	O	n61
64.86742531505226	S	n61;1;n63;2;n64;3
67.09586517004894	E	n64;3
73.54589455358095	S	n63;2;n77;4;n78;5
76.04468060540366	E	n77;4
82.21366002911701	S	n78;5;n85;6;n86;7
83.22439320017492	S	n85;6;n87;8;n88;9
83.51947950720947	E	n88;9
87.9716937356141	E	n87;8
88.6291375715646	S	n86;7;n95;10;n96;11
89.63731734236336	E	n96;11
94.91171110375579	S	n95;10;n111;12;n112;13
99.07567634232825	S	n111;12;n117;14;n118;15
102.97259336705606	D	n117;14;n117;16;n117;17
103.32850253061844	E	n117;16
103.32850253061844	E	n117;17
103.34721566402152	S	n112;13;n127;18;n128;19
113.18536271364133	S	n127;18;n149;20;n150;21
114.60875141654122	S	n149;20;n159;22;n160;23
116.79865409744342	E	n128;19
116.84190744763517	S	n118;15;n173;24;n174;25
120.90134015260391	E	n173;24
123.03330243667175	E	n160;23
124.93598332332284	I	n150;21
125.88969064041424	S	n174;25;n205;26;n206;27
129.44283556805237	S	n206;27;n217;28;n218;29
130.06248543332637	E	n150;21
130.3082969594688	I	n218;29
131.1781794776036	S	n159;22;n229;30;n230;31
133.7220038816534	L	n229;30
134.47166210100713	I	n230;31
134.65113353933813	E	n205;26
136.24444141721895	S	n217;28;n271;32;n272;33
137.44428209975396	F	n272;33
137.44428209975396	F	n271;32
137.44428209975396	F	n230;31
137.44428209975396	F	n218;29
