TIME	EVENT	NODES
60.709280018511194	O	n59
66.16349590969867	S	n59;1;n65;2;n66;3
77.10875772238327	E	n65;2
85.25858370459913	I	n66;3
85.35531950007136	S	n66;3;n89;4;n90;5
85.49236502381507	S	n89;4;n91;6;n92;7
90.49422440237502	S	n92;7;n99;8;n100;9
93.37526834861075	E	n99;8
97.31886692307799	E	n91;6
99.59906723544056	T	n90;5;n90;10;n112;11
101.65830150095249	E	n100;9
103.34721566402152	S	n112;11;n127;12;n128;13
104.11305144124753	I	n90;10
111.11982330004851	S	n90;10;n141;14;n142;15
113.05043982879775	S	n141;14;n147;16;n148;17
113.18536271364133	S	n127;12;n149;18;n150;19
114.60875141654122	S	n149;18;n159;20;n160;21
114.82950229105924	T	n159;20;n159;22;n161;23
116.79865409744342	E	n128;13
120.73658318917201	S	n147;16;n177;24;n178;25
121.94033774569849	S	n177;24;n187;26;n188;27
122.96089664221213	S	n187;26;n191;28;n192;29
123.03330243667175	E	n160;21
124.45057823709143	C	n159;22
126.02587607460606	S	n192;29;n207;30;n208;31
127.7450898705608	L	n178;25
128.0705698243647	S	n207;30;n213;32;n214;33
129.26832954659912	S	n188;27;n215;34;n216;35
129.97651367823465	S	n142;15;n221;36;n222;37
130.06248543332637	E	n150;19
130.09222203709768	S	n213;32;n223;38;n224;39
130.3478450618157	S	n224;39;n225;40;n226;41
130.37893332735712	I	n222;37
130.79527631442593	E	n222;37
131.11070081786738	E	n191;28
131.1781794776036	S	n159;22;n229;42;n230;43
131.59642289544732	S	n215;34;n233;44;n234;45
131.6207308589759	I	n229;42
132.25890650819693	E	n223;38
132.3401028583617	S	n233;44;n235;46;n236;47
132.75998679969956	S	n236;47;n241;48;n242;49
133.68463181083166	S	n225;40;n245;50;n246;51
133.9195906530183	E	n214;33
134.01809809279308	E	n226;41
134.53712431930342	I	n148;17
135.26511937963505	E	n245;50
136.17150238763622	E	n229;42
136.68303701314576	D	n241;48;n241;52;n241;53
137.13164605031997	E	n234;45
137.44428209975396	F	n161;23
137.44428209975396	F	n230;43
137.44428209975396	F	n242;49
137.44428209975396	F	n235;46
137.44428209975396	F	n216;35
137.44428209975396	F	n208;31
137.44428209975396	F	n221;36
137.44428209975396	F	n241;52
137.44428209975396	F	n241;53
137.44428209975396	F	n148;17
137.44428209975396	F	n246;51
