TIME	EVENT	NODES
62.01412058373313	O	n53
63.55096011226192	E	n53;1
