TIME	EVENT	NODES
62.05703230660676	O	n57
65.84614554953704	E	n57;1
