TIME	EVENT	NODES
61.35625176025995	O	n52
66.62239281441798	S	n52;1;n67;2;n68;3
68.35036375208811	S	n67;2;n69;4;n70;5
69.5667288088442	S	n70;5;n73;6;n74;7
69.60989828333398	S	n68;3;n75;8;n76;9
72.68336834045725	E	n75;8
73.81339158432333	E	n73;6
74.2145407938895	E	n76;9
79.82604742440309	L	n74;7
94.28407251788842	L	n69;4
