TIME	EVENT	NODES
62.16103362832476	O	n53
63.55096011226192	E	n53;1
