TIME	EVENT	NODES
62.16231889381314	O	n64
69.50333777943767	E	n64;1
