TIME	EVENT	NODES
61.45233350523478	O	n57
66.2736100429329	E	n57;1
