TIME	EVENT	NODES
62.2641063284523	O	n53
63.55096011226192	E	n53;1
