TIME	EVENT	NODES
62.28032565608982	O	n59
65.13921464734916	E	n59;1
