TIME	EVENT	NODES
62.3240449721637	O	n46
64.4764211776003	E	n46;1
