TIME	EVENT	NODES
61.65828842083223	O	n61
64.86742531505226	S	n61;1;n63;2;n64;3
67.09586517004894	E	n64;3
73.54589455358095	S	n63;2;n77;4;n78;5
76.04468060540366	E	n77;4
82.21366002911701	S	n78;5;n85;6;n86;7
82.71965531011568	I	n86;7
83.22439320017492	S	n85;6;n87;8;n88;9
83.51947950720947	E	n88;9
87.9716937356141	E	n87;8
88.6291375715646	S	n86;7;n95;10;n96;11
89.63731734236336	E	n96;11
94.14326700837024	L	n95;10
