TIME	EVENT	NODES
61.83500705969352	O	n53
74.41436690001827	E	n53;1
