TIME	EVENT	NODES
62.70700278181364	O	n68
80.38904673481133	I	n68;1
86.64549986121668	E	n68;1
