TIME	EVENT	NODES
62.729340006053256	O	n65
63.162149901243644	C	n65;1
72.58640953688958	E	n65;1
