TIME	EVENT	NODES
105.4695542700107	O	n17
116.26436698588927	I	n17;1
119.28074254528417	L	n17;1
