TIME	EVENT	NODES
63.00074872257087	O	n55
68.6929708972502	T	n55;1;n55;2;n77;3
69.36748751985498	E	n77;3
75.18396773406573	S	n55;2;n103;4;n104;5
76.76269344293296	E	n103;4
81.50267712156104	E	n104;5
