TIME	EVENT	NODES
63.003590848194804	O	n57
66.2736100429329	E	n57;1
