TIME	EVENT	NODES
63.236796758946404	O	n54
63.37888544917936	S	n54;1;n69;2;n70;3
66.89637296929558	S	n69;2;n79;4;n80;5
73.96170390340738	S	n79;4;n97;6;n98;7
75.07761728370468	D	n97;6;n97;8;n97;9
75.77909324475415	E	n98;7
76.04365846540607	T	n70;3;n70;10;n92;11
76.17184293596569	S	n80;5;n105;12;n106;13
76.98271308737247	S	n105;12;n109;14;n110;15
78.35351366847215	E	n70;10
79.30812165855059	E	n110;15
79.82687071617491	S	n109;14;n117;16;n118;17
84.61441438989753	S	n118;17;n131;18;n132;19
85.50601592411626	E	n97;8
85.50601592411626	E	n97;9
85.58133382376207	I	n117;16
87.42636199447134	S	n132;19;n153;20;n154;21
88.56364729159756	I	n154;21
88.66389465217347	S	n117;16;n157;22;n158;23
88.91511410342075	L	n106;13
89.39607863679154	S	n157;22;n161;24;n162;25
89.56639408370069	E	n161;24
89.92672479913614	S	n158;23;n165;26;n166;27
90.48646187123879	E	n92;11
90.66252742353926	I	n166;27
91.11770339704343	E	n131;18
92.63276630510067	S	n154;21;n185;28;n186;29
94.2905627805281	S	n162;25;n193;30;n194;31
95.34371363479748	E	n185;28
97.56005289654414	E	n193;30
98.4187588296697	E	n165;26
98.53344519810094	E	n194;31
101.83274108164306	S	n166;27;n231;32;n232;33
101.908053772782	E	n231;32
105.3897705314984	S	n232;33;n245;34;n246;35
106.84486426192589	E	n186;29
107.1721041316878	I	n153;20
107.92992157861137	I	n245;34
108.2409827939678	S	n245;34;n265;36;n266;37
111.91854719341158	S	n266;37;n295;38;n296;39
112.44816029789791	C	n246;35
115.36249319289614	E	n296;39
115.66665339746804	D	n153;20;n153;40;n153;41
118.22271826685676	E	n265;36
119.27673226592961	L	n153;40
120.08725737012921	S	n246;35;n341;42;n342;43
120.40004223119416	I	n342;43
122.20096298192965	F	n153;41
122.20096298192965	F	n341;42
122.20096298192965	F	n342;43
122.20096298192965	F	n295;38
