TIME	EVENT	NODES
63.54171808660754	O	n59
66.16349590969867	S	n59;1;n65;2;n66;3
72.86763434009806	L	n66;3
77.10875772238327	E	n65;2
