TIME	EVENT	NODES
63.289274463831056	O	n68
64.62445332936686	I	n68;1
86.64549986121668	E	n68;1
