TIME	EVENT	NODES
63.32829810260019	O	n51
64.96591152733993	S	n51;1;n73;2;n74;3
65.69497400279168	S	n74;3;n77;4;n78;5
69.36748751985498	E	n77;4
76.75087355783961	S	n73;2;n107;6;n108;7
79.22755505538495	S	n108;7;n113;8;n114;9
80.3895646593219	E	n78;5
82.84074056886857	S	n113;8;n127;10;n128;11
83.4965443788225	I	n127;10
83.68992761721407	I	n128;11
84.04915635025979	I	n127;10
87.1911954645398	E	n114;9
88.40638128104847	L	n128;11
90.79568255560412	E	n107;6
91.0242900867634	S	n127;10;n169;12;n170;13
91.54856848753883	S	n170;13;n181;14;n182;15
91.70161755925207	L	n182;15
92.31733606390708	I	n181;14
96.83861240646377	E	n169;12
99.45060501893975	I	n181;14
107.07038824181652	S	n181;14;n253;16;n254;17
113.76517703328658	S	n254;17;n301;18;n302;19
113.98118132905664	E	n301;18
114.59513604545869	S	n302;19;n309;20;n310;21
114.81927886835803	I	n253;16
117.64931390587152	E	n253;16
121.1154699736872	E	n309;20
122.20096298192965	F	n310;21
