TIME	EVENT	NODES
63.365306719423614	O	n65
71.02786356000028	I	n65;1
72.58640953688958	E	n65;1
