TIME	EVENT	NODES
63.391181119548946	O	n68
86.64549986121668	E	n68;1
