TIME	EVENT	NODES
63.474135479811856	O	n53
63.55096011226192	E	n53;1
