TIME	EVENT	NODES
63.51428408543946	O	n43
63.516631641770395	S	n43;1;n71;2;n72;3
65.1602009480692	S	n72;3;n75;4;n76;5
65.4414507242948	E	n75;4
65.5463144828395	I	n71;2
69.17960379988853	S	n71;2;n85;6;n86;7
71.2192389560549	E	n85;6
79.82195944968959	E	n86;7
80.89521667799767	S	n76;5;n123;8;n124;9
81.28799258893893	E	n123;8
87.01712584970635	I	n124;9
94.20370820616749	S	n124;9;n191;10;n192;11
94.47618336966978	S	n192;11;n195;12;n196;13
94.6164334716133	E	n196;13
94.7406734041655	S	n195;12;n201;14;n202;15
95.00275428280193	S	n202;15;n205;16;n206;17
96.59218823370765	S	n206;17;n213;18;n214;19
98.31404312539485	S	n201;14;n219;20;n220;21
99.1962720500129	S	n214;19;n223;22;n224;23
99.57903796767904	E	n224;23
99.85935374100859	E	n223;22
100.58676847024424	S	n219;20;n227;24;n228;25
100.67753551242419	L	n213;18
105.15368373153343	S	n228;25;n243;26;n244;27
105.15937208631122	E	n227;24
106.14529429539196	S	n243;26;n249;28;n250;29
107.34916340025805	S	n191;10;n259;30;n260;31
108.17708768735257	I	n244;27
109.13339380531654	I	n249;28
110.97351095202811	S	n244;27;n289;32;n290;33
111.62809666568839	S	n260;31;n293;34;n294;35
112.32158139645087	S	n259;30;n299;36;n300;37
113.26780984524378	E	n249;28
113.88822922744914	E	n289;32
114.22092261403004	E	n290;33
114.418033427831	S	n293;34;n307;38;n308;39
114.716632109647	S	n308;39;n311;40;n312;41
115.60507045488139	S	n307;38;n317;42;n318;43
117.22718057441386	I	n312;41
117.7060521786351	I	n300;37
118.07946369377048	I	n311;40
119.31783983156485	I	n299;36
119.5417768978418	E	n299;36
120.53125479329535	S	n317;42;n347;44;n348;45
121.29371279594118	L	n250;29
121.8287853204813	S	n348;45;n355;46;n356;47
122.20096298192965	F	n205;16
122.20096298192965	F	n220;21
122.20096298192965	F	n355;46
122.20096298192965	F	n294;35
122.20096298192965	F	n318;43
122.20096298192965	F	n347;44
122.20096298192965	F	n300;37
122.20096298192965	F	n356;47
122.20096298192965	F	n312;41
122.20096298192965	F	n311;40
