TIME	EVENT	NODES
63.9392672836385	O	n57
66.2736100429329	E	n57;1
