TIME	EVENT	NODES
63.58951347404128	O	n64
69.50333777943767	E	n64;1
