TIME	EVENT	NODES
64.26867773048843	O	n57
66.2736100429329	E	n57;1
