TIME	EVENT	NODES
63.723125758409495	O	n63
73.72674337972612	I	n63;1
77.87291920469795	S	n63;1;n111;2;n112;3
80.13789888595848	S	n112;3;n121;4;n122;5
84.02661955226591	S	n122;5;n129;6;n130;7
84.70408340306382	I	n111;2
86.0006184609162	E	n121;4
86.51037182362073	S	n111;2;n147;8;n148;9
89.53953138554083	S	n147;8;n163;10;n164;11
90.0600735832018	C	n130;7
91.12710587207293	S	n129;6;n171;12;n172;13
91.44039855751173	S	n164;11;n177;14;n178;15
91.9252527843899	S	n148;9;n183;16;n184;17
92.07887089990355	I	n178;15
93.34880801811472	E	n183;16
93.40783796646144	S	n130;7;n189;18;n190;19
93.64609162057884	E	n178;15
93.65784584833166	I	n172;13
96.77409377030416	E	n190;19
100.61091691856613	E	n171;12
102.58874847283909	E	n189;18
105.94071413666994	I	n172;13
106.02298060458065	E	n172;13
111.5896032695775	I	n177;14
114.18324510306947	S	n184;17;n303;20;n304;21
114.41278485366259	S	n163;10;n305;22;n306;23
118.21581233262908	S	n177;14;n327;24;n328;25
118.26466469545224	S	n328;25;n329;26;n330;27
119.30590668260064	E	n303;20
119.9168722804306	I	n327;24
119.93146279771446	S	n304;21;n339;28;n340;29
120.39720757471805	D	n329;26;n329;30;n329;31
120.68862574751267	I	n340;29
121.7585378305599	S	n330;27;n353;32;n354;33
121.85255750893415	S	n339;28;n357;34;n358;35
122.20096298192965	F	n327;24
122.20096298192965	F	n357;34
122.20096298192965	F	n329;30
122.20096298192965	F	n329;31
122.20096298192965	F	n358;35
122.20096298192965	F	n306;23
122.20096298192965	F	n340;29
122.20096298192965	F	n354;33
122.20096298192965	F	n353;32
122.20096298192965	F	n305;22
