TIME	EVENT	NODES
63.77579641016462	O	n65
72.58640953688958	E	n65;1
