TIME	EVENT	NODES
108.92484556476457	O	n20
148.9849759202454	S	n20;1;n27;2;n28;3
153.15396712937255	S	n28;3;n35;4;n36;5
158.83323720120427	I	n35;4
166.54278869017284	E	n27;2
168.98360319176706	S	n36;5;n43;6;n44;7
170.74431018111153	S	n43;6;n45;8;n46;9
172.7134354678535	S	n35;4;n51;10;n52;11
177.51846234063663	E	n45;8
184.38473418243225	S	n51;10;n57;12;n58;13
185.45003414336978	C	n57;12
187.68489901940544	E	n46;9
189.4429084824666	S	n44;7;n63;14;n64;15
194.02949181057926	I	n58;13
195.81562732113593	E	n58;13
199.3404950915714	E	n57;12
217.10122037003637	S	n63;14;n87;16;n88;17
218.91080382826158	I	n87;16
224.42074098395472	S	n87;16;n93;18;n94;19
227.7086322008703	S	n52;11;n97;20;n98;21
229.27320082002285	L	n97;20
231.14084165875076	C	n98;21
232.2598634713699	E	n94;19
232.8439288366906	E	n88;17
235.88684802416697	I	n64;15
242.92925463480364	I	n64;15
248.88117897606477	E	n64;15
263.1946935408616	S	n93;18;n157;22;n158;23
271.0359830191678	S	n158;23;n165;24;n166;25
271.3443842279853	I	n166;25
281.86281336619095	S	n157;22;n181;26;n182;27
293.02128308912535	T	n98;21;n98;28;n155;29
297.3759122122873	E	n182;27
297.82959460464184	E	n98;28
300.66408360617874	S	n165;24;n217;30;n218;31
301.39480262224913	S	n217;30;n219;32;n220;33
302.77518792485097	S	n155;29;n221;34;n222;35
304.20582970151764	C	n220;33
309.22719658015154	E	n220;33
313.20921954296705	I	n218;31
314.3193370741534	E	n222;35
319.17962394760536	L	n219;32
322.07274733137086	C	n181;26
325.62016585225894	E	n166;25
326.9191915703628	E	n181;26
327.1046107185982	E	n218;31
331.6933454148605	I	n221;34
368.33285918754166	F	n221;34
