TIME	EVENT	NODES
64.59621932417667	O	n59
66.16349590969867	S	n59;1;n65;2;n66;3
74.19416921847301	I	n65;2
77.10875772238327	E	n65;2
85.35531950007136	S	n66;3;n89;4;n90;5
85.49236502381507	S	n89;4;n91;6;n92;7
88.19190326995682	L	n90;5
89.73671999376613	I	n92;7
90.49422440237502	S	n92;7;n99;8;n100;9
93.37526834861075	E	n99;8
97.31886692307799	E	n91;6
100.46981146296511	I	n100;9
101.65830150095249	E	n100;9
