TIME	EVENT	NODES
64.65485404546499	O	n53
74.41436690001827	E	n53;1
