TIME	EVENT	NODES
64.66092360699764	O	n61
64.86742531505226	S	n61;1;n63;2;n64;3
65.85414371676978	I	n64;3
67.09586517004894	E	n64;3
73.54589455358095	S	n63;2;n77;4;n78;5
76.04468060540366	E	n77;4
82.21366002911701	S	n78;5;n85;6;n86;7
83.22439320017492	S	n85;6;n87;8;n88;9
83.51947950720947	E	n88;9
85.2506342438384	I	n86;7
87.9716937356141	E	n87;8
88.6291375715646	S	n86;7;n95;10;n96;11
89.63731734236336	E	n96;11
94.91171110375579	S	n95;10;n111;12;n112;13
99.07567634232825	S	n111;12;n117;14;n118;15
103.32850253061844	E	n117;14
103.34721566402152	S	n112;13;n127;16;n128;17
107.52338020878268	I	n128;17
113.18536271364133	S	n127;16;n149;18;n150;19
114.60875141654122	S	n149;18;n159;20;n160;21
116.79865409744342	E	n128;17
116.84190744763517	S	n118;15;n173;22;n174;23
120.77047759643077	L	n160;21
120.90134015260391	E	n173;22
125.88969064041424	S	n174;23;n205;24;n206;25
126.31930175146364	I	n206;25
129.44283556805237	S	n206;25;n217;26;n218;27
130.06248543332637	E	n150;19
131.1781794776036	S	n159;20;n229;28;n230;29
133.44955388462677	D	n205;24;n205;30;n205;31
134.65113353933813	E	n205;30
134.65113353933813	E	n205;31
136.17150238763622	E	n229;28
136.24444141721895	S	n217;26;n271;32;n272;33
137.44428209975396	F	n272;33
137.44428209975396	F	n271;32
137.44428209975396	F	n230;29
137.44428209975396	F	n218;27
