TIME	EVENT	NODES
63.97361391701159	O	n59
65.13921464734916	E	n59;1
