TIME	EVENT	NODES
64.24922538960259	O	n46
64.4764211776003	E	n46;1
