TIME	EVENT	NODES
65.02547060991596	O	n47
69.3614836110607	S	n47;1;n71;2;n72;3
70.88343313549224	E	n72;3
78.41490264637783	C	n71;2
80.57463946636354	S	n71;2;n83;4;n84;5
81.6750149095745	D	n84;5;n84;6;n84;7
86.60669252253648	E	n83;4
91.78210615836441	S	n84;6;n103;8;n104;9
91.78210615836441	S	n84;7;n103;10;n104;11
93.2302364829806	T	n104;9;n104;12;n95;13
94.91171110375579	S	n95;13;n111;14;n112;15
99.07567634232825	S	n111;14;n117;16;n118;17
102.82426853750586	E	n103;8
102.82426853750586	E	n103;10
103.32850253061844	E	n117;16
103.34721566402152	S	n112;15;n127;18;n128;19
105.44036139949971	I	n104;12
105.44036139949971	I	n104;11
106.57096831231419	E	n104;11
106.57096831231419	E	n104;12
107.5720965956398	I	n118;17
113.18536271364133	S	n127;18;n149;20;n150;21
114.60875141654122	S	n149;20;n159;22;n160;23
116.79865409744342	E	n128;19
116.84190744763517	S	n118;17;n173;24;n174;25
120.90134015260391	E	n173;24
123.03330243667175	E	n160;23
125.88969064041424	S	n174;25;n205;26;n206;27
126.86618981371983	I	n205;26
129.44283556805237	S	n206;27;n217;28;n218;29
130.06248543332637	E	n150;21
131.1781794776036	S	n159;22;n229;30;n230;31
134.65113353933813	E	n205;26
136.17150238763622	E	n229;30
136.24444141721895	S	n217;28;n271;32;n272;33
137.44428209975396	F	n272;33
137.44428209975396	F	n271;32
137.44428209975396	F	n230;31
137.44428209975396	F	n218;29
