TIME	EVENT	NODES
64.36076185991091	O	n59
65.13921464734916	E	n59;1
