TIME	EVENT	NODES
64.5328252744144	O	n65
72.58640953688958	E	n65;1
