TIME	EVENT	NODES
65.25209698362585	O	n63
73.54589455358095	S	n63;1;n77;2;n78;3
76.04468060540366	E	n77;2
79.71735634957388	I	n78;3
82.21366002911701	S	n78;3;n85;4;n86;5
83.22439320017492	S	n85;4;n87;6;n88;7
83.51947950720947	E	n88;7
87.9716937356141	E	n87;6
88.6291375715646	S	n86;5;n95;8;n96;9
89.63731734236336	E	n96;9
94.91171110375579	S	n95;8;n111;10;n112;11
98.24259247056202	D	n111;10;n111;12;n111;13
99.07567634232825	S	n111;12;n117;14;n118;15
99.07567634232825	S	n111;13;n117;16;n118;17
103.32850253061844	E	n117;14
103.32850253061844	E	n117;16
103.34721566402152	S	n112;11;n127;18;n128;19
107.5720965956398	I	n118;17
111.16986960958678	I	n118;15
113.18536271364133	S	n127;18;n149;20;n150;21
114.60875141654122	S	n149;20;n159;22;n160;23
116.58633338575909	I	n118;15
116.79865409744342	E	n128;19
116.84190744763517	S	n118;15;n173;24;n174;25
116.84190744763517	S	n118;17;n173;26;n174;27
116.99581831022076	I	n174;25
119.42957269850282	I	n173;26
120.90134015260391	E	n173;24
120.90134015260391	E	n173;26
123.03330243667175	E	n160;23
125.88969064041424	S	n174;25;n205;28;n206;29
125.88969064041424	S	n174;27;n205;30;n206;31
126.46752247392664	C	n205;28
129.44283556805237	S	n206;29;n217;32;n218;33
129.44283556805237	S	n206;31;n217;34;n218;35
129.49847368136182	I	n205;28
130.06248543332637	E	n150;21
131.1781794776036	S	n159;22;n229;36;n230;37
133.66598923104465	I	n217;34
134.65113353933813	E	n205;30
134.65113353933813	E	n205;28
136.17150238763622	E	n229;36
136.24444141721895	S	n217;32;n271;38;n272;39
136.24444141721895	S	n217;34;n271;40;n272;41
137.28543503870534	I	n271;38
137.44428209975396	F	n272;39
137.44428209975396	F	n272;41
137.44428209975396	F	n271;38
137.44428209975396	F	n271;40
137.44428209975396	F	n230;37
137.44428209975396	F	n218;33
137.44428209975396	F	n218;35
