TIME	EVENT	NODES
111.07357181026471	O	n18
111.66586617081315	S	n18;1;n21;2;n22;3
126.59857169565785	I	n22;3
131.05163357451565	E	n21;2
135.17038859798308	I	n22;3
137.33366044182898	S	n22;3;n25;4;n26;5
142.7155834077547	E	n25;4
145.24052622662336	C	n26;5
149.3238145096331	S	n26;5;n29;6;n30;7
149.93833247095094	C	n30;7
150.59684320495808	I	n30;7
150.84222171296392	E	n30;7
172.0421871252753	C	n29;6
189.94380589978923	I	n29;6
197.98692400903366	I	n29;6
208.5003934813853	C	n29;6
224.34369207996875	S	n29;6;n91;8;n92;9
227.54637249049256	E	n91;8
251.1517682979901	S	n92;9;n127;10;n128;11
251.5390235914055	E	n128;11
252.87678478256842	E	n127;10
