TIME	EVENT	NODES
64.61392324775709	O	n72
65.1602009480692	S	n72;1;n75;2;n76;3
65.4414507242948	E	n75;2
80.89521667799767	S	n76;3;n123;4;n124;5
81.28799258893893	E	n123;4
83.40073651847399	L	n124;5
