TIME	EVENT	NODES
65.46065928886442	O	n53
74.41436690001827	E	n53;1
