TIME	EVENT	NODES
111.58654699826855	O	n20
148.9849759202454	S	n20;1;n27;2;n28;3
153.15396712937255	S	n28;3;n35;4;n36;5
158.83323720120427	I	n35;4
166.54278869017284	E	n27;2
168.98360319176706	S	n36;5;n43;6;n44;7
170.74431018111153	S	n43;6;n45;8;n46;9
172.7134354678535	S	n35;4;n51;10;n52;11
176.05986152555232	C	n46;9
177.51846234063663	E	n45;8
183.9954353617182	I	n51;10
184.38473418243225	S	n51;10;n57;12;n58;13
187.68489901940544	E	n46;9
189.4429084824666	S	n44;7;n63;14;n64;15
190.1586785235973	I	n52;11
190.420680914535	I	n63;14
194.90484768883792	I	n63;14
195.81562732113593	E	n58;13
199.3404950915714	E	n57;12
200.7438953643164	I	n64;15
208.49154118101123	I	n52;11
217.10122037003637	S	n63;14;n87;16;n88;17
224.42074098395472	S	n87;16;n93;18;n94;19
226.92897161409275	I	n94;19
227.7086322008703	S	n52;11;n97;20;n98;21
232.2598634713699	E	n94;19
232.8439288366906	E	n88;17
242.92925463480364	I	n64;15
248.3801940543695	I	n93;18
248.88117897606477	E	n64;15
249.03530572249304	S	n97;20;n123;22;n124;23
254.59397657947247	S	n123;22;n139;24;n140;25
255.08922900163986	E	n139;24
256.64231642783636	I	n98;21
258.8150958922131	S	n124;23;n149;26;n150;27
263.1946935408616	S	n93;18;n157;28;n158;29
270.3484425852265	I	n150;27
270.5271788092364	C	n157;28
271.0359830191678	S	n158;29;n165;30;n166;31
275.2928614199922	I	n140;25
275.3394929136777	E	n140;25
281.86281336619095	S	n157;28;n181;32;n182;33
289.16687618832964	I	n149;26
289.33812268678196	C	n165;30
293.4401227103343	E	n150;27
297.3759122122873	E	n182;33
297.82959460464184	E	n98;21
300.66408360617874	S	n165;30;n217;34;n218;35
301.39480262224913	S	n217;34;n219;36;n220;37
309.22719658015154	E	n220;37
309.4111212299015	L	n166;31
313.2735372024965	E	n149;26
322.23550031039156	S	n219;36;n243;38;n244;39
323.93561435475084	I	n218;35
324.1292764634471	I	n218;35
326.9191915703628	E	n181;32
327.1046107185982	E	n218;35
336.27194991669535	S	n243;38;n265;40;n266;41
337.9466629699342	E	n266;41
357.83898267386695	E	n265;40
368.33285918754166	F	n244;39
