TIME	EVENT	NODES
65.50796262539288	O	n57
66.2736100429329	E	n57;1
