TIME	EVENT	NODES
64.9148319299087	O	n57
65.84614554953704	E	n57;1
