TIME	EVENT	NODES
65.1070688766811	O	n65
72.58640953688958	E	n65;1
