TIME	EVENT	NODES
65.11934853290674	O	n55
73.38248541326426	C	n55;1
75.18396773406573	S	n55;1;n103;2;n104;3
76.76269344293296	E	n103;2
81.50267712156104	E	n104;3
