TIME	EVENT	NODES
112.32991631072618	O	n20
148.9849759202454	S	n20;1;n27;2;n28;3
153.15396712937255	S	n28;3;n35;4;n36;5
158.83323720120427	I	n35;4
166.54278869017284	E	n27;2
168.98360319176706	S	n36;5;n43;6;n44;7
170.74431018111153	S	n43;6;n45;8;n46;9
172.7134354678535	S	n35;4;n51;10;n52;11
177.51846234063663	E	n45;8
180.0491220972335	L	n46;9
183.9954353617182	I	n51;10
184.38473418243225	S	n51;10;n57;12;n58;13
188.58264070546855	I	n44;7
189.4429084824666	S	n44;7;n63;14;n64;15
190.420680914535	I	n63;14
195.81562732113593	E	n58;13
199.3404950915714	E	n57;12
208.49154118101123	I	n52;11
217.10122037003637	S	n63;14;n87;16;n88;17
218.91080382826158	I	n87;16
224.42074098395472	S	n87;16;n93;18;n94;19
227.7086322008703	S	n52;11;n97;20;n98;21
232.2598634713699	E	n94;19
232.8439288366906	E	n88;17
234.5844848235441	I	n64;15
240.5112396898623	I	n64;15
242.04051654038486	I	n64;15
248.88117897606477	E	n64;15
249.03530572249304	S	n97;20;n123;22;n124;23
254.59397657947247	S	n123;22;n139;24;n140;25
255.08922900163986	E	n139;24
256.64231642783636	I	n98;21
258.8150958922131	S	n124;23;n149;26;n150;27
263.1946935408616	S	n93;18;n157;28;n158;29
270.3484425852265	I	n150;27
271.0359830191678	S	n158;29;n165;30;n166;31
271.3443842279853	I	n166;31
271.6397338119206	C	n140;25
273.1422561391772	I	n98;21
274.1250014823083	I	n98;21
275.3394929136777	E	n140;25
281.1601347597832	I	n98;21
281.86281336619095	S	n157;28;n181;32;n182;33
289.16687618832964	I	n149;26
291.4592829737655	I	n149;26
293.4401227103343	E	n150;27
297.3759122122873	E	n182;33
297.82959460464184	E	n98;21
300.66408360617874	S	n165;30;n217;34;n218;35
301.39480262224913	S	n217;34;n219;36;n220;37
302.67345615312456	I	n149;26
304.20582970151764	C	n220;37
309.22719658015154	E	n220;37
313.20921954296705	I	n218;35
313.2735372024965	E	n149;26
319.52742877243173	L	n181;32
322.23550031039156	S	n219;36;n243;38;n244;39
325.62016585225894	E	n166;31
327.1046107185982	E	n218;35
328.08421134239114	I	n243;38
336.27194991669535	S	n243;38;n265;40;n266;41
337.9466629699342	E	n266;41
357.83898267386695	E	n265;40
368.33285918754166	F	n244;39
