TIME	EVENT	NODES
65.18277193717627	O	n75
65.4414507242948	E	n75;1
