TIME	EVENT	NODES
112.3385973817491	O	n19
154.45672103637358	I	n19;1
163.1291166156951	I	n19;1
171.2809686135886	S	n19;1;n47;2;n48;3
181.45309548950425	I	n47;2
193.50558300223582	L	n47;2
270.50846597342445	E	n48;3
