TIME	EVENT	NODES
66.19316049098298	O	n66
69.44119649039294	I	n66;1
76.95756958587859	I	n66;1
85.35531950007136	S	n66;1;n89;2;n90;3
85.49236502381507	S	n89;2;n91;4;n92;5
88.61906392259421	I	n92;5
89.22116962068031	I	n92;5
90.49422440237502	S	n92;5;n99;6;n100;7
93.37526834861075	E	n99;6
97.31886692307799	E	n91;4
101.65830150095249	E	n100;7
111.11982330004851	S	n90;3;n141;8;n142;9
113.05043982879775	S	n141;8;n147;10;n148;11
120.73658318917201	S	n147;10;n177;12;n178;13
121.94033774569849	S	n177;12;n187;14;n188;15
122.96089664221213	S	n187;14;n191;16;n192;17
126.02587607460606	S	n192;17;n207;18;n208;19
126.50816597036469	T	n142;9;n142;20;n180;21
126.7918523131126	S	n180;21;n209;22;n210;23
128.0705698243647	S	n207;18;n213;24;n214;25
129.12181086451562	I	n208;19
129.26832954659912	S	n188;15;n215;26;n216;27
129.4683850439205	I	n216;27
129.97651367823465	S	n142;20;n221;28;n222;29
130.09222203709768	S	n213;24;n223;30;n224;31
130.3478450618157	S	n224;31;n225;32;n226;33
130.50652094382883	D	n208;19;n208;34;n208;35
130.79527631442593	E	n222;29
131.11070081786738	E	n191;16
131.12736847383428	E	n178;13
131.59642289544732	S	n215;26;n233;36;n234;37
131.88001934573893	I	n216;27
132.25890650819693	E	n223;30
132.3401028583617	S	n233;36;n235;38;n236;39
132.75998679969956	S	n236;39;n241;40;n242;41
133.68463181083166	S	n225;32;n245;42;n246;43
133.9195906530183	E	n214;25
134.01809809279308	E	n226;33
134.11183794022722	S	n209;22;n249;44;n250;45
135.26511937963505	E	n245;42
136.68454484758092	T	n234;37;n234;46;n270;47
137.09550397746995	C	n246;43
137.13164605031997	E	n234;46
137.4181928277078	S	n250;45;n279;48;n280;49
137.44428209975396	F	n270;47
137.44428209975396	F	n279;48
137.44428209975396	F	n242;41
137.44428209975396	F	n235;38
137.44428209975396	F	n216;27
137.44428209975396	F	n208;34
137.44428209975396	F	n208;35
137.44428209975396	F	n210;23
137.44428209975396	F	n221;28
137.44428209975396	F	n280;49
137.44428209975396	F	n241;40
137.44428209975396	F	n249;44
137.44428209975396	F	n148;11
137.44428209975396	F	n246;43
