TIME	EVENT	NODES
112.42571598433715	O	n21
124.16233324011957	L	n21;1
