TIME	EVENT	NODES
65.36107500758698	O	n75
65.4414507242948	E	n75;1
