TIME	EVENT	NODES
112.68727656166455	O	n19
150.26580604559422	I	n19;1
154.86701890121833	L	n19;1
