TIME	EVENT	NODES
66.6273538619866	O	n65
77.10875772238327	E	n65;1
