TIME	EVENT	NODES
66.65514578965944	O	n65
77.10875772238327	E	n65;1
