TIME	EVENT	NODES
66.72332993231039	O	n53
74.41436690001827	E	n53;1
