TIME	EVENT	NODES
66.81394580519151	O	n53
74.41436690001827	E	n53;1
