TIME	EVENT	NODES
65.47066483333195	O	n65
72.58640953688958	E	n65;1
