TIME	EVENT	NODES
66.88426563296854	O	n65
77.10875772238327	E	n65;1
