TIME	EVENT	NODES
65.56995239499373	O	n70
78.35351366847215	E	n70;1
