TIME	EVENT	NODES
67.21722458183123	O	n66
85.35531950007136	S	n66;1;n89;2;n90;3
85.49236502381507	S	n89;2;n91;4;n92;5
88.6051383564946	I	n92;5
90.49422440237502	S	n92;5;n99;6;n100;7
93.37526834861075	E	n99;6
97.31886692307799	E	n91;4
101.65830150095249	E	n100;7
111.11982330004851	S	n90;3;n141;8;n142;9
113.05043982879775	S	n141;8;n147;10;n148;11
120.73658318917201	S	n147;10;n177;12;n178;13
121.94033774569849	S	n177;12;n187;14;n188;15
122.96089664221213	S	n187;14;n191;16;n192;17
126.02587607460606	S	n192;17;n207;18;n208;19
127.54441549966229	I	n178;13
128.0705698243647	S	n207;18;n213;20;n214;21
129.01926562898956	I	n191;16
129.26832954659912	S	n188;15;n215;22;n216;23
129.97651367823465	S	n142;9;n221;24;n222;25
130.09222203709768	S	n213;20;n223;26;n224;27
130.3478450618157	S	n224;27;n225;28;n226;29
130.79527631442593	E	n222;25
131.11070081786738	E	n191;16
131.12736847383428	E	n178;13
131.59642289544732	S	n215;22;n233;30;n234;31
132.25890650819693	E	n223;26
132.3401028583617	S	n233;30;n235;32;n236;33
132.75998679969956	S	n236;33;n241;34;n242;35
133.66597876976454	I	n226;29
133.68463181083166	S	n225;28;n245;36;n246;37
133.9195906530183	E	n214;21
134.01809809279308	E	n226;29
134.31346870437164	C	n246;37
135.26511937963505	E	n245;36
137.13164605031997	E	n234;31
137.44428209975396	F	n242;35
137.44428209975396	F	n235;32
137.44428209975396	F	n216;23
137.44428209975396	F	n208;19
137.44428209975396	F	n221;24
137.44428209975396	F	n241;34
137.44428209975396	F	n148;11
137.44428209975396	F	n246;37
