TIME	EVENT	NODES
65.6874471376921	O	n70
75.61879538469866	I	n70;1
78.35351366847215	E	n70;1
