TIME	EVENT	NODES
67.22257030038428	O	n68
69.60989828333398	S	n68;1;n75;2;n76;3
72.68336834045725	E	n75;2
74.2145407938895	E	n76;3
