TIME	EVENT	NODES
113.97001925941139	O	n21
131.05163357451565	E	n21;1
