TIME	EVENT	NODES
67.42228577859326	O	n47
69.3614836110607	S	n47;1;n71;2;n72;3
70.88343313549224	E	n72;3
80.57463946636354	S	n71;2;n83;4;n84;5
83.36154141654652	I	n83;4
86.60669252253648	E	n83;4
91.78210615836441	S	n84;5;n103;6;n104;7
101.95642972344521	I	n104;7
102.82426853750586	E	n103;6
106.57096831231419	E	n104;7
