TIME	EVENT	NODES
114.49946207639182	O	n22
137.33366044182898	S	n22;1;n25;2;n26;3
140.36698863633117	I	n25;2
141.19262542344254	I	n25;2
142.7155834077547	E	n25;2
149.3238145096331	S	n26;3;n29;4;n30;5
150.84222171296392	E	n30;5
224.34369207996875	S	n29;4;n91;6;n92;7
227.54637249049256	E	n91;6
251.05729157972456	T	n92;7;n92;8;n122;9
251.1517682979901	S	n92;8;n127;10;n128;11
251.5390235914055	E	n128;11
252.87678478256842	E	n127;10
273.5864034493894	E	n122;9
