TIME	EVENT	NODES
65.94115454477361	O	n55
66.69716475248913	T	n55;1;n55;2;n61;3
67.79713360797955	S	n61;3;n81;4;n82;5
69.708668487013	E	n81;4
73.06969448986186	S	n82;5;n95;6;n96;7
74.75708131456398	E	n95;6
75.18396773406573	S	n55;2;n103;8;n104;9
76.76269344293296	E	n103;8
77.82875716052023	E	n96;7
81.50267712156104	E	n104;9
