TIME	EVENT	NODES
66.01448661633192	O	n78
80.3895646593219	E	n78;1
