TIME	EVENT	NODES
66.1810336131597	O	n64
69.50333777943767	E	n64;1
