TIME	EVENT	NODES
68.246156418161	O	n63
73.54589455358095	S	n63;1;n77;2;n78;3
76.04468060540366	E	n77;2
82.21366002911701	S	n78;3;n85;4;n86;5
83.22439320017492	S	n85;4;n87;6;n88;7
83.51947950720947	E	n88;7
87.9716937356141	E	n87;6
88.6291375715646	S	n86;5;n95;8;n96;9
89.63731734236336	E	n96;9
94.91171110375579	S	n95;8;n111;10;n112;11
99.07567634232825	S	n111;10;n117;12;n118;13
103.32850253061844	E	n117;12
103.34721566402152	S	n112;11;n127;14;n128;15
113.18536271364133	S	n127;14;n149;16;n150;17
114.60875141654122	S	n149;16;n159;18;n160;19
116.19482559438354	C	n160;19
116.79865409744342	E	n128;15
116.84190744763517	S	n118;13;n173;20;n174;21
119.73459517049255	I	n150;17
120.90134015260391	E	n173;20
123.03330243667175	E	n160;19
123.5050664766232	L	n174;21
130.06248543332637	E	n150;17
131.1781794776036	S	n159;18;n229;22;n230;23
136.17150238763622	E	n229;22
137.44428209975396	F	n230;23
