TIME	EVENT	NODES
116.03561763746012	O	n22
118.8631485132112	I	n22;1
124.33424371318216	I	n22;1
137.33366044182898	S	n22;1;n25;2;n26;3
141.19262542344254	I	n25;2
142.7155834077547	E	n25;2
149.3238145096331	S	n26;3;n29;4;n30;5
150.84222171296392	E	n30;5
209.38148806525146	C	n29;4
224.34369207996875	S	n29;4;n91;6;n92;7
227.54637249049256	E	n91;6
250.45249878385894	L	n92;7
