TIME	EVENT	NODES
66.24783226913996	O	n70
78.35351366847215	E	n70;1
