TIME	EVENT	NODES
68.33929557900727	O	n65
77.10875772238327	E	n65;1
