TIME	EVENT	NODES
116.3854160335754	O	n20
136.59211179156358	I	n20;1
148.9849759202454	S	n20;1;n27;2;n28;3
153.15396712937255	S	n28;3;n35;4;n36;5
164.76146222626792	I	n27;2
166.54278869017284	E	n27;2
168.98360319176706	S	n36;5;n43;6;n44;7
170.74431018111153	S	n43;6;n45;8;n46;9
172.08141676949586	I	n45;8
172.10011832696856	I	n45;8
172.7134354678535	S	n35;4;n51;10;n52;11
177.51846234063663	E	n45;8
184.38473418243225	S	n51;10;n57;12;n58;13
187.68489901940544	E	n46;9
188.25469840617143	L	n44;7
195.81562732113593	E	n58;13
199.3404950915714	E	n57;12
201.94764088942247	I	n52;11
216.03311538845702	I	n52;11
227.7086322008703	S	n52;11;n97;14;n98;15
242.65770202322346	I	n98;15
249.03530572249304	S	n97;14;n123;16;n124;17
254.59397657947247	S	n123;16;n139;18;n140;19
255.08922900163986	E	n139;18
258.8150958922131	S	n124;17;n149;20;n150;21
268.0811275318318	I	n98;15
275.3394929136777	E	n140;19
293.4401227103343	E	n150;21
297.82959460464184	E	n98;15
310.90400275168736	I	n149;20
313.2735372024965	E	n149;20
