TIME	EVENT	NODES
68.50119310913428	O	n47
69.3614836110607	S	n47;1;n71;2;n72;3
70.88343313549224	E	n72;3
80.57463946636354	S	n71;2;n83;4;n84;5
83.0264510164392	L	n84;5
86.60669252253648	E	n83;4
