TIME	EVENT	NODES
116.43985476595675	O	n7
140.86101490034267	I	n7;1
152.63308264867726	S	n7;1;n33;2;n34;3
162.77617771303431	S	n34;3;n37;4;n38;5
164.0650225736182	E	n38;5
165.2249719103747	E	n33;2
181.0849768321362	I	n37;4
182.23416016542228	T	n37;4;n37;6;n53;7
182.75231111826957	L	n37;6
206.23834286266415	I	n53;7
226.86452868796613	S	n53;7;n95;8;n96;9
233.55443944646427	S	n96;9;n105;10;n106;11
233.74089599183685	C	n106;11
235.66254731222156	I	n95;8
247.89276809742267	S	n106;11;n121;12;n122;13
261.6291738439399	E	n121;12
271.5541373875477	S	n95;8;n167;14;n168;15
273.5864034493894	E	n122;13
278.37777927242377	S	n168;15;n179;16;n180;17
278.6214938342557	E	n167;14
281.23791238251084	I	n180;17
282.56958360049487	E	n179;16
287.2898658895813	E	n105;10
292.321064504694	E	n180;17
