TIME	EVENT	NODES
116.76193404063201	O	n20
136.70366031863946	I	n20;1
148.9849759202454	S	n20;1;n27;2;n28;3
153.15396712937255	S	n28;3;n35;4;n36;5
160.4412742129099	I	n35;4
166.54278869017284	E	n27;2
168.98360319176706	S	n36;5;n43;6;n44;7
170.74431018111153	S	n43;6;n45;8;n46;9
171.12160575011828	I	n45;8
172.7134354678535	S	n35;4;n51;10;n52;11
176.1440241395888	I	n51;10
177.51846234063663	E	n45;8
184.38473418243225	S	n51;10;n57;12;n58;13
186.8621502089486	I	n52;11
187.68489901940544	E	n46;9
189.4429084824666	S	n44;7;n63;14;n64;15
195.81562732113593	E	n58;13
199.3404950915714	E	n57;12
209.3174835058464	I	n64;15
211.13895302941876	I	n64;15
217.10122037003637	S	n63;14;n87;16;n88;17
224.42074098395472	S	n87;16;n93;18;n94;19
227.7086322008703	S	n52;11;n97;20;n98;21
232.09505500922094	I	n97;20
232.2598634713699	E	n94;19
232.8439288366906	E	n88;17
237.40170014493938	I	n98;21
240.3331960884654	I	n97;20
242.52370810278444	I	n97;20
248.88117897606477	E	n64;15
249.03530572249304	S	n97;20;n123;22;n124;23
254.59397657947247	S	n123;22;n139;24;n140;25
255.08922900163986	E	n139;24
258.8150958922131	S	n124;23;n149;26;n150;27
263.1946935408616	S	n93;18;n157;28;n158;29
269.77172764422386	I	n140;25
271.0359830191678	S	n158;29;n165;30;n166;31
271.35974473134615	L	n166;31
274.39223225119804	L	n150;27
275.3394929136777	E	n140;25
276.7970271419421	I	n149;26
281.12768131578406	I	n165;30
281.86281336619095	S	n157;28;n181;32;n182;33
286.5116020830271	I	n149;26
287.7431072865575	I	n165;30
288.5250899997014	I	n182;33
289.7634357208833	I	n98;21
297.3759122122873	E	n182;33
297.82959460464184	E	n98;21
300.5913850848401	L	n165;30
313.2735372024965	E	n149;26
326.9191915703628	E	n181;32
