TIME	EVENT	NODES
116.80737157134922	O	n20
148.9849759202454	S	n20;1;n27;2;n28;3
153.15396712937255	S	n28;3;n35;4;n36;5
160.4412742129099	I	n35;4
166.54278869017284	E	n27;2
168.98360319176706	S	n36;5;n43;6;n44;7
170.72068407414488	I	n35;4
170.74431018111153	S	n43;6;n45;8;n46;9
172.7134354678535	S	n35;4;n51;10;n52;11
174.31300515140396	I	n45;8
174.62005320974504	C	n45;8
177.51846234063663	E	n45;8
182.00132855655036	C	n46;9
184.38473418243225	S	n51;10;n57;12;n58;13
187.68489901940544	E	n46;9
189.4429084824666	S	n44;7;n63;14;n64;15
191.19645349679053	I	n58;13
192.88604860011444	I	n64;15
195.7313166999956	I	n57;12
195.81562732113593	E	n58;13
199.3404950915714	E	n57;12
202.04678109885788	I	n63;14
211.0540133269368	I	n52;11
217.10122037003637	S	n63;14;n87;16;n88;17
218.91080382826158	I	n87;16
219.24898637001473	I	n64;15
224.42074098395472	S	n87;16;n93;18;n94;19
226.76304026258958	I	n64;15
226.86584717747937	L	n93;18
227.7086322008703	S	n52;11;n97;20;n98;21
229.50184384948278	I	n64;15
232.09505500922094	I	n97;20
232.2598634713699	E	n94;19
232.8439288366906	E	n88;17
248.88117897606477	E	n64;15
249.03530572249304	S	n97;20;n123;22;n124;23
254.59397657947247	S	n123;22;n139;24;n140;25
255.08922900163986	E	n139;24
258.8150958922131	S	n124;23;n149;26;n150;27
273.39914700703105	I	n98;21
275.3394929136777	E	n140;25
291.4592829737655	I	n149;26
293.4401227103343	E	n150;27
297.82959460464184	E	n98;21
313.2735372024965	E	n149;26
