TIME	EVENT	NODES
69.14544271269845	O	n55
71.89828452143536	E	n55;1
