TIME	EVENT	NODES
66.6305118299603	O	n78
75.66068580409699	C	n78;1
80.3895646593219	E	n78;1
