TIME	EVENT	NODES
66.78393456574526	O	n68
86.64549986121668	E	n68;1
