TIME	EVENT	NODES
69.40115525805909	O	n72
70.88343313549224	E	n72;1
