TIME	EVENT	NODES
69.40346564466765	O	n69
78.6659624246735	T	n69;1;n69;2;n81;3
79.84261502436117	E	n81;3
94.44886266487701	S	n69;2;n107;4;n108;5
94.63460892869011	S	n107;4;n109;6;n110;7
94.9559992561096	S	n108;5;n113;8;n114;9
95.0270639919449	I	n113;8
95.38501757326547	E	n113;8
95.54954112669942	E	n110;7
99.20531432363919	E	n109;6
99.8906396465015	E	n114;9
