TIME	EVENT	NODES
69.43497872654522	O	n71
78.41490264637783	C	n71;1
80.57463946636354	S	n71;1;n83;2;n84;3
86.60669252253648	E	n83;2
91.78210615836441	S	n84;3;n103;4;n104;5
94.26373460857076	I	n103;4
102.82426853750586	E	n103;4
105.44036139949971	I	n104;5
106.57096831231419	E	n104;5
