TIME	EVENT	NODES
66.8170039020514	O	n70
78.35351366847215	E	n70;1
