TIME	EVENT	NODES
117.45948969953088	O	n19
171.2809686135886	S	n19;1;n47;2;n48;3
181.22231235195414	L	n48;3
196.97511416203977	S	n47;2;n69;4;n70;5
201.70814135011918	I	n69;4
205.25455400940166	S	n69;4;n73;6;n74;7
208.19839410567633	S	n74;7;n77;8;n78;9
212.0814811151844	S	n73;6;n81;10;n82;11
213.92416399752832	I	n81;10
215.14871406652787	I	n81;10
215.19426714998926	S	n82;11;n85;12;n86;13
221.8199570533438	I	n78;9
222.8427240995953	I	n81;10
224.01115539674345	E	n81;10
226.08451416191318	E	n77;8
226.3022639445042	E	n78;9
229.79413206743286	S	n85;12;n101;14;n102;15
230.22500167846212	E	n101;14
245.85340359938476	E	n86;13
253.10530453682208	S	n102;15;n133;16;n134;17
254.85733682858677	S	n134;17;n143;18;n144;19
256.74972332501403	S	n70;5;n145;20;n146;21
264.4328115824146	C	n133;16
266.3888549497596	L	n133;16
273.8076208356327	I	n145;20
274.68520477779253	E	n143;18
275.0960935428681	S	n146;21;n169;22;n170;23
275.8505257194636	S	n145;20;n173;24;n174;25
276.551795131478	S	n144;19;n175;26;n176;27
276.778106847264	S	n169;22;n177;28;n178;29
279.72895304510666	I	n174;25
281.3733842262796	I	n177;28
285.76396366295205	E	n176;27
289.18778761546133	I	n174;25
289.7660671719976	S	n177;28;n191;30;n192;31
291.22778920420524	L	n173;24
292.56408620681617	S	n191;30;n197;32;n198;33
295.7101501024865	E	n178;29
296.4430408222861	E	n175;26
297.88510067996623	E	n197;32
304.80442308789316	I	n170;23
306.8281819322807	I	n198;33
309.21205838172443	S	n198;33;n231;34;n232;35
316.27600896896894	E	n192;31
316.64521563171144	E	n174;25
317.0030567500698	I	n231;34
317.30612004847615	S	n232;35;n239;36;n240;37
317.67829771403643	I	n231;34
321.4339926630987	I	n170;23
322.47159510758735	I	n170;23
335.14844581859495	S	n231;34;n259;38;n260;39
340.85363946071874	I	n259;38
348.6720819320871	E	n240;37
348.7564267084988	E	n259;38
359.1879823928691	I	n260;39
365.3354294195512	E	n260;39
365.6675909654996	S	n239;36;n327;40;n328;41
368.33285918754166	F	n327;40
368.33285918754166	F	n328;41
368.33285918754166	F	n170;23
