TIME	EVENT	NODES
117.53884240690772	O	n21
131.05163357451565	E	n21;1
