TIME	EVENT	NODES
67.02082558121016	O	n68
86.64549986121668	E	n68;1
