TIME	EVENT	NODES
67.10033000184087	O	n55
67.84039781594223	T	n55;1;n55;2;n63;3
75.18396773406573	S	n55;2;n103;4;n104;5
76.76269344293296	E	n103;4
77.87291920469795	S	n63;3;n111;6;n112;7
80.13789888595848	S	n112;7;n121;8;n122;9
81.50267712156104	E	n104;5
83.53873395588235	I	n122;9
84.02661955226591	S	n122;9;n129;10;n130;11
85.15885409988496	I	n130;11
86.0006184609162	E	n121;8
86.51037182362073	S	n111;6;n147;12;n148;13
89.53953138554083	S	n147;12;n163;14;n164;15
91.12710587207293	S	n129;10;n171;16;n172;17
91.44039855751173	S	n164;15;n177;18;n178;19
91.9252527843899	S	n148;13;n183;20;n184;21
93.02752733690477	I	n171;16
93.34880801811472	E	n183;20
93.40783796646144	S	n130;11;n189;22;n190;23
93.64609162057884	E	n178;19
96.77409377030416	E	n190;23
100.61091691856613	E	n171;16
102.58874847283909	E	n189;22
106.02298060458065	E	n172;17
113.67792209817063	I	n177;18
113.87454725824603	T	n163;14;n163;24;n287;25
114.18324510306947	S	n184;21;n303;26;n304;27
114.41278485366259	S	n163;24;n305;28;n306;29
115.34027545951476	I	n306;29
116.4438118421558	E	n287;25
117.58697504019528	I	n306;29
118.21581233262908	S	n177;18;n327;30;n328;31
118.26466469545224	S	n328;31;n329;32;n330;33
119.30590668260064	E	n303;26
119.93146279771446	S	n304;27;n339;34;n340;35
120.54359966753742	I	n327;30
120.84841452741539	I	n340;35
121.7585378305599	S	n330;33;n353;36;n354;37
121.85255750893415	S	n339;34;n357;38;n358;39
122.20096298192965	F	n327;30
122.20096298192965	F	n357;38
122.20096298192965	F	n329;32
122.20096298192965	F	n358;39
122.20096298192965	F	n306;29
122.20096298192965	F	n340;35
122.20096298192965	F	n354;37
122.20096298192965	F	n353;36
122.20096298192965	F	n305;28
