TIME	EVENT	NODES
117.74164051673637	O	n21
125.85051229964792	D	n21;1;n21;2;n21;3
131.05163357451565	E	n21;2
131.05163357451565	E	n21;3
