TIME	EVENT	NODES
69.8697983798715	O	n72
70.88343313549224	E	n72;1
