TIME	EVENT	NODES
67.19669639610723	O	n63
75.25425761489372	I	n63;1
77.62409533919063	I	n63;1
77.87291920469795	S	n63;1;n111;2;n112;3
79.38334484582595	L	n112;3
79.6274454961691	I	n111;2
86.51037182362073	S	n111;2;n147;4;n148;5
89.53953138554083	S	n147;4;n163;6;n164;7
91.44039855751173	S	n164;7;n177;8;n178;9
91.9252527843899	S	n148;5;n183;10;n184;11
93.34880801811472	E	n183;10
93.64609162057884	E	n178;9
98.6594907445444	I	n163;6
105.91557359084511	I	n177;8
114.18324510306947	S	n184;11;n303;12;n304;13
114.41278485366259	S	n163;6;n305;14;n306;15
115.64503547387919	I	n304;13
118.21581233262908	S	n177;8;n327;16;n328;17
118.26466469545224	S	n328;17;n329;18;n330;19
119.30590668260064	E	n303;12
119.93146279771446	S	n304;13;n339;20;n340;21
121.05754188282745	I	n306;15
121.7585378305599	S	n330;19;n353;22;n354;23
121.85255750893415	S	n339;20;n357;24;n358;25
122.20096298192965	F	n327;16
122.20096298192965	F	n357;24
122.20096298192965	F	n329;18
122.20096298192965	F	n358;25
122.20096298192965	F	n306;15
122.20096298192965	F	n340;21
122.20096298192965	F	n354;23
122.20096298192965	F	n353;22
122.20096298192965	F	n305;14
