TIME	EVENT	NODES
70.02530664090781	O	n72
70.88343313549224	E	n72;1
