TIME	EVENT	NODES
70.1042505754135	O	n65
77.10875772238327	E	n65;1
