TIME	EVENT	NODES
118.23217474764024	O	n21
131.05163357451565	E	n21;1
