TIME	EVENT	NODES
70.18915295744378	O	n66
81.08624278545187	C	n66;1
85.35531950007136	S	n66;1;n89;2;n90;3
85.49236502381507	S	n89;2;n91;4;n92;5
90.49422440237502	S	n92;5;n99;6;n100;7
93.37526834861075	E	n99;6
97.31886692307799	E	n91;4
100.46981146296511	I	n100;7
101.65830150095249	E	n100;7
105.8555201523727	I	n90;3
111.11982330004851	S	n90;3;n141;8;n142;9
113.05043982879775	S	n141;8;n147;10;n148;11
120.73658318917201	S	n147;10;n177;12;n178;13
121.94033774569849	S	n177;12;n187;14;n188;15
122.96089664221213	S	n187;14;n191;16;n192;17
126.02587607460606	S	n192;17;n207;18;n208;19
126.4205652515957	D	n188;15;n188;20;n188;21
128.0161293898689	I	n148;11
128.0705698243647	S	n207;18;n213;22;n214;23
129.01926562898956	I	n191;16
129.26832954659912	S	n188;20;n215;24;n216;25
129.26832954659912	S	n188;21;n215;26;n216;27
129.97651367823465	S	n142;9;n221;28;n222;29
130.09222203709768	S	n213;22;n223;30;n224;31
130.3478450618157	S	n224;31;n225;32;n226;33
130.79527631442593	E	n222;29
130.924012238716	I	n226;33
131.11070081786738	E	n191;16
131.12736847383428	E	n178;13
131.59642289544732	S	n215;24;n233;34;n234;35
131.59642289544732	S	n215;26;n233;36;n234;37
132.25890650819693	E	n223;30
132.3401028583617	S	n233;34;n235;38;n236;39
132.3401028583617	S	n233;36;n235;40;n236;41
132.75998679969956	S	n236;39;n241;42;n242;43
132.75998679969956	S	n236;41;n241;44;n242;45
133.68463181083166	S	n225;32;n245;46;n246;47
133.9195906530183	E	n214;23
134.01809809279308	E	n226;33
135.1063010086217	I	n246;47
135.26511937963505	E	n245;46
137.13164605031997	E	n234;35
137.13164605031997	E	n234;37
137.44428209975396	F	n242;43
137.44428209975396	F	n242;45
137.44428209975396	F	n235;38
137.44428209975396	F	n235;40
137.44428209975396	F	n216;25
137.44428209975396	F	n216;27
137.44428209975396	F	n208;19
137.44428209975396	F	n221;28
137.44428209975396	F	n241;42
137.44428209975396	F	n241;44
137.44428209975396	F	n148;11
137.44428209975396	F	n246;47
