TIME	EVENT	NODES
70.24019085211472	O	n69
94.44886266487701	S	n69;1;n107;2;n108;3
94.63460892869011	S	n107;2;n109;4;n110;5
94.9559992561096	S	n108;3;n113;6;n114;7
95.38501757326547	E	n113;6
95.54954112669942	E	n110;5
99.20531432363919	E	n109;4
99.8906396465015	E	n114;7
