TIME	EVENT	NODES
67.72998994126	O	n65
71.31192490486137	T	n65;1;n65;2;n55;3
72.58640953688958	E	n65;2
75.18396773406573	S	n55;3;n103;4;n104;5
76.76269344293296	E	n103;4
81.50267712156104	E	n104;5
