TIME	EVENT	NODES
70.25583216219223	O	n76
74.2145407938895	E	n76;1
