TIME	EVENT	NODES
70.27186928300854	O	n72
70.88343313549224	E	n72;1
