TIME	EVENT	NODES
70.32468175234254	O	n55
71.89828452143536	E	n55;1
