TIME	EVENT	NODES
67.78286147820803	O	n64
69.50333777943767	E	n64;1
