TIME	EVENT	NODES
67.80968789016369	O	n81
69.708668487013	E	n81;1
