TIME	EVENT	NODES
70.50679433381666	O	n74
71.7495778767076	L	n74;1
