TIME	EVENT	NODES
119.69693998697545	O	n21
131.05163357451565	E	n21;1
