TIME	EVENT	NODES
70.5327462762589	O	n76
74.2145407938895	E	n76;1
