TIME	EVENT	NODES
67.92967489375167	O	n77
69.36748751985498	E	n77;1
