TIME	EVENT	NODES
119.71834811323046	O	n22
137.33366044182898	S	n22;1;n25;2;n26;3
142.7155834077547	E	n25;2
149.3238145096331	S	n26;3;n29;4;n30;5
150.66371876436537	I	n30;5
150.84222171296392	E	n30;5
155.88080718264808	T	n29;4;n29;6;n33;7
165.2249719103747	E	n33;7
165.31967225440678	I	n29;6
204.50988183049628	C	n29;6
224.34369207996875	S	n29;6;n91;8;n92;9
227.54637249049256	E	n91;8
251.1517682979901	S	n92;9;n127;10;n128;11
251.5390235914055	E	n128;11
252.87678478256842	E	n127;10
