TIME	EVENT	NODES
67.96517343059045	O	n78
80.3895646593219	E	n78;1
