TIME	EVENT	NODES
70.64014208252037	O	n75
72.68336834045725	E	n75;1
