TIME	EVENT	NODES
67.96657062789242	O	n65
72.58640953688958	E	n65;1
