TIME	EVENT	NODES
67.97905714168105	O	n81
69.708668487013	E	n81;1
