TIME	EVENT	NODES
120.13020421303708	O	n22
137.33366044182898	S	n22;1;n25;2;n26;3
139.30850934921648	I	n26;3
142.7155834077547	E	n25;2
149.3238145096331	S	n26;3;n29;4;n30;5
150.84222171296392	E	n30;5
151.75991042381494	L	n29;4
