TIME	EVENT	NODES
70.73051999866226	O	n75
72.68336834045725	E	n75;1
