TIME	EVENT	NODES
70.79502651444417	O	n72
70.88343313549224	E	n72;1
