TIME	EVENT	NODES
70.83462831046468	O	n65
77.10875772238327	E	n65;1
