TIME	EVENT	NODES
68.25576118799879	O	n79
70.18294840365766	I	n79;1
73.96170390340738	S	n79;1;n97;2;n98;3
75.77909324475415	E	n98;3
85.50601592411626	E	n97;2
