TIME	EVENT	NODES
70.88122294288017	O	n71
80.57463946636354	S	n71;1;n83;2;n84;3
86.37397160733069	L	n83;2
91.78210615836441	S	n84;3;n103;4;n104;5
98.60487143472619	T	n104;5;n104;6;n109;7
99.20531432363919	E	n109;7
102.82426853750586	E	n103;4
106.57096831231419	E	n104;6
