TIME	EVENT	NODES
120.58942578694716	O	n17
127.09439606284033	S	n17;1;n23;2;n24;3
129.03147130793175	C	n24;3
150.66275099158736	L	n24;3
171.45748821204532	S	n23;2;n49;4;n50;5
176.11005676811268	S	n49;4;n55;6;n56;7
180.68423174771254	E	n50;5
188.99377288291518	S	n56;7;n61;8;n62;9
191.35598736312272	S	n62;9;n65;10;n66;11
193.03953076365707	I	n66;11
196.74632570764513	E	n66;11
212.14935991177535	E	n65;10
218.86345312666563	I	n61;8
221.4844260935815	S	n61;8;n89;12;n90;13
223.94799870781395	C	n90;13
231.2895298785254	E	n89;12
231.95007005362308	C	n90;13
238.066136604651	E	n55;6
266.0669929989755	T	n90;13;n90;14;n154;15
267.6230845290778	E	n154;15
280.88338111280893	E	n90;14
