TIME	EVENT	NODES
70.89606323986855	O	n65
77.10875772238327	E	n65;1
