TIME	EVENT	NODES
120.6905925227057	O	n7
152.63308264867726	S	n7;1;n33;2;n34;3
162.77617771303431	S	n34;3;n37;4;n38;5
164.0650225736182	E	n38;5
165.2249719103747	E	n33;2
187.1981154176181	S	n37;4;n59;6;n60;7
197.574740969038	S	n60;7;n71;8;n72;9
212.0442081720495	I	n59;6
217.11546756562876	I	n59;6
217.64652100025216	I	n71;8
221.61429069968486	C	n59;6
224.87883338170167	E	n71;8
236.01440394091688	I	n59;6
239.33049058622979	I	n59;6
251.91737397158224	S	n59;6;n131;10;n132;11
254.31869674795763	S	n72;9;n137;12;n138;13
259.73764547403067	C	n138;13
260.5574520084868	L	n131;10
262.48313050699846	S	n137;12;n155;14;n156;15
268.08312347105647	S	n138;13;n163;16;n164;17
277.8106349986983	E	n163;16
279.3689247604448	E	n164;17
280.9346084359787	E	n156;15
288.5496408940298	S	n132;11;n189;18;n190;19
293.8847744126867	I	n189;18
297.2325938618031	S	n190;19;n211;20;n212;21
302.77518792485097	S	n155;14;n221;22;n222;23
306.18779637717876	E	n189;18
314.3193370741534	E	n222;23
320.06015787817074	I	n212;21
323.451126983794	S	n211;20;n247;24;n248;25
325.29157350610575	I	n248;25
326.9299560409181	S	n248;25;n249;26;n250;27
329.2345045736385	I	n250;27
334.64198406508626	S	n249;26;n255;28;n256;29
334.72733984980283	I	n255;28
335.0680365865061	I	n247;24
338.51097831531484	S	n247;24;n269;30;n270;31
338.6493903972317	L	n270;31
338.79598384958507	L	n250;27
346.25933828589956	I	n221;22
351.37042779145395	E	n255;28
354.48991564528484	I	n256;29
354.5641919664202	C	n221;22
354.63903082168116	I	n256;29
359.43466135079467	S	n269;30;n307;32;n308;33
364.14479088522387	E	n212;21
365.0168302374957	S	n256;29;n323;34;n324;35
366.688838646879	I	n323;34
368.1525611161385	S	n324;35;n331;36;n332;37
368.33285918754166	F	n307;32
368.33285918754166	F	n308;33
368.33285918754166	F	n331;36
368.33285918754166	F	n323;34
368.33285918754166	F	n332;37
368.33285918754166	F	n221;22
