TIME	EVENT	NODES
68.31928289946775	O	n63
73.72674337972612	I	n63;1
77.87291920469795	S	n63;1;n111;2;n112;3
80.13789888595848	S	n112;3;n121;4;n122;5
82.82446318242151	I	n122;5
84.02661955226591	S	n122;5;n129;6;n130;7
86.0006184609162	E	n121;4
86.51037182362073	S	n111;2;n147;8;n148;9
89.53953138554083	S	n147;8;n163;10;n164;11
91.12710587207293	S	n129;6;n171;12;n172;13
91.44039855751173	S	n164;11;n177;14;n178;15
91.9252527843899	S	n148;9;n183;16;n184;17
93.11147522646662	D	n183;16;n183;18;n183;19
93.34880801811472	E	n183;18
93.34880801811472	E	n183;19
93.40783796646144	S	n130;7;n189;20;n190;21
93.64609162057884	E	n178;15
94.69388487193675	D	n163;10;n163;22;n163;23
96.2824535974189	C	n189;20
96.77409377030416	E	n190;21
98.07497236231164	I	n177;14
100.61091691856613	E	n171;12
102.58874847283909	E	n189;20
105.94071413666994	I	n172;13
106.02298060458065	E	n172;13
114.18324510306947	S	n184;17;n303;24;n304;25
114.41278485366259	S	n163;22;n305;26;n306;27
114.41278485366259	S	n163;23;n305;28;n306;29
115.03950312098637	T	n304;25;n304;30;n307;31
115.60507045488139	S	n307;31;n317;32;n318;33
115.78996534603141	I	n317;32
116.34386589115961	I	n177;14
118.21581233262908	S	n177;14;n327;34;n328;35
118.26466469545224	S	n328;35;n329;36;n330;37
119.30590668260064	E	n303;24
119.81398153229964	I	n327;34
119.93146279771446	S	n304;30;n339;38;n340;39
120.53125479329535	S	n317;32;n347;40;n348;41
121.7585378305599	S	n330;37;n353;42;n354;43
121.8287853204813	S	n348;41;n355;44;n356;45
121.85255750893415	S	n339;38;n357;46;n358;47
122.20096298192965	F	n327;34
122.20096298192965	F	n357;46
122.20096298192965	F	n329;36
122.20096298192965	F	n355;44
122.20096298192965	F	n358;47
122.20096298192965	F	n306;27
122.20096298192965	F	n306;29
122.20096298192965	F	n318;33
122.20096298192965	F	n347;40
122.20096298192965	F	n340;39
122.20096298192965	F	n354;43
122.20096298192965	F	n353;42
122.20096298192965	F	n356;45
122.20096298192965	F	n305;26
122.20096298192965	F	n305;28
