TIME	EVENT	NODES
68.32512831367211	O	n71
69.17960379988853	S	n71;1;n85;2;n86;3
71.2192389560549	E	n85;2
76.1835340080545	I	n86;3
79.82195944968959	E	n86;3
