TIME	EVENT	NODES
120.76451331634583	O	n20
148.9849759202454	S	n20;1;n27;2;n28;3
153.15396712937255	S	n28;3;n35;4;n36;5
154.08992490351883	I	n27;2
166.54278869017284	E	n27;2
168.98360319176706	S	n36;5;n43;6;n44;7
170.74431018111153	S	n43;6;n45;8;n46;9
172.7134354678535	S	n35;4;n51;10;n52;11
176.4970094199066	I	n52;11
177.51846234063663	E	n45;8
184.38473418243225	S	n51;10;n57;12;n58;13
187.68489901940544	E	n46;9
189.4429084824666	S	n44;7;n63;14;n64;15
195.81562732113593	E	n58;13
199.3404950915714	E	n57;12
199.60266799829816	I	n63;14
217.10122037003637	S	n63;14;n87;16;n88;17
224.42074098395472	S	n87;16;n93;18;n94;19
227.7086322008703	S	n52;11;n97;20;n98;21
229.13747047452046	I	n97;20
232.2598634713699	E	n94;19
232.8439288366906	E	n88;17
246.79015954072702	L	n97;20
248.88117897606477	E	n64;15
254.71499452580787	I	n93;18
263.1946935408616	S	n93;18;n157;22;n158;23
264.9614628201851	I	n158;23
271.0359830191678	S	n158;23;n165;24;n166;25
272.6767349114643	I	n98;21
281.86281336619095	S	n157;22;n181;26;n182;27
288.9060565432124	T	n182;27;n182;28;n149;29
297.3759122122873	E	n182;28
297.82959460464184	E	n98;21
300.66408360617874	S	n165;24;n217;30;n218;31
301.39480262224913	S	n217;30;n219;32;n220;33
305.728733924016	I	n220;33
308.0626364782419	C	n149;29
309.22719658015154	E	n220;33
313.2735372024965	E	n149;29
313.31681944729553	I	n218;31
319.42150582072276	I	n219;32
322.23550031039156	S	n219;32;n243;34;n244;35
325.62016585225894	E	n166;25
326.9191915703628	E	n181;26
327.1046107185982	E	n218;31
336.27194991669535	S	n243;34;n265;36;n266;37
337.9466629699342	E	n266;37
349.260475633971	I	n244;35
357.83898267386695	E	n265;36
367.9384208303433	L	n244;35
