TIME	EVENT	NODES
71.09983390790832	O	n76
74.2145407938895	E	n76;1
