TIME	EVENT	NODES
68.54205620488376	O	n78
80.3895646593219	E	n78;1
