TIME	EVENT	NODES
71.14657371182838	O	n73
73.81339158432333	E	n73;1
