TIME	EVENT	NODES
71.15221022906785	O	n76
74.2145407938895	E	n76;1
