TIME	EVENT	NODES
121.48597835395287	O	n21
122.16832454647064	I	n21;1
131.05163357451565	E	n21;1
