TIME	EVENT	NODES
121.62629883846937	O	n21
121.80776729325207	C	n21;1
131.05163357451565	E	n21;1
