TIME	EVENT	NODES
71.38855992945334	O	n75
72.68336834045725	E	n75;1
