TIME	EVENT	NODES
69.05295081704499	O	n63
70.20041732257374	I	n63;1
77.87291920469795	S	n63;1;n111;2;n112;3
80.13789888595848	S	n112;3;n121;4;n122;5
83.92225814613423	C	n121;4
84.02661955226591	S	n122;5;n129;6;n130;7
86.0006184609162	E	n121;4
86.51037182362073	S	n111;2;n147;8;n148;9
89.53953138554083	S	n147;8;n163;10;n164;11
91.12710587207293	S	n129;6;n171;12;n172;13
91.44039855751173	S	n164;11;n177;14;n178;15
91.9252527843899	S	n148;9;n183;16;n184;17
93.02752733690477	I	n171;12
93.16660438038737	I	n163;10
93.34880801811472	E	n183;16
93.40783796646144	S	n130;7;n189;18;n190;19
93.64609162057884	E	n178;15
96.77409377030416	E	n190;19
99.35931984912186	I	n172;13
100.61091691856613	E	n171;12
102.58874847283909	E	n189;18
106.02298060458065	E	n172;13
109.47062132429825	I	n184;17
114.18324510306947	S	n184;17;n303;20;n304;21
114.41278485366259	S	n163;10;n305;22;n306;23
118.21581233262908	S	n177;14;n327;24;n328;25
118.26466469545224	S	n328;25;n329;26;n330;27
118.88318017366836	C	n305;22
119.30590668260064	E	n303;20
119.33876248758267	I	n327;24
119.93146279771446	S	n304;21;n339;28;n340;29
120.54359966753742	I	n327;24
121.7585378305599	S	n330;27;n353;30;n354;31
121.85255750893415	S	n339;28;n357;32;n358;33
122.20096298192965	F	n327;24
122.20096298192965	F	n357;32
122.20096298192965	F	n329;26
122.20096298192965	F	n358;33
122.20096298192965	F	n306;23
122.20096298192965	F	n340;29
122.20096298192965	F	n354;31
122.20096298192965	F	n353;30
122.20096298192965	F	n305;22
