TIME	EVENT	NODES
71.44405825533843	O	n75
71.95984426387889	L	n75;1
