TIME	EVENT	NODES
69.24857731846627	O	n81
69.708668487013	E	n81;1
