TIME	EVENT	NODES
122.73544608617661	O	n21
129.04710302944463	I	n21;1
131.05163357451565	E	n21;1
