TIME	EVENT	NODES
69.37751275822896	O	n81
69.708668487013	E	n81;1
