TIME	EVENT	NODES
69.45658886002455	O	n79
73.96170390340738	S	n79;1;n97;2;n98;3
75.77909324475415	E	n98;3
77.27238552912495	I	n97;2
85.50601592411626	E	n97;2
