TIME	EVENT	NODES
71.8934933726032	O	n75
72.68336834045725	E	n75;1
