TIME	EVENT	NODES
71.94345593521183	O	n76
74.2145407938895	E	n76;1
