TIME	EVENT	NODES
69.5284906264669	O	n55
75.18396773406573	S	n55;1;n103;2;n104;3
76.33165103546848	T	n104;3;n104;4;n86;5
76.76269344293296	E	n103;2
78.04921857553185	I	n86;5
79.82195944968959	E	n86;5
81.50267712156104	E	n104;4
