TIME	EVENT	NODES
69.53136990564796	O	n49
75.0883559486219	S	n49;1;n101;2;n102;3
76.07500621366802	E	n102;3
85.14519719498897	S	n101;2;n135;4;n136;5
85.99631158609974	S	n136;5;n143;6;n144;7
86.37764105276558	S	n135;4;n145;8;n146;9
86.81771029291036	S	n143;6;n149;10;n150;11
86.8382976174335	L	n146;9
88.2079321579105	E	n144;7
97.39967128992377	E	n145;8
98.6227177030625	S	n149;10;n221;12;n222;13
103.24789987789956	E	n150;11
106.92161422948067	E	n221;12
110.4255837564099	I	n222;13
122.20096298192965	F	n222;13
