TIME	EVENT	NODES
72.0890942553514	O	n73
73.81339158432333	E	n73;1
