TIME	EVENT	NODES
123.69701940122648	O	n20
136.59211179156358	I	n20;1
140.1756145364989	I	n20;1
148.9849759202454	S	n20;1;n27;2;n28;3
151.2063144750241	C	n28;3
151.91051995087622	I	n28;3
153.15396712937255	S	n28;3;n35;4;n36;5
156.08369216436088	I	n27;2
166.54278869017284	E	n27;2
168.98360319176706	S	n36;5;n43;6;n44;7
170.74431018111153	S	n43;6;n45;8;n46;9
172.7134354678535	S	n35;4;n51;10;n52;11
177.51846234063663	E	n45;8
184.38473418243225	S	n51;10;n57;12;n58;13
187.68489901940544	E	n46;9
189.4429084824666	S	n44;7;n63;14;n64;15
191.72205428183025	I	n64;15
193.70849999819913	I	n58;13
195.81562732113593	E	n58;13
199.3404950915714	E	n57;12
201.94764088942247	I	n52;11
212.8782045847937	I	n64;15
214.92993231412532	I	n64;15
217.10122037003637	S	n63;14;n87;16;n88;17
218.31448772274692	I	n88;17
224.42074098395472	S	n87;16;n93;18;n94;19
226.49385614607323	I	n88;17
227.7086322008703	S	n52;11;n97;20;n98;21
230.63281330277147	I	n98;21
232.2598634713699	E	n94;19
232.8439288366906	E	n88;17
242.65770202322346	I	n98;21
248.88117897606477	E	n64;15
249.03530572249304	S	n97;20;n123;22;n124;23
252.0443836459967	I	n93;18
254.59397657947247	S	n123;22;n139;24;n140;25
255.08922900163986	E	n139;24
256.64231642783636	I	n98;21
258.8150958922131	S	n124;23;n149;26;n150;27
263.1946935408616	S	n93;18;n157;28;n158;29
266.8260431524649	I	n149;26
271.0359830191678	S	n158;29;n165;30;n166;31
274.1250014823083	I	n98;21
275.3394929136777	E	n140;25
275.89296821285615	I	n157;28
277.980140012297	T	n157;28;n157;32;n168;33
278.37777927242377	S	n168;33;n179;34;n180;35
281.4465804297021	I	n98;21
281.86281336619095	S	n157;32;n181;36;n182;37
282.56958360049487	E	n179;34
282.61255130363196	I	n182;37
283.64868435736753	I	n182;37
285.4694107373424	I	n98;21
292.321064504694	E	n180;35
293.4401227103343	E	n150;27
297.3759122122873	E	n182;37
297.82959460464184	E	n98;21
300.66408360617874	S	n165;30;n217;38;n218;39
301.39480262224913	S	n217;38;n219;40;n220;41
307.5353808540867	L	n220;41
313.2735372024965	E	n149;26
315.5479635136037	C	n219;40
322.23550031039156	S	n219;40;n243;42;n244;43
325.4737104638525	I	n166;31
325.62016585225894	E	n166;31
326.9191915703628	E	n181;36
327.1046107185982	E	n218;39
331.30761343493685	I	n243;42
336.27194991669535	S	n243;42;n265;44;n266;45
337.9466629699342	E	n266;45
344.57787579043935	L	n244;43
348.04209711881185	D	n265;44;n265;46;n265;47
357.83898267386695	E	n265;46
357.83898267386695	E	n265;47
