TIME	EVENT	NODES
69.71194070285978	O	n49
75.0883559486219	S	n49;1;n101;2;n102;3
76.07500621366802	E	n102;3
77.92160693962525	L	n101;2
