TIME	EVENT	NODES
69.88541719443401	O	n78
80.3895646593219	E	n78;1
