TIME	EVENT	NODES
72.60478598456814	O	n63
73.54589455358095	S	n63;1;n77;2;n78;3
76.04468060540366	E	n77;2
82.21366002911701	S	n78;3;n85;4;n86;5
83.22439320017492	S	n85;4;n87;6;n88;7
83.51947950720947	E	n88;7
83.62304994273639	L	n86;5
87.9716937356141	E	n87;6
