TIME	EVENT	NODES
72.6516382929737	O	n73
73.81339158432333	E	n73;1
