TIME	EVENT	NODES
125.25186087853191	O	n7
152.63308264867726	S	n7;1;n33;2;n34;3
160.18068695211852	L	n33;2
162.77617771303431	S	n34;3;n37;4;n38;5
164.0650225736182	E	n38;5
187.1981154176181	S	n37;4;n59;6;n60;7
195.71554912034262	L	n60;7
198.78740033853788	I	n59;6
220.0256879840732	I	n59;6
228.1050755790405	I	n59;6
251.91737397158224	S	n59;6;n131;8;n132;9
264.256074713361	S	n131;8;n159;10;n160;11
283.003644560383	E	n160;11
288.5496408940298	S	n132;9;n189;12;n190;13
290.48841036495895	I	n190;13
291.7880471964146	I	n159;10
297.0452054096983	I	n190;13
297.2325938618031	S	n190;13;n211;14;n212;15
297.3903978923028	I	n211;14
301.8448988820438	I	n211;14
306.18779637717876	E	n189;12
323.451126983794	S	n211;14;n247;16;n248;17
326.9299560409181	S	n248;17;n249;18;n250;19
328.2146319613769	S	n159;10;n253;20;n254;21
334.64198406508626	S	n249;18;n255;22;n256;23
335.92113620132585	S	n254;21;n263;24;n264;25
338.51097831531484	S	n247;16;n269;26;n270;27
339.27701847862244	C	n212;15
339.658731161582	S	n264;25;n271;28;n272;29
344.65876038946266	I	n269;26
345.71198993976384	E	n253;20
347.0248147615092	I	n271;28
351.3681074054671	E	n270;27
351.37042779145395	E	n255;22
351.698783420854	I	n269;26
356.5243775902817	S	n250;19;n303;30;n304;31
359.43466135079467	S	n269;26;n307;32;n308;33
361.7971077523211	S	n272;29;n309;34;n310;35
362.48934096850184	I	n256;23
364.14479088522387	E	n212;15
364.39265661618424	S	n310;35;n317;36;n318;37
364.49514583717956	S	n304;31;n319;38;n320;39
364.9982524336524	I	n256;23
365.0168302374957	S	n256;23;n323;40;n324;41
365.0417268907298	E	n263;24
365.0747015482324	C	n324;41
365.9406802548836	S	n318;37;n329;42;n330;43
365.99105067633474	I	n307;32
367.963986169336	I	n303;30
368.1525611161385	S	n324;41;n331;44;n332;45
368.33285918754166	F	n330;43
368.33285918754166	F	n307;32
368.33285918754166	F	n329;42
368.33285918754166	F	n303;30
368.33285918754166	F	n271;28
368.33285918754166	F	n308;33
368.33285918754166	F	n331;44
368.33285918754166	F	n323;40
368.33285918754166	F	n320;39
368.33285918754166	F	n332;45
368.33285918754166	F	n317;36
368.33285918754166	F	n309;34
368.33285918754166	F	n319;38
