TIME	EVENT	NODES
70.40118076184052	O	n86
79.82195944968959	E	n86;1
