TIME	EVENT	NODES
72.90298433982397	O	n65
77.10875772238327	E	n65;1
