TIME	EVENT	NODES
72.99354768094717	O	n71
80.57463946636354	S	n71;1;n83;2;n84;3
86.60669252253648	E	n83;2
91.78210615836441	S	n84;3;n103;4;n104;5
98.03385717562367	I	n104;5
102.82426853750586	E	n103;4
106.57096831231419	E	n104;5
