TIME	EVENT	NODES
70.46176522392379	O	n82
73.06969448986186	S	n82;1;n95;2;n96;3
74.36188470605072	C	n95;2
74.75708131456398	E	n95;2
77.82875716052023	E	n96;3
