TIME	EVENT	NODES
70.59088997625207	O	n87
79.33819933326355	E	n87;1
