TIME	EVENT	NODES
70.66777454680512	O	n78
80.3895646593219	E	n78;1
