TIME	EVENT	NODES
73.6553667213458	O	n77
75.32792171487444	I	n77;1
76.04468060540366	E	n77;1
