TIME	EVENT	NODES
70.80635391867419	O	n65
71.02786356000028	I	n65;1
72.58640953688958	E	n65;1
