TIME	EVENT	NODES
70.83336929753459	O	n83
71.4415941668603	S	n83;1;n91;2;n92;3
71.64179094723488	C	n91;2
74.2640056802495	S	n91;2;n99;4;n100;5
76.5448918926641	C	n92;3
76.90850864001277	D	n100;5;n100;6;n100;7
79.92423519246776	S	n99;4;n119;8;n120;9
80.21586346790183	E	n120;9
82.32957367319115	S	n100;6;n125;10;n126;11
82.32957367319115	S	n100;7;n125;12;n126;13
84.80476003374768	E	n126;11
84.80476003374768	E	n126;13
90.48646187123879	E	n92;3
91.40078910577344	L	n125;12
91.72046016143437	E	n119;8
122.20096298192965	F	n125;10
