TIME	EVENT	NODES
126.77230543763655	O	n21
131.05163357451565	E	n21;1
