TIME	EVENT	NODES
70.83358645834144	O	n78
80.3895646593219	E	n78;1
