TIME	EVENT	NODES
126.80752275900133	O	n17
127.09439606284033	S	n17;1;n23;2;n24;3
136.3874062633504	L	n24;3
138.11734657381473	I	n23;2
171.45748821204532	S	n23;2;n49;4;n50;5
176.11005676811268	S	n49;4;n55;6;n56;7
180.68423174771254	E	n50;5
188.99377288291518	S	n56;7;n61;8;n62;9
189.30918561537212	I	n55;6
189.85221153488948	D	n62;9;n62;10;n62;11
191.35598736312272	S	n62;10;n65;12;n66;13
191.35598736312272	S	n62;11;n65;14;n66;15
192.51116089115425	T	n55;6;n55;16;n53;17
196.0215227562063	C	n66;13
196.0215227562063	C	n66;15
196.6972512900898	I	n61;8
196.74632570764513	E	n66;13
196.74632570764513	E	n66;15
197.04833215574186	C	n53;17
206.17037891309826	I	n53;17
208.73257921999001	I	n55;16
211.44214667366325	I	n55;16
212.14935991177535	E	n65;12
212.14935991177535	E	n65;14
216.5650558328061	I	n55;16
221.4844260935815	S	n61;8;n89;18;n90;19
226.86452868796613	S	n53;17;n95;20;n96;21
231.2895298785254	E	n89;18
233.55443944646427	S	n96;21;n105;22;n106;23
238.066136604651	E	n55;16
247.89276809742267	S	n106;23;n121;24;n122;25
250.48788243930719	I	n121;24
255.61711198852078	I	n90;19
261.6291738439399	E	n121;24
264.1218818382455	I	n90;19
264.80551857542685	I	n90;19
271.5541373875477	S	n95;20;n167;26;n168;27
273.5864034493894	E	n122;25
274.03134010303893	C	n168;27
278.37777927242377	S	n168;27;n179;28;n180;29
278.6214938342557	E	n167;26
280.88338111280893	E	n90;19
282.56958360049487	E	n179;28
287.2898658895813	E	n105;22
290.51005428213483	I	n180;29
292.321064504694	E	n180;29
