TIME	EVENT	NODES
74.6012466087333	O	n65
77.10875772238327	E	n65;1
