TIME	EVENT	NODES
70.9192777814052	O	n65
72.58640953688958	E	n65;1
