TIME	EVENT	NODES
74.9110059686542	O	n65
77.10875772238327	E	n65;1
