TIME	EVENT	NODES
71.03018708502717	O	n78
80.3895646593219	E	n78;1
