TIME	EVENT	NODES
71.13712726193634	O	n83
71.4415941668603	S	n83;1;n91;2;n92;3
74.2640056802495	S	n91;2;n99;4;n100;5
79.92423519246776	S	n99;4;n119;6;n120;7
80.21586346790183	E	n120;7
82.32957367319115	S	n100;5;n125;8;n126;9
84.80476003374768	E	n126;9
90.48646187123879	E	n92;3
91.72046016143437	E	n119;6
122.20096298192965	F	n125;8
