TIME	EVENT	NODES
71.23919975868517	O	n78
74.96324498009893	L	n78;1
