TIME	EVENT	NODES
75.320434430281	O	n77
76.04468060540366	E	n77;1
