TIME	EVENT	NODES
127.69343984204517	O	n7
152.63308264867726	S	n7;1;n33;2;n34;3
153.09637157479165	L	n33;2
162.77617771303431	S	n34;3;n37;4;n38;5
164.0650225736182	E	n38;5
186.13786277955728	L	n37;4
