TIME	EVENT	NODES
71.29514096782962	O	n65
72.58640953688958	E	n65;1
