TIME	EVENT	NODES
75.74265574221668	O	n80
77.81966193924744	E	n80;1
