TIME	EVENT	NODES
71.38512877904398	O	n65
72.58640953688958	E	n65;1
