TIME	EVENT	NODES
75.90690933114672	O	n80
77.81966193924744	E	n80;1
