TIME	EVENT	NODES
76.02048474520655	O	n71
80.57463946636354	S	n71;1;n83;2;n84;3
84.19221398048147	T	n83;2;n83;4;n66;5
85.35531950007136	S	n66;5;n89;6;n90;7
85.49236502381507	S	n89;6;n91;8;n92;9
85.5620612819664	I	n91;8
86.60669252253648	E	n83;4
90.49422440237502	S	n92;9;n99;10;n100;11
91.78210615836441	S	n84;3;n103;12;n104;13
92.81612087074183	I	n104;13
93.37526834861075	E	n99;10
97.31886692307799	E	n91;8
101.65830150095249	E	n100;11
102.82426853750586	E	n103;12
106.57096831231419	E	n104;13
111.11982330004851	S	n90;7;n141;14;n142;15
113.05043982879775	S	n141;14;n147;16;n148;17
120.11162133632216	I	n148;17
120.73658318917201	S	n147;16;n177;18;n178;19
121.94033774569849	S	n177;18;n187;20;n188;21
122.96089664221213	S	n187;20;n191;22;n192;23
126.02587607460606	S	n192;23;n207;24;n208;25
128.0705698243647	S	n207;24;n213;26;n214;27
128.38250454562146	I	n188;21
129.05796485315994	I	n178;19
129.26832954659912	S	n188;21;n215;28;n216;29
129.97651367823465	S	n142;15;n221;30;n222;31
130.09222203709768	S	n213;26;n223;32;n224;33
130.3478450618157	S	n224;33;n225;34;n226;35
130.6432955054352	I	n226;35
130.79527631442593	E	n222;31
131.11070081786738	E	n191;22
131.12736847383428	E	n178;19
131.59642289544732	S	n215;28;n233;36;n234;37
132.25890650819693	E	n223;32
132.3401028583617	S	n233;36;n235;38;n236;39
132.75998679969956	S	n236;39;n241;40;n242;41
133.26140261824418	I	n208;25
133.68463181083166	S	n225;34;n245;42;n246;43
133.9195906530183	E	n214;27
134.01809809279308	E	n226;35
135.26511937963505	E	n245;42
137.13164605031997	E	n234;37
137.44428209975396	F	n242;41
137.44428209975396	F	n235;38
137.44428209975396	F	n216;29
137.44428209975396	F	n208;25
137.44428209975396	F	n221;30
137.44428209975396	F	n241;40
137.44428209975396	F	n148;17
137.44428209975396	F	n246;43
