TIME	EVENT	NODES
76.04160299699961	O	n77
76.04468060540366	E	n77;1
