TIME	EVENT	NODES
71.59623268477078	O	n87
79.33819933326355	E	n87;1
