TIME	EVENT	NODES
128.98921828636819	O	n22
137.33366044182898	S	n22;1;n25;2;n26;3
142.7155834077547	E	n25;2
149.3238145096331	S	n26;3;n29;4;n30;5
150.84222171296392	E	n30;5
156.73354522994708	T	n29;4;n29;6;n31;7
158.07812353108963	I	n29;6
165.1799971652594	S	n31;7;n39;8;n40;9
166.42281919880233	S	n40;9;n41;10;n42;11
168.64778858166005	I	n39;8
169.09281682708968	E	n41;10
169.40844172015872	E	n39;8
173.3420775141136	S	n42;11;n53;12;n54;13
173.88687652149895	E	n54;13
177.87469340990455	I	n29;6
204.42994853998928	I	n29;6
215.57750170224836	I	n53;12
219.02096396229337	D	n53;12;n53;14;n53;15
224.34369207996875	S	n29;6;n91;16;n92;17
226.86452868796613	S	n53;14;n95;18;n96;19
226.86452868796613	S	n53;15;n95;20;n96;21
227.54637249049256	E	n91;16
227.736392953267	I	n92;17
233.55443944646427	S	n96;19;n105;22;n106;23
233.55443944646427	S	n96;21;n105;24;n106;25
244.54404215779363	I	n95;18
244.54404215779363	I	n95;20
246.23673876366692	L	n106;25
247.89276809742267	S	n106;23;n121;26;n122;27
251.1517682979901	S	n92;17;n127;28;n128;29
251.5390235914055	E	n128;29
252.5271057956202	L	n105;24
252.87678478256842	E	n127;28
253.12733956995356	I	n122;27
253.22457713040782	I	n122;27
261.6291738439399	E	n121;26
271.5541373875477	S	n95;20;n167;30;n168;31
271.5541373875477	S	n95;18;n167;32;n168;33
273.5864034493894	E	n122;27
275.01389620254	C	n168;31
275.01389620254	C	n168;33
278.37777927242377	S	n168;31;n179;34;n180;35
278.37777927242377	S	n168;33;n179;36;n180;37
278.6214938342557	E	n167;30
278.6214938342557	E	n167;32
282.56958360049487	E	n179;34
282.56958360049487	E	n179;36
287.2898658895813	E	n105;22
292.321064504694	E	n180;35
292.321064504694	E	n180;37
