TIME	EVENT	NODES
76.44451004843391	O	n80
77.81966193924744	E	n80;1
