TIME	EVENT	NODES
71.71029441151272	O	n68
86.64549986121668	E	n68;1
