TIME	EVENT	NODES
129.20518285135535	O	n21
131.05163357451565	E	n21;1
