TIME	EVENT	NODES
76.87288419615233	O	n65
77.10875772238327	E	n65;1
