TIME	EVENT	NODES
129.4623397880776	O	n20
137.19976767702394	I	n20;1
143.3235385486815	C	n20;1
148.9849759202454	S	n20;1;n27;2;n28;3
153.15396712937255	S	n28;3;n35;4;n36;5
157.47324676631447	I	n36;5
166.54278869017284	E	n27;2
168.98360319176706	S	n36;5;n43;6;n44;7
170.74431018111153	S	n43;6;n45;8;n46;9
172.7134354678535	S	n35;4;n51;10;n52;11
177.51846234063663	E	n45;8
183.59645583630882	D	n44;7;n44;12;n44;13
184.38473418243225	S	n51;10;n57;14;n58;15
184.4459084260924	I	n52;11
187.68489901940544	E	n46;9
189.4429084824666	S	n44;12;n63;16;n64;17
189.4429084824666	S	n44;13;n63;18;n64;19
191.8310913394125	L	n63;18
194.43569136838212	L	n64;19
195.81562732113593	E	n58;15
198.5315216424567	I	n57;14
199.3404950915714	E	n57;14
208.62859766895093	C	n63;16
217.10122037003637	S	n63;16;n87;20;n88;21
224.42074098395472	S	n87;20;n93;22;n94;23
227.7086322008703	S	n52;11;n97;24;n98;25
228.21110529228426	I	n94;23
229.8591796462208	I	n88;21
232.00239467353836	I	n93;22
232.09505500922094	I	n97;24
232.2598634713699	E	n94;23
232.8439288366906	E	n88;21
233.4637864616397	T	n93;22;n93;26;n90;27
237.40170014493938	I	n98;25
240.3331960884654	I	n97;24
241.3842887531471	I	n90;27
242.52370810278444	I	n97;24
248.88117897606477	E	n64;17
249.03530572249304	S	n97;24;n123;28;n124;29
250.79671569474533	I	n93;26
254.59397657947247	S	n123;28;n139;30;n140;31
255.08922900163986	E	n139;30
258.8150958922131	S	n124;29;n149;32;n150;33
263.1946935408616	S	n93;26;n157;34;n158;35
269.77172764422386	I	n140;31
271.0359830191678	S	n158;35;n165;36;n166;37
275.3394929136777	E	n140;31
279.3993962607501	I	n165;36
280.88338111280893	E	n90;27
281.86281336619095	S	n157;34;n181;38;n182;39
289.9592669918354	I	n150;33
291.3062987299808	L	n149;32
293.4401227103343	E	n150;33
297.3759122122873	E	n182;39
297.82959460464184	E	n98;25
300.66408360617874	S	n165;36;n217;40;n218;41
301.39480262224913	S	n217;40;n219;42;n220;43
303.7028684693965	I	n181;38
309.22719658015154	E	n220;43
322.23550031039156	S	n219;42;n243;44;n244;45
325.62016585225894	E	n166;37
326.19051008966494	I	n243;44
326.9191915703628	E	n181;38
327.1046107185982	E	n218;41
336.27194991669535	S	n243;44;n265;46;n266;47
337.9466629699342	E	n266;47
347.1023499342784	C	n265;46
357.83898267386695	E	n265;46
368.33285918754166	F	n244;45
