TIME	EVENT	NODES
71.97776462801775	O	n92
90.48646187123879	E	n92;1
