TIME	EVENT	NODES
72.01348631478122	O	n82
73.06969448986186	S	n82;1;n95;2;n96;3
74.75708131456398	E	n95;2
77.82875716052023	E	n96;3
