TIME	EVENT	NODES
77.13158923631383	O	n78
82.21366002911701	S	n78;1;n85;2;n86;3
83.22439320017492	S	n85;2;n87;4;n88;5
83.51947950720947	E	n88;5
87.9716937356141	E	n87;4
88.6291375715646	S	n86;3;n95;6;n96;7
89.63731734236336	E	n96;7
94.91171110375579	S	n95;6;n111;8;n112;9
99.07567634232825	S	n111;8;n117;10;n118;11
103.32850253061844	E	n117;10
103.34721566402152	S	n112;9;n127;12;n128;13
104.9791115751612	I	n128;13
107.99813828291296	I	n127;12
109.56590591087142	T	n128;13;n128;14;n130;15
113.18536271364133	S	n127;12;n149;16;n150;17
114.60875141654122	S	n149;16;n159;18;n160;19
114.657371613597	S	n130;15;n163;20;n164;21
116.79865409744342	E	n128;14
116.84190744763517	S	n118;11;n173;22;n174;23
117.37042976239836	L	n159;18
117.52924971109192	L	n150;17
120.76078747720435	S	n164;21;n179;24;n180;25
120.90134015260391	E	n173;22
123.03330243667175	E	n160;19
123.07777246687154	D	n174;23;n174;26;n174;27
124.3711312004714	E	n179;24
125.88969064041424	S	n174;26;n205;28;n206;29
125.88969064041424	S	n174;27;n205;30;n206;31
126.7918523131126	S	n180;25;n209;32;n210;33
127.74848639190229	S	n163;20;n211;34;n212;35
129.44283556805237	S	n206;29;n217;36;n218;37
129.44283556805237	S	n206;31;n217;38;n218;39
132.73404178738306	S	n212;35;n239;40;n240;41
133.69146530749822	I	n210;33
134.11183794022722	S	n209;32;n249;42;n250;43
134.23046956332826	S	n239;40;n251;44;n252;45
134.65113353933813	E	n205;28
134.65113353933813	E	n205;30
134.67922445755087	S	n240;41;n255;46;n256;47
136.2024720917159	S	n252;45;n269;48;n270;49
136.24444141721895	S	n217;36;n271;50;n272;51
136.24444141721895	S	n217;38;n271;52;n272;53
137.24494829212168	S	n269;48;n275;54;n276;55
137.4181928277078	S	n250;43;n279;56;n280;57
137.44428209975396	F	n270;49
137.44428209975396	F	n272;51
137.44428209975396	F	n272;53
137.44428209975396	F	n271;50
137.44428209975396	F	n271;52
137.44428209975396	F	n279;56
137.44428209975396	F	n211;34
137.44428209975396	F	n255;46
137.44428209975396	F	n256;47
137.44428209975396	F	n210;33
137.44428209975396	F	n218;37
137.44428209975396	F	n218;39
137.44428209975396	F	n251;44
137.44428209975396	F	n280;57
137.44428209975396	F	n249;42
137.44428209975396	F	n276;55
137.44428209975396	F	n275;54
