TIME	EVENT	NODES
72.02333091865476	O	n65
72.58640953688958	E	n65;1
