TIME	EVENT	NODES
77.28095109259863	O	n78
82.21366002911701	S	n78;1;n85;2;n86;3
83.22439320017492	S	n85;2;n87;4;n88;5
83.51947950720947	E	n88;5
87.9716937356141	E	n87;4
88.6291375715646	S	n86;3;n95;6;n96;7
89.63731734236336	E	n96;7
94.91171110375579	S	n95;6;n111;8;n112;9
99.07567634232825	S	n111;8;n117;10;n118;11
103.32850253061844	E	n117;10
103.34721566402152	S	n112;9;n127;12;n128;13
107.95138813259412	I	n118;11
113.18536271364133	S	n127;12;n149;14;n150;15
114.60875141654122	S	n149;14;n159;16;n160;17
116.79865409744342	E	n128;13
116.84190744763517	S	n118;11;n173;18;n174;19
120.90134015260391	E	n173;18
123.03330243667175	E	n160;17
125.54479624640548	I	n174;19
125.88969064041424	S	n174;19;n205;20;n206;21
129.44283556805237	S	n206;21;n217;22;n218;23
130.06248543332637	E	n150;15
131.1781794776036	S	n159;16;n229;24;n230;25
133.6911921121167	L	n205;20
134.06651330856255	C	n218;23
134.59013156117086	C	n230;25
136.17150238763622	E	n229;24
136.24444141721895	S	n217;22;n271;26;n272;27
137.44428209975396	F	n272;27
137.44428209975396	F	n271;26
137.44428209975396	F	n230;25
137.44428209975396	F	n218;23
