TIME	EVENT	NODES
129.6258133748989	O	n22
137.33366044182898	S	n22;1;n25;2;n26;3
138.92374841915935	I	n25;2
142.7155834077547	E	n25;2
149.3238145096331	S	n26;3;n29;4;n30;5
150.84222171296392	E	n30;5
189.909301822821	I	n29;4
224.34369207996875	S	n29;4;n91;6;n92;7
227.54637249049256	E	n91;6
247.71276996446824	I	n92;7
251.1517682979901	S	n92;7;n127;8;n128;9
251.5390235914055	E	n128;9
252.87678478256842	E	n127;8
