TIME	EVENT	NODES
72.0644767805432	O	n87
79.33819933326355	E	n87;1
