TIME	EVENT	NODES
72.150255775605	O	n78
80.3895646593219	E	n78;1
