TIME	EVENT	NODES
77.60822079651821	O	n80
77.81966193924744	E	n80;1
