TIME	EVENT	NODES
72.32168778375758	O	n70
78.35351366847215	E	n70;1
