TIME	EVENT	NODES
77.84418353688162	O	n81
79.84261502436117	E	n81;1
