TIME	EVENT	NODES
77.86475855572107	O	n78
82.21366002911701	S	n78;1;n85;2;n86;3
83.22439320017492	S	n85;2;n87;4;n88;5
83.51947950720947	E	n88;5
85.2506342438384	I	n86;3
87.9716937356141	E	n87;4
88.6291375715646	S	n86;3;n95;6;n96;7
89.63731734236336	E	n96;7
93.28381363175119	I	n95;6
94.91171110375579	S	n95;6;n111;8;n112;9
99.07567634232825	S	n111;8;n117;10;n118;11
103.32850253061844	E	n117;10
103.34721566402152	S	n112;9;n127;12;n128;13
111.05938590320969	D	n118;11;n118;14;n118;15
113.18536271364133	S	n127;12;n149;16;n150;17
114.60875141654122	S	n149;16;n159;18;n160;19
116.79865409744342	E	n128;13
116.84190744763517	S	n118;14;n173;20;n174;21
116.84190744763517	S	n118;15;n173;22;n174;23
120.90134015260391	E	n173;20
120.90134015260391	E	n173;22
121.6326684478028	I	n159;18
121.97510237755967	T	n160;19;n160;24;n131;25
123.03330243667175	E	n160;24
124.00483492653812	S	n131;25;n193;26;n194;27
125.3362666112503	S	n194;27;n201;28;n202;29
125.88969064041424	S	n174;21;n205;30;n206;31
125.88969064041424	S	n174;23;n205;32;n206;33
126.85524497079922	T	n159;18;n159;34;n200;35
129.44283556805237	S	n206;31;n217;36;n218;37
129.44283556805237	S	n206;33;n217;38;n218;39
130.06248543332637	E	n150;17
130.15055173964421	E	n200;35
131.1781794776036	S	n159;34;n229;40;n230;41
132.0096165425425	E	n201;28
132.79369103590267	I	n202;29
134.59904406869512	T	n229;40;n229;42;n245;43
134.65113353933813	E	n205;30
134.65113353933813	E	n205;32
135.26511937963505	E	n245;43
135.910637703942	S	n202;29;n265;44;n266;45
136.17150238763622	E	n229;42
136.24444141721895	S	n217;36;n271;46;n272;47
136.24444141721895	S	n217;38;n271;48;n272;49
136.60123532627688	I	n266;45
137.3574170703479	S	n193;26;n277;50;n278;51
137.44428209975396	F	n278;51
137.44428209975396	F	n272;47
137.44428209975396	F	n272;49
137.44428209975396	F	n271;46
137.44428209975396	F	n271;48
137.44428209975396	F	n230;41
137.44428209975396	F	n265;44
137.44428209975396	F	n277;50
137.44428209975396	F	n218;37
137.44428209975396	F	n218;39
137.44428209975396	F	n266;45
