TIME	EVENT	NODES
77.93555273146463	O	n81
79.84261502436117	E	n81;1
