TIME	EVENT	NODES
130.56700677116964	O	n7
152.63308264867726	S	n7;1;n33;2;n34;3
162.77617771303431	S	n34;3;n37;4;n38;5
164.0650225736182	E	n38;5
165.2249719103747	E	n33;2
187.1981154176181	S	n37;4;n59;6;n60;7
197.574740969038	S	n60;7;n71;8;n72;9
205.4732166337331	I	n71;8
209.49718118677126	C	n72;9
210.58522414918556	I	n72;9
224.87883338170167	E	n71;8
233.07835248845961	I	n72;9
251.91737397158224	S	n59;6;n131;10;n132;11
254.31869674795763	S	n72;9;n137;12;n138;13
262.2821383349559	L	n132;11
262.48313050699846	S	n137;12;n155;14;n156;15
264.256074713361	S	n131;10;n159;16;n160;17
268.08312347105647	S	n138;13;n163;18;n164;19
269.5218483000131	D	n155;14;n155;20;n155;21
277.8106349986983	E	n163;18
279.3689247604448	E	n164;19
280.9346084359787	E	n156;15
283.003644560383	E	n160;17
302.77518792485097	S	n155;20;n221;22;n222;23
302.77518792485097	S	n155;21;n221;24;n222;25
310.60753374800777	I	n159;16
314.3193370741534	E	n222;23
314.3193370741534	E	n222;25
315.7437421675142	I	n221;22
315.7437421675142	I	n221;24
316.6105699052424	I	n221;24
316.6105699052424	I	n221;22
328.2146319613769	S	n159;16;n253;26;n254;27
335.92113620132585	S	n254;27;n263;28;n264;29
339.0993795053629	T	n221;22;n221;30;n246;31
339.658731161582	S	n264;29;n271;32;n272;33
341.11177427463167	S	n246;31;n275;34;n276;35
345.71198993976384	E	n253;26
348.7700363029201	S	n275;34;n291;36;n292;37
349.1338199672426	I	n272;33
350.6247674253394	S	n276;35;n295;38;n296;39
355.0583586205711	S	n292;37;n299;40;n300;41
355.8778505990836	S	n295;38;n301;42;n302;43
357.1757291726746	S	n301;42;n305;44;n306;45
360.66748199542366	E	n306;45
361.36474911968764	L	n291;36
361.7971077523211	S	n272;33;n309;46;n310;47
363.6373982060026	C	n271;32
364.0086300239402	S	n305;44;n315;48;n316;49
364.39265661618424	S	n310;47;n317;50;n318;51
364.8824680743981	S	n302;43;n321;52;n322;53
365.0417268907298	E	n263;28
365.9406802548836	S	n318;51;n329;54;n330;55
368.33285918754166	F	n316;49
368.33285918754166	F	n322;53
368.33285918754166	F	n330;55
368.33285918754166	F	n300;41
368.33285918754166	F	n296;39
368.33285918754166	F	n299;40
368.33285918754166	F	n329;54
368.33285918754166	F	n271;32
368.33285918754166	F	n317;50
368.33285918754166	F	n221;30
368.33285918754166	F	n221;24
368.33285918754166	F	n321;52
368.33285918754166	F	n309;46
368.33285918754166	F	n315;48
