TIME	EVENT	NODES
72.4345796407888	O	n91
74.2640056802495	S	n91;1;n99;2;n100;3
74.84581677387884	I	n100;3
79.92423519246776	S	n99;2;n119;4;n120;5
80.21586346790183	E	n120;5
82.32957367319115	S	n100;3;n125;6;n126;7
84.80476003374768	E	n126;7
91.72046016143437	E	n119;4
112.69286141846896	C	n125;6
122.20096298192965	F	n125;6
