TIME	EVENT	NODES
77.97660236083134	O	n69
85.48915642228984	L	n69;1
