TIME	EVENT	NODES
72.44774791645827	O	n73
72.47518240638742	L	n73;1
