TIME	EVENT	NODES
78.0584918411061	O	n81
79.84261502436117	E	n81;1
