TIME	EVENT	NODES
78.3702524224254	O	n81
79.84261502436117	E	n81;1
