TIME	EVENT	NODES
72.62126212618887	O	n76
80.89521667799767	S	n76;1;n123;2;n124;3
81.28799258893893	E	n123;2
94.20370820616749	S	n124;3;n191;4;n192;5
94.47618336966978	S	n192;5;n195;6;n196;7
94.6164334716133	E	n196;7
94.7406734041655	S	n195;6;n201;8;n202;9
95.00275428280193	S	n202;9;n205;10;n206;11
96.59218823370765	S	n206;11;n213;12;n214;13
98.31404312539485	S	n201;8;n219;14;n220;15
99.1962720500129	S	n214;13;n223;16;n224;17
99.57903796767904	E	n224;17
99.85935374100859	E	n223;16
100.58676847024424	S	n219;14;n227;18;n228;19
101.02782944771965	I	n227;18
101.37788836558367	L	n213;12
102.7247363087532	I	n228;19
105.15368373153343	S	n228;19;n243;20;n244;21
105.15937208631122	E	n227;18
106.14529429539196	S	n243;20;n249;22;n250;23
107.34916340025805	S	n191;4;n259;24;n260;25
108.18097473488596	I	n250;23
108.65892787802504	I	n220;15
110.97351095202811	S	n244;21;n289;26;n290;27
111.62809666568839	S	n260;25;n293;28;n294;29
112.32158139645087	S	n259;24;n299;30;n300;31
112.70955554260742	I	n289;26
113.26780984524378	E	n249;22
113.88822922744914	E	n289;26
114.22092261403004	E	n290;27
114.418033427831	S	n293;28;n307;32;n308;33
114.716632109647	S	n308;33;n311;34;n312;35
115.30436789591825	T	n312;35;n312;36;n125;37
115.60507045488139	S	n307;32;n317;38;n318;39
116.34463249665178	C	n300;31
117.20624219376137	C	n312;36
119.1280951803673	I	n318;39
119.5417768978418	E	n299;30
120.53125479329535	S	n317;38;n347;40;n348;41
121.8287853204813	S	n348;41;n355;42;n356;43
122.20096298192965	F	n205;10
122.20096298192965	F	n220;15
122.20096298192965	F	n355;42
122.20096298192965	F	n294;29
122.20096298192965	F	n318;39
122.20096298192965	F	n347;40
122.20096298192965	F	n300;31
122.20096298192965	F	n250;23
122.20096298192965	F	n356;43
122.20096298192965	F	n312;36
122.20096298192965	F	n125;37
122.20096298192965	F	n311;34
