TIME	EVENT	NODES
78.4429191663496	O	n81
79.84261502436117	E	n81;1
