TIME	EVENT	NODES
72.66287082418992	O	n86
76.93939621022824	I	n86;1
79.82195944968959	E	n86;1
