TIME	EVENT	NODES
131.4554891857009	O	n23
151.99521105266504	I	n23;1
165.58205369073767	C	n23;1
171.45748821204532	S	n23;1;n49;2;n50;3
176.11005676811268	S	n49;2;n55;4;n56;5
180.68423174771254	E	n50;3
187.0187792299467	L	n55;4
188.99377288291518	S	n56;5;n61;6;n62;7
189.74659294700623	I	n61;6
191.35598736312272	S	n62;7;n65;8;n66;9
196.74632570764513	E	n66;9
201.87867933511035	I	n61;6
212.14935991177535	E	n65;8
221.4844260935815	S	n61;6;n89;10;n90;11
231.1486698458013	L	n89;10
265.90936845309363	I	n90;11
280.88338111280893	E	n90;11
