TIME	EVENT	NODES
72.74258043279852	O	n86
73.67214847584992	I	n86;1
79.82195944968959	E	n86;1
