TIME	EVENT	NODES
72.86346952301223	O	n73
74.88664351199236	D	n73;1;n73;2;n73;3
76.75087355783961	S	n73;2;n107;4;n108;5
76.75087355783961	S	n73;3;n107;6;n108;7
79.22755505538495	S	n108;5;n113;8;n114;9
79.22755505538495	S	n108;7;n113;10;n114;11
80.17489405855152	I	n114;9
80.17489405855152	I	n114;11
82.84074056886857	S	n113;8;n127;12;n128;13
82.84074056886857	S	n113;10;n127;14;n128;15
87.1911954645398	E	n114;11
87.1911954645398	E	n114;9
90.79568255560412	E	n107;4
90.79568255560412	E	n107;6
91.0242900867634	S	n127;12;n169;16;n170;17
91.0242900867634	S	n127;14;n169;18;n170;19
91.54856848753883	S	n170;17;n181;20;n182;21
91.54856848753883	S	n170;19;n181;22;n182;23
92.33494976870058	E	n182;21
92.33494976870058	E	n182;23
96.83861240646377	E	n169;16
96.83861240646377	E	n169;18
99.10789388249582	E	n128;13
99.10789388249582	E	n128;15
107.07038824181652	S	n181;20;n253;24;n254;25
107.07038824181652	S	n181;22;n253;26;n254;27
113.76517703328658	S	n254;25;n301;28;n302;29
113.76517703328658	S	n254;27;n301;30;n302;31
113.98118132905664	E	n301;28
113.98118132905664	E	n301;30
114.59513604545869	S	n302;29;n309;32;n310;33
114.59513604545869	S	n302;31;n309;34;n310;35
115.02174714964026	I	n309;32
115.02174714964026	I	n309;34
117.64931390587152	E	n253;24
117.64931390587152	E	n253;26
121.1154699736872	E	n309;34
121.1154699736872	E	n309;32
122.20096298192965	F	n310;33
122.20096298192965	F	n310;35
