TIME	EVENT	NODES
79.06813582719211	O	n74
87.36442533499313	S	n74;1;n93;2;n94;3
89.55192399987956	S	n93;2;n97;4;n98;5
90.74295096381583	E	n97;4
90.83607300829031	S	n94;3;n101;6;n102;7
96.09899526485816	E	n101;6
101.14759967511259	S	n98;5;n119;8;n120;9
103.60154676879999	L	n102;7
105.99828673780307	T	n119;8;n119;10;n125;11
106.2551761740781	S	n119;10;n131;12;n132;13
107.08266993684482	S	n125;11;n133;14;n134;15
108.88168409907468	S	n133;14;n137;16;n138;17
112.14930348557543	S	n138;17;n143;18;n144;19
113.69522551275313	E	n134;15
113.88653947876585	S	n144;19;n153;20;n154;21
114.15329671152638	S	n154;21;n155;22;n156;23
114.51709503904722	S	n156;23;n157;24;n158;25
115.24536255450909	S	n155;22;n165;26;n166;27
115.47908741396041	S	n158;25;n167;28;n168;29
115.50984341584106	I	n165;26
115.53171231760001	E	n166;27
115.53629363054432	S	n120;9;n169;30;n170;31
117.38363929480403	I	n170;31
118.77551231632386	I	n132;13
118.87864221454024	E	n157;24
119.15759873212343	E	n167;28
120.93492720218666	E	n132;13
121.75663925884848	S	n153;20;n185;32;n186;33
122.96539378764307	E	n137;16
124.00483492653812	S	n131;12;n193;34;n194;35
124.35633750190762	S	n143;18;n197;36;n198;37
124.97954849338534	C	n170;31
125.3362666112503	S	n194;35;n201;38;n202;39
125.61616605856788	S	n197;36;n203;40;n204;41
131.40182968561177	I	n201;38
132.0096165425425	E	n201;38
132.97487296848038	E	n186;33
135.58811979234557	S	n165;26;n259;42;n260;43
135.85282357483234	E	n198;37
135.910637703942	S	n202;39;n265;44;n266;45
136.5068312732184	E	n260;43
136.75958027813886	I	n204;41
136.9410702486098	S	n203;40;n273;46;n274;47
137.3574170703479	S	n193;34;n277;48;n278;49
137.44428209975396	F	n169;30
137.44428209975396	F	n168;29
137.44428209975396	F	n278;49
137.44428209975396	F	n274;47
137.44428209975396	F	n265;44
137.44428209975396	F	n170;31
137.44428209975396	F	n204;41
137.44428209975396	F	n277;48
137.44428209975396	F	n259;42
137.44428209975396	F	n273;46
137.44428209975396	F	n266;45
137.44428209975396	F	n185;32
