TIME	EVENT	NODES
72.86633796940643	O	n78
73.83501835397765	L	n78;1
