TIME	EVENT	NODES
79.16289632091363	O	n81
79.84261502436117	E	n81;1
