TIME	EVENT	NODES
79.17100879224726	O	n81
79.84261502436117	E	n81;1
