TIME	EVENT	NODES
73.0163951247951	O	n87
79.33819933326355	E	n87;1
