TIME	EVENT	NODES
73.03074573185185	O	n92
78.77461098368288	I	n92;1
90.48646187123879	E	n92;1
