TIME	EVENT	NODES
73.05725928241957	O	n86
79.82195944968959	E	n86;1
