TIME	EVENT	NODES
132.88013793180795	O	n23
150.12802943792462	C	n23;1
171.45748821204532	S	n23;1;n49;2;n50;3
176.11005676811268	S	n49;2;n55;4;n56;5
180.68423174771254	E	n50;3
188.99377288291518	S	n56;5;n61;6;n62;7
191.35598736312272	S	n62;7;n65;8;n66;9
196.74632570764513	E	n66;9
198.9220720183349	I	n61;6
201.4154210418393	I	n61;6
211.75137573414506	D	n65;8;n65;10;n65;11
212.14935991177535	E	n65;10
212.14935991177535	E	n65;11
221.4844260935815	S	n61;6;n89;12;n90;13
231.01585356915425	I	n90;13
231.2895298785254	E	n89;12
238.066136604651	E	n55;4
252.6653440014781	I	n90;13
264.1218818382455	I	n90;13
280.88338111280893	E	n90;13
