TIME	EVENT	NODES
133.21413461900647	O	n22
135.15321816404892	I	n22;1
137.33366044182898	S	n22;1;n25;2;n26;3
142.7155834077547	E	n25;2
149.3238145096331	S	n26;3;n29;4;n30;5
149.96651038368745	T	n30;5;n30;6;n24;7
150.84222171296392	E	n30;6
151.41608628417967	S	n24;7;n31;8;n32;9
165.1799971652594	S	n31;8;n39;10;n40;11
166.42281919880233	S	n40;11;n41;12;n42;13
169.09281682708968	E	n41;12
169.40844172015872	E	n39;10
172.62729351831422	L	n32;9
173.3420775141136	S	n42;13;n53;14;n54;15
173.88687652149895	E	n54;15
180.2093419140211	I	n29;4
187.40560398516925	I	n29;4
196.912236271599	I	n29;4
224.34369207996875	S	n29;4;n91;16;n92;17
226.86452868796613	S	n53;14;n95;18;n96;19
227.54637249049256	E	n91;16
233.55443944646427	S	n96;19;n105;20;n106;21
241.19596601629704	I	n92;17
247.89276809742267	S	n106;21;n121;22;n122;23
251.1517682979901	S	n92;17;n127;24;n128;25
251.5390235914055	E	n128;25
252.87678478256842	E	n127;24
259.21975144987493	I	n95;18
261.26664543609127	I	n105;20
261.6291738439399	E	n121;22
268.81104675781813	I	n95;18
270.8713022649682	I	n105;20
271.5541373875477	S	n95;18;n167;26;n168;27
271.79854590847935	I	n122;23
272.23556454167283	I	n122;23
273.5864034493894	E	n122;23
273.81119077843687	I	n105;20
278.37777927242377	S	n168;27;n179;28;n180;29
278.6214938342557	E	n167;26
282.56958360049487	E	n179;28
286.4479172864835	L	n180;29
287.2898658895813	E	n105;20
