TIME	EVENT	NODES
133.25087959532829	O	n24
140.02993517454846	I	n24;1
144.9010393236205	L	n24;1
