TIME	EVENT	NODES
80.48539436946234	O	n71
80.57463946636354	S	n71;1;n83;2;n84;3
86.60669252253648	E	n83;2
91.78210615836441	S	n84;3;n103;4;n104;5
93.70919521632227	T	n104;5;n104;6;n69;7
94.44886266487701	S	n69;7;n107;8;n108;9
94.63460892869011	S	n107;8;n109;10;n110;11
94.9559992561096	S	n108;9;n113;12;n114;13
95.38501757326547	E	n113;12
95.54954112669942	E	n110;11
99.20531432363919	E	n109;10
99.8906396465015	E	n114;13
102.82426853750586	E	n103;4
106.57096831231419	E	n104;6
