TIME	EVENT	NODES
73.28501755916976	O	n96
77.82875716052023	E	n96;1
