TIME	EVENT	NODES
73.40434726396565	O	n87
79.33819933326355	E	n87;1
