TIME	EVENT	NODES
81.36658503169504	O	n66
85.35531950007136	S	n66;1;n89;2;n90;3
85.49236502381507	S	n89;2;n91;4;n92;5
90.30700510754606	I	n90;3
90.49422440237502	S	n92;5;n99;6;n100;7
93.37526834861075	E	n99;6
97.31886692307799	E	n91;4
101.65830150095249	E	n100;7
111.11982330004851	S	n90;3;n141;8;n142;9
113.05043982879775	S	n141;8;n147;10;n148;11
113.15210872466714	I	n147;10
120.60141769289855	I	n142;9
120.73658318917201	S	n147;10;n177;12;n178;13
121.94033774569849	S	n177;12;n187;14;n188;15
122.96089664221213	S	n187;14;n191;16;n192;17
125.09434458662435	T	n178;13;n178;18;n183;19
126.02587607460606	S	n192;17;n207;20;n208;21
126.29606024884419	I	n191;16
128.0705698243647	S	n207;20;n213;22;n214;23
128.3184469413072	C	n214;23
129.26832954659912	S	n188;15;n215;24;n216;25
129.97651367823465	S	n142;9;n221;26;n222;27
130.09222203709768	S	n213;22;n223;28;n224;29
130.3478450618157	S	n224;29;n225;30;n226;31
130.79527631442593	E	n222;27
131.11070081786738	E	n191;16
131.12736847383428	E	n178;18
131.59642289544732	S	n215;24;n233;32;n234;33
132.029281190207	I	n148;11
132.25890650819693	E	n223;28
132.3401028583617	S	n233;32;n235;34;n236;35
132.5078781716013	S	n183;19;n237;36;n238;37
132.75998679969956	S	n236;35;n241;38;n242;39
133.68463181083166	S	n225;30;n245;40;n246;41
133.9195906530183	E	n214;23
134.01809809279308	E	n226;31
134.0972650875809	C	n234;33
134.56015576135454	D	n221;26;n221;42;n221;43
135.1063010086217	I	n246;41
135.26511937963505	E	n245;40
135.3043009887741	I	n242;39
135.8895275045361	I	n216;25
137.13164605031997	E	n234;33
137.44428209975396	F	n242;39
137.44428209975396	F	n235;34
137.44428209975396	F	n216;25
137.44428209975396	F	n238;37
137.44428209975396	F	n208;21
137.44428209975396	F	n221;42
137.44428209975396	F	n221;43
137.44428209975396	F	n237;36
137.44428209975396	F	n241;38
137.44428209975396	F	n148;11
137.44428209975396	F	n246;41
