TIME	EVENT	NODES
73.52751245618985	O	n86
79.82195944968959	E	n86;1
