TIME	EVENT	NODES
81.58055583070802	O	n84
91.78210615836441	S	n84;1;n103;2;n104;3
100.87145847120277	I	n104;3
102.82426853750586	E	n103;2
106.57096831231419	E	n104;3
