TIME	EVENT	NODES
73.60416670951773	O	n87
79.33819933326355	E	n87;1
