TIME	EVENT	NODES
73.77640627153828	O	n68
86.64549986121668	E	n68;1
