TIME	EVENT	NODES
82.15259711263525	O	n83
86.60669252253648	E	n83;1
