TIME	EVENT	NODES
73.79772264626676	O	n78
80.3895646593219	E	n78;1
