TIME	EVENT	NODES
134.53800659815204	O	n19
165.623859759164	I	n19;1
166.5663917706809	I	n19;1
171.2809686135886	S	n19;1;n47;2;n48;3
185.9979810556919	L	n48;3
186.52891746424893	L	n47;2
