TIME	EVENT	NODES
73.86285960553236	O	n95
74.75708131456398	E	n95;1
