TIME	EVENT	NODES
73.98061350016695	O	n86
79.82195944968959	E	n86;1
