TIME	EVENT	NODES
82.6061294110903	O	n66
84.10973791507305	I	n66;1
85.35531950007136	S	n66;1;n89;2;n90;3
85.49236502381507	S	n89;2;n91;4;n92;5
90.49422440237502	S	n92;5;n99;6;n100;7
93.37526834861075	E	n99;6
96.1311939516136	L	n90;3
97.31886692307799	E	n91;4
101.65830150095249	E	n100;7
