TIME	EVENT	NODES
73.98198002505781	O	n95
74.75708131456398	E	n95;1
