TIME	EVENT	NODES
135.01505534432275	O	n20
148.9849759202454	S	n20;1;n27;2;n28;3
153.15396712937255	S	n28;3;n35;4;n36;5
166.54278869017284	E	n27;2
168.98360319176706	S	n36;5;n43;6;n44;7
170.62654624594745	L	n43;6
172.7134354678535	S	n35;4;n51;8;n52;9
184.38473418243225	S	n51;8;n57;10;n58;11
186.8621502089486	I	n52;9
189.4429084824666	S	n44;7;n63;12;n64;13
192.2545551846426	L	n64;13
193.28582930504638	I	n63;12
195.81562732113593	E	n58;11
199.3404950915714	E	n57;10
202.04678109885788	I	n63;12
211.26880665473578	I	n63;12
212.67377867412952	I	n63;12
217.10122037003637	S	n63;12;n87;14;n88;15
219.65922976203572	C	n52;9
223.53311520596517	I	n52;9
224.42074098395472	S	n87;14;n93;16;n94;17
227.7086322008703	S	n52;9;n97;18;n98;19
232.2598634713699	E	n94;17
232.8439288366906	E	n88;15
249.03530572249304	S	n97;18;n123;20;n124;21
251.97069699704198	I	n124;21
254.59397657947247	S	n123;20;n139;22;n140;23
255.08922900163986	E	n139;22
258.8150958922131	S	n124;21;n149;24;n150;25
260.3299175980242	I	n93;16
263.1946935408616	S	n93;16;n157;26;n158;27
265.08620015399725	I	n150;25
271.0359830191678	S	n158;27;n165;28;n166;29
271.38952539673613	I	n150;25
275.3394929136777	E	n140;23
278.9702410229738	C	n165;28
281.86281336619095	S	n157;26;n181;30;n182;31
289.3190483944841	I	n150;25
293.4401227103343	E	n150;25
297.3759122122873	E	n182;31
297.82959460464184	E	n98;19
299.08351033745674	C	n181;30
300.66408360617874	S	n165;28;n217;32;n218;33
301.39480262224913	S	n217;32;n219;34;n220;35
309.22719658015154	E	n220;35
313.2735372024965	E	n149;24
322.23550031039156	S	n219;34;n243;36;n244;37
325.05948597633534	I	n218;33
325.62016585225894	E	n166;29
326.0868633917245	I	n218;33
326.9191915703628	E	n181;30
327.1046107185982	E	n218;33
330.98956006395963	C	n243;36
336.27194991669535	S	n243;36;n265;38;n266;39
337.9466629699342	E	n266;39
348.73634250454404	I	n244;37
357.83898267386695	E	n265;38
368.33285918754166	F	n244;37
