TIME	EVENT	NODES
82.83329272332189	O	n83
86.60669252253648	E	n83;1
