TIME	EVENT	NODES
82.87513137331783	O	n86
88.6291375715646	S	n86;1;n95;2;n96;3
89.63731734236336	E	n96;3
94.91171110375579	S	n95;2;n111;4;n112;5
99.07567634232825	S	n111;4;n117;6;n118;7
103.32850253061844	E	n117;6
103.34721566402152	S	n112;5;n127;8;n128;9
105.59611679360664	L	n128;9
113.18536271364133	S	n127;8;n149;10;n150;11
114.60875141654122	S	n149;10;n159;12;n160;13
116.58633338575909	I	n118;7
116.84190744763517	S	n118;7;n173;14;n174;15
120.90134015260391	E	n173;14
123.03330243667175	E	n160;13
125.88969064041424	S	n174;15;n205;16;n206;17
126.86618981371983	I	n205;16
128.15847320249986	T	n205;16;n205;18;n209;19
129.44283556805237	S	n206;17;n217;20;n218;21
130.06248543332637	E	n150;11
131.1781794776036	S	n159;12;n229;22;n230;23
132.51215462115564	T	n229;22;n229;24;n152;25
133.98837576070537	E	n152;25
134.11183794022722	S	n209;19;n249;26;n250;27
134.65113353933813	E	n205;18
136.17150238763622	E	n229;24
136.24444141721895	S	n217;20;n271;28;n272;29
137.28543503870534	I	n271;28
137.4181928277078	S	n250;27;n279;30;n280;31
137.44428209975396	F	n272;29
137.44428209975396	F	n271;28
137.44428209975396	F	n230;23
137.44428209975396	F	n279;30
137.44428209975396	F	n218;21
137.44428209975396	F	n280;31
137.44428209975396	F	n249;26
