TIME	EVENT	NODES
74.07543030142043	O	n87
79.33819933326355	E	n87;1
