TIME	EVENT	NODES
74.12197524764821	O	n96
77.82875716052023	E	n96;1
