TIME	EVENT	NODES
135.9316293648761	O	n7
152.63308264867726	S	n7;1;n33;2;n34;3
161.48566794440777	C	n33;2
162.77617771303431	S	n34;3;n37;4;n38;5
163.24509993371922	I	n33;2
164.0650225736182	E	n38;5
165.2249719103747	E	n33;2
187.1981154176181	S	n37;4;n59;6;n60;7
197.574740969038	S	n60;7;n71;8;n72;9
217.45871583934044	C	n71;8
224.87883338170167	E	n71;8
227.7581298472535	I	n72;9
235.28145620627836	I	n72;9
237.86464344588222	I	n59;6
242.1010947044743	I	n72;9
251.91737397158224	S	n59;6;n131;10;n132;11
254.31869674795763	S	n72;9;n137;12;n138;13
258.7065189548774	I	n132;11
262.48313050699846	S	n137;12;n155;14;n156;15
264.256074713361	S	n131;10;n159;16;n160;17
265.9097994774105	L	n155;14
268.08312347105647	S	n138;13;n163;18;n164;19
277.8106349986983	E	n163;18
278.4023845063155	I	n156;15
279.1801481933748	I	n132;11
279.3689247604448	E	n164;19
280.9346084359787	E	n156;15
283.003644560383	E	n160;17
288.5496408940298	S	n132;11;n189;20;n190;21
290.5154231613829	I	n159;16
297.2325938618031	S	n190;21;n211;22;n212;23
306.18779637717876	E	n189;20
310.5727689972924	I	n159;16
312.8379486029335	I	n212;23
323.451126983794	S	n211;22;n247;24;n248;25
326.9299560409181	S	n248;25;n249;26;n250;27
328.2146319613769	S	n159;16;n253;28;n254;29
334.64198406508626	S	n249;26;n255;30;n256;31
335.92113620132585	S	n254;29;n263;32;n264;33
338.4338878390365	I	n250;27
338.51097831531484	S	n247;24;n269;34;n270;35
339.658731161582	S	n264;33;n271;36;n272;37
342.5043969147848	I	n255;30
345.71198993976384	E	n253;28
351.3681074054671	E	n270;35
351.37042779145395	E	n255;30
354.87927296419616	I	n272;37
356.5243775902817	S	n250;27;n303;38;n304;39
359.43466135079467	S	n269;34;n307;40;n308;41
361.35287650703305	I	n307;40
361.7971077523211	S	n272;37;n309;42;n310;43
364.14479088522387	E	n212;23
364.39265661618424	S	n310;43;n317;44;n318;45
364.49514583717956	S	n304;39;n319;46;n320;47
365.0168302374957	S	n256;31;n323;48;n324;49
365.0417268907298	E	n263;32
365.9406802548836	S	n318;45;n329;50;n330;51
367.4514656234919	I	n330;51
368.1525611161385	S	n324;49;n331;52;n332;53
368.33285918754166	F	n330;51
368.33285918754166	F	n307;40
368.33285918754166	F	n329;50
368.33285918754166	F	n303;38
368.33285918754166	F	n271;36
368.33285918754166	F	n308;41
368.33285918754166	F	n331;52
368.33285918754166	F	n323;48
368.33285918754166	F	n320;47
368.33285918754166	F	n332;53
368.33285918754166	F	n317;44
368.33285918754166	F	n309;42
368.33285918754166	F	n319;46
