TIME	EVENT	NODES
83.26064660908764	O	n83
86.60669252253648	E	n83;1
