TIME	EVENT	NODES
74.27677018554479	O	n68
86.64549986121668	E	n68;1
