TIME	EVENT	NODES
83.37049320763064	O	n74
85.21081121544181	C	n74;1
87.36442533499313	S	n74;1;n93;2;n94;3
89.55192399987956	S	n93;2;n97;4;n98;5
90.74295096381583	E	n97;4
90.83607300829031	S	n94;3;n101;6;n102;7
93.35596511695059	C	n102;7
95.60276718195863	C	n101;6
96.09899526485816	E	n101;6
101.14759967511259	S	n98;5;n119;8;n120;9
104.71692765903443	I	n120;9
106.13974562605924	S	n102;7;n129;10;n130;11
106.2551761740781	S	n119;8;n131;12;n132;13
111.12349091197922	I	n129;10
112.19152098498493	S	n129;10;n145;14;n146;15
113.95168749419356	L	n131;12
114.6134552335811	S	n145;14;n161;16;n162;17
114.657371613597	S	n130;11;n163;18;n164;19
115.53629363054432	S	n120;9;n169;20;n170;21
120.76078747720435	S	n164;19;n179;22;n180;23
120.93492720218666	E	n132;13
121.71308316654702	S	n162;17;n183;24;n184;25
123.4576512951491	E	n184;25
124.3711312004714	E	n179;22
126.7918523131126	S	n180;23;n209;26;n210;27
127.74848639190229	S	n163;18;n211;28;n212;29
131.36589143781583	I	n169;20
131.6090091309295	I	n146;15
132.5078781716013	S	n183;24;n237;30;n238;31
132.73404178738306	S	n212;29;n239;32;n240;33
133.3351141628707	I	n169;20
133.7120348869219	I	n237;30
134.11183794022722	S	n209;26;n249;34;n250;35
134.23046956332826	S	n239;32;n251;36;n252;37
134.67922445755087	S	n240;33;n255;38;n256;39
135.06685894332068	S	n146;15;n257;40;n258;41
135.85464953594038	S	n257;40;n263;42;n264;43
136.11757414701233	S	n263;42;n267;44;n268;45
136.2024720917159	S	n252;37;n269;46;n270;47
136.37102824962483	E	n264;43
137.24494829212168	S	n269;46;n275;48;n276;49
137.4181928277078	S	n250;35;n279;50;n280;51
137.44428209975396	F	n169;20
137.44428209975396	F	n270;47
137.44428209975396	F	n258;41
137.44428209975396	F	n161;16
137.44428209975396	F	n267;44
137.44428209975396	F	n279;50
137.44428209975396	F	n211;28
137.44428209975396	F	n268;45
137.44428209975396	F	n255;38
137.44428209975396	F	n256;39
137.44428209975396	F	n170;21
137.44428209975396	F	n238;31
137.44428209975396	F	n210;27
137.44428209975396	F	n251;36
137.44428209975396	F	n280;51
137.44428209975396	F	n237;30
137.44428209975396	F	n249;34
137.44428209975396	F	n276;49
137.44428209975396	F	n275;48
