TIME	EVENT	NODES
83.53074638396623	O	n83
86.60669252253648	E	n83;1
