TIME	EVENT	NODES
74.46185180972842	O	n99
79.92423519246776	S	n99;1;n119;2;n120;3
80.21586346790183	E	n120;3
91.72046016143437	E	n119;2
