TIME	EVENT	NODES
74.47142372706699	O	n78
80.3895646593219	E	n78;1
