TIME	EVENT	NODES
74.52932148482351	O	n97
85.50601592411626	E	n97;1
