TIME	EVENT	NODES
74.59120118970672	O	n70
78.35351366847215	E	n70;1
