TIME	EVENT	NODES
74.67983648169245	O	n87
75.18747806051083	I	n87;1
79.33819933326355	E	n87;1
