TIME	EVENT	NODES
83.89635305796304	O	n87
87.9716937356141	E	n87;1
