TIME	EVENT	NODES
74.69217500397306	O	n78
80.3895646593219	E	n78;1
