TIME	EVENT	NODES
74.70607478021013	O	n96
77.82875716052023	E	n96;1
