TIME	EVENT	NODES
84.26223037058709	O	n87
87.9716937356141	E	n87;1
