TIME	EVENT	NODES
74.82892842498295	O	n92
90.48646187123879	E	n92;1
