TIME	EVENT	NODES
74.91946330914273	O	n98
75.77909324475415	E	n98;1
