TIME	EVENT	NODES
75.05085844776185	O	n55
75.18396773406573	S	n55;1;n103;2;n104;3
76.76269344293296	E	n103;2
78.57773424097833	I	n104;3
81.50267712156104	E	n104;3
