TIME	EVENT	NODES
84.51426286690315	O	n83
86.60669252253648	E	n83;1
