TIME	EVENT	NODES
75.05624254396639	O	n100
82.32957367319115	S	n100;1;n125;2;n126;3
84.80476003374768	E	n126;3
99.3287955017766	L	n125;2
