TIME	EVENT	NODES
75.28591194676467	O	n102
76.07500621366802	E	n102;1
