TIME	EVENT	NODES
75.30901253306779	O	n103
76.76269344293296	E	n103;1
