TIME	EVENT	NODES
138.52443511385437	O	n26
140.73746533056865	L	n26;1
