TIME	EVENT	NODES
75.42212247061347	O	n70
78.35351366847215	E	n70;1
