TIME	EVENT	NODES
138.625436339957	O	n26
149.3238145096331	S	n26;1;n29;2;n30;3
150.84222171296392	E	n30;3
197.1510954852415	C	n29;2
203.41640872191488	D	n29;2;n29;4;n29;5
224.34369207996875	S	n29;4;n91;6;n92;7
224.34369207996875	S	n29;5;n91;8;n92;9
226.5803175009936	L	n91;8
227.54637249049256	E	n91;6
245.37839399330434	L	n92;7
251.1517682979901	S	n92;9;n127;10;n128;11
251.5390235914055	E	n128;11
252.87678478256842	E	n127;10
