TIME	EVENT	NODES
75.4796370787593	O	n100
80.2590926579264	L	n100;1
