TIME	EVENT	NODES
138.91200707816722	O	n24
151.41608628417967	S	n24;1;n31;2;n32;3
157.84859515805144	I	n32;3
160.91974388609242	L	n32;3
165.1799971652594	S	n31;2;n39;4;n40;5
165.9448890036162	I	n39;4
166.42281919880233	S	n40;5;n41;6;n42;7
166.64237741405034	I	n42;7
169.09281682708968	E	n41;6
169.40844172015872	E	n39;4
173.3420775141136	S	n42;7;n53;8;n54;9
173.88687652149895	E	n54;9
200.4452439403279	L	n53;8
