TIME	EVENT	NODES
75.51305496841206	O	n73
75.6439857901438	C	n73;1
76.75087355783961	S	n73;1;n107;2;n108;3
79.22755505538495	S	n108;3;n113;4;n114;5
82.84074056886857	S	n113;4;n127;6;n128;7
87.1911954645398	E	n114;5
87.20880784991108	C	n107;2
90.79568255560412	E	n107;2
91.0242900867634	S	n127;6;n169;8;n170;9
91.54856848753883	S	n170;9;n181;10;n182;11
92.33494976870058	E	n182;11
96.83861240646377	E	n169;8
99.10789388249582	E	n128;7
107.07038824181652	S	n181;10;n253;12;n254;13
113.76517703328658	S	n254;13;n301;14;n302;15
113.98118132905664	E	n301;14
114.59513604545869	S	n302;15;n309;16;n310;17
117.64931390587152	E	n253;12
121.1154699736872	E	n309;16
122.20096298192965	F	n310;17
