TIME	EVENT	NODES
139.03628097396538	O	n19
150.26580604559422	I	n19;1
159.16697831053156	I	n19;1
171.2809686135886	S	n19;1;n47;2;n48;3
181.74900469298635	L	n48;3
195.2962476081532	C	n47;2
196.97511416203977	S	n47;2;n69;4;n70;5
205.25455400940166	S	n69;4;n73;6;n74;7
208.19839410567633	S	n74;7;n77;8;n78;9
212.0814811151844	S	n73;6;n81;10;n82;11
215.19426714998926	S	n82;11;n85;12;n86;13
215.46890092879823	L	n85;12
224.01115539674345	E	n81;10
226.08451416191318	E	n77;8
226.3022639445042	E	n78;9
228.16673811356966	I	n86;13
229.3795565787613	I	n86;13
230.12060625848866	I	n86;13
233.4549628477848	L	n86;13
256.74972332501403	S	n70;5;n145;14;n146;15
264.128081826833	I	n145;14
275.0960935428681	S	n146;15;n169;16;n170;17
275.8505257194636	S	n145;14;n173;18;n174;19
276.778106847264	S	n169;16;n177;20;n178;21
282.76068880907354	I	n174;19
288.2653077556269	I	n177;20
289.7660671719976	S	n177;20;n191;22;n192;23
292.56408620681617	S	n191;22;n197;24;n198;25
295.7101501024865	E	n178;21
297.4809194935266	I	n192;23
297.88510067996623	E	n197;24
300.59400167911366	I	n170;17
301.6362801513134	I	n170;17
309.21205838172443	S	n198;25;n231;26;n232;27
311.4685513565655	L	n231;26
314.5087251124538	E	n173;18
316.27600896896894	E	n192;23
316.64521563171144	E	n174;19
317.30612004847615	S	n232;27;n239;28;n240;29
321.67181999645015	I	n240;29
341.1120355229145	I	n170;17
343.0129889984875	L	n239;28
348.6720819320871	E	n240;29
368.33285918754166	F	n170;17
