TIME	EVENT	NODES
85.64624035206567	O	n92
90.49422440237502	S	n92;1;n99;2;n100;3
92.69770270402262	T	n99;2;n99;4;n105;5
93.37526834861075	E	n99;4
99.45579536856594	I	n105;5
101.65830150095249	E	n100;3
109.97257981492466	S	n105;5;n139;6;n140;7
110.91163200389121	I	n140;7
116.84276849014047	E	n139;6
123.81931590894636	E	n140;7
