TIME	EVENT	NODES
75.6785351494259	O	n96
77.82875716052023	E	n96;1
