TIME	EVENT	NODES
75.7010505174995	O	n103
76.76269344293296	E	n103;1
