TIME	EVENT	NODES
75.7796593639765	O	n70
78.35351366847215	E	n70;1
