TIME	EVENT	NODES
75.79936865319087	O	n92
90.48646187123879	E	n92;1
