TIME	EVENT	NODES
86.19676304781605	O	n87
87.9716937356141	E	n87;1
