TIME	EVENT	NODES
86.5519272443777	O	n86
88.6291375715646	S	n86;1;n95;2;n96;3
89.63731734236336	E	n96;3
94.91171110375579	S	n95;2;n111;4;n112;5
99.07567634232825	S	n111;4;n117;6;n118;7
103.32850253061844	E	n117;6
103.34721566402152	S	n112;5;n127;8;n128;9
103.92628301759024	C	n127;8
107.99813828291296	I	n127;8
111.60234952919022	I	n118;7
113.18536271364133	S	n127;8;n149;10;n150;11
114.60875141654122	S	n149;10;n159;12;n160;13
116.2811919034365	I	n128;9
116.58633338575909	I	n118;7
116.79865409744342	E	n128;9
116.84190744763517	S	n118;7;n173;14;n174;15
116.99581831022076	I	n174;15
120.90134015260391	E	n173;14
123.03330243667175	E	n160;13
125.88969064041424	S	n174;15;n205;16;n206;17
129.44283556805237	S	n206;17;n217;18;n218;19
130.06248543332637	E	n150;11
131.1781794776036	S	n159;12;n229;20;n230;21
134.65113353933813	E	n205;16
135.53185011065443	I	n229;20
136.17150238763622	E	n229;20
136.24444141721895	S	n217;18;n271;22;n272;23
137.44428209975396	F	n272;23
137.44428209975396	F	n271;22
137.44428209975396	F	n230;21
137.44428209975396	F	n218;19
