TIME	EVENT	NODES
86.84054764426803	O	n90
90.54933243482189	C	n90;1
106.31774553527507	L	n90;1
