TIME	EVENT	NODES
76.17977533999098	O	n90
84.70932730317352	S	n90;1;n133;2;n134;3
85.42092120853172	S	n134;3;n139;4;n140;5
85.77742182160104	S	n140;5;n141;6;n142;7
86.25047763284532	E	n141;6
87.18963022322029	S	n133;2;n151;8;n152;9
88.61422845110853	S	n139;4;n155;10;n156;11
90.0298616159461	E	n151;8
93.64961099014633	I	n155;10
96.36417835574501	E	n155;10
98.01931279411211	I	n142;7
98.27430524738351	E	n156;11
102.38892933329028	S	n152;9;n235;12;n236;13
103.1465928539085	S	n142;7;n241;14;n242;15
104.39354497663153	E	n241;14
104.50735567208498	I	n242;15
105.18311610228545	E	n235;12
106.48920284459821	T	n242;15;n242;16;n198;17
110.38736452343699	E	n198;17
115.2182153714495	S	n236;13;n313;18;n314;19
116.15826723514712	E	n313;18
116.48774247236345	T	n242;16;n242;20;n220;21
120.16237618407266	I	n220;21
122.20096298192965	F	n220;21
122.20096298192965	F	n242;20
122.20096298192965	F	n314;19
