TIME	EVENT	NODES
140.896275299997	O	n7
142.27632056874947	I	n7;1
152.63308264867726	S	n7;1;n33;2;n34;3
162.77617771303431	S	n34;3;n37;4;n38;5
164.0650225736182	E	n38;5
165.2249719103747	E	n33;2
187.1981154176181	S	n37;4;n59;6;n60;7
189.39914011628466	I	n60;7
197.574740969038	S	n60;7;n71;8;n72;9
217.56324740430793	I	n71;8
217.64652100025216	I	n71;8
217.672704934598	L	n71;8
239.33049058622979	I	n59;6
251.91737397158224	S	n59;6;n131;10;n132;11
254.31869674795763	S	n72;9;n137;12;n138;13
262.48313050699846	S	n137;12;n155;14;n156;15
262.92689318959526	I	n138;13
264.256074713361	S	n131;10;n159;16;n160;17
265.0337682786237	I	n159;16
268.08312347105647	S	n138;13;n163;18;n164;19
273.60469959230034	I	n160;17
277.8106349986983	E	n163;18
279.3689247604448	E	n164;19
280.9346084359787	E	n156;15
283.003644560383	E	n160;17
288.5496408940298	S	n132;11;n189;20;n190;21
297.2325938618031	S	n190;21;n211;22;n212;23
302.77518792485097	S	n155;14;n221;24;n222;25
306.18779637717876	E	n189;20
314.3193370741534	E	n222;25
320.06015787817074	I	n212;23
322.98767716438334	I	n211;22
323.451126983794	S	n211;22;n247;26;n248;27
326.9299560409181	S	n248;27;n249;28;n250;29
327.9940607899138	I	n221;24
328.2146319613769	S	n159;16;n253;30;n254;31
334.64198406508626	S	n249;28;n255;32;n256;33
334.72733984980283	I	n255;32
335.92113620132585	S	n254;31;n263;34;n264;35
338.51097831531484	S	n247;26;n269;36;n270;37
339.658731161582	S	n264;35;n271;38;n272;39
343.8653852562171	C	n256;33
345.71198993976384	E	n253;30
351.3681074054671	E	n270;37
351.37042779145395	E	n255;32
354.24522113556964	L	n271;38
356.3338608643787	L	n212;23
356.5243775902817	S	n250;29;n303;40;n304;41
357.6668047005397	L	n272;39
359.43466135079467	S	n269;36;n307;42;n308;43
364.49514583717956	S	n304;41;n319;44;n320;45
364.6278824329202	I	n319;44
365.0168302374957	S	n256;33;n323;46;n324;47
365.0417268907298	E	n263;34
367.29288087953734	D	n319;44;n319;48;n319;49
368.1525611161385	S	n324;47;n331;50;n332;51
368.33285918754166	F	n307;42
368.33285918754166	F	n303;40
368.33285918754166	F	n308;43
368.33285918754166	F	n331;50
368.33285918754166	F	n323;46
368.33285918754166	F	n320;45
368.33285918754166	F	n332;51
368.33285918754166	F	n221;24
368.33285918754166	F	n319;48
368.33285918754166	F	n319;49
