TIME	EVENT	NODES
76.19038974345904	O	n99
79.92423519246776	S	n99;1;n119;2;n120;3
80.21586346790183	E	n120;3
84.26469619171931	I	n119;2
91.72046016143437	E	n119;2
