TIME	EVENT	NODES
76.21109134743092	O	n96
77.82875716052023	E	n96;1
