TIME	EVENT	NODES
141.04122083280475	O	n19
171.2809686135886	S	n19;1;n47;2;n48;3
196.97511416203977	S	n47;2;n69;4;n70;5
205.25455400940166	S	n69;4;n73;6;n74;7
208.19839410567633	S	n74;7;n77;8;n78;9
212.0814811151844	S	n73;6;n81;10;n82;11
215.19426714998926	S	n82;11;n85;12;n86;13
219.5532543042646	I	n48;3
220.27363970958467	L	n85;12
224.01115539674345	E	n81;10
226.08451416191318	E	n77;8
226.3022639445042	E	n78;9
230.38254478304165	I	n48;3
232.50503728308755	I	n48;3
245.85340359938476	E	n86;13
256.74972332501403	S	n70;5;n145;14;n146;15
267.57563004741246	I	n48;3
270.50846597342445	E	n48;3
272.6162993645904	I	n145;14
275.0960935428681	S	n146;15;n169;16;n170;17
275.8505257194636	S	n145;14;n173;18;n174;19
276.778106847264	S	n169;16;n177;20;n178;21
277.2441545912147	T	n170;17;n170;22;n165;23
279.06486776533654	I	n170;22
289.7660671719976	S	n177;20;n191;24;n192;25
292.56408620681617	S	n191;24;n197;26;n198;27
295.7101501024865	E	n178;21
297.88510067996623	E	n197;26
300.2826596611717	I	n173;18
300.66408360617874	S	n165;23;n217;28;n218;29
301.39480262224913	S	n217;28;n219;30;n220;31
309.21205838172443	S	n198;27;n231;32;n232;33
309.22719658015154	E	n220;31
311.75100321649603	C	n192;25
314.5087251124538	E	n173;18
316.27600896896894	E	n192;25
316.64521563171144	E	n174;19
317.30612004847615	S	n232;33;n239;34;n240;35
318.4562673515494	I	n219;30
322.23550031039156	S	n219;30;n243;36;n244;37
325.03262760292375	I	n243;36
327.1046107185982	E	n218;29
329.787269424648	I	n240;35
335.14844581859495	S	n231;32;n259;38;n260;39
335.61846720378617	I	n170;22
336.27194991669535	S	n243;36;n265;40;n266;41
337.0122876984376	I	n265;40
337.0698899638276	I	n259;38
337.7665531624568	I	n239;34
337.9466629699342	E	n266;41
339.7182399727587	I	n244;37
340.55911664297986	I	n239;34
343.6784792185438	I	n244;37
346.4777560092869	I	n265;40
348.6720819320871	E	n240;35
348.7564267084988	E	n259;38
357.83898267386695	E	n265;40
364.79215553309297	I	n239;34
365.3354294195512	E	n260;39
365.6675909654996	S	n239;34;n327;42;n328;43
367.1124614369003	I	n170;22
368.33285918754166	F	n327;42
368.33285918754166	F	n328;43
368.33285918754166	F	n244;37
368.33285918754166	F	n170;22
