TIME	EVENT	NODES
87.14459840924637	O	n86
88.6291375715646	S	n86;1;n95;2;n96;3
89.63731734236336	E	n96;3
94.91171110375579	S	n95;2;n111;4;n112;5
99.07567634232825	S	n111;4;n117;6;n118;7
99.65390137287793	T	n112;5;n112;8;n103;9
101.73948828176651	I	n112;8
102.82426853750586	E	n103;9
103.32850253061844	E	n117;6
103.34721566402152	S	n112;8;n127;10;n128;11
113.18536271364133	S	n127;10;n149;12;n150;13
114.60875141654122	S	n149;12;n159;14;n160;15
116.79865409744342	E	n128;11
116.84190744763517	S	n118;7;n173;16;n174;17
120.71317340267103	I	n150;13
120.90134015260391	E	n173;16
123.03330243667175	E	n160;15
125.88969064041424	S	n174;17;n205;18;n206;19
126.33905790491195	I	n205;18
129.44283556805237	S	n206;19;n217;20;n218;21
129.49847368136182	I	n205;18
130.06248543332637	E	n150;13
131.1781794776036	S	n159;14;n229;22;n230;23
134.65113353933813	E	n205;18
136.17150238763622	E	n229;22
136.24444141721895	S	n217;20;n271;24;n272;25
137.44428209975396	F	n272;25
137.44428209975396	F	n271;24
137.44428209975396	F	n230;23
137.44428209975396	F	n218;21
