TIME	EVENT	NODES
76.29494810056917	O	n92
90.48646187123879	E	n92;1
