TIME	EVENT	NODES
76.3334799008412	O	n94
79.81738353468062	S	n94;1;n115;2;n116;3
82.9280124294097	E	n115;2
84.7839579053848	I	n116;3
85.26887989200775	S	n116;3;n137;4;n138;5
90.59408618872159	S	n138;5;n167;6;n168;7
91.18271935574295	S	n137;4;n173;8;n174;9
91.49327839421396	S	n173;8;n179;10;n180;11
92.55546409845404	C	n167;6
92.98086966293155	S	n179;10;n187;12;n188;13
93.1204238747337	I	n167;6
94.57618687065099	S	n174;9;n197;14;n198;15
95.24795588804022	S	n188;13;n207;16;n208;17
95.32788810343277	E	n187;12
95.88865744478659	S	n208;17;n209;18;n210;19
96.06946921142757	E	n168;7
96.76414183319842	E	n207;16
96.99802715324657	S	n180;11;n215;20;n216;21
98.05177697927205	S	n210;19;n217;22;n218;23
100.23801031248802	E	n197;14
100.26378681329363	S	n209;18;n225;24;n226;25
100.5630979072517	E	n217;22
100.82079643843899	S	n216;21;n229;26;n230;27
101.58159469995762	I	n167;6
101.88364993433952	S	n225;24;n233;28;n234;29
102.48521947160668	S	n167;6;n237;30;n238;31
102.50665066787323	S	n233;28;n239;32;n240;33
103.93947158504942	I	n238;31
105.53784601725131	S	n239;32;n247;34;n248;35
106.00897419475767	E	n240;33
106.13572358528997	E	n215;20
106.76847042739723	E	n226;25
106.8374852804199	S	n248;35;n251;36;n252;37
107.27663477102	S	n251;36;n257;38;n258;39
107.41703737897967	E	n218;23
107.53070438542849	S	n247;34;n261;40;n262;41
109.10825351651116	S	n252;37;n269;42;n270;43
109.1581751218778	D	n257;38;n257;44;n257;45
109.19341537978787	S	n258;39;n271;46;n272;47
110.1458391327182	S	n271;46;n281;48;n282;49
110.36830131907934	L	n198;15
110.59821760248624	S	n262;41;n285;50;n286;51
110.61259856831502	S	n237;30;n287;52;n288;53
111.03753699902806	E	n234;29
111.10609646968076	E	n285;50
111.64420471809825	I	n288;53
111.80098211610584	E	n269;42
112.40282787828959	L	n230;27
112.47100851439468	E	n270;43
114.8346704528777	I	n288;53
115.29971570919966	E	n257;44
115.29971570919966	E	n257;45
115.65239317601123	E	n272;47
115.92249460212943	E	n229;26
116.08793483144474	E	n282;49
116.4438118421558	E	n287;52
116.45204155339697	E	n261;40
120.96164925685498	E	n286;51
122.20096298192965	F	n288;53
122.20096298192965	F	n281;48
122.20096298192965	F	n238;31
