TIME	EVENT	NODES
76.5020335805973	O	n92
78.77461098368288	I	n92;1
90.48646187123879	E	n92;1
