TIME	EVENT	NODES
76.60093264188387	O	n105
76.98271308737247	S	n105;1;n109;2;n110;3
79.30812165855059	E	n110;3
79.82687071617491	S	n109;2;n117;4;n118;5
84.61441438989753	S	n118;5;n131;6;n132;7
87.42636199447134	S	n132;7;n153;8;n154;9
88.66389465217347	S	n117;4;n157;10;n158;11
88.76974056481701	C	n131;6
88.82451642446301	T	n157;10;n157;12;n106;13
89.39607863679154	S	n157;12;n161;14;n162;15
89.56639408370069	E	n161;14
89.92672479913614	S	n158;11;n165;16;n166;17
91.11770339704343	E	n131;6
91.26775341023475	S	n106;13;n175;18;n176;19
92.63276630510067	S	n154;9;n185;20;n186;21
92.67213600651016	L	n176;19
92.67213600651016	T	n175;18;n175;22;n176;23
92.72958993056575	I	n153;8
93.09791901542602	L	n185;20
94.2905627805281	S	n162;15;n193;24;n194;25
95.00069429405947	E	n176;23
95.98147451295556	I	n194;25
97.56005289654414	E	n193;24
98.4187588296697	E	n165;16
98.53344519810094	E	n194;25
101.83274108164306	S	n166;17;n231;26;n232;27
101.908053772782	E	n231;26
105.3897705314984	S	n232;27;n245;28;n246;29
106.31308176797668	C	n246;29
106.84486426192589	E	n186;21
108.2409827939678	S	n245;28;n265;30;n266;31
108.42201726908658	S	n175;22;n267;32;n268;33
109.3892324400371	S	n267;32;n275;34;n276;35
109.84561817691029	S	n276;35;n279;36;n280;37
110.81554259923739	E	n275;34
111.91854719341158	S	n266;31;n295;38;n296;39
112.28537063347119	E	n268;33
112.33465727223887	C	n153;8
112.90363689501072	L	n265;30
113.54079122903167	E	n279;36
115.36249319289614	E	n296;39
120.08725737012921	S	n246;29;n341;40;n342;41
121.43476404403538	E	n280;37
122.20096298192965	F	n153;8
122.20096298192965	F	n341;40
122.20096298192965	F	n342;41
122.20096298192965	F	n295;38
