TIME	EVENT	NODES
141.68265264752466	O	n26
149.3238145096331	S	n26;1;n29;2;n30;3
150.66371876436537	I	n30;3
150.84222171296392	E	n30;3
216.5785794463997	L	n29;2
