TIME	EVENT	NODES
76.63059533395155	O	n96
77.82875716052023	E	n96;1
