TIME	EVENT	NODES
141.84850632387048	O	n20
148.9849759202454	S	n20;1;n27;2;n28;3
153.15396712937255	S	n28;3;n35;4;n36;5
156.55707787815126	I	n27;2
166.54278869017284	E	n27;2
168.98360319176706	S	n36;5;n43;6;n44;7
170.74431018111153	S	n43;6;n45;8;n46;9
172.7134354678535	S	n35;4;n51;10;n52;11
177.51846234063663	E	n45;8
184.38473418243225	S	n51;10;n57;12;n58;13
187.68489901940544	E	n46;9
189.4429084824666	S	n44;7;n63;14;n64;15
191.03496434186974	I	n63;14
195.81562732113593	E	n58;13
198.38548912665075	I	n57;12
199.3404950915714	E	n57;12
217.10122037003637	S	n63;14;n87;16;n88;17
224.42074098395472	S	n87;16;n93;18;n94;19
227.7086322008703	S	n52;11;n97;20;n98;21
228.25572778307904	C	n93;18
232.2598634713699	E	n94;19
232.8439288366906	E	n88;17
248.88117897606477	E	n64;15
249.03530572249304	S	n97;20;n123;22;n124;23
251.32595194107125	C	n93;18
253.1643921438866	I	n124;23
254.59397657947247	S	n123;22;n139;24;n140;25
255.08922900163986	E	n139;24
258.8150958922131	S	n124;23;n149;26;n150;27
263.1946935408616	S	n93;18;n157;28;n158;29
265.17930618186847	D	n149;26;n149;30;n149;31
271.0359830191678	S	n158;29;n165;32;n166;33
275.3394929136777	E	n140;25
279.8373989289696	I	n165;32
281.86281336619095	S	n157;28;n181;34;n182;35
282.785852448243	I	n165;32
293.4401227103343	E	n150;27
297.22758236509793	L	n165;32
297.3759122122873	E	n182;35
297.82959460464184	E	n98;21
304.01845085343535	I	n149;30
306.73512385636764	L	n166;33
313.2735372024965	E	n149;30
313.2735372024965	E	n149;31
319.1754351244329	I	n181;34
326.9191915703628	E	n181;34
