TIME	EVENT	NODES
76.73452974986996	O	n87
79.33819933326355	E	n87;1
