TIME	EVENT	NODES
87.8789069271394	O	n91
97.31886692307799	E	n91;1
