TIME	EVENT	NODES
142.10061223648933	O	n19
145.44577829730898	I	n19;1
171.2809686135886	S	n19;1;n47;2;n48;3
172.6352330251176	L	n47;2
185.76265450690153	L	n48;3
