TIME	EVENT	NODES
87.88886404108385	O	n93
89.55192399987956	S	n93;1;n97;2;n98;3
90.74295096381583	E	n97;2
101.14759967511259	S	n98;3;n119;4;n120;5
106.2551761740781	S	n119;4;n131;6;n132;7
113.95093030729302	D	n132;7;n132;8;n132;9
115.53629363054432	S	n120;5;n169;10;n170;11
117.38363929480403	I	n170;11
120.93492720218666	E	n132;8
120.93492720218666	E	n132;9
124.00483492653812	S	n131;6;n193;12;n194;13
125.25852644709114	T	n169;10;n169;14;n175;15
125.3362666112503	S	n194;13;n201;16;n202;17
132.0096165425425	E	n201;16
135.910637703942	S	n202;17;n265;18;n266;19
136.18078583605833	E	n175;15
137.3574170703479	S	n193;12;n277;20;n278;21
137.44428209975396	F	n169;14
137.44428209975396	F	n278;21
137.44428209975396	F	n265;18
137.44428209975396	F	n170;11
137.44428209975396	F	n277;20
137.44428209975396	F	n266;19
