TIME	EVENT	NODES
76.79138480835448	O	n99
79.92423519246776	S	n99;1;n119;2;n120;3
80.21586346790183	E	n120;3
91.03661436075143	T	n119;2;n119;4;n159;5
91.72046016143437	E	n119;4
94.68228810518416	S	n159;5;n199;6;n200;7
96.44290819147221	S	n200;7;n211;8;n212;9
101.51446341153029	E	n212;9
102.98341176200759	E	n211;8
108.37576250505025	E	n199;6
