TIME	EVENT	NODES
142.19688350773893	O	n26
149.3238145096331	S	n26;1;n29;2;n30;3
150.84222171296392	E	n30;3
154.76211481438773	L	n29;2
