TIME	EVENT	NODES
142.1990069822509	O	n25
142.7155834077547	E	n25;1
