TIME	EVENT	NODES
88.22985739484338	O	n90
95.90027599898329	I	n90;1
111.11982330004851	S	n90;1;n141;2;n142;3
113.05043982879775	S	n141;2;n147;4;n148;5
120.73658318917201	S	n147;4;n177;6;n178;7
121.94033774569849	S	n177;6;n187;8;n188;9
121.9519931776941	T	n142;3;n142;10;n185;11
122.44783805134449	I	n187;8
122.96089664221213	S	n187;8;n191;12;n192;13
126.02587607460606	S	n192;13;n207;14;n208;15
128.0705698243647	S	n207;14;n213;16;n214;17
129.26832954659912	S	n188;9;n215;18;n216;19
129.61203069115194	D	n215;18;n215;20;n215;21
129.97651367823465	S	n142;10;n221;22;n222;23
130.09222203709768	S	n213;16;n223;24;n224;25
130.32663096315986	L	n185;11
130.3478450618157	S	n224;25;n225;26;n226;27
130.79527631442593	E	n222;23
131.11070081786738	E	n191;12
131.12736847383428	E	n178;7
131.59642289544732	S	n215;20;n233;28;n234;29
131.59642289544732	S	n215;21;n233;30;n234;31
132.25890650819693	E	n223;24
132.3401028583617	S	n233;28;n235;32;n236;33
132.3401028583617	S	n233;30;n235;34;n236;35
132.75998679969956	S	n236;33;n241;36;n242;37
132.75998679969956	S	n236;35;n241;38;n242;39
133.68463181083166	S	n225;26;n245;40;n246;41
133.9195906530183	E	n214;17
134.01809809279308	E	n226;27
135.26511937963505	E	n245;40
137.13164605031997	E	n234;29
137.13164605031997	E	n234;31
137.44428209975396	F	n242;37
137.44428209975396	F	n242;39
137.44428209975396	F	n235;32
137.44428209975396	F	n235;34
137.44428209975396	F	n216;19
137.44428209975396	F	n208;15
137.44428209975396	F	n221;22
137.44428209975396	F	n241;36
137.44428209975396	F	n241;38
137.44428209975396	F	n148;5
137.44428209975396	F	n246;41
