TIME	EVENT	NODES
76.86011919375134	O	n94
79.81738353468062	S	n94;1;n115;2;n116;3
82.9280124294097	E	n115;2
85.26887989200775	S	n116;3;n137;4;n138;5
90.59408618872159	S	n138;5;n167;6;n168;7
91.18271935574295	S	n137;4;n173;8;n174;9
91.49327839421396	S	n173;8;n179;10;n180;11
92.47267053408987	I	n180;11
92.98086966293155	S	n179;10;n187;12;n188;13
94.57618687065099	S	n174;9;n197;14;n198;15
95.14011614050801	I	n197;14
95.24795588804022	S	n188;13;n207;16;n208;17
95.32788810343277	E	n187;12
95.88865744478659	S	n208;17;n209;18;n210;19
96.06946921142757	E	n168;7
96.76414183319842	E	n207;16
96.99802715324657	S	n180;11;n215;20;n216;21
97.07327139214058	I	n215;20
97.11678224293027	I	n216;21
98.05177697927205	S	n210;19;n217;22;n218;23
99.33729456081869	T	n167;6;n167;24;n211;25
100.23801031248802	E	n197;14
100.26378681329363	S	n209;18;n225;26;n226;27
100.5630979072517	E	n217;22
100.82079643843899	S	n216;21;n229;28;n230;29
101.88364993433952	S	n225;26;n233;30;n234;31
102.48521947160668	S	n167;24;n237;32;n238;33
102.50665066787323	S	n233;30;n239;34;n240;35
102.98341176200759	E	n211;25
103.39083615437349	D	n237;32;n237;36;n237;37
105.53784601725131	S	n239;34;n247;38;n248;39
106.00897419475767	E	n240;35
106.13572358528997	E	n215;20
106.76847042739723	E	n226;27
106.8374852804199	S	n248;39;n251;40;n252;41
107.27663477102	S	n251;40;n257;42;n258;43
107.41703737897967	E	n218;23
107.53070438542849	S	n247;38;n261;44;n262;45
109.10825351651116	S	n252;41;n269;46;n270;47
109.19341537978787	S	n258;43;n271;48;n272;49
109.80168978983376	I	n237;36
109.80168978983376	I	n237;37
110.1458391327182	S	n271;48;n281;50;n282;51
110.38736452343699	E	n198;15
110.59821760248624	S	n262;45;n285;52;n286;53
110.61259856831502	S	n237;37;n287;54;n288;55
110.61259856831502	S	n237;36;n287;56;n288;57
111.03753699902806	E	n234;31
111.10609646968076	E	n285;52
111.80098211610584	E	n269;46
112.47100851439468	E	n270;47
115.29971570919966	E	n257;42
115.65239317601123	E	n272;49
115.92249460212943	E	n229;28
116.08793483144474	E	n282;51
116.4438118421558	E	n287;54
116.4438118421558	E	n287;56
116.45204155339697	E	n261;44
120.96164925685498	E	n286;53
122.20096298192965	F	n230;29
122.20096298192965	F	n288;55
122.20096298192965	F	n288;57
122.20096298192965	F	n281;50
122.20096298192965	F	n238;33
