TIME	EVENT	NODES
88.38566077781648	O	n91
97.31886692307799	E	n91;1
