TIME	EVENT	NODES
76.90381942072582	O	n107
90.79568255560412	E	n107;1
