TIME	EVENT	NODES
142.5505400066974	O	n23
171.45748821204532	S	n23;1;n49;2;n50;3
172.87748468452395	C	n50;3
176.11005676811268	S	n49;2;n55;4;n56;5
180.68423174771254	E	n50;3
185.71075973595092	L	n55;4
188.99377288291518	S	n56;5;n61;6;n62;7
191.35598736312272	S	n62;7;n65;8;n66;9
193.96034480415062	I	n65;8
196.74632570764513	E	n66;9
198.7833493433951	I	n61;6
212.14935991177535	E	n65;8
221.4844260935815	S	n61;6;n89;10;n90;11
231.2895298785254	E	n89;10
280.88338111280893	E	n90;11
