TIME	EVENT	NODES
88.74711641681273	O	n91
97.31886692307799	E	n91;1
