TIME	EVENT	NODES
77.05706114847847	O	n100
82.32957367319115	S	n100;1;n125;2;n126;3
84.80476003374768	E	n126;3
120.25027407576184	T	n125;2;n125;4;n280;5
121.43476404403538	E	n280;5
122.20096298192965	F	n125;4
