TIME	EVENT	NODES
143.01752067378868	O	n26
143.09996175981158	C	n26;1
149.3238145096331	S	n26;1;n29;2;n30;3
150.84222171296392	E	n30;3
152.02586266003337	I	n29;2
211.05164275132233	L	n29;2
