TIME	EVENT	NODES
77.12658817086647	O	n97
85.50601592411626	E	n97;1
