TIME	EVENT	NODES
89.0083467108905	O	n84
91.78210615836441	S	n84;1;n103;2;n104;3
94.474060824631	L	n104;3
102.82426853750586	E	n103;2
