TIME	EVENT	NODES
143.60295226230667	O	n23
145.2203324382979	I	n23;1
168.04905396149644	I	n23;1
171.45748821204532	S	n23;1;n49;2;n50;3
176.11005676811268	S	n49;2;n55;4;n56;5
178.08942670711934	I	n50;3
180.68423174771254	E	n50;3
180.83087349245136	L	n56;5
202.02765897081147	C	n55;4
238.066136604651	E	n55;4
