TIME	EVENT	NODES
89.20025145150221	O	n69
90.00139408873866	D	n69;1;n69;2;n69;3
91.20512203911903	I	n69;2
91.20512203911903	I	n69;3
94.44886266487701	S	n69;3;n107;4;n108;5
94.44886266487701	S	n69;2;n107;6;n108;7
94.63460892869011	S	n107;4;n109;8;n110;9
94.63460892869011	S	n107;6;n109;10;n110;11
94.9559992561096	S	n108;5;n113;12;n114;13
94.9559992561096	S	n108;7;n113;14;n114;15
95.38501757326547	E	n113;12
95.38501757326547	E	n113;14
95.54954112669942	E	n110;9
95.54954112669942	E	n110;11
99.20531432363919	E	n109;8
99.20531432363919	E	n109;10
99.8906396465015	E	n114;13
99.8906396465015	E	n114;15
