TIME	EVENT	NODES
77.30386491785576	O	n96
77.82875716052023	E	n96;1
