TIME	EVENT	NODES
77.35984531446506	O	n96
77.82875716052023	E	n96;1
