TIME	EVENT	NODES
89.86833438208986	O	n84
91.78210615836441	S	n84;1;n103;2;n104;3
102.00888548602907	L	n103;2
106.57096831231419	E	n104;3
