TIME	EVENT	NODES
144.0269777085393	O	n20
148.9849759202454	S	n20;1;n27;2;n28;3
153.15396712937255	S	n28;3;n35;4;n36;5
166.54278869017284	E	n27;2
168.98360319176706	S	n36;5;n43;6;n44;7
170.74431018111153	S	n43;6;n45;8;n46;9
171.12160575011828	I	n45;8
172.7134354678535	S	n35;4;n51;10;n52;11
173.1209061370905	C	n45;8
177.51846234063663	E	n45;8
183.16505077927584	D	n51;10;n51;12;n51;13
184.38473418243225	S	n51;12;n57;14;n58;15
184.38473418243225	S	n51;13;n57;16;n58;17
187.68489901940544	E	n46;9
189.4429084824666	S	n44;7;n63;18;n64;19
194.91906691184516	I	n58;15
194.91906691184516	I	n58;17
195.81562732113593	E	n58;17
195.81562732113593	E	n58;15
199.3404950915714	E	n57;14
199.3404950915714	E	n57;16
209.3174835058464	I	n64;19
211.0540133269368	I	n52;11
217.10122037003637	S	n63;18;n87;20;n88;21
224.42074098395472	S	n87;20;n93;22;n94;23
227.7086322008703	S	n52;11;n97;24;n98;25
227.84093750395908	C	n98;25
231.5571464371633	I	n88;21
232.09505500922094	I	n97;24
232.2598634713699	E	n94;23
232.8439288366906	E	n88;21
233.86037976084268	I	n93;22
248.88117897606477	E	n64;19
249.00999249924945	I	n98;25
249.03530572249304	S	n97;24;n123;26;n124;27
250.89633029579954	I	n93;22
254.59397657947247	S	n123;26;n139;28;n140;29
255.08922900163986	E	n139;28
258.8150958922131	S	n124;27;n149;30;n150;31
263.1946935408616	S	n93;22;n157;32;n158;33
271.0359830191678	S	n158;33;n165;34;n166;35
272.8506258978624	I	n140;29
275.3394929136777	E	n140;29
281.12768131578406	I	n165;34
281.86281336619095	S	n157;32;n181;36;n182;37
283.31122343036844	C	n165;34
288.5250899997014	I	n182;37
293.4401227103343	E	n150;31
296.3991420273424	I	n165;34
297.3759122122873	E	n182;37
297.82959460464184	E	n98;25
300.66408360617874	S	n165;34;n217;38;n218;39
301.39480262224913	S	n217;38;n219;40;n220;41
302.67345615312456	I	n149;30
309.22719658015154	E	n220;41
313.2735372024965	E	n149;30
313.43721205071034	C	n218;39
322.23550031039156	S	n219;40;n243;42;n244;43
325.62016585225894	E	n166;35
326.9191915703628	E	n181;36
327.1046107185982	E	n218;39
336.27194991669535	S	n243;42;n265;44;n266;45
337.9466629699342	E	n266;45
357.83898267386695	E	n265;44
368.33285918754166	F	n244;43
