TIME	EVENT	NODES
77.45332238992552	O	n104
81.50267712156104	E	n104;1
