TIME	EVENT	NODES
144.3575561396396	O	n20
148.9849759202454	S	n20;1;n27;2;n28;3
153.15396712937255	S	n28;3;n35;4;n36;5
160.4412742129099	I	n35;4
166.54278869017284	E	n27;2
168.98360319176706	S	n36;5;n43;6;n44;7
170.72068407414488	I	n35;4
170.74431018111153	S	n43;6;n45;8;n46;9
172.7134354678535	S	n35;4;n51;10;n52;11
174.31300515140396	I	n45;8
177.51846234063663	E	n45;8
184.38473418243225	S	n51;10;n57;12;n58;13
187.68489901940544	E	n46;9
189.4429084824666	S	n44;7;n63;14;n64;15
192.66472599624754	C	n64;15
195.7313166999956	I	n57;12
195.81562732113593	E	n58;13
197.9972097177367	L	n52;11
198.96142630978986	I	n64;15
199.3404950915714	E	n57;12
202.04678109885788	I	n63;14
206.01091398525205	C	n63;14
217.10122037003637	S	n63;14;n87;16;n88;17
218.12919856086245	C	n88;17
223.56245094757458	I	n87;16
224.42074098395472	S	n87;16;n93;18;n94;19
229.48308467193002	I	n64;15
231.84807276261014	C	n88;17
232.2598634713699	E	n94;19
232.8439288366906	E	n88;17
233.99107886837754	I	n64;15
248.88117897606477	E	n64;15
263.1946935408616	S	n93;18;n157;20;n158;21
271.0359830191678	S	n158;21;n165;22;n166;23
275.9722922828658	I	n166;23
278.3331394510357	I	n157;20
281.86281336619095	S	n157;20;n181;24;n182;25
284.248630423907	I	n182;25
287.40809824768	C	n182;25
288.5250899997014	I	n182;25
297.3759122122873	E	n182;25
300.66408360617874	S	n165;22;n217;26;n218;27
301.39480262224913	S	n217;26;n219;28;n220;29
304.73569908895183	I	n166;23
309.22719658015154	E	n220;29
313.31681944729553	I	n218;27
322.23550031039156	S	n219;28;n243;30;n244;31
325.62016585225894	E	n166;23
326.9191915703628	E	n181;24
327.1046107185982	E	n218;27
336.27194991669535	S	n243;30;n265;32;n266;33
337.9466629699342	E	n266;33
340.1389816847589	I	n244;31
354.08506775125977	I	n244;31
354.10974447075046	I	n244;31
357.83898267386695	E	n265;32
368.33285918754166	F	n244;31
