TIME	EVENT	NODES
90.24446260436834	O	n98
101.14759967511259	S	n98;1;n119;2;n120;3
103.09724863736227	I	n120;3
106.2551761740781	S	n119;2;n131;4;n132;5
115.53629363054432	S	n120;3;n169;6;n170;7
120.93492720218666	E	n132;5
124.00483492653812	S	n131;4;n193;8;n194;9
124.08645687081471	I	n169;6
125.3362666112503	S	n194;9;n201;10;n202;11
128.0329409786148	D	n170;7;n170;12;n170;13
132.0096165425425	E	n201;10
132.8504318925118	I	n170;12
132.8504318925118	I	n170;13
133.3351141628707	I	n169;6
135.910637703942	S	n202;11;n265;14;n266;15
137.3574170703479	S	n193;8;n277;16;n278;17
137.44428209975396	F	n169;6
137.44428209975396	F	n278;17
137.44428209975396	F	n265;14
137.44428209975396	F	n170;13
137.44428209975396	F	n170;12
137.44428209975396	F	n277;16
137.44428209975396	F	n266;15
