TIME	EVENT	NODES
144.98876500726215	O	n26
149.3238145096331	S	n26;1;n29;2;n30;3
150.84222171296392	E	n30;3
203.02757523207336	L	n29;2
