TIME	EVENT	NODES
90.24873822545587	O	n91
97.31886692307799	E	n91;1
