TIME	EVENT	NODES
144.9923912811677	O	n19
170.79457568108384	L	n19;1
