TIME	EVENT	NODES
145.01135895906663	O	n23
166.2178203348881	I	n23;1
171.45748821204532	S	n23;1;n49;2;n50;3
176.11005676811268	S	n49;2;n55;4;n56;5
179.61827381666365	I	n56;5
180.68423174771254	E	n50;3
187.48632873569315	I	n56;5
188.99377288291518	S	n56;5;n61;6;n62;7
189.44357289465324	I	n61;6
191.35598736312272	S	n62;7;n65;8;n66;9
192.0329300678529	D	n61;6;n61;10;n61;11
193.18179010405606	I	n55;4
196.74632570764513	E	n66;9
209.10822327816567	D	n65;8;n65;12;n65;13
212.14935991177535	E	n65;12
212.14935991177535	E	n65;13
221.4844260935815	S	n61;10;n89;14;n90;15
221.4844260935815	S	n61;11;n89;16;n90;17
223.87507037828513	I	n55;4
231.2895298785254	E	n89;14
231.2895298785254	E	n89;16
238.066136604651	E	n55;4
243.84869925012356	T	n90;17;n90;18;n107;19
255.40030195211912	I	n90;18
266.80294771333917	S	n107;19;n161;20;n162;21
267.1035377185916	T	n162;21;n162;22;n146;23
274.55202766860106	I	n161;20
275.0960935428681	S	n146;23;n169;24;n170;25
276.778106847264	S	n169;24;n177;26;n178;27
277.04604187489826	E	n161;20
279.7501214445575	I	n177;26
280.88338111280893	E	n90;15
280.88338111280893	E	n90;18
285.9456044299885	S	n162;22;n185;28;n186;29
289.68495730814817	I	n177;26
289.7660671719976	S	n177;26;n191;30;n192;31
292.01152244219134	S	n186;29;n195;32;n196;33
292.56408620681617	S	n191;30;n197;34;n198;35
293.2739052785528	I	n170;25
294.3863709038432	I	n195;32
295.6941739117224	I	n198;35
295.7101501024865	E	n178;27
296.7804733096652	S	n196;33;n207;36;n208;37
297.77429733878824	E	n208;37
297.88510067996623	E	n197;34
298.5182981782411	E	n207;36
301.5187902891868	E	n195;32
306.7118637562414	E	n185;28
309.21205838172443	S	n198;35;n231;38;n232;39
309.8131633788217	L	n232;39
316.27600896896894	E	n192;31
335.14844581859495	S	n231;38;n259;40;n260;41
338.2325154907867	I	n260;41
348.7564267084988	E	n259;40
357.5696145921873	T	n170;25;n170;42;n281;43
360.904866670917	I	n170;42
365.3354294195512	E	n260;41
368.33285918754166	F	n281;43
368.33285918754166	F	n170;42
