TIME	EVENT	NODES
77.59768034428726	O	n68
86.64549986121668	E	n68;1
