TIME	EVENT	NODES
77.60865374892926	O	n87
79.33819933326355	E	n87;1
