TIME	EVENT	NODES
77.6766764367583	O	n110
79.30812165855059	E	n110;1
