TIME	EVENT	NODES
77.80254945062232	O	n70
78.35351366847215	E	n70;1
