TIME	EVENT	NODES
90.61635949074062	O	n100
101.65830150095249	E	n100;1
