TIME	EVENT	NODES
77.82672751264673	O	n68
82.45241893062718	I	n68;1
86.64549986121668	E	n68;1
