TIME	EVENT	NODES
77.84039969548296	O	n106
89.74723382012013	T	n106;1;n106;2;n125;3
91.26775341023475	S	n106;2;n175;4;n176;5
95.00069429405947	E	n176;5
108.42201726908658	S	n175;4;n267;6;n268;7
109.3892324400371	S	n267;6;n275;8;n276;9
109.84561817691029	S	n276;9;n279;10;n280;11
110.81554259923739	E	n275;8
112.28537063347119	E	n268;7
113.54079122903167	E	n279;10
121.43476404403538	E	n280;11
122.20096298192965	F	n125;3
