TIME	EVENT	NODES
145.76890567273713	O	n23
171.45748821204532	S	n23;1;n49;2;n50;3
176.11005676811268	S	n49;2;n55;4;n56;5
176.91256279487155	I	n56;5
180.68423174771254	E	n50;3
183.67290234574935	D	n56;5;n56;6;n56;7
188.6154569317456	I	n55;4
188.7360380925551	C	n56;6
188.99377288291518	S	n56;7;n61;8;n62;9
188.99377288291518	S	n56;6;n61;10;n62;11
191.35598736312272	S	n62;9;n65;12;n66;13
191.35598736312272	S	n62;11;n65;14;n66;15
193.9486269361423	I	n66;15
196.74632570764513	E	n66;13
196.74632570764513	E	n66;15
198.8675006437795	C	n55;4
201.87867933511035	I	n61;8
210.15590691254573	I	n61;10
211.52487285655798	C	n55;4
212.14935991177535	E	n65;12
212.14935991177535	E	n65;14
219.11554914042927	I	n55;4
221.4844260935815	S	n61;8;n89;16;n90;17
221.4844260935815	S	n61;10;n89;18;n90;19
231.2895298785254	E	n89;16
231.2895298785254	E	n89;18
238.066136604651	E	n55;4
240.00084961274646	I	n90;19
274.06867449459185	L	n90;19
280.88338111280893	E	n90;17
