TIME	EVENT	NODES
146.1397042003614	O	n20
148.9849759202454	S	n20;1;n27;2;n28;3
153.15396712937255	S	n28;3;n35;4;n36;5
154.08992490351883	I	n27;2
166.54278869017284	E	n27;2
168.98360319176706	S	n36;5;n43;6;n44;7
170.74431018111153	S	n43;6;n45;8;n46;9
172.7134354678535	S	n35;4;n51;10;n52;11
176.4970094199066	I	n52;11
177.51846234063663	E	n45;8
184.38473418243225	S	n51;10;n57;12;n58;13
187.68489901940544	E	n46;9
189.4429084824666	S	n44;7;n63;14;n64;15
195.81562732113593	E	n58;13
199.3404950915714	E	n57;12
199.60266799829816	I	n63;14
217.10122037003637	S	n63;14;n87;16;n88;17
221.48679259371747	C	n88;17
224.42074098395472	S	n87;16;n93;18;n94;19
227.7086322008703	S	n52;11;n97;20;n98;21
232.2598634713699	E	n94;19
232.8439288366906	E	n88;17
242.0173334784876	L	n97;20
246.06571547628118	L	n93;18
248.88117897606477	E	n64;15
248.94956779508917	I	n98;21
272.6767349114643	I	n98;21
297.82959460464184	E	n98;21
