TIME	EVENT	NODES
91.18768120112364	O	n102
106.13974562605924	S	n102;1;n129;2;n130;3
112.19152098498493	S	n129;2;n145;4;n146;5
114.6134552335811	S	n145;4;n161;6;n162;7
114.657371613597	S	n130;3;n163;8;n164;9
118.53269635400413	I	n164;9
120.73794764946179	I	n162;7
120.76078747720435	S	n164;9;n179;10;n180;11
121.71308316654702	S	n162;7;n183;12;n184;13
123.4576512951491	E	n184;13
124.3711312004714	E	n179;10
126.7918523131126	S	n180;11;n209;14;n210;15
127.74848639190229	S	n163;8;n211;16;n212;17
127.98244692269832	D	n210;15;n210;18;n210;19
128.1156373246097	C	n211;16
132.5078781716013	S	n183;12;n237;20;n238;21
132.73404178738306	S	n212;17;n239;22;n240;23
134.11183794022722	S	n209;14;n249;24;n250;25
134.23046956332826	S	n239;22;n251;26;n252;27
134.67922445755087	S	n240;23;n255;28;n256;29
135.06685894332068	S	n146;5;n257;30;n258;31
135.85464953594038	S	n257;30;n263;32;n264;33
136.11757414701233	S	n263;32;n267;34;n268;35
136.1816942837356	C	n237;20
136.2024720917159	S	n252;27;n269;36;n270;37
136.37102824962483	E	n264;33
137.24494829212168	S	n269;36;n275;38;n276;39
137.4181928277078	S	n250;25;n279;40;n280;41
137.44428209975396	F	n270;37
137.44428209975396	F	n258;31
137.44428209975396	F	n161;6
137.44428209975396	F	n267;34
137.44428209975396	F	n279;40
137.44428209975396	F	n211;16
137.44428209975396	F	n268;35
137.44428209975396	F	n255;28
137.44428209975396	F	n256;29
137.44428209975396	F	n238;21
137.44428209975396	F	n210;18
137.44428209975396	F	n210;19
137.44428209975396	F	n251;26
137.44428209975396	F	n280;41
137.44428209975396	F	n237;20
137.44428209975396	F	n249;24
137.44428209975396	F	n276;39
137.44428209975396	F	n275;38
