TIME	EVENT	NODES
78.00169502902828	O	n68
86.64549986121668	E	n68;1
