TIME	EVENT	NODES
78.05151801202405	O	n97
85.50601592411626	E	n97;1
