TIME	EVENT	NODES
78.07882888035842	O	n68
86.64549986121668	E	n68;1
