TIME	EVENT	NODES
78.16971036340317	O	n104
81.50267712156104	E	n104;1
