TIME	EVENT	NODES
78.22701005711905	O	n86
79.82195944968959	E	n86;1
