TIME	EVENT	NODES
91.56276715437994	O	n100
101.65830150095249	E	n100;1
