TIME	EVENT	NODES
78.2689915187779	O	n97
83.8511588757036	I	n97;1
85.50601592411626	E	n97;1
