TIME	EVENT	NODES
78.27368278615072	O	n112
80.13789888595848	S	n112;1;n121;2;n122;3
84.02661955226591	S	n122;3;n129;4;n130;5
86.0006184609162	E	n121;2
91.12710587207293	S	n129;4;n171;6;n172;7
93.02752733690477	I	n171;6
93.40783796646144	S	n130;5;n189;8;n190;9
96.77409377030416	E	n190;9
99.35931984912186	I	n172;7
100.61091691856613	E	n171;6
102.58874847283909	E	n189;8
105.66265973493398	I	n172;7
106.02298060458065	E	n172;7
