TIME	EVENT	NODES
147.15398307794462	O	n23
171.45748821204532	S	n23;1;n49;2;n50;3
176.11005676811268	S	n49;2;n55;4;n56;5
178.78246169150518	C	n56;5
180.68423174771254	E	n50;3
188.99377288291518	S	n56;5;n61;6;n62;7
189.44357289465324	I	n61;6
191.35598736312272	S	n62;7;n65;8;n66;9
196.74632570764513	E	n66;9
207.74657186132538	I	n55;4
212.14935991177535	E	n65;8
221.4844260935815	S	n61;6;n89;10;n90;11
231.2895298785254	E	n89;10
238.066136604651	E	n55;4
245.81668518569558	T	n90;11;n90;12;n86;13
245.85340359938476	E	n86;13
258.60617174235307	T	n90;12;n90;14;n131;15
261.61161930284806	I	n90;14
264.256074713361	S	n131;15;n159;16;n160;17
265.3488970647738	D	n160;17;n160;18;n160;19
280.88338111280893	E	n90;14
283.003644560383	E	n160;18
283.003644560383	E	n160;19
301.1423104738547	I	n159;16
316.4516395498499	I	n159;16
328.2146319613769	S	n159;16;n253;20;n254;21
334.6372609915265	I	n254;21
335.92113620132585	S	n254;21;n263;22;n264;23
339.658731161582	S	n264;23;n271;24;n272;25
343.5449131705816	I	n253;20
345.71198993976384	E	n253;20
352.75030345886904	I	n263;22
361.7971077523211	S	n272;25;n309;26;n310;27
364.39265661618424	S	n310;27;n317;28;n318;29
365.0417268907298	E	n263;22
365.9406802548836	S	n318;29;n329;30;n330;31
368.33285918754166	F	n330;31
368.33285918754166	F	n329;30
368.33285918754166	F	n271;24
368.33285918754166	F	n317;28
368.33285918754166	F	n309;26
