TIME	EVENT	NODES
78.40468231746748	O	n86
79.82195944968959	E	n86;1
