TIME	EVENT	NODES
78.47335115885242	O	n68
86.64549986121668	E	n68;1
