TIME	EVENT	NODES
91.8375006394643	O	n101
96.09899526485816	E	n101;1
