TIME	EVENT	NODES
91.88010584797759	O	n103
98.7377504046101	C	n103;1
102.82426853750586	E	n103;1
