TIME	EVENT	NODES
147.47939590336773	O	n23
170.9885598248467	T	n23;1;n23;2;n19;3
171.2809686135886	S	n19;3;n47;4;n48;5
171.45748821204532	S	n23;2;n49;6;n50;7
172.22783744121895	I	n49;6
176.11005676811268	S	n49;6;n55;8;n56;9
180.68423174771254	E	n50;7
181.68823198942485	I	n47;4
188.31161678142533	L	n55;8
188.99377288291518	S	n56;9;n61;10;n62;11
191.35598736312272	S	n62;11;n65;12;n66;13
196.74632570764513	E	n66;13
196.97511416203977	S	n47;4;n69;14;n70;15
205.25455400940166	S	n69;14;n73;16;n74;17
208.19839410567633	S	n74;17;n77;18;n78;19
209.83159135832776	L	n77;18
212.0814811151844	S	n73;16;n81;20;n82;21
212.14935991177535	E	n65;12
213.7925317620544	C	n81;20
215.19426714998926	S	n82;21;n85;22;n86;23
218.58575596286497	I	n48;5
221.4844260935815	S	n61;10;n89;24;n90;25
224.01115539674345	E	n81;20
225.45028525951685	I	n70;15
225.78399840388084	I	n89;24
226.3022639445042	E	n78;19
226.76537799071846	I	n89;24
227.24063082695952	I	n70;15
229.79413206743286	S	n85;22;n101;26;n102;27
230.22500167846212	E	n101;26
231.2895298785254	E	n89;24
231.666209418169	I	n70;15
245.21999917231287	C	n86;23
245.4664749667479	I	n70;15
245.85340359938476	E	n86;23
253.10530453682208	S	n102;27;n133;28;n134;29
253.59489121449934	I	n70;15
254.85733682858677	S	n134;29;n143;30;n144;31
255.7316558423786	I	n143;30
256.74972332501403	S	n70;15;n145;32;n146;33
258.3628226739084	T	n48;5;n48;34;n138;35
262.46798120265663	I	n144;31
265.6221499004612	C	n144;31
265.95731414756114	L	n133;28
268.08312347105647	S	n138;35;n163;36;n164;37
269.02202571883856	L	n48;34
269.21415981004833	L	n146;33
272.7686652476631	I	n144;31
274.68520477779253	E	n143;30
275.1960252962187	I	n144;31
275.8505257194636	S	n145;32;n173;38;n174;39
276.05249756680337	T	n90;25;n90;40;n167;41
276.551795131478	S	n144;31;n175;42;n176;43
277.8106349986983	E	n163;36
278.6214938342557	E	n167;41
279.3689247604448	E	n164;37
280.88338111280893	E	n90;40
284.82338199554636	I	n175;42
285.76396366295205	E	n176;43
296.4430408222861	E	n175;42
301.88887966675037	D	n173;38;n173;44;n173;45
305.9477080415157	I	n174;39
314.5087251124538	E	n173;44
314.5087251124538	E	n173;45
316.64521563171144	E	n174;39
