TIME	EVENT	NODES
78.51700555666858	O	n87
79.33819933326355	E	n87;1
