TIME	EVENT	NODES
78.55130516516165	O	n99
79.92423519246776	S	n99;1;n119;2;n120;3
80.21586346790183	E	n120;3
89.64512520868216	L	n119;2
