TIME	EVENT	NODES
91.91761022681929	O	n100
101.65830150095249	E	n100;1
