TIME	EVENT	NODES
92.05332460399353	O	n103
102.82426853750586	E	n103;1
