TIME	EVENT	NODES
78.66310933854083	O	n92
90.48646187123879	E	n92;1
