TIME	EVENT	NODES
147.79179405096068	O	n23
151.99521105266504	I	n23;1
171.45748821204532	S	n23;1;n49;2;n50;3
172.9957019346684	L	n49;2
172.9957019346684	T	n50;3;n50;4;n49;5
176.11005676811268	S	n49;5;n55;6;n56;7
180.68423174771254	E	n50;4
185.66612820276012	I	n56;7
188.99377288291518	S	n56;7;n61;8;n62;9
191.35598736312272	S	n62;9;n65;10;n66;11
194.06067242222028	T	n66;11;n66;12;n53;13
196.74632570764513	E	n66;12
212.14935991177535	E	n65;10
218.14788197859224	D	n55;6;n55;14;n55;15
218.18190672220467	L	n55;15
218.86345312666563	I	n61;8
221.4844260935815	S	n61;8;n89;16;n90;17
226.86452868796613	S	n53;13;n95;18;n96;19
231.2895298785254	E	n89;16
233.55443944646427	S	n96;19;n105;20;n106;21
235.2825027618049	I	n55;14
238.066136604651	E	n55;14
240.34993764559462	I	n95;18
247.89276809742267	S	n106;21;n121;22;n122;23
247.9892903017055	I	n121;22
255.61711198852078	I	n90;17
261.6291738439399	E	n121;22
261.6494168394671	I	n105;20
264.1218818382455	I	n90;17
264.39880029264833	I	n105;20
264.80551857542685	I	n90;17
270.6336862936536	I	n90;17
271.5541373875477	S	n95;18;n167;24;n168;25
271.7170818175748	I	n90;17
272.6293962736115	L	n168;25
273.5864034493894	E	n122;23
278.6214938342557	E	n167;24
280.88338111280893	E	n90;17
287.2898658895813	E	n105;20
