TIME	EVENT	NODES
147.79747359629783	O	n7
152.63308264867726	S	n7;1;n33;2;n34;3
162.77617771303431	S	n34;3;n37;4;n38;5
164.0650225736182	E	n38;5
165.2249719103747	E	n33;2
168.54120335802182	L	n37;4
