TIME	EVENT	NODES
78.79172386413107	O	n107
90.79568255560412	E	n107;1
