TIME	EVENT	NODES
78.83358880582642	O	n92
90.48646187123879	E	n92;1
