TIME	EVENT	NODES
78.88906834182997	O	n87
79.33819933326355	E	n87;1
