TIME	EVENT	NODES
92.3190922211906	O	n99
93.37526834861075	E	n99;1
