TIME	EVENT	NODES
92.69824792575874	O	n101
96.09899526485816	E	n101;1
