TIME	EVENT	NODES
79.0464619116278	O	n101
85.14519719498897	S	n101;1;n135;2;n136;3
85.99631158609974	S	n136;3;n143;4;n144;5
86.14391696771524	I	n143;4
86.37764105276558	S	n135;2;n145;6;n146;7
86.81771029291036	S	n143;4;n149;8;n150;9
86.98341964403429	D	n144;5;n144;10;n144;11
88.2079321579105	E	n144;10
88.2079321579105	E	n144;11
89.23844721992381	S	n146;7;n159;12;n160;13
94.68228810518416	S	n159;12;n199;14;n200;15
94.75491060307387	S	n160;13;n203;16;n204;17
96.44290819147221	S	n200;15;n211;18;n212;19
97.39967128992377	E	n145;6
98.32698127730475	E	n204;17
98.6227177030625	S	n149;8;n221;20;n222;21
101.51446341153029	E	n212;19
102.77336899689416	I	n150;9
102.98341176200759	E	n211;18
103.24789987789956	E	n150;9
106.92161422948067	E	n221;20
108.37576250505025	E	n199;14
118.63591561020323	S	n203;16;n333;22;n334;23
122.20096298192965	F	n333;22
122.20096298192965	F	n222;21
122.20096298192965	F	n334;23
