TIME	EVENT	NODES
149.01881600669242	O	n27
159.32762962761913	L	n27;1
