TIME	EVENT	NODES
92.83853129447755	O	n104
106.57096831231419	E	n104;1
