TIME	EVENT	NODES
92.83946222678259	O	n95
94.91171110375579	S	n95;1;n111;2;n112;3
99.07567634232825	S	n111;2;n117;4;n118;5
103.32850253061844	E	n117;4
103.34721566402152	S	n112;3;n127;6;n128;7
113.18536271364133	S	n127;6;n149;8;n150;9
114.60875141654122	S	n149;8;n159;10;n160;11
115.40527208880629	C	n128;7
116.6141027533987	T	n118;5;n118;12;n151;13
116.79865409744342	E	n128;7
116.84190744763517	S	n118;12;n173;14;n174;15
120.90134015260391	E	n173;14
123.03330243667175	E	n160;11
125.88969064041424	S	n174;15;n205;16;n206;17
128.73131702604869	E	n151;13
129.44283556805237	S	n206;17;n217;18;n218;19
130.06248543332637	E	n150;9
131.1781794776036	S	n159;10;n229;20;n230;21
134.65113353933813	E	n205;16
136.17150238763622	E	n229;20
136.24444141721895	S	n217;18;n271;22;n272;23
137.44428209975396	F	n272;23
137.44428209975396	F	n271;22
137.44428209975396	F	n230;21
137.44428209975396	F	n218;19
