TIME	EVENT	NODES
79.14308075671005	O	n92
79.19999367101636	I	n92;1
90.48646187123879	E	n92;1
