TIME	EVENT	NODES
149.54471925467772	O	n27
166.54278869017284	E	n27;1
