TIME	EVENT	NODES
79.27622990716497	O	n97
85.50601592411626	E	n97;1
