TIME	EVENT	NODES
93.33302805788922	O	n98
101.14759967511259	S	n98;1;n119;2;n120;3
106.2551761740781	S	n119;2;n131;4;n132;5
115.42150676697912	I	n120;3
115.53629363054432	S	n120;3;n169;6;n170;7
120.93492720218666	E	n132;5
124.00483492653812	S	n131;4;n193;8;n194;9
125.3362666112503	S	n194;9;n201;10;n202;11
132.0096165425425	E	n201;10
135.910637703942	S	n202;11;n265;12;n266;13
135.9328685203222	D	n169;6;n169;14;n169;15
137.3574170703479	S	n193;8;n277;16;n278;17
137.44428209975396	F	n169;14
137.44428209975396	F	n169;15
137.44428209975396	F	n278;17
137.44428209975396	F	n265;12
137.44428209975396	F	n170;7
137.44428209975396	F	n277;16
137.44428209975396	F	n266;13
