TIME	EVENT	NODES
93.39848222146095	O	n101
96.09899526485816	E	n101;1
