TIME	EVENT	NODES
93.40654086999497	O	n91
93.93450915845996	I	n91;1
97.31886692307799	E	n91;1
