TIME	EVENT	NODES
79.43570911306585	O	n68
86.64549986121668	E	n68;1
