TIME	EVENT	NODES
150.4805114953093	O	n23
171.45748821204532	S	n23;1;n49;2;n50;3
172.88458943711095	I	n50;3
174.80824439484172	I	n49;2
176.11005676811268	S	n49;2;n55;4;n56;5
180.68423174771254	E	n50;3
188.99377288291518	S	n56;5;n61;6;n62;7
191.35598736312272	S	n62;7;n65;8;n66;9
196.74632570764513	E	n66;9
198.00482758034067	I	n55;4
205.01609137601537	I	n61;6
212.14935991177535	E	n65;8
221.4844260935815	S	n61;6;n89;10;n90;11
222.16776786648987	I	n89;10
225.8976786706194	I	n90;11
227.75032833734494	I	n90;11
231.2895298785254	E	n89;10
238.066136604651	E	n55;4
243.72741599249719	I	n90;11
246.18874112752152	I	n90;11
247.68229996297944	C	n90;11
270.6795085104521	I	n90;11
280.88338111280893	E	n90;11
