TIME	EVENT	NODES
79.44674989232979	O	n106
90.45151300995693	I	n106;1
91.26775341023475	S	n106;1;n175;2;n176;3
92.3567688563361	I	n175;2
95.00069429405947	E	n176;3
108.42201726908658	S	n175;2;n267;4;n268;5
109.3892324400371	S	n267;4;n275;6;n276;7
109.84561817691029	S	n276;7;n279;8;n280;9
110.81554259923739	E	n275;6
112.28537063347119	E	n268;5
113.54079122903167	E	n279;8
121.43476404403538	E	n280;9
