TIME	EVENT	NODES
93.47029510104178	O	n100
101.65830150095249	E	n100;1
