TIME	EVENT	NODES
79.45510767384263	O	n86
79.82195944968959	E	n86;1
