TIME	EVENT	NODES
93.54039669601862	O	n91
97.31886692307799	E	n91;1
