TIME	EVENT	NODES
150.78850866032724	O	n30
150.84222171296392	E	n30;1
