TIME	EVENT	NODES
79.59286488645556	O	n104
81.50267712156104	E	n104;1
