TIME	EVENT	NODES
93.72792391815112	O	n90
110.50673029363546	I	n90;1
111.11982330004851	S	n90;1;n141;2;n142;3
113.05043982879775	S	n141;2;n147;4;n148;5
120.73658318917201	S	n147;4;n177;6;n178;7
121.94033774569849	S	n177;6;n187;8;n188;9
122.96089664221213	S	n187;8;n191;10;n192;11
126.02587607460606	S	n192;11;n207;12;n208;13
126.19413442445801	L	n207;12
129.26832954659912	S	n188;9;n215;14;n216;15
129.35596822306974	I	n215;14
129.97651367823465	S	n142;3;n221;16;n222;17
130.79527631442593	E	n222;17
131.11070081786738	E	n191;10
131.12736847383428	E	n178;7
131.59642289544732	S	n215;14;n233;18;n234;19
132.3401028583617	S	n233;18;n235;20;n236;21
132.75998679969956	S	n236;21;n241;22;n242;23
137.13164605031997	E	n234;19
137.44428209975396	F	n242;23
137.44428209975396	F	n235;20
137.44428209975396	F	n216;15
137.44428209975396	F	n208;13
137.44428209975396	F	n221;16
137.44428209975396	F	n241;22
137.44428209975396	F	n148;5
