TIME	EVENT	NODES
93.89374591529138	O	n100
101.65830150095249	E	n100;1
