TIME	EVENT	NODES
151.6209629591754	O	n27
166.54278869017284	E	n27;1
