TIME	EVENT	NODES
94.12050719556832	O	n100
101.65830150095249	E	n100;1
