TIME	EVENT	NODES
94.13122681108466	O	n104
106.57096831231419	E	n104;1
