TIME	EVENT	NODES
151.6403806067435	O	n23
171.45748821204532	S	n23;1;n49;2;n50;3
172.81919894875847	I	n49;2
176.11005676811268	S	n49;2;n55;4;n56;5
180.68423174771254	E	n50;3
181.03681647232327	I	n55;4
188.99377288291518	S	n56;5;n61;6;n62;7
189.14008923582807	I	n61;6
190.23711454489407	I	n55;4
191.35598736312272	S	n62;7;n65;8;n66;9
196.74632570764513	E	n66;9
201.22235517776974	I	n55;4
203.97675015695285	C	n55;4
209.12732908645617	I	n61;6
212.14935991177535	E	n65;8
221.4844260935815	S	n61;6;n89;10;n90;11
228.6058024529755	L	n89;10
238.066136604651	E	n55;4
241.40125603290733	I	n90;11
243.66865700957763	I	n90;11
251.990661041949	I	n90;11
280.88338111280893	E	n90;11
