TIME	EVENT	NODES
151.83580610988218	O	n29
162.22229351986024	I	n29;1
182.3109249815234	L	n29;1
