TIME	EVENT	NODES
80.03690323882596	O	n114
87.1911954645398	E	n114;1
