TIME	EVENT	NODES
80.0627958523538	O	n92
86.1615229502248	I	n92;1
88.58572183123464	I	n92;1
90.48646187123879	E	n92;1
