TIME	EVENT	NODES
151.9660256173354	O	n31
164.90600005770207	L	n31;1
