TIME	EVENT	NODES
80.06564020159203	O	n120
80.21586346790183	E	n120;1
