TIME	EVENT	NODES
80.07497591473155	O	n104
81.50267712156104	E	n104;1
