TIME	EVENT	NODES
152.00636178078759	O	n29
159.26579358827075	I	n29;1
205.3392362149308	T	n29;1;n29;2;n72;3
224.34369207996875	S	n29;2;n91;4;n92;5
227.54637249049256	E	n91;4
229.3091847872259	I	n72;3
235.6703106220646	I	n72;3
237.67596583251705	L	n72;3
242.0849829849916	I	n92;5
251.1517682979901	S	n92;5;n127;6;n128;7
251.5390235914055	E	n128;7
252.87678478256842	E	n127;6
