TIME	EVENT	NODES
80.07501792032812	O	n114
87.1911954645398	E	n114;1
