TIME	EVENT	NODES
80.142991094781	O	n115
82.9280124294097	E	n115;1
