TIME	EVENT	NODES
80.15449024118846	O	n115
82.9280124294097	E	n115;1
