TIME	EVENT	NODES
94.52699756068381	O	n108
94.9559992561096	S	n108;1;n113;2;n114;3
95.0270639919449	I	n113;2
95.38501757326547	E	n113;2
99.8906396465015	E	n114;3
