TIME	EVENT	NODES
94.5597135381019	O	n103
102.82426853750586	E	n103;1
