TIME	EVENT	NODES
94.5901073927747	O	n100
101.65830150095249	E	n100;1
