TIME	EVENT	NODES
152.47902723073443	O	n23
171.45748821204532	S	n23;1;n49;2;n50;3
176.11005676811268	S	n49;2;n55;4;n56;5
178.20531760446352	I	n55;4
180.68423174771254	E	n50;3
182.07206568780043	I	n55;4
182.66753400959982	D	n56;5;n56;6;n56;7
188.99377288291518	S	n56;6;n61;8;n62;9
188.99377288291518	S	n56;7;n61;10;n62;11
191.35598736312272	S	n62;9;n65;12;n66;13
191.35598736312272	S	n62;11;n65;14;n66;15
193.35127756393737	L	n65;12
196.224573693118	I	n66;13
196.224573693118	I	n66;15
196.74632570764513	E	n66;15
196.74632570764513	E	n66;13
209.3026833920613	I	n61;8
209.3026833920613	I	n61;10
212.14935991177535	E	n65;14
221.4844260935815	S	n61;10;n89;16;n90;17
221.4844260935815	S	n61;8;n89;18;n90;19
227.75032833734494	I	n90;17
227.75032833734494	I	n90;19
231.2895298785254	E	n89;16
231.2895298785254	E	n89;18
238.066136604651	E	n55;4
256.0959659342989	I	n90;19
256.0959659342989	I	n90;17
259.50166193448206	I	n90;17
259.50166193448206	I	n90;19
280.88338111280893	E	n90;19
280.88338111280893	E	n90;17
