TIME	EVENT	NODES
80.2587223571517	O	n92
90.48646187123879	E	n92;1
