TIME	EVENT	NODES
94.75261115684917	O	n103
102.82426853750586	E	n103;1
