TIME	EVENT	NODES
94.75611202319143	O	n108
94.9559992561096	S	n108;1;n113;2;n114;3
95.38501757326547	E	n113;2
96.63087861631777	T	n114;3;n114;4;n111;5
99.07567634232825	S	n111;5;n117;6;n118;7
99.8906396465015	E	n114;4
103.32850253061844	E	n117;6
115.88695872762014	I	n118;7
116.84190744763517	S	n118;7;n173;8;n174;9
118.77261199343882	I	n173;8
120.90134015260391	E	n173;8
125.88969064041424	S	n174;9;n205;10;n206;11
129.44283556805237	S	n206;11;n217;12;n218;13
130.3082969594688	I	n218;13
134.65113353933813	E	n205;10
136.24444141721895	S	n217;12;n271;14;n272;15
137.44428209975396	F	n272;15
137.44428209975396	F	n271;14
137.44428209975396	F	n218;13
