TIME	EVENT	NODES
80.38794120537153	O	n78
80.3895646593219	E	n78;1
