TIME	EVENT	NODES
80.39052085794559	O	n97
85.50601592411626	E	n97;1
