TIME	EVENT	NODES
94.77605616224248	O	n101
95.37777200041648	I	n101;1
96.09899526485816	E	n101;1
