TIME	EVENT	NODES
80.40816157025539	O	n121
86.0006184609162	E	n121;1
