TIME	EVENT	NODES
94.94326176407424	O	n104
102.19331008886884	I	n104;1
106.57096831231419	E	n104;1
