TIME	EVENT	NODES
94.94591411940162	O	n110
95.54954112669942	E	n110;1
