TIME	EVENT	NODES
94.97705393694862	O	n104
106.57096831231419	E	n104;1
