TIME	EVENT	NODES
80.47377886933268	O	n115
82.9280124294097	E	n115;1
