TIME	EVENT	NODES
153.29689369467823	O	n19
164.34916368952253	I	n19;1
168.8904822113133	T	n19;1;n19;2;n41;3
169.09281682708968	E	n41;3
171.2809686135886	S	n19;2;n47;4;n48;5
182.74613169391895	I	n47;4
196.97511416203977	S	n47;4;n69;6;n70;7
197.97829995360243	I	n48;5
205.25455400940166	S	n69;6;n73;8;n74;9
207.91708871477582	L	n73;8
208.19839410567633	S	n74;9;n77;10;n78;11
226.08451416191318	E	n77;10
226.3022639445042	E	n78;11
256.74972332501403	S	n70;7;n145;12;n146;13
263.80286113604365	T	n145;12;n145;14;n125;15
265.62825444617204	I	n125;15
267.82433673028635	I	n146;13
270.50846597342445	E	n48;5
275.0960935428681	S	n146;13;n169;16;n170;17
275.11850929823515	S	n125;15;n171;18;n172;19
275.8505257194636	S	n145;14;n173;20;n174;21
276.778106847264	S	n169;16;n177;22;n178;23
280.23218700139086	L	n171;18
289.7660671719976	S	n177;22;n191;24;n192;25
292.56408620681617	S	n191;24;n197;26;n198;27
292.6422803856445	I	n173;20
295.7101501024865	E	n178;23
296.05683809453643	I	n173;20
297.88510067996623	E	n197;26
297.9316825028281	I	n172;19
298.59967805978044	I	n174;21
309.21205838172443	S	n198;27;n231;28;n232;29
309.90813254995254	I	n232;29
314.5087251124538	E	n173;20
315.41472492191235	E	n172;19
316.27600896896894	E	n192;25
316.64521563171144	E	n174;21
317.30612004847615	S	n232;29;n239;30;n240;31
330.4835252991129	I	n170;17
335.14844581859495	S	n231;28;n259;32;n260;33
348.6720819320871	E	n240;31
348.7564267084988	E	n259;32
365.3354294195512	E	n260;33
365.6675909654996	S	n239;30;n327;34;n328;35
367.8010989310961	I	n170;17
368.33285918754166	F	n327;34
368.33285918754166	F	n328;35
368.33285918754166	F	n170;17
