TIME	EVENT	NODES
80.4870183719581	O	n106
91.26775341023475	S	n106;1;n175;2;n176;3
92.3567688563361	I	n175;2
95.00069429405947	E	n176;3
100.31384884372514	T	n175;2;n175;4;n181;5
107.07038824181652	S	n181;5;n253;6;n254;7
108.42201726908658	S	n175;4;n267;8;n268;9
108.96088370315393	L	n254;7
109.3892324400371	S	n267;8;n275;10;n276;11
109.84561817691029	S	n276;11;n279;12;n280;13
110.81554259923739	E	n275;10
112.28537063347119	E	n268;9
113.54079122903167	E	n279;12
117.64931390587152	E	n253;6
121.43476404403538	E	n280;13
