TIME	EVENT	NODES
153.29806781922994	O	n36
168.98360319176706	S	n36;1;n43;2;n44;3
170.74431018111153	S	n43;2;n45;4;n46;5
175.71947399541037	I	n44;3
177.51846234063663	E	n45;4
185.18837631708382	I	n46;5
187.68489901940544	E	n46;5
189.4429084824666	S	n44;3;n63;6;n64;7
211.08295005272288	I	n63;6
213.0426249992045	I	n63;6
217.10122037003637	S	n63;6;n87;8;n88;9
224.42074098395472	S	n87;8;n93;10;n94;11
228.83835156966532	I	n64;7
232.05179973908105	T	n94;11;n94;12;n95;13
232.2598634713699	E	n94;12
232.8439288366906	E	n88;9
239.24296326205356	I	n95;13
244.53489042565957	I	n93;10
248.88117897606477	E	n64;7
263.1946935408616	S	n93;10;n157;14;n158;15
266.32402955921305	C	n158;15
271.0359830191678	S	n158;15;n165;16;n166;17
271.5541373875477	S	n95;13;n167;18;n168;19
278.37777927242377	S	n168;19;n179;20;n180;21
278.6214938342557	E	n167;18
281.12768131578406	I	n165;16
281.86281336619095	S	n157;14;n181;22;n182;23
282.56958360049487	E	n179;20
287.7431072865575	I	n165;16
289.30116384937276	D	n181;22;n181;24;n181;25
291.7360336926784	I	n166;17
291.91542254659373	C	n165;16
292.321064504694	E	n180;21
297.3759122122873	E	n182;23
300.66408360617874	S	n165;16;n217;26;n218;27
301.39480262224913	S	n217;26;n219;28;n220;29
303.3067385245188	I	n220;29
309.22719658015154	E	n220;29
322.23550031039156	S	n219;28;n243;30;n244;31
325.62016585225894	E	n166;17
326.9191915703628	E	n181;24
326.9191915703628	E	n181;25
327.1046107185982	E	n218;27
333.1694336167502	I	n244;31
336.27194991669535	S	n243;30;n265;32;n266;33
337.9466629699342	E	n266;33
341.0231018211	C	n244;31
357.83898267386695	E	n265;32
368.33285918754166	F	n244;31
