TIME	EVENT	NODES
80.54217003710704	O	n68
86.64549986121668	E	n68;1
