TIME	EVENT	NODES
80.6534177065002	O	n121
86.0006184609162	E	n121;1
