TIME	EVENT	NODES
95.20141972393338	O	n104
106.57096831231419	E	n104;1
