TIME	EVENT	NODES
154.01775966367495	O	n33
165.2249719103747	E	n33;1
