TIME	EVENT	NODES
95.25975412162268	O	n91
97.31886692307799	E	n91;1
