TIME	EVENT	NODES
80.7697500278423	O	n114
87.1911954645398	E	n114;1
