TIME	EVENT	NODES
80.7764012034623	O	n104
81.50267712156104	E	n104;1
