TIME	EVENT	NODES
95.3061898549512	O	n111
99.07567634232825	S	n111;1;n117;2;n118;3
103.32850253061844	E	n117;2
115.4834993795359	T	n118;3;n118;4;n143;5
116.27934513074055	I	n143;5
116.84190744763517	S	n118;4;n173;6;n174;7
120.90134015260391	E	n173;6
124.35633750190762	S	n143;5;n197;8;n198;9
125.61616605856788	S	n197;8;n203;10;n204;11
125.88969064041424	S	n174;7;n205;12;n206;13
129.44283556805237	S	n206;13;n217;14;n218;15
134.65113353933813	E	n205;12
135.85282357483234	E	n198;9
136.24444141721895	S	n217;14;n271;16;n272;17
136.9410702486098	S	n203;10;n273;18;n274;19
137.44428209975396	F	n272;17
137.44428209975396	F	n271;16
137.44428209975396	F	n274;19
137.44428209975396	F	n204;11
137.44428209975396	F	n218;15
137.44428209975396	F	n273;18
