TIME	EVENT	NODES
80.83705006110178	O	n104
81.50267712156104	E	n104;1
