TIME	EVENT	NODES
95.39882800933282	O	n114
96.00352601689184	T	n114;1;n114;2;n91;3
97.31886692307799	E	n91;3
99.8906396465015	E	n114;2
