TIME	EVENT	NODES
80.84337752991922	O	n119
91.72046016143437	E	n119;1
