TIME	EVENT	NODES
95.55274490391439	O	n109
99.20531432363919	E	n109;1
