TIME	EVENT	NODES
80.91384654607424	O	n97
84.08859046329506	L	n97;1
