TIME	EVENT	NODES
95.62205852190776	O	n105
105.73613481714054	C	n105;1
109.97257981492466	S	n105;1;n139;2;n140;3
116.84276849014047	E	n139;2
123.81931590894636	E	n140;3
