TIME	EVENT	NODES
80.96100857409971	O	n104
81.50267712156104	E	n104;1
