TIME	EVENT	NODES
81.04472952595144	O	n122
84.02661955226591	S	n122;1;n129;2;n130;3
86.62732774765679	L	n129;2
93.40783796646144	S	n130;3;n189;4;n190;5
96.77409377030416	E	n190;5
102.58874847283909	E	n189;4
