TIME	EVENT	NODES
95.75374165536877	O	n104
106.57096831231419	E	n104;1
