TIME	EVENT	NODES
81.04900167321502	O	n116
85.26887989200775	S	n116;1;n137;2;n138;3
90.59408618872159	S	n138;3;n167;4;n168;5
91.18271935574295	S	n137;2;n173;6;n174;7
91.49327839421396	S	n173;6;n179;8;n180;9
92.98086966293155	S	n179;8;n187;10;n188;11
94.57618687065099	S	n174;7;n197;12;n198;13
95.24795588804022	S	n188;11;n207;14;n208;15
95.32788810343277	E	n187;10
95.88865744478659	S	n208;15;n209;16;n210;17
96.06946921142757	E	n168;5
96.76414183319842	E	n207;14
96.99802715324657	S	n180;9;n215;18;n216;19
97.26724564628569	I	n210;17
97.2878323630123	I	n167;4
97.75529770907588	I	n216;19
98.05177697927205	S	n210;17;n217;20;n218;21
100.23801031248802	E	n197;12
100.26378681329363	S	n209;16;n225;22;n226;23
100.5630979072517	E	n217;20
100.82079643843899	S	n216;19;n229;24;n230;25
101.88364993433952	S	n225;22;n233;26;n234;27
102.48521947160668	S	n167;4;n237;28;n238;29
102.50665066787323	S	n233;26;n239;30;n240;31
103.31929234100944	C	n229;24
105.53784601725131	S	n239;30;n247;32;n248;33
106.00897419475767	E	n240;31
106.13572358528997	E	n215;18
106.76847042739723	E	n226;23
106.8374852804199	S	n248;33;n251;34;n252;35
107.11002303695632	I	n252;35
107.27663477102	S	n251;34;n257;36;n258;37
107.41703737897967	E	n218;21
107.53070438542849	S	n247;32;n261;38;n262;39
109.10825351651116	S	n252;35;n269;40;n270;41
109.19341537978787	S	n258;37;n271;42;n272;43
110.1458391327182	S	n271;42;n281;44;n282;45
110.38736452343699	E	n198;13
110.59821760248624	S	n262;39;n285;46;n286;47
110.61259856831502	S	n237;28;n287;48;n288;49
111.03753699902806	E	n234;27
111.10609646968076	E	n285;46
111.80098211610584	E	n269;40
112.47100851439468	E	n270;41
113.10427372231385	I	n287;48
115.29971570919966	E	n257;36
115.65239317601123	E	n272;43
115.92249460212943	E	n229;24
116.08793483144474	E	n282;45
116.4438118421558	E	n287;48
116.45204155339697	E	n261;38
120.96164925685498	E	n286;47
122.20096298192965	F	n230;25
122.20096298192965	F	n288;49
122.20096298192965	F	n281;44
122.20096298192965	F	n238;29
