TIME	EVENT	NODES
95.81076526047093	O	n103
102.82426853750586	E	n103;1
