TIME	EVENT	NODES
96.10276792761967	O	n102
106.13974562605924	S	n102;1;n129;2;n130;3
112.19152098498493	S	n129;2;n145;4;n146;5
114.6134552335811	S	n145;4;n161;6;n162;7
114.6467329346367	I	n130;3
114.657371613597	S	n130;3;n163;8;n164;9
120.44123017857305	I	n163;8
120.76078747720435	S	n164;9;n179;10;n180;11
121.71308316654702	S	n162;7;n183;12;n184;13
123.4576512951491	E	n184;13
123.62139186926964	I	n146;5
124.20089146738766	L	n180;11
124.3711312004714	E	n179;10
127.74848639190229	S	n163;8;n211;14;n212;15
131.74335309812753	I	n161;6
131.8678833603789	I	n161;6
132.5078781716013	S	n183;12;n237;16;n238;17
132.73404178738306	S	n212;15;n239;18;n240;19
134.23046956332826	S	n239;18;n251;20;n252;21
134.29088721861334	L	n240;19
135.06685894332068	S	n146;5;n257;22;n258;23
135.85464953594038	S	n257;22;n263;24;n264;25
136.11757414701233	S	n263;24;n267;26;n268;27
136.2024720917159	S	n252;21;n269;28;n270;29
136.37102824962483	E	n264;25
137.24494829212168	S	n269;28;n275;30;n276;31
137.44428209975396	F	n270;29
137.44428209975396	F	n258;23
137.44428209975396	F	n161;6
137.44428209975396	F	n267;26
137.44428209975396	F	n211;14
137.44428209975396	F	n268;27
137.44428209975396	F	n238;17
137.44428209975396	F	n251;20
137.44428209975396	F	n237;16
137.44428209975396	F	n276;31
137.44428209975396	F	n275;30
