TIME	EVENT	NODES
81.2008190251594	O	n118
84.61441438989753	S	n118;1;n131;2;n132;3
87.42636199447134	S	n132;3;n153;4;n154;5
90.05453233163888	L	n154;5
91.11770339704343	E	n131;2
122.20096298192965	F	n153;4
