TIME	EVENT	NODES
155.19713818137546	O	n33
161.84788932030884	I	n33;1
165.2249719103747	E	n33;1
