TIME	EVENT	NODES
96.2115626276064	O	n100
101.65830150095249	E	n100;1
