TIME	EVENT	NODES
96.28787335313929	O	n106
97.80791700863223	S	n106;1;n115;2;n116;3
99.96884153389858	I	n115;2
100.01504718842138	I	n115;2
101.86760839437709	S	n115;2;n121;4;n122;5
103.09346892513211	T	n122;5;n122;6;n119;7
103.11281700770681	S	n122;6;n123;8;n124;9
103.17493587921933	S	n116;3;n125;10;n126;11
104.88109094108886	E	n123;8
106.2551761740781	S	n119;7;n131;12;n132;13
107.08266993684482	S	n125;10;n133;14;n134;15
107.64260412635909	S	n124;9;n135;16;n136;17
108.22574960153462	E	n136;17
108.36762653958216	L	n121;4
108.88168409907468	S	n133;14;n137;18;n138;19
109.62261535345976	E	n135;16
112.14930348557543	S	n138;19;n143;20;n144;21
112.9875388537514	I	n134;15
113.65517979759079	S	n126;11;n151;22;n152;23
113.69522551275313	E	n134;15
113.88653947876585	S	n144;21;n153;24;n154;25
114.15329671152638	S	n154;25;n155;26;n156;27
114.20472606597329	I	n131;12
114.51709503904722	S	n156;27;n157;28;n158;29
115.24536255450909	S	n155;26;n165;30;n166;31
115.47908741396041	S	n158;29;n167;32;n168;33
115.53171231760001	E	n166;31
116.2959564389212	I	n165;30
118.87864221454024	E	n157;28
119.15759873212343	E	n167;32
119.63921909816767	I	n165;30
120.93492720218666	E	n132;13
121.75663925884848	S	n153;24;n185;34;n186;35
122.96539378764307	E	n137;18
124.00483492653812	S	n131;12;n193;36;n194;37
124.35633750190762	S	n143;20;n197;38;n198;39
125.3362666112503	S	n194;37;n201;40;n202;41
125.61616605856788	S	n197;38;n203;42;n204;43
126.66387713008561	I	n201;40
128.73131702604869	E	n151;22
132.0096165425425	E	n201;40
132.36403409464475	L	n165;30
132.97487296848038	E	n186;35
133.98837576070537	E	n152;23
135.85282357483234	E	n198;39
135.910637703942	S	n202;41;n265;44;n266;45
136.9410702486098	S	n203;42;n273;46;n274;47
137.3574170703479	S	n193;36;n277;48;n278;49
137.44428209975396	F	n168;33
137.44428209975396	F	n278;49
137.44428209975396	F	n274;47
137.44428209975396	F	n265;44
137.44428209975396	F	n204;43
137.44428209975396	F	n277;48
137.44428209975396	F	n273;46
137.44428209975396	F	n266;45
137.44428209975396	F	n185;34
