TIME	EVENT	NODES
81.26906941576321	O	n100
82.32957367319115	S	n100;1;n125;2;n126;3
84.80476003374768	E	n126;3
110.13752138751445	D	n125;2;n125;4;n125;5
115.01815767522035	I	n125;4
122.20096298192965	F	n125;4
122.20096298192965	F	n125;5
