TIME	EVENT	NODES
96.37887427296732	O	n106
97.80791700863223	S	n106;1;n115;2;n116;3
101.86760839437709	S	n115;2;n121;4;n122;5
103.11281700770681	S	n122;5;n123;6;n124;7
103.17493587921933	S	n116;3;n125;8;n126;9
104.88109094108886	E	n123;6
107.08266993684482	S	n125;8;n133;10;n134;11
107.64260412635909	S	n124;7;n135;12;n136;13
108.22574960153462	E	n136;13
108.88168409907468	S	n133;10;n137;14;n138;15
109.62261535345976	E	n135;12
112.14930348557543	S	n138;15;n143;16;n144;17
113.15494125650746	I	n143;16
113.65517979759079	S	n126;9;n151;18;n152;19
113.69522551275313	E	n134;11
113.88653947876585	S	n144;17;n153;20;n154;21
114.15329671152638	S	n154;21;n155;22;n156;23
114.51709503904722	S	n156;23;n157;24;n158;25
115.24536255450909	S	n155;22;n165;26;n166;27
115.47908741396041	S	n158;25;n167;28;n168;29
115.53171231760001	E	n166;27
115.59140676077115	S	n121;4;n171;30;n172;31
117.69916842161149	L	n167;28
117.73933204416157	I	n157;24
118.87864221454024	E	n157;24
119.2824603171159	S	n171;30;n175;32;n176;33
120.05257799929402	L	n143;16
121.67166523555763	S	n172;31;n181;34;n182;35
121.75663925884848	S	n153;20;n185;36;n186;37
122.33159201510603	S	n181;34;n189;38;n190;39
122.96539378764307	E	n137;14
124.27853235276899	S	n189;38;n195;40;n196;41
124.61527864565592	S	n176;33;n199;42;n200;43
124.71440464188629	E	n182;35
125.50474589733585	E	n199;42
128.73131702604869	E	n151;18
129.9551407662016	S	n190;39;n219;44;n220;45
130.07773510783153	I	n219;44
130.15055173964421	E	n200;43
131.05102661768325	S	n220;45;n227;46;n228;47
131.58558979265632	S	n228;47;n231;48;n232;49
132.97487296848038	E	n186;37
133.2920000968473	S	n232;49;n243;50;n244;51
133.7496404730826	S	n219;44;n247;52;n248;53
133.98837576070537	E	n152;19
134.4393152643855	S	n244;51;n253;54;n254;55
134.72099078367063	I	n175;32
134.81157055105805	T	n253;54;n253;56;n170;57
135.55934214570183	E	n227;46
135.58811979234557	S	n165;26;n259;58;n260;59
135.72829461091368	S	n253;56;n261;60;n262;61
136.18078583605833	E	n175;32
136.5068312732184	E	n260;59
137.44428209975396	F	n247;52
137.44428209975396	F	n168;29
137.44428209975396	F	n243;50
137.44428209975396	F	n195;40
137.44428209975396	F	n170;57
137.44428209975396	F	n259;58
137.44428209975396	F	n254;55
137.44428209975396	F	n261;60
137.44428209975396	F	n262;61
137.44428209975396	F	n248;53
137.44428209975396	F	n196;41
137.44428209975396	F	n231;48
137.44428209975396	F	n185;36
