TIME	EVENT	NODES
81.69973028248934	O	n121
84.47255440586962	I	n121;1
85.15579745825816	D	n121;1;n121;2;n121;3
86.0006184609162	E	n121;2
86.0006184609162	E	n121;3
