TIME	EVENT	NODES
96.73114980139454	O	n103
102.82426853750586	E	n103;1
