TIME	EVENT	NODES
81.76051185136183	O	n115
82.9280124294097	E	n115;1
