TIME	EVENT	NODES
96.80067551130477	O	n112
103.34721566402152	S	n112;1;n127;2;n128;3
103.77447930464514	I	n128;3
113.18536271364133	S	n127;2;n149;4;n150;5
114.60875141654122	S	n149;4;n159;6;n160;7
116.79865409744342	E	n128;3
123.03330243667175	E	n160;7
130.06248543332637	E	n150;5
131.1781794776036	S	n159;6;n229;8;n230;9
133.56141740558647	I	n230;9
136.17150238763622	E	n229;8
137.44428209975396	F	n230;9
