TIME	EVENT	NODES
81.85712759270763	O	n68
86.64549986121668	E	n68;1
