TIME	EVENT	NODES
96.83860202695949	O	n114
99.8906396465015	E	n114;1
