TIME	EVENT	NODES
81.86192472822667	O	n121
86.0006184609162	E	n121;1
