TIME	EVENT	NODES
96.91376133348805	O	n103
102.82426853750586	E	n103;1
