TIME	EVENT	NODES
97.06130709193413	O	n109
99.20531432363919	E	n109;1
