TIME	EVENT	NODES
82.05183326918221	O	n119
91.72046016143437	E	n119;1
