TIME	EVENT	NODES
97.21981866587386	O	n91
97.31886692307799	E	n91;1
