TIME	EVENT	NODES
97.31284972943543	O	n114
99.8906396465015	E	n114;1
