TIME	EVENT	NODES
97.37636092715452	O	n114
99.8906396465015	E	n114;1
