TIME	EVENT	NODES
97.55038301194693	O	n114
99.8906396465015	E	n114;1
