TIME	EVENT	NODES
97.57868625785544	O	n111
99.07567634232825	S	n111;1;n117;2;n118;3
102.06323020424088	D	n118;3;n118;4;n118;5
103.32850253061844	E	n117;2
116.84190744763517	S	n118;4;n173;6;n174;7
116.84190744763517	S	n118;5;n173;8;n174;9
119.779903850089	D	n173;8;n173;10;n173;11
120.90134015260391	E	n173;6
120.90134015260391	E	n173;10
120.90134015260391	E	n173;11
125.88969064041424	S	n174;7;n205;12;n206;13
125.88969064041424	S	n174;9;n205;14;n206;15
129.44283556805237	S	n206;13;n217;16;n218;17
129.44283556805237	S	n206;15;n217;18;n218;19
129.85743342028576	C	n218;19
132.904104115325	I	n218;17
134.65113353933813	E	n205;12
134.65113353933813	E	n205;14
136.24444141721895	S	n217;16;n271;20;n272;21
136.24444141721895	S	n217;18;n271;22;n272;23
137.44428209975396	F	n272;21
137.44428209975396	F	n272;23
137.44428209975396	F	n271;20
137.44428209975396	F	n271;22
137.44428209975396	F	n218;19
137.44428209975396	F	n218;17
