TIME	EVENT	NODES
82.1927747758174	O	n121
86.0006184609162	E	n121;1
