TIME	EVENT	NODES
156.59873921194134	O	n34
162.77617771303431	S	n34;1;n37;2;n38;3
164.0650225736182	E	n38;3
187.1981154176181	S	n37;2;n59;4;n60;5
197.574740969038	S	n60;5;n71;6;n72;7
215.8307908311042	I	n59;4
216.91007869473506	I	n71;6
217.64652100025216	I	n71;6
224.87883338170167	E	n71;6
225.591608894239	I	n72;7
231.50159801339728	I	n59;4
248.4646515803553	I	n72;7
251.91737397158224	S	n59;4;n131;8;n132;9
252.95947034924166	I	n132;9
254.31869674795763	S	n72;7;n137;10;n138;11
262.48313050699846	S	n137;10;n155;12;n156;13
263.40949260383604	I	n131;8
264.256074713361	S	n131;8;n159;14;n160;15
266.0141144372109	I	n156;13
268.08312347105647	S	n138;11;n163;16;n164;17
272.5451054066414	I	n164;17
277.8106349986983	E	n163;16
279.3689247604448	E	n164;17
280.9346084359787	E	n156;13
283.003644560383	E	n160;15
285.3499751827118	C	n159;14
287.2102158140489	I	n132;9
288.5496408940298	S	n132;9;n189;18;n190;19
297.2325938618031	S	n190;19;n211;20;n212;21
300.51624261926423	T	n159;14;n159;22;n210;23
302.77518792485097	S	n155;12;n221;24;n222;25
305.06925282658506	I	n221;24
306.18779637717876	E	n189;18
306.9742549612706	L	n211;20
307.88032930517045	S	n210;23;n229;26;n230;27
311.48113817409615	I	n159;22
314.3193370741534	E	n222;25
328.2146319613769	S	n159;22;n253;28;n254;29
331.1126709654438	I	n221;24
332.6884764775246	I	n229;26
335.92113620132585	S	n254;29;n263;30;n264;31
337.10932653973396	S	n229;26;n267;32;n268;33
339.658731161582	S	n264;31;n271;34;n272;35
342.1368897672253	S	n267;32;n279;36;n280;37
345.71198993976384	E	n253;28
346.5471506808192	S	n280;37;n285;38;n286;39
347.3589689447561	S	n268;33;n289;40;n290;41
361.7971077523211	S	n272;35;n309;42;n310;43
362.14507068748986	S	n289;40;n311;44;n312;45
362.93877184850265	E	n279;36
364.14479088522387	E	n212;21
364.39265661618424	S	n310;43;n317;46;n318;47
365.0417268907298	E	n263;30
365.9406802548836	S	n318;47;n329;48;n330;49
366.539592383668	I	n290;41
368.33285918754166	F	n230;27
368.33285918754166	F	n330;49
368.33285918754166	F	n329;48
368.33285918754166	F	n271;34
368.33285918754166	F	n285;38
368.33285918754166	F	n286;39
368.33285918754166	F	n312;45
368.33285918754166	F	n311;44
368.33285918754166	F	n317;46
368.33285918754166	F	n221;24
368.33285918754166	F	n309;42
368.33285918754166	F	n290;41
