TIME	EVENT	NODES
82.2519872979076	O	n100
82.32957367319115	S	n100;1;n125;2;n126;3
84.80476003374768	E	n126;3
93.00970436740049	I	n125;2
122.20096298192965	F	n125;2
