TIME	EVENT	NODES
82.34990025708908	O	n119
91.72046016143437	E	n119;1
