TIME	EVENT	NODES
82.36547654728106	O	n107
85.74808974557611	I	n107;1
90.79568255560412	E	n107;1
