TIME	EVENT	NODES
97.80794262887281	O	n98
101.14759967511259	S	n98;1;n119;2;n120;3
106.2551761740781	S	n119;2;n131;4;n132;5
114.20472606597329	I	n131;4
115.53629363054432	S	n120;3;n169;6;n170;7
115.67359509650554	L	n131;4
117.17602093490723	I	n170;7
120.93492720218666	E	n132;5
127.47843113446591	I	n169;6
137.44428209975396	F	n169;6
137.44428209975396	F	n170;7
