TIME	EVENT	NODES
97.84346358944698	O	n103
102.82426853750586	E	n103;1
