TIME	EVENT	NODES
0	O	Root
0.0	S	Root;1;n1;2;n2;3
1.1526049188520024	S	n1;2;n3;4;n4;5
4.484958026479743	S	n3;4;n5;6;n6;7
5.070681651816388	E	n5;6
7.566795314525711	S	n4;5;n7;8;n8;9
9.937342596589726	E	n7;8
15.623518010672836	L	n6;7
22.909819856367786	S	n8;9;n13;10;n14;11
24.19895747813056	I	n14;11
26.256835295663688	E	n2;3
26.84276481692311	S	n14;11;n17;12;n18;13
30.407447078502262	S	n17;12;n21;14;n22;15
30.709970716812176	C	n22;15
35.92070569340266	S	n21;14;n25;16;n26;17
38.13198542719755	E	n22;15
39.04702059247166	E	n13;10
40.759074860237476	E	n25;16
42.012799395780256	E	n26;17
42.357769946350246	S	n18;13;n31;18;n32;19
46.694210788673075	E	n32;19
50.79591476008908	S	n31;18;n39;20;n40;21
52.618978043968546	S	n39;20;n47;22;n48;23
55.45651211006114	E	n47;22
58.30047483794531	S	n40;21;n59;24;n60;25
58.94799355594872	S	n60;25;n61;26;n62;27
59.5579516206426	S	n62;27;n63;28;n64;29
61.254313095266134	E	n48;23
61.419766713078495	I	n59;24
64.81124210706918	L	n63;28
65.13921464734916	E	n59;24
67.79713360797955	S	n61;26;n81;30;n82;31
67.93281699426917	I	n64;29
69.50333777943767	E	n64;29
69.708668487013	E	n81;30
73.06969448986186	S	n82;31;n95;32;n96;33
74.75708131456398	E	n95;32
77.82875716052023	E	n96;33
