TIME	EVENT	NODES
82.55705981456815	O	n113
82.84074056886857	S	n113;1;n127;2;n128;3
83.4965443788225	I	n127;2
83.68992761721407	I	n128;3
91.0242900867634	S	n127;2;n169;4;n170;5
91.54856848753883	S	n170;5;n181;6;n182;7
92.31733606390708	I	n181;6
92.33494976870058	E	n182;7
93.28766703920519	I	n128;3
96.83861240646377	E	n169;4
99.10789388249582	E	n128;3
99.45060501893975	I	n181;6
100.9269566699229	C	n181;6
107.07038824181652	S	n181;6;n253;8;n254;9
108.4674293435372	D	n253;8;n253;10;n253;11
113.76517703328658	S	n254;9;n301;12;n302;13
113.98118132905664	E	n301;12
114.59513604545869	S	n302;13;n309;14;n310;15
117.64931390587152	E	n253;10
117.64931390587152	E	n253;11
121.1154699736872	E	n309;14
122.20096298192965	F	n310;15
