TIME	EVENT	NODES
157.3173379803898	O	n23
171.45748821204532	S	n23;1;n49;2;n50;3
172.88458943711095	I	n50;3
176.11005676811268	S	n49;2;n55;4;n56;5
180.68423174771254	E	n50;3
180.6986254355388	I	n55;4
188.99377288291518	S	n56;5;n61;6;n62;7
191.35598736312272	S	n62;7;n65;8;n66;9
196.74632570764513	E	n66;9
212.14935991177535	E	n65;8
217.22309289796902	I	n61;6
221.4844260935815	S	n61;6;n89;10;n90;11
231.2895298785254	E	n89;10
232.88507673931164	I	n55;4
238.066136604651	E	n55;4
246.86019464837716	L	n90;11
