TIME	EVENT	NODES
157.46700353473156	O	n27
166.54278869017284	E	n27;1
