TIME	EVENT	NODES
82.62922965155464	O	n97
85.50601592411626	E	n97;1
