TIME	EVENT	NODES
157.46838626280044	O	n31
165.1799971652594	S	n31;1;n39;2;n40;3
166.42281919880233	S	n40;3;n41;4;n42;5
169.09281682708968	E	n41;4
169.40844172015872	E	n39;2
173.3420775141136	S	n42;5;n53;6;n54;7
173.88687652149895	E	n54;7
202.00587275807263	I	n53;6
208.7381968591122	I	n53;6
210.1810426181483	I	n53;6
226.35838931529247	C	n53;6
226.86452868796613	S	n53;6;n95;8;n96;9
233.55443944646427	S	n96;9;n105;10;n106;11
233.94042858839967	T	n106;11;n106;12;n93;13
241.60782661823802	T	n93;13;n93;14;n86;15
245.85340359938476	E	n86;15
247.89276809742267	S	n106;12;n121;16;n122;17
249.98581190445853	D	n122;17;n122;18;n122;19
253.54691924446132	I	n93;14
261.6291738439399	E	n121;16
263.1946935408616	S	n93;14;n157;20;n158;21
267.3335154299119	L	n95;8
267.3335154299119	T	n158;21;n158;22;n95;23
271.0359830191678	S	n158;22;n165;24;n166;25
271.5541373875477	S	n95;23;n167;26;n168;27
273.5864034493894	E	n122;18
273.5864034493894	E	n122;19
278.37777927242377	S	n168;27;n179;28;n180;29
278.6214938342557	E	n167;26
281.86281336619095	S	n157;20;n181;30;n182;31
282.56958360049487	E	n179;28
287.2898658895813	E	n105;10
292.282466938882	D	n165;24;n165;32;n165;33
292.321064504694	E	n180;29
297.3759122122873	E	n182;31
297.87254292286366	I	n165;33
300.66408360617874	S	n165;32;n217;34;n218;35
300.66408360617874	S	n165;33;n217;36;n218;37
301.39480262224913	S	n217;34;n219;38;n220;39
301.39480262224913	S	n217;36;n219;40;n220;41
305.728733924016	I	n220;39
305.728733924016	I	n220;41
306.3140672147084	I	n218;35
309.22719658015154	E	n220;41
309.22719658015154	E	n220;39
313.31681944729553	I	n218;35
313.31681944729553	I	n218;37
320.79932039880754	I	n181;30
322.23550031039156	S	n219;38;n243;42;n244;43
322.23550031039156	S	n219;40;n243;44;n244;45
324.96829702964277	C	n218;37
325.62016585225894	E	n166;25
326.9191915703628	E	n181;30
327.1046107185982	E	n218;35
327.1046107185982	E	n218;37
336.27194991669535	S	n243;42;n265;46;n266;47
336.27194991669535	S	n243;44;n265;48;n266;49
337.9466629699342	E	n266;47
337.9466629699342	E	n266;49
342.69677258953504	I	n244;43
342.69677258953504	I	n244;45
347.64034388032036	I	n244;45
347.64034388032036	I	n244;43
349.260475633971	I	n244;43
349.260475633971	I	n244;45
353.7533337509783	I	n244;43
354.08506775125977	I	n244;43
354.10974447075046	I	n244;45
357.83898267386695	E	n265;46
357.83898267386695	E	n265;48
359.6879803147978	I	n244;43
360.41175156520734	I	n244;45
368.33285918754166	F	n244;45
368.33285918754166	F	n244;43
