TIME	EVENT	NODES
82.64679417565752	O	n118
84.61441438989753	S	n118;1;n131;2;n132;3
87.42636199447134	S	n132;3;n153;4;n154;5
88.56364729159756	I	n154;5
91.11770339704343	E	n131;2
92.63276630510067	S	n154;5;n185;6;n186;7
95.34371363479748	E	n185;6
106.84486426192589	E	n186;7
106.93975314140489	C	n153;4
108.133588588225	I	n153;4
114.64059334825671	L	n153;4
