TIME	EVENT	NODES
98.26260525646416	O	n114
99.8906396465015	E	n114;1
