TIME	EVENT	NODES
82.86373112053884	O	n126
84.80476003374768	E	n126;1
