TIME	EVENT	NODES
82.87504158312848	O	n125
85.04322636797957	C	n125;1
122.20096298192965	F	n125;1
