TIME	EVENT	NODES
98.42728142731066	O	n90
111.11982330004851	S	n90;1;n141;2;n142;3
113.05043982879775	S	n141;2;n147;4;n148;5
113.15210872466714	I	n147;4
120.60141769289855	I	n142;3
120.73658318917201	S	n147;4;n177;6;n178;7
121.94033774569849	S	n177;6;n187;8;n188;9
122.96089664221213	S	n187;8;n191;10;n192;11
126.02587607460606	S	n192;11;n207;12;n208;13
126.29606024884419	I	n191;10
128.0705698243647	S	n207;12;n213;14;n214;15
129.26832954659912	S	n188;9;n215;16;n216;17
129.97651367823465	S	n142;3;n221;18;n222;19
130.09222203709768	S	n213;14;n223;20;n224;21
130.3478450618157	S	n224;21;n225;22;n226;23
130.79527631442593	E	n222;19
131.11070081786738	E	n191;10
131.12736847383428	E	n178;7
131.59642289544732	S	n215;16;n233;24;n234;25
132.029281190207	I	n148;5
132.25890650819693	E	n223;20
132.3401028583617	S	n233;24;n235;26;n236;27
132.75998679969956	S	n236;27;n241;28;n242;29
133.68463181083166	S	n225;22;n245;30;n246;31
133.9195906530183	E	n214;15
134.01809809279308	E	n226;23
135.1063010086217	I	n246;31
135.26511937963505	E	n245;30
135.3043009887741	I	n242;29
135.6947074731777	I	n246;31
135.8895275045361	I	n216;17
137.13164605031997	E	n234;25
137.44428209975396	F	n242;29
137.44428209975396	F	n235;26
137.44428209975396	F	n216;17
137.44428209975396	F	n208;13
137.44428209975396	F	n221;18
137.44428209975396	F	n241;28
137.44428209975396	F	n148;5
137.44428209975396	F	n246;31
