TIME	EVENT	NODES
98.48020954267474	O	n98
101.14759967511259	S	n98;1;n119;2;n120;3
104.71692765903443	I	n120;3
106.2551761740781	S	n119;2;n131;4;n132;5
115.53629363054432	S	n120;3;n169;6;n170;7
120.93492720218666	E	n132;5
123.84486178803337	D	n169;6;n169;8;n169;9
124.00483492653812	S	n131;4;n193;10;n194;11
125.3362666112503	S	n194;11;n201;12;n202;13
131.36589143781583	I	n169;8
131.36589143781583	I	n169;9
132.0096165425425	E	n201;12
133.3351141628707	I	n169;9
133.3351141628707	I	n169;8
135.910637703942	S	n202;13;n265;14;n266;15
137.3574170703479	S	n193;10;n277;16;n278;17
137.44428209975396	F	n169;8
137.44428209975396	F	n169;9
137.44428209975396	F	n278;17
137.44428209975396	F	n265;14
137.44428209975396	F	n170;7
137.44428209975396	F	n277;16
137.44428209975396	F	n266;15
