TIME	EVENT	NODES
82.96917472115528	O	n119
91.72046016143437	E	n119;1
