TIME	EVENT	NODES
98.49696767667535	O	n115
101.86760839437709	S	n115;1;n121;2;n122;3
103.11281700770681	S	n122;3;n123;4;n124;5
104.88109094108886	E	n123;4
107.64260412635909	S	n124;5;n135;6;n136;7
108.22574960153462	E	n136;7
109.62261535345976	E	n135;6
110.43885478895938	L	n121;2
