TIME	EVENT	NODES
98.50315101911546	O	n102
106.13974562605924	S	n102;1;n129;2;n130;3
112.19152098498493	S	n129;2;n145;4;n146;5
114.6134552335811	S	n145;4;n161;6;n162;7
114.657371613597	S	n130;3;n163;8;n164;9
120.36425336016957	I	n164;9
120.76078747720435	S	n164;9;n179;10;n180;11
121.71308316654702	S	n162;7;n183;12;n184;13
123.4576512951491	E	n184;13
124.3711312004714	E	n179;10
124.59632497171712	I	n146;5
126.69541424741841	I	n180;11
126.7918523131126	S	n180;11;n209;14;n210;15
127.74848639190229	S	n163;8;n211;16;n212;17
130.23799526666454	I	n146;5
132.5078781716013	S	n183;12;n237;18;n238;19
132.73404178738306	S	n212;17;n239;20;n240;21
134.11183794022722	S	n209;14;n249;22;n250;23
134.23046956332826	S	n239;20;n251;24;n252;25
134.67922445755087	S	n240;21;n255;26;n256;27
135.06685894332068	S	n146;5;n257;28;n258;29
135.85464953594038	S	n257;28;n263;30;n264;31
136.05418159125273	I	n249;22
136.11757414701233	S	n263;30;n267;32;n268;33
136.2024720917159	S	n252;25;n269;34;n270;35
136.37102824962483	E	n264;31
137.24494829212168	S	n269;34;n275;36;n276;37
137.4181928277078	S	n250;23;n279;38;n280;39
137.44428209975396	F	n270;35
137.44428209975396	F	n258;29
137.44428209975396	F	n161;6
137.44428209975396	F	n267;32
137.44428209975396	F	n279;38
137.44428209975396	F	n211;16
137.44428209975396	F	n268;33
137.44428209975396	F	n255;26
137.44428209975396	F	n256;27
137.44428209975396	F	n238;19
137.44428209975396	F	n210;15
137.44428209975396	F	n251;24
137.44428209975396	F	n280;39
137.44428209975396	F	n237;18
137.44428209975396	F	n249;22
137.44428209975396	F	n276;37
137.44428209975396	F	n275;36
