TIME	EVENT	NODES
83.05671910863576	O	n97
85.50601592411626	E	n97;1
