TIME	EVENT	NODES
98.58943837991774	O	n103
102.82426853750586	E	n103;1
