TIME	EVENT	NODES
83.29683134151333	O	n128
99.10789388249582	E	n128;1
