TIME	EVENT	NODES
98.62966501603587	O	n104
106.57096831231419	E	n104;1
