TIME	EVENT	NODES
83.31091196998543	O	n128
99.10789388249582	E	n128;1
