TIME	EVENT	NODES
158.4514934809085	O	n36
168.98360319176706	S	n36;1;n43;2;n44;3
170.74431018111153	S	n43;2;n45;4;n46;5
177.51846234063663	E	n45;4
187.68489901940544	E	n46;5
189.4429084824666	S	n44;3;n63;6;n64;7
192.12775824612362	I	n64;7
197.52889611914404	T	n63;6;n63;8;n53;9
199.67425827121278	C	n53;9
202.00946886625627	C	n53;9
208.7329932684259	I	n53;9
217.10122037003637	S	n63;8;n87;10;n88;11
217.57103501338455	L	n64;7
218.03890772864693	T	n87;10;n87;12;n77;13
218.31448772274692	I	n88;11
224.42074098395472	S	n87;12;n93;14;n94;15
226.08451416191318	E	n77;13
226.49385614607323	I	n88;11
226.86452868796613	S	n53;9;n95;16;n96;17
229.7384937136295	I	n96;17
232.2598634713699	E	n94;15
232.8439288366906	E	n88;11
233.55443944646427	S	n96;17;n105;18;n106;19
241.25288951217672	I	n106;19
245.11158799498304	I	n106;19
247.89276809742267	S	n106;19;n121;20;n122;21
248.3801940543695	I	n93;14
255.76131034529357	I	n122;21
261.5229739998466	I	n105;18
261.6291738439399	E	n121;20
263.1946935408616	S	n93;14;n157;22;n158;23
271.0359830191678	S	n158;23;n165;24;n166;25
271.5541373875477	S	n95;16;n167;26;n168;27
273.5864034493894	E	n122;21
273.607224075922	I	n157;22
273.81119077843687	I	n105;18
278.37777927242377	S	n168;27;n179;28;n180;29
278.6214938342557	E	n167;26
281.1707603237528	I	n157;22
281.86281336619095	S	n157;22;n181;30;n182;31
282.56958360049487	E	n179;28
284.7867619777752	I	n166;25
287.2898658895813	E	n105;18
290.03568941673433	I	n182;31
292.321064504694	E	n180;29
297.3759122122873	E	n182;31
300.66408360617874	S	n165;24;n217;32;n218;33
301.39480262224913	S	n217;32;n219;34;n220;35
307.57390094505155	I	n181;30
308.5867676499249	I	n181;30
309.22719658015154	E	n220;35
312.5694096718125	D	n219;34;n219;36;n219;37
318.6940758682327	L	n166;25
322.23550031039156	S	n219;36;n243;38;n244;39
322.23550031039156	S	n219;37;n243;40;n244;41
326.9191915703628	E	n181;30
327.1046107185982	E	n218;33
333.1694336167502	I	n244;39
333.1694336167502	I	n244;41
335.48054426353315	L	n243;38
336.27194991669535	S	n243;40;n265;42;n266;43
337.9466629699342	E	n266;43
357.83898267386695	E	n265;42
367.161600549236	I	n244;41
367.161600549236	I	n244;39
368.33285918754166	F	n244;39
368.33285918754166	F	n244;41
