TIME	EVENT	NODES
83.32173759251201	O	n107
86.44413666992946	I	n107;1
90.79568255560412	E	n107;1
