TIME	EVENT	NODES
98.77077178192428	O	n114
99.8906396465015	E	n114;1
