TIME	EVENT	NODES
83.3422268557968	O	n119
91.72046016143437	E	n119;1
