TIME	EVENT	NODES
98.80437356694623	O	n104
106.57096831231419	E	n104;1
