TIME	EVENT	NODES
83.38487431851583	O	n119
91.72046016143437	E	n119;1
