TIME	EVENT	NODES
83.44911309082369	O	n126
84.80476003374768	E	n126;1
