TIME	EVENT	NODES
83.60982391389571	O	n125
86.28738795676664	I	n125;1
101.17068807378165	T	n125;1;n125;2;n167;3
102.48521947160668	S	n167;3;n237;4;n238;5
110.61259856831502	S	n237;4;n287;6;n288;7
116.4438118421558	E	n287;6
118.34189157555583	I	n288;7
122.20096298192965	F	n288;7
122.20096298192965	F	n125;2
122.20096298192965	F	n238;5
