TIME	EVENT	NODES
98.96106639495478	O	n100
101.65830150095249	E	n100;1
