TIME	EVENT	NODES
83.63548514902753	O	n68
86.64549986121668	E	n68;1
