TIME	EVENT	NODES
99.06889108459222	O	n114
99.8906396465015	E	n114;1
