TIME	EVENT	NODES
159.07458937666138	O	n35
172.7134354678535	S	n35;1;n51;2;n52;3
184.38473418243225	S	n51;2;n57;4;n58;5
195.67047806625874	C	n52;3
195.81562732113593	E	n58;5
199.3404950915714	E	n57;4
208.6130169913643	C	n52;3
222.49381961834402	I	n52;3
227.7086322008703	S	n52;3;n97;6;n98;7
230.63281330277147	I	n98;7
242.65770202322346	I	n98;7
249.03530572249304	S	n97;6;n123;8;n124;9
254.59397657947247	S	n123;8;n139;10;n140;11
255.08922900163986	E	n139;10
256.64231642783636	I	n98;7
258.8150958922131	S	n124;9;n149;12;n150;13
263.1867182168425	T	n98;7;n98;14;n144;15
266.8260431524649	I	n149;12
274.1250014823083	I	n98;14
275.3394929136777	E	n140;11
276.4984055999543	I	n150;13
276.551795131478	S	n144;15;n175;16;n176;17
281.4465804297021	I	n98;14
285.76396366295205	E	n176;17
290.6276844912212	I	n98;14
293.4401227103343	E	n150;13
296.4430408222861	E	n175;16
297.82959460464184	E	n98;14
313.2735372024965	E	n149;12
