TIME	EVENT	NODES
99.13710048272596	O	n105
104.76055838490859	I	n105;1
109.97257981492466	S	n105;1;n139;2;n140;3
115.23349349552517	I	n139;2
116.84276849014047	E	n139;2
123.81931590894636	E	n140;3
