TIME	EVENT	NODES
83.95513370110316	O	n116
85.26887989200775	S	n116;1;n137;2;n138;3
89.39288953251378	L	n137;2
90.59408618872159	S	n138;3;n167;4;n168;5
96.06946921142757	E	n168;5
98.93126257712197	I	n167;4
102.48521947160668	S	n167;4;n237;6;n238;7
110.61259856831502	S	n237;6;n287;8;n288;9
111.26893496166741	I	n287;8
116.4438118421558	E	n287;8
122.20096298192965	F	n288;9
122.20096298192965	F	n238;7
