TIME	EVENT	NODES
99.27653384299681	O	n114
99.8906396465015	E	n114;1
