TIME	EVENT	NODES
99.28594202644763	O	n112
103.34721566402152	S	n112;1;n127;2;n128;3
109.7062075780071	L	n128;3
113.18536271364133	S	n127;2;n149;4;n150;5
114.60875141654122	S	n149;4;n159;6;n160;7
123.03330243667175	E	n160;7
124.30726090222478	I	n159;6
130.06248543332637	E	n150;5
131.1781794776036	S	n159;6;n229;8;n230;9
136.17150238763622	E	n229;8
137.44428209975396	F	n230;9
