TIME	EVENT	NODES
159.25862341858516	O	n34
162.77617771303431	S	n34;1;n37;2;n38;3
164.0650225736182	E	n38;3
187.1981154176181	S	n37;2;n59;4;n60;5
197.574740969038	S	n60;5;n71;6;n72;7
205.4732166337331	I	n71;6
224.87883338170167	E	n71;6
240.5834317854449	L	n59;4
254.31869674795763	S	n72;7;n137;8;n138;9
257.3040976354258	D	n138;9;n138;10;n138;11
262.48313050699846	S	n137;8;n155;12;n156;13
268.08312347105647	S	n138;10;n163;14;n164;15
268.08312347105647	S	n138;11;n163;16;n164;17
276.4391041325186	C	n155;12
277.8106349986983	E	n163;14
277.8106349986983	E	n163;16
279.3689247604448	E	n164;15
279.3689247604448	E	n164;17
280.9346084359787	E	n156;13
302.77518792485097	S	n155;12;n221;18;n222;19
310.2799694937057	L	n221;18
314.3193370741534	E	n222;19
