TIME	EVENT	NODES
99.36681879116219	O	n90
111.11982330004851	S	n90;1;n141;2;n142;3
113.05043982879775	S	n141;2;n147;4;n148;5
115.19694915837675	I	n147;4
120.73658318917201	S	n147;4;n177;6;n178;7
121.94033774569849	S	n177;6;n187;8;n188;9
122.96089664221213	S	n187;8;n191;10;n192;11
123.20917309596734	C	n188;9
126.02587607460606	S	n192;11;n207;12;n208;13
128.0705698243647	S	n207;12;n213;14;n214;15
129.26832954659912	S	n188;9;n215;16;n216;17
129.97651367823465	S	n142;3;n221;18;n222;19
130.09222203709768	S	n213;14;n223;20;n224;21
130.3478450618157	S	n224;21;n225;22;n226;23
130.48461691540135	L	n221;18
130.79527631442593	E	n222;19
131.11070081786738	E	n191;10
131.12736847383428	E	n178;7
131.35564879421003	T	n226;23;n226;24;n146;25
131.59642289544732	S	n215;16;n233;26;n234;27
131.94185618441773	I	n208;13
132.25890650819693	E	n223;20
132.3401028583617	S	n233;26;n235;28;n236;29
132.75998679969956	S	n236;29;n241;30;n242;31
133.68463181083166	S	n225;22;n245;32;n246;33
133.9195906530183	E	n214;15
134.01809809279308	E	n226;24
135.06685894332068	S	n146;25;n257;34;n258;35
135.26511937963505	E	n245;32
135.85464953594038	S	n257;34;n263;36;n264;37
136.11757414701233	S	n263;36;n267;38;n268;39
136.37102824962483	E	n264;37
137.13164605031997	E	n234;27
137.44428209975396	F	n258;35
137.44428209975396	F	n267;38
137.44428209975396	F	n242;31
137.44428209975396	F	n268;39
137.44428209975396	F	n235;28
137.44428209975396	F	n216;17
137.44428209975396	F	n208;13
137.44428209975396	F	n241;30
137.44428209975396	F	n148;5
137.44428209975396	F	n246;33
