TIME	EVENT	NODES
99.3761009576258	O	n103
102.82426853750586	E	n103;1
