TIME	EVENT	NODES
84.00745037542485	O	n92
90.48646187123879	E	n92;1
