TIME	EVENT	NODES
159.35640476127395	O	n34
162.77617771303431	S	n34;1;n37;2;n38;3
164.0650225736182	E	n38;3
187.1981154176181	S	n37;2;n59;4;n60;5
195.44301922394575	L	n60;5
214.18453598088348	I	n59;4
245.0945059839935	I	n59;4
246.1429454102887	C	n59;4
251.91737397158224	S	n59;4;n131;6;n132;7
253.907451834007	I	n131;6
264.256074713361	S	n131;6;n159;8;n160;9
283.003644560383	E	n160;9
288.5496408940298	S	n132;7;n189;10;n190;11
297.2325938618031	S	n190;11;n211;12;n212;13
306.18779637717876	E	n189;10
323.451126983794	S	n211;12;n247;14;n248;15
326.9299560409181	S	n248;15;n249;16;n250;17
328.2146319613769	S	n159;8;n253;18;n254;19
329.64165783282476	T	n212;13;n212;20;n237;21
334.64198406508626	S	n249;16;n255;22;n256;23
335.92113620132585	S	n254;19;n263;24;n264;25
338.51097831531484	S	n247;14;n269;26;n270;27
339.142489910112	I	n212;20
339.658731161582	S	n264;25;n271;28;n272;29
339.96246034945096	S	n237;21;n273;30;n274;31
345.71198993976384	E	n253;18
348.5727491582902	I	n255;22
351.3681074054671	E	n270;27
351.37042779145395	E	n255;22
355.7899662740194	E	n274;31
356.5243775902817	S	n250;17;n303;32;n304;33
359.43466135079467	S	n269;26;n307;34;n308;35
361.7971077523211	S	n272;29;n309;36;n310;37
364.14479088522387	E	n212;20
364.39265661618424	S	n310;37;n317;38;n318;39
364.49514583717956	S	n304;33;n319;40;n320;41
365.0168302374957	S	n256;23;n323;42;n324;43
365.0417268907298	E	n263;24
365.43190125744275	S	n273;30;n325;44;n326;45
365.9406802548836	S	n318;39;n329;46;n330;47
368.1525611161385	S	n324;43;n331;48;n332;49
368.33285918754166	F	n330;47
368.33285918754166	F	n307;34
368.33285918754166	F	n329;46
368.33285918754166	F	n303;32
368.33285918754166	F	n271;28
368.33285918754166	F	n308;35
368.33285918754166	F	n331;48
368.33285918754166	F	n323;42
368.33285918754166	F	n325;44
368.33285918754166	F	n326;45
368.33285918754166	F	n320;41
368.33285918754166	F	n332;49
368.33285918754166	F	n317;38
368.33285918754166	F	n309;36
368.33285918754166	F	n319;40
