TIME	EVENT	NODES
159.39580214953813	O	n34
162.77617771303431	S	n34;1;n37;2;n38;3
164.0650225736182	E	n38;3
187.1981154176181	S	n37;2;n59;4;n60;5
197.574740969038	S	n60;5;n71;6;n72;7
224.87883338170167	E	n71;6
230.84150968085086	I	n59;4
251.91737397158224	S	n59;4;n131;8;n132;9
254.31869674795763	S	n72;7;n137;10;n138;11
262.48313050699846	S	n137;10;n155;12;n156;13
264.256074713361	S	n131;8;n159;14;n160;15
268.08312347105647	S	n138;11;n163;16;n164;17
272.20487360828145	C	n155;12
277.8106349986983	E	n163;16
279.3689247604448	E	n164;17
279.378050352824	L	n132;9
280.9346084359787	E	n156;13
283.003644560383	E	n160;15
302.77518792485097	S	n155;12;n221;18;n222;19
314.3193370741534	E	n222;19
328.2146319613769	S	n159;14;n253;20;n254;21
328.4360717556349	I	n253;20
335.92113620132585	S	n254;21;n263;22;n264;23
339.658731161582	S	n264;23;n271;24;n272;25
343.3510535016929	I	n253;20
345.71198993976384	E	n253;20
346.8347044409321	I	n221;18
361.7971077523211	S	n272;25;n309;26;n310;27
364.39265661618424	S	n310;27;n317;28;n318;29
365.0417268907298	E	n263;22
365.9406802548836	S	n318;29;n329;30;n330;31
367.833365305906	L	n271;24
368.33285918754166	F	n330;31
368.33285918754166	F	n329;30
368.33285918754166	F	n317;28
368.33285918754166	F	n221;18
368.33285918754166	F	n309;26
