TIME	EVENT	NODES
84.2008208869455	O	n125
122.20096298192965	F	n125;1
