TIME	EVENT	NODES
159.92270690363247	O	n33
165.2249719103747	E	n33;1
