TIME	EVENT	NODES
84.44907633038851	O	n92
90.48646187123879	E	n92;1
