TIME	EVENT	NODES
84.49399041534996	O	n119
85.44854422574738	L	n119;1
