TIME	EVENT	NODES
100.27003580861731	O	n100
101.65830150095249	E	n100;1
