TIME	EVENT	NODES
84.57990065266259	O	n126
84.80476003374768	E	n126;1
