TIME	EVENT	NODES
160.37344705756013	O	n27
166.54278869017284	E	n27;1
