TIME	EVENT	NODES
160.4056649051516	O	n23
170.10286158695095	I	n23;1
171.45748821204532	S	n23;1;n49;2;n50;3
176.11005676811268	S	n49;2;n55;4;n56;5
180.68423174771254	E	n50;3
188.99377288291518	S	n56;5;n61;6;n62;7
191.35598736312272	S	n62;7;n65;8;n66;9
196.74632570764513	E	n66;9
205.38806491342157	I	n65;8
212.14935991177535	E	n65;8
213.10314759871488	T	n61;6;n61;10;n53;11
216.57775710952853	D	n61;10;n61;12;n61;13
221.4844260935815	S	n61;12;n89;14;n90;15
221.4844260935815	S	n61;13;n89;16;n90;17
226.86452868796613	S	n53;11;n95;18;n96;19
231.01585356915425	I	n90;15
231.01585356915425	I	n90;17
231.2895298785254	E	n89;14
231.2895298785254	E	n89;16
233.55443944646427	S	n96;19;n105;20;n106;21
238.066136604651	E	n55;4
240.53862056999074	I	n106;21
247.89276809742267	S	n106;21;n121;22;n122;23
253.75415877969002	I	n105;20
255.04231003734222	C	n90;17
255.04231003734222	C	n90;15
255.61711198852078	I	n90;17
255.61711198852078	I	n90;15
259.09936408643665	I	n122;23
260.78837433756223	I	n122;23
261.6291738439399	E	n121;22
271.5541373875477	S	n95;18;n167;24;n168;25
273.5864034493894	E	n122;23
278.37777927242377	S	n168;25;n179;26;n180;27
278.6214938342557	E	n167;24
280.72726439380614	I	n90;15
280.72726439380614	I	n90;17
280.88338111280893	E	n90;17
280.88338111280893	E	n90;15
282.56958360049487	E	n179;26
287.2898658895813	E	n105;20
292.321064504694	E	n180;27
