TIME	EVENT	NODES
84.70953641368389	O	n121
86.0006184609162	E	n121;1
