TIME	EVENT	NODES
160.45903372418945	O	n35
172.7134354678535	S	n35;1;n51;2;n52;3
184.38473418243225	S	n51;2;n57;4;n58;5
195.67047806625874	C	n52;3
195.81562732113593	E	n58;5
198.38548912665075	I	n57;4
199.3404950915714	E	n57;4
214.37662563997432	I	n52;3
221.66533725147323	L	n52;3
