TIME	EVENT	NODES
100.51472133661694	O	n112
103.34721566402152	S	n112;1;n127;2;n128;3
106.69647025942083	T	n128;3;n128;4;n124;5
107.64260412635909	S	n124;5;n135;6;n136;7
108.22574960153462	E	n136;7
109.62261535345976	E	n135;6
113.18536271364133	S	n127;2;n149;8;n150;9
114.60875141654122	S	n149;8;n159;10;n160;11
116.79865409744342	E	n128;4
123.0166608262914	L	n160;11
124.58708260960167	L	n159;10
130.06248543332637	E	n150;9
