TIME	EVENT	NODES
100.53810654171991	O	n117
102.2660481525169	L	n117;1
