TIME	EVENT	NODES
160.47701464820045	O	n33
161.84788932030884	I	n33;1
165.2249719103747	E	n33;1
