TIME	EVENT	NODES
160.5810695620512	O	n19
171.2809686135886	S	n19;1;n47;2;n48;3
173.76673442816767	L	n47;2
185.02549364889032	D	n48;3;n48;4;n48;5
197.05605768407898	T	n48;4;n48;6;n59;7
227.96582213353707	L	n48;6
240.08073332630298	C	n59;7
251.91737397158224	S	n59;7;n131;8;n132;9
263.39606652194743	I	n48;5
264.256074713361	S	n131;8;n159;10;n160;11
270.50846597342445	E	n48;5
283.003644560383	E	n160;11
284.43120991856216	I	n159;10
288.5496408940298	S	n132;9;n189;12;n190;13
297.2325938618031	S	n190;13;n211;14;n212;15
306.18779637717876	E	n189;12
310.60753374800777	I	n159;10
323.451126983794	S	n211;14;n247;16;n248;17
323.54966181094517	I	n212;15
326.9299560409181	S	n248;17;n249;18;n250;19
327.9596831933602	C	n249;18
328.2146319613769	S	n159;10;n253;20;n254;21
332.70363840083087	I	n250;19
334.64198406508626	S	n249;18;n255;22;n256;23
335.92113620132585	S	n254;21;n263;24;n264;25
337.50309302517473	C	n250;19
338.51097831531484	S	n247;16;n269;26;n270;27
339.2123765297227	C	n270;27
339.658731161582	S	n264;25;n271;28;n272;29
345.1292055116986	C	n263;24
345.71198993976384	E	n253;20
349.1338199672426	I	n272;29
350.01881680023104	I	n256;23
351.3681074054671	E	n270;27
351.37042779145395	E	n255;22
356.5243775902817	S	n250;19;n303;30;n304;31
359.43466135079467	S	n269;26;n307;32;n308;33
361.7971077523211	S	n272;29;n309;34;n310;35
362.3410456073884	I	n263;24
364.0326981951225	I	n304;31
364.14479088522387	E	n212;15
364.39265661618424	S	n310;35;n317;36;n318;37
364.49514583717956	S	n304;31;n319;38;n320;39
365.0168302374957	S	n256;23;n323;40;n324;41
365.0417268907298	E	n263;24
365.9406802548836	S	n318;37;n329;42;n330;43
366.5068053088128	C	n319;38
368.1525611161385	S	n324;41;n331;44;n332;45
368.33285918754166	F	n330;43
368.33285918754166	F	n307;32
368.33285918754166	F	n329;42
368.33285918754166	F	n303;30
368.33285918754166	F	n271;28
368.33285918754166	F	n308;33
368.33285918754166	F	n331;44
368.33285918754166	F	n323;40
368.33285918754166	F	n320;39
368.33285918754166	F	n332;45
368.33285918754166	F	n317;36
368.33285918754166	F	n309;34
368.33285918754166	F	n319;38
