TIME	EVENT	NODES
84.77394346782357	O	n119
91.72046016143437	E	n119;1
