TIME	EVENT	NODES
100.60201400195129	O	n100
101.65830150095249	E	n100;1
