TIME	EVENT	NODES
160.71269860376327	O	n34
160.7947680586282	I	n34;1
162.77617771303431	S	n34;1;n37;2;n38;3
164.0650225736182	E	n38;3
187.1981154176181	S	n37;2;n59;4;n60;5
197.574740969038	S	n60;5;n71;6;n72;7
219.1387593353384	C	n72;7
220.81514124921304	I	n71;6
224.87883338170167	E	n71;6
251.91737397158224	S	n59;4;n131;8;n132;9
254.31869674795763	S	n72;7;n137;10;n138;11
260.82359072499867	L	n137;10
264.256074713361	S	n131;8;n159;12;n160;13
268.08312347105647	S	n138;11;n163;14;n164;15
273.6883719878307	C	n159;12
276.1142291509775	I	n132;9
276.62821430363044	C	n164;15
277.8106349986983	E	n163;14
279.3689247604448	E	n164;15
283.003644560383	E	n160;13
288.5496408940298	S	n132;9;n189;16;n190;17
297.2325938618031	S	n190;17;n211;18;n212;19
306.18779637717876	E	n189;16
313.76245832504014	I	n212;19
323.451126983794	S	n211;18;n247;20;n248;21
326.9299560409181	S	n248;21;n249;22;n250;23
328.2146319613769	S	n159;12;n253;24;n254;25
334.64198406508626	S	n249;22;n255;26;n256;27
335.92113620132585	S	n254;25;n263;28;n264;29
338.51097831531484	S	n247;20;n269;30;n270;31
338.52571564702345	I	n255;26
339.658731161582	S	n264;29;n271;32;n272;33
343.61164115422986	D	n271;32;n271;34;n271;35
343.93506237572296	I	n212;19
345.71198993976384	E	n253;24
351.3681074054671	E	n270;31
351.37042779145395	E	n255;26
353.70195839466896	L	n250;23
355.7758279127137	D	n269;30;n269;36;n269;37
359.43466135079467	S	n269;36;n307;38;n308;39
359.43466135079467	S	n269;37;n307;40;n308;41
361.7971077523211	S	n272;33;n309;42;n310;43
364.14479088522387	E	n212;19
364.39265661618424	S	n310;43;n317;44;n318;45
365.0168302374957	S	n256;27;n323;46;n324;47
365.0417268907298	E	n263;28
365.9406802548836	S	n318;45;n329;48;n330;49
366.14202195493647	T	n324;47;n324;50;n327;51
368.1525611161385	S	n324;50;n331;52;n332;53
368.33285918754166	F	n330;49
368.33285918754166	F	n307;38
368.33285918754166	F	n307;40
368.33285918754166	F	n329;48
368.33285918754166	F	n271;34
368.33285918754166	F	n271;35
368.33285918754166	F	n308;39
368.33285918754166	F	n308;41
368.33285918754166	F	n331;52
368.33285918754166	F	n327;51
368.33285918754166	F	n323;46
368.33285918754166	F	n332;53
368.33285918754166	F	n317;44
368.33285918754166	F	n309;42
