TIME	EVENT	NODES
100.64305621791938	O	n118
115.88695872762014	I	n118;1
116.84190744763517	S	n118;1;n173;2;n174;3
120.90134015260391	E	n173;2
125.88969064041424	S	n174;3;n205;4;n206;5
129.44283556805237	S	n206;5;n217;6;n218;7
130.3082969594688	I	n218;7
134.10937505656867	T	n218;7;n218;8;n243;9
134.65113353933813	E	n205;4
136.24444141721895	S	n217;6;n271;10;n272;11
137.44428209975396	F	n243;9
137.44428209975396	F	n272;11
137.44428209975396	F	n271;10
137.44428209975396	F	n218;8
