TIME	EVENT	NODES
85.10319019381105	O	n97
85.50601592411626	E	n97;1
