TIME	EVENT	NODES
85.15169328692414	O	n134
85.42092120853172	S	n134;1;n139;2;n140;3
85.77742182160104	S	n140;3;n141;4;n142;5
86.25047763284532	E	n141;4
88.61422845110853	S	n139;2;n155;6;n156;7
96.36417835574501	E	n155;6
98.27430524738351	E	n156;7
103.1465928539085	S	n142;5;n241;8;n242;9
104.39354497663153	E	n241;8
122.20096298192965	F	n242;9
