TIME	EVENT	NODES
85.15394087708992	O	n136
85.99631158609974	S	n136;1;n143;2;n144;3
86.81771029291036	S	n143;2;n149;4;n150;5
88.2079321579105	E	n144;3
98.6227177030625	S	n149;4;n221;6;n222;7
101.73861446361525	D	n222;7;n222;8;n222;9
103.24789987789956	E	n150;5
106.92161422948067	E	n221;6
122.20096298192965	F	n222;8
122.20096298192965	F	n222;9
