TIME	EVENT	NODES
161.1688948480501	O	n29
210.5494625720979	C	n29;1
213.98126690115197	L	n29;1
