TIME	EVENT	NODES
100.98065791197001	O	n116
103.17493587921933	S	n116;1;n125;2;n126;3
106.7091488936873	I	n125;2
107.08266993684482	S	n125;2;n133;4;n134;5
108.88168409907468	S	n133;4;n137;6;n138;7
112.14930348557543	S	n138;7;n143;8;n144;9
113.65517979759079	S	n126;3;n151;10;n152;11
113.69522551275313	E	n134;5
113.88653947876585	S	n144;9;n153;12;n154;13
114.15329671152638	S	n154;13;n155;14;n156;15
114.51709503904722	S	n156;15;n157;16;n158;17
115.24536255450909	S	n155;14;n165;18;n166;19
115.47908741396041	S	n158;17;n167;20;n168;21
115.53171231760001	E	n166;19
117.50503835521512	L	n157;16
119.15759873212343	E	n167;20
121.75663925884848	S	n153;12;n185;22;n186;23
122.24361634249597	I	n143;8
122.96539378764307	E	n137;6
123.40049799812171	I	n186;23
123.74910140170964	I	n168;21
124.35633750190762	S	n143;8;n197;24;n198;25
124.66930085222923	L	n168;21
124.99222297790499	I	n197;24
125.61616605856788	S	n197;24;n203;26;n204;27
125.74551501329805	I	n198;25
128.73131702604869	E	n151;10
132.97487296848038	E	n186;23
133.5601502985349	I	n204;27
133.98837576070537	E	n152;11
134.29348224163434	I	n198;25
134.80050439099153	I	n165;18
135.58811979234557	S	n165;18;n259;28;n260;29
135.85282357483234	E	n198;25
136.5068312732184	E	n260;29
136.9410702486098	S	n203;26;n273;30;n274;31
137.44428209975396	F	n274;31
137.44428209975396	F	n204;27
137.44428209975396	F	n259;28
137.44428209975396	F	n273;30
137.44428209975396	F	n185;22
