TIME	EVENT	NODES
85.16456770169745	O	n133
87.18963022322029	S	n133;1;n151;2;n152;3
90.0298616159461	E	n151;2
102.38892933329028	S	n152;3;n235;4;n236;5
104.54826420339597	I	n236;5
105.18311610228545	E	n235;4
108.28845536445367	I	n236;5
115.2182153714495	S	n236;5;n313;6;n314;7
116.15826723514712	E	n313;6
122.20096298192965	F	n314;7
