TIME	EVENT	NODES
85.19462888417726	O	n97
85.50601592411626	E	n97;1
