TIME	EVENT	NODES
85.32991503713615	O	n136
85.99631158609974	S	n136;1;n143;2;n144;3
86.81771029291036	S	n143;2;n149;4;n150;5
88.2079321579105	E	n144;3
98.6227177030625	S	n149;4;n221;6;n222;7
103.24789987789956	E	n150;5
106.92161422948067	E	n221;6
110.4255837564099	I	n222;7
122.20096298192965	F	n222;7
