TIME	EVENT	NODES
101.78877589456356	O	n112
103.34721566402152	S	n112;1;n127;2;n128;3
113.18536271364133	S	n127;2;n149;4;n150;5
114.60875141654122	S	n149;4;n159;6;n160;7
116.79865409744342	E	n128;3
123.03330243667175	E	n160;7
130.06248543332637	E	n150;5
130.5407539241196	L	n159;6
