TIME	EVENT	NODES
101.8940386703694	O	n117
103.32850253061844	E	n117;1
