TIME	EVENT	NODES
101.99405234686489	O	n103
102.82426853750586	E	n103;1
