TIME	EVENT	NODES
85.45337214010647	O	n111
86.35506788321693	T	n111;1;n111;2;n130;3
86.51037182362073	S	n111;2;n147;4;n148;5
89.53953138554083	S	n147;4;n163;6;n164;7
90.88249785419252	L	n163;6
91.44039855751173	S	n164;7;n177;8;n178;9
91.9252527843899	S	n148;5;n183;10;n184;11
93.34880801811472	E	n183;10
93.40783796646144	S	n130;3;n189;12;n190;13
93.64609162057884	E	n178;9
95.78622970633792	I	n184;11
96.77409377030416	E	n190;13
102.58874847283909	E	n189;12
114.18324510306947	S	n184;11;n303;14;n304;15
118.21581233262908	S	n177;8;n327;16;n328;17
118.26466469545224	S	n328;17;n329;18;n330;19
119.30590668260064	E	n303;14
119.93146279771446	S	n304;15;n339;20;n340;21
121.7585378305599	S	n330;19;n353;22;n354;23
121.85255750893415	S	n339;20;n357;24;n358;25
122.20096298192965	F	n327;16
122.20096298192965	F	n357;24
122.20096298192965	F	n329;18
122.20096298192965	F	n358;25
122.20096298192965	F	n340;21
122.20096298192965	F	n354;23
122.20096298192965	F	n353;22
