TIME	EVENT	NODES
102.07430968846035	O	n103
102.82426853750586	E	n103;1
