TIME	EVENT	NODES
161.99014738425012	O	n35
172.7134354678535	S	n35;1;n51;2;n52;3
182.22189559569605	C	n52;3
184.38473418243225	S	n51;2;n57;4;n58;5
187.53906768082226	I	n57;4
195.31337123521482	I	n57;4
195.81562732113593	E	n58;5
199.3404950915714	E	n57;4
227.7086322008703	S	n52;3;n97;6;n98;7
248.94956779508917	I	n98;7
249.03530572249304	S	n97;6;n123;8;n124;9
250.8275921912443	D	n124;9;n124;10;n124;11
254.59397657947247	S	n123;8;n139;12;n140;13
255.08922900163986	E	n139;12
258.8150958922131	S	n124;10;n149;14;n150;15
258.8150958922131	S	n124;11;n149;16;n150;17
272.6767349114643	I	n98;7
275.3394929136777	E	n140;13
286.43726855169814	L	n149;16
293.4401227103343	E	n150;15
293.4401227103343	E	n150;17
297.82959460464184	E	n98;7
313.2735372024965	E	n149;14
