TIME	EVENT	NODES
102.10270033561609	O	n122
103.11281700770681	S	n122;1;n123;2;n124;3
104.88109094108886	E	n123;2
107.64260412635909	S	n124;3;n135;4;n136;5
108.22574960153462	E	n136;5
109.62261535345976	E	n135;4
