TIME	EVENT	NODES
85.546360046307	O	n68
86.64549986121668	E	n68;1
