TIME	EVENT	NODES
162.1734356081652	O	n27
164.76146222626792	I	n27;1
166.54278869017284	E	n27;1
