TIME	EVENT	NODES
102.1105866643637	O	n117
103.32850253061844	E	n117;1
