TIME	EVENT	NODES
85.56013860756094	O	n131
91.11770339704343	E	n131;1
