TIME	EVENT	NODES
102.16760020511744	O	n112
103.34721566402152	S	n112;1;n127;2;n128;3
104.9791115751612	I	n128;3
107.99813828291296	I	n127;2
113.18536271364133	S	n127;2;n149;4;n150;5
114.60875141654122	S	n149;4;n159;6;n160;7
115.90453867575643	T	n150;5;n150;8;n169;9
116.79865409744342	E	n128;3
123.03330243667175	E	n160;7
130.06248543332637	E	n150;8
131.1781794776036	S	n159;6;n229;10;n230;11
136.17150238763622	E	n229;10
137.44428209975396	F	n169;9
137.44428209975396	F	n230;11
