TIME	EVENT	NODES
102.55386022282975	O	n117
103.32850253061844	E	n117;1
