TIME	EVENT	NODES
85.77036703870135	O	n125
122.20096298192965	F	n125;1
