TIME	EVENT	NODES
102.69010189942082	O	n117
103.32850253061844	E	n117;1
