TIME	EVENT	NODES
162.80043697356598	O	n36
168.98360319176706	S	n36;1;n43;2;n44;3
170.74431018111153	S	n43;2;n45;4;n46;5
177.51846234063663	E	n45;4
186.04314429576252	T	n44;3;n44;6;n58;7
187.68489901940544	E	n46;5
189.4429084824666	S	n44;6;n63;8;n64;9
195.81562732113593	E	n58;7
209.3174835058464	I	n64;9
211.13895302941876	I	n64;9
217.10122037003637	S	n63;8;n87;10;n88;11
224.42074098395472	S	n87;10;n93;12;n94;13
226.91439479113362	I	n88;11
232.2598634713699	E	n94;13
232.8439288366906	E	n88;11
248.88117897606477	E	n64;9
262.124214947887	L	n93;12
