TIME	EVENT	NODES
162.91136764890922	O	n23
165.0711808027575	T	n23;1;n23;2;n33;3
165.2249719103747	E	n33;3
171.45748821204532	S	n23;2;n49;4;n50;5
176.11005676811268	S	n49;4;n55;6;n56;7
180.68423174771254	E	n50;5
188.99377288291518	S	n56;7;n61;8;n62;9
191.35598736312272	S	n62;9;n65;10;n66;11
196.74632570764513	E	n66;11
199.36464592402214	I	n61;8
204.06154646441584	I	n61;8
207.74657186132538	I	n55;6
211.17959945887088	C	n61;8
212.14935991177535	E	n65;10
221.4844260935815	S	n61;8;n89;12;n90;13
231.2895298785254	E	n89;12
238.066136604651	E	n55;6
275.67383388770565	I	n90;13
280.88338111280893	E	n90;13
