TIME	EVENT	NODES
162.99105598302032	O	n27
166.54278869017284	E	n27;1
