TIME	EVENT	NODES
102.88763438299162	O	n105
104.76055838490859	I	n105;1
105.29594306539468	I	n105;1
109.97257981492466	S	n105;1;n139;2;n140;3
116.84276849014047	E	n139;2
123.81931590894636	E	n140;3
