TIME	EVENT	NODES
85.86803745172061	O	n131
91.11770339704343	E	n131;1
