TIME	EVENT	NODES
103.01870751762974	O	n118
111.60234952919022	I	n118;1
116.58633338575909	I	n118;1
116.84190744763517	S	n118;1;n173;2;n174;3
120.90134015260391	E	n173;2
125.88969064041424	S	n174;3;n205;4;n206;5
129.44283556805237	S	n206;5;n217;6;n218;7
130.77592935888774	C	n217;6
134.65113353933813	E	n205;4
136.24444141721895	S	n217;6;n271;8;n272;9
137.44428209975396	F	n272;9
137.44428209975396	F	n271;8
137.44428209975396	F	n218;7
