TIME	EVENT	NODES
85.9313565370419	O	n128
99.10789388249582	E	n128;1
