TIME	EVENT	NODES
163.33499066824962	O	n36
168.98360319176706	S	n36;1;n43;2;n44;3
170.74431018111153	S	n43;2;n45;4;n46;5
177.51846234063663	E	n45;4
187.68489901940544	E	n46;5
188.58264070546855	I	n44;3
189.4429084824666	S	n44;3;n63;6;n64;7
190.420680914535	I	n63;6
207.78493653427273	L	n63;6
240.5112396898623	I	n64;7
241.98538953470978	D	n64;7;n64;8;n64;9
248.88117897606477	E	n64;8
248.88117897606477	E	n64;9
