TIME	EVENT	NODES
85.93578241212717	O	n92
90.48646187123879	E	n92;1
