TIME	EVENT	NODES
163.42062105783992	O	n33
165.2249719103747	E	n33;1
