TIME	EVENT	NODES
103.05390643602364	O	n120
115.53629363054432	S	n120;1;n169;2;n170;3
131.36589143781583	I	n169;2
133.3351141628707	I	n169;2
137.44428209975396	F	n169;2
137.44428209975396	F	n170;3
