TIME	EVENT	NODES
85.99119882314679	O	n119
91.72046016143437	E	n119;1
