TIME	EVENT	NODES
103.11756886304465	O	n123
104.88109094108886	E	n123;1
