TIME	EVENT	NODES
163.47335584572883	O	n29
164.3417186532448	C	n29;1
167.46454470524264	C	n29;1
173.41922662236112	L	n29;1
