TIME	EVENT	NODES
163.5200377280187	O	n38
164.0650225736182	E	n38;1
