TIME	EVENT	NODES
103.21023966255774	O	n120
106.62978357121057	C	n120;1
115.53629363054432	S	n120;1;n169;2;n170;3
132.31829990328612	I	n169;2
137.44428209975396	F	n169;2
137.44428209975396	F	n170;3
