TIME	EVENT	NODES
103.30711159617351	O	n118
111.22711652095524	L	n118;1
