TIME	EVENT	NODES
163.6995532212393	O	n38
163.81187942964334	I	n38;1
164.0650225736182	E	n38;1
