TIME	EVENT	NODES
86.14515125422311	O	n107
90.79568255560412	E	n107;1
