TIME	EVENT	NODES
103.51625395036828	O	n121
115.59140676077115	S	n121;1;n171;2;n172;3
119.2824603171159	S	n171;2;n175;4;n176;5
121.67166523555763	S	n172;3;n181;6;n182;7
122.33159201510603	S	n181;6;n189;8;n190;9
124.27853235276899	S	n189;8;n195;10;n196;11
124.61527864565592	S	n176;5;n199;12;n200;13
124.71440464188629	E	n182;7
125.50474589733585	E	n199;12
126.65141789628034	D	n195;10;n195;14;n195;15
129.9551407662016	S	n190;9;n219;16;n220;17
130.15055173964421	E	n200;13
131.05102661768325	S	n220;17;n227;18;n228;19
131.58558979265632	S	n228;19;n231;20;n232;21
133.2920000968473	S	n232;21;n243;22;n244;23
133.7496404730826	S	n219;16;n247;24;n248;25
134.4393152643855	S	n244;23;n253;26;n254;27
135.5266775088217	I	n247;24
135.55934214570183	E	n227;18
135.72829461091368	S	n253;26;n261;28;n262;29
136.18078583605833	E	n175;4
137.44428209975396	F	n247;24
137.44428209975396	F	n243;22
137.44428209975396	F	n195;14
137.44428209975396	F	n195;15
137.44428209975396	F	n254;27
137.44428209975396	F	n261;28
137.44428209975396	F	n262;29
137.44428209975396	F	n248;25
137.44428209975396	F	n196;11
137.44428209975396	F	n231;20
