TIME	EVENT	NODES
86.34693663804035	O	n119
91.72046016143437	E	n119;1
