TIME	EVENT	NODES
164.07654245207524	O	n33
165.2249719103747	E	n33;1
