TIME	EVENT	NODES
86.36325176767582	O	n128
99.10789388249582	E	n128;1
