TIME	EVENT	NODES
86.41770788604225	O	n68
86.64549986121668	E	n68;1
