TIME	EVENT	NODES
104.07099950831174	O	n123
104.88109094108886	E	n123;1
