TIME	EVENT	NODES
86.42923898499784	O	n107
90.79568255560412	E	n107;1
