TIME	EVENT	NODES
104.20501313706335	O	n105
109.97257981492466	S	n105;1;n139;2;n140;3
113.11292149482864	I	n139;2
115.23349349552517	I	n139;2
116.84276849014047	E	n139;2
123.81931590894636	E	n140;3
