TIME	EVENT	NODES
86.65431531693277	O	n119
91.72046016143437	E	n119;1
