TIME	EVENT	NODES
86.69554142634578	O	n125
122.20096298192965	F	n125;1
