TIME	EVENT	NODES
86.71235431779438	O	n127
91.0242900867634	S	n127;1;n169;2;n170;3
91.54856848753883	S	n170;3;n181;4;n182;5
92.31733606390708	I	n181;4
92.33494976870058	E	n182;5
96.83861240646377	E	n169;2
99.45060501893975	I	n181;4
107.07038824181652	S	n181;4;n253;6;n254;7
112.8554852516258	T	n253;6;n253;8;n250;9
113.76517703328658	S	n254;7;n301;10;n302;11
113.98118132905664	E	n301;10
114.59513604545869	S	n302;11;n309;12;n310;13
117.64931390587152	E	n253;8
121.1154699736872	E	n309;12
122.20096298192965	F	n310;13
122.20096298192965	F	n250;9
