TIME	EVENT	NODES
165.57848229577982	O	n40
166.42281919880233	S	n40;1;n41;2;n42;3
169.09281682708968	E	n41;2
173.3420775141136	S	n42;3;n53;4;n54;5
173.88687652149895	E	n54;5
197.1409582825003	C	n53;4
226.86452868796613	S	n53;4;n95;6;n96;7
227.56999325383796	I	n96;7
233.55443944646427	S	n96;7;n105;8;n106;9
242.04513272602634	I	n105;8
244.14728133255718	I	n95;6
247.89276809742267	S	n106;9;n121;10;n122;11
259.5221931249076	I	n95;6
261.6291738439399	E	n121;10
262.94527190252023	I	n105;8
271.5541373875477	S	n95;6;n167;12;n168;13
273.5864034493894	E	n122;11
274.2526559240001	I	n168;13
278.37777927242377	S	n168;13;n179;14;n180;15
278.6214938342557	E	n167;12
282.56958360049487	E	n179;14
287.2898658895813	E	n105;8
287.99324212028006	I	n180;15
292.321064504694	E	n180;15
