TIME	EVENT	NODES
104.66047083993189	O	n105
109.97257981492466	S	n105;1;n139;2;n140;3
116.84276849014047	E	n139;2
122.83283216470272	C	n140;3
123.81931590894636	E	n140;3
