TIME	EVENT	NODES
86.77751841748692	O	n114
87.1911954645398	E	n114;1
