TIME	EVENT	NODES
104.67240891048291	O	n119
106.2551761740781	S	n119;1;n131;2;n132;3
120.93492720218666	E	n132;3
124.00483492653812	S	n131;2;n193;4;n194;5
125.3362666112503	S	n194;5;n201;6;n202;7
126.68710868889859	I	n201;6
127.97167361678925	I	n201;6
131.4579997623449	I	n201;6
132.0096165425425	E	n201;6
135.910637703942	S	n202;7;n265;8;n266;9
137.3574170703479	S	n193;4;n277;10;n278;11
137.44428209975396	F	n278;11
137.44428209975396	F	n265;8
137.44428209975396	F	n277;10
137.44428209975396	F	n266;9
