TIME	EVENT	NODES
86.77861209809775	O	n129
91.12710587207293	S	n129;1;n171;2;n172;3
93.65784584833166	I	n172;3
100.61091691856613	E	n171;2
105.94071413666994	I	n172;3
106.02298060458065	E	n172;3
