TIME	EVENT	NODES
104.87540158169149	O	n123
104.88109094108886	E	n123;1
