TIME	EVENT	NODES
104.89333674740556	O	n105
109.97257981492466	S	n105;1;n139;2;n140;3
110.6477105964475	I	n140;3
116.84276849014047	E	n139;2
121.42950266156579	I	n140;3
123.81931590894636	E	n140;3
