TIME	EVENT	NODES
105.01738297379211	O	n104
106.57096831231419	E	n104;1
