TIME	EVENT	NODES
86.95215944440196	O	n145
97.39967128992377	E	n145;1
