TIME	EVENT	NODES
87.11684016061572	O	n125
122.20096298192965	F	n125;1
