TIME	EVENT	NODES
87.21003873216065	O	n131
91.11770339704343	E	n131;1
