TIME	EVENT	NODES
166.87962094886115	O	n29
180.66507422169656	I	n29;1
188.2200257567884	I	n29;1
198.4579808392204	I	n29;1
224.34369207996875	S	n29;1;n91;2;n92;3
227.54637249049256	E	n91;2
251.1517682979901	S	n92;3;n127;4;n128;5
251.5390235914055	E	n128;5
252.87678478256842	E	n127;4
