TIME	EVENT	NODES
166.95477295944855	O	n41
169.09281682708968	E	n41;1
