TIME	EVENT	NODES
87.27865982540837	O	n148
91.9252527843899	S	n148;1;n183;2;n184;3
93.34880801811472	E	n183;2
114.18324510306947	S	n184;3;n303;4;n304;5
117.95967423017171	L	n304;5
119.30590668260064	E	n303;4
