TIME	EVENT	NODES
167.26039330821223	O	n39
169.40844172015872	E	n39;1
