TIME	EVENT	NODES
105.75251860047005	O	n124
107.64260412635909	S	n124;1;n135;2;n136;3
108.22574960153462	E	n136;3
109.62261535345976	E	n135;2
