TIME	EVENT	NODES
105.83744513743233	O	n104
106.57096831231419	E	n104;1
