TIME	EVENT	NODES
87.53598832069169	O	n125
122.20096298192965	F	n125;1
