TIME	EVENT	NODES
87.54428009095182	O	n145
97.39967128992377	E	n145;1
