TIME	EVENT	NODES
87.56232340383109	O	n119
91.72046016143437	E	n119;1
