TIME	EVENT	NODES
87.58825628123799	O	n151
90.0298616159461	E	n151;1
