TIME	EVENT	NODES
87.62456394913708	O	n144
88.2079321579105	E	n144;1
