TIME	EVENT	NODES
106.36035041979059	O	n120
115.53629363054432	S	n120;1;n169;2;n170;3
117.38363929480403	I	n170;3
121.50909272810213	C	n170;3
123.7043119365166	T	n169;2;n169;4;n185;5
137.44428209975396	F	n169;4
137.44428209975396	F	n170;3
137.44428209975396	F	n185;5
