TIME	EVENT	NODES
87.63621140857606	O	n125
122.20096298192965	F	n125;1
