TIME	EVENT	NODES
106.42791586645235	O	n128
116.79865409744342	E	n128;1
