TIME	EVENT	NODES
168.12202777926396	O	n37
184.9361743006454	L	n37;1
