TIME	EVENT	NODES
87.80511884833312	O	n137
91.18271935574295	S	n137;1;n173;2;n174;3
91.49327839421396	S	n173;2;n179;4;n180;5
91.771352288757	L	n179;4
94.57618687065099	S	n174;3;n197;6;n198;7
96.99802715324657	S	n180;5;n215;8;n216;9
100.23801031248802	E	n197;6
100.82079643843899	S	n216;9;n229;10;n230;11
106.13572358528997	E	n215;8
107.16107798220698	I	n198;7
110.38736452343699	E	n198;7
115.92249460212943	E	n229;10
122.20096298192965	F	n230;11
