TIME	EVENT	NODES
106.63811517519133	O	n129
112.19152098498493	S	n129;1;n145;2;n146;3
112.63633581791107	I	n146;3
114.6134552335811	S	n145;2;n161;4;n162;5
118.22653976782937	T	n161;4;n161;6;n151;7
121.71308316654702	S	n162;5;n183;8;n184;9
123.4576512951491	E	n184;9
124.3110994029642	I	n161;6
128.73131702604869	E	n151;7
132.5078781716013	S	n183;8;n237;10;n238;11
135.06685894332068	S	n146;3;n257;12;n258;13
135.85464953594038	S	n257;12;n263;14;n264;15
136.11757414701233	S	n263;14;n267;16;n268;17
136.37102824962483	E	n264;15
137.44428209975396	F	n258;13
137.44428209975396	F	n161;6
137.44428209975396	F	n267;16
137.44428209975396	F	n268;17
137.44428209975396	F	n238;11
137.44428209975396	F	n237;10
