TIME	EVENT	NODES
87.88262997309806	O	n148
91.9252527843899	S	n148;1;n183;2;n184;3
91.9535840912824	C	n184;3
93.34880801811472	E	n183;2
114.18324510306947	S	n184;3;n303;4;n304;5
117.09636260471049	I	n304;5
119.30590668260064	E	n303;4
119.93146279771446	S	n304;5;n339;6;n340;7
120.21808579207978	I	n340;7
121.85255750893415	S	n339;6;n357;8;n358;9
122.20096298192965	F	n357;8
122.20096298192965	F	n358;9
122.20096298192965	F	n340;7
