TIME	EVENT	NODES
87.9442960345626	O	n130
93.40783796646144	S	n130;1;n189;2;n190;3
94.23463384435259	I	n190;3
96.77409377030416	E	n190;3
100.52718417324793	I	n189;2
102.58874847283909	E	n189;2
