TIME	EVENT	NODES
106.98159967382513	O	n128
116.79865409744342	E	n128;1
