TIME	EVENT	NODES
87.99931277677604	O	n145
97.39967128992377	E	n145;1
