TIME	EVENT	NODES
107.0793507898405	O	n118
112.41529768147095	T	n118;1;n118;2;n145;3
114.6134552335811	S	n145;3;n161;4;n162;5
116.84190744763517	S	n118;2;n173;6;n174;7
120.90134015260391	E	n173;6
121.71308316654702	S	n162;5;n183;8;n184;9
123.4576512951491	E	n184;9
125.88969064041424	S	n174;7;n205;10;n206;11
129.44283556805237	S	n206;11;n217;12;n218;13
132.5078781716013	S	n183;8;n237;14;n238;15
134.65113353933813	E	n205;10
136.24444141721895	S	n217;12;n271;16;n272;17
137.44428209975396	F	n161;4
137.44428209975396	F	n272;17
137.44428209975396	F	n271;16
137.44428209975396	F	n238;15
137.44428209975396	F	n218;13
137.44428209975396	F	n237;14
