TIME	EVENT	NODES
88.02036473850367	O	n139
88.61422845110853	S	n139;1;n155;2;n156;3
96.36417835574501	E	n155;2
98.27430524738351	E	n156;3
