TIME	EVENT	NODES
169.12673705638124	O	n44
189.4429084824666	S	n44;1;n63;2;n64;3
193.03692229208886	I	n63;2
209.3174835058464	I	n64;3
217.10122037003637	S	n63;2;n87;4;n88;5
224.42074098395472	S	n87;4;n93;6;n94;7
230.00863610302255	I	n93;6
232.2598634713699	E	n94;7
232.8439288366906	E	n88;5
248.88117897606477	E	n64;3
263.1946935408616	S	n93;6;n157;8;n158;9
271.0359830191678	S	n158;9;n165;10;n166;11
281.86281336619095	S	n157;8;n181;12;n182;13
297.3759122122873	E	n182;13
297.4862886184103	I	n165;10
300.66408360617874	S	n165;10;n217;14;n218;15
301.39480262224913	S	n217;14;n219;16;n220;17
303.4011533498921	I	n219;16
309.22719658015154	E	n220;17
316.3476384792394	I	n181;12
322.23096660681705	I	n181;12
322.23550031039156	S	n219;16;n243;18;n244;19
325.43707776390954	I	n166;11
325.62016585225894	E	n166;11
326.5573499986358	D	n181;12;n181;20;n181;21
326.9191915703628	E	n181;20
326.9191915703628	E	n181;21
327.1046107185982	E	n218;15
328.38417016134997	I	n243;18
336.27194991669535	S	n243;18;n265;22;n266;23
337.9466629699342	E	n266;23
357.83898267386695	E	n265;22
368.33285918754166	F	n244;19
