TIME	EVENT	NODES
88.1009268443255	O	n150
103.24789987789956	E	n150;1
