TIME	EVENT	NODES
169.31590351188242	O	n35
172.7134354678535	S	n35;1;n51;2;n52;3
178.05452055012861	C	n51;2
178.35552584965953	I	n52;3
182.89345652255705	I	n51;2
184.38473418243225	S	n51;2;n57;4;n58;5
184.82254028800818	I	n52;3
190.11329364476703	I	n52;3
195.81562732113593	E	n58;5
199.3404950915714	E	n57;4
214.37662563997432	I	n52;3
226.6261299259939	I	n52;3
227.7086322008703	S	n52;3;n97;6;n98;7
237.49243115612927	I	n97;6
237.50356777715533	T	n98;7;n98;8;n104;9
238.97253122144912	C	n104;9
240.4400248471713	S	n104;9;n111;10;n112;11
243.88641767953135	I	n112;11
249.03530572249304	S	n97;6;n123;12;n124;13
249.78140347803185	L	n112;11
254.1474396940903	S	n111;10;n135;14;n136;15
254.59397657947247	S	n123;12;n139;16;n140;17
255.08922900163986	E	n139;16
258.8150958922131	S	n124;13;n149;18;n150;19
259.49128716789124	L	n150;19
260.5477629054291	I	n135;14
267.4097404847114	C	n98;8
268.55959621947636	I	n98;8
269.9568136455443	E	n136;15
270.74062295672854	I	n140;17
272.1052500981711	I	n98;8
275.11447119447524	C	n135;14
275.3394929136777	E	n140;17
283.8007029136752	I	n135;14
286.87130447622064	I	n135;14
297.82959460464184	E	n98;8
297.944722411288	S	n135;14;n213;20;n214;21
298.3313317793806	I	n214;21
299.1473251872138	E	n214;21
305.3065589137974	S	n213;20;n225;22;n226;23
306.93843390868	C	n225;22
308.87520082973424	I	n226;23
313.2735372024965	E	n149;18
324.2601856628277	E	n226;23
324.7848548775896	E	n225;22
