TIME	EVENT	NODES
169.57456489679788	O	n29
216.17189905096876	L	n29;1
