TIME	EVENT	NODES
88.21691845223611	O	n107
90.79568255560412	E	n107;1
