TIME	EVENT	NODES
107.57030758491344	O	n128
116.79865409744342	E	n128;1
