TIME	EVENT	NODES
88.30295459318933	O	n129
91.12710587207293	S	n129;1;n171;2;n172;3
93.02752733690477	I	n171;2
100.61091691856613	E	n171;2
106.02298060458065	E	n172;3
