TIME	EVENT	NODES
107.59437198365953	O	n131
124.00483492653812	S	n131;1;n193;2;n194;3
125.3362666112503	S	n194;3;n201;4;n202;5
128.05366125101284	L	n202;5
132.0096165425425	E	n201;4
137.3574170703479	S	n193;2;n277;6;n278;7
137.44428209975396	F	n278;7
137.44428209975396	F	n277;6
