TIME	EVENT	NODES
88.42001518510988	O	n149
98.6227177030625	S	n149;1;n221;2;n222;3
106.92161422948067	E	n221;2
122.20096298192965	F	n222;3
