TIME	EVENT	NODES
107.6285044303362	O	n129
112.19152098498493	S	n129;1;n145;2;n146;3
114.3357747238965	D	n145;2;n145;4;n145;5
114.6134552335811	S	n145;4;n161;6;n162;7
114.6134552335811	S	n145;5;n161;8;n162;9
121.71308316654702	S	n162;7;n183;10;n184;11
121.71308316654702	S	n162;9;n183;12;n184;13
123.4576512951491	E	n184;11
123.4576512951491	E	n184;13
128.234415804414	I	n161;6
128.234415804414	I	n161;8
132.5078781716013	S	n183;10;n237;14;n238;15
132.5078781716013	S	n183;12;n237;16;n238;17
135.06685894332068	S	n146;3;n257;18;n258;19
135.85464953594038	S	n257;18;n263;20;n264;21
136.11757414701233	S	n263;20;n267;22;n268;23
136.37102824962483	E	n264;21
137.44428209975396	F	n258;19
137.44428209975396	F	n161;8
137.44428209975396	F	n161;6
137.44428209975396	F	n267;22
137.44428209975396	F	n268;23
137.44428209975396	F	n238;15
137.44428209975396	F	n238;17
137.44428209975396	F	n237;14
137.44428209975396	F	n237;16
