TIME	EVENT	NODES
88.54744406858774	O	n152
96.83277759381309	I	n152;1
102.38892933329028	S	n152;1;n235;2;n236;3
105.18311610228545	E	n235;2
115.2182153714495	S	n236;3;n313;4;n314;5
116.15826723514712	E	n313;4
122.20096298192965	F	n314;5
