TIME	EVENT	NODES
170.12063350751455	O	n23
171.45748821204532	S	n23;1;n49;2;n50;3
176.11005676811268	S	n49;2;n55;4;n56;5
180.68423174771254	E	n50;3
188.99377288291518	S	n56;5;n61;6;n62;7
190.3446061237713	L	n61;6
191.35598736312272	S	n62;7;n65;8;n66;9
192.34649623581498	T	n65;8;n65;10;n52;11
193.41051383762812	I	n52;11
196.74632570764513	E	n66;9
203.1518298283029	I	n52;11
204.99736508092815	C	n55;4
212.14935991177535	E	n65;10
225.95453104744456	C	n55;4
227.7086322008703	S	n52;11;n97;12;n98;13
230.99538409997294	L	n98;13
238.066136604651	E	n55;4
249.03530572249304	S	n97;12;n123;14;n124;15
254.59397657947247	S	n123;14;n139;16;n140;17
255.08922900163986	E	n139;16
258.8150958922131	S	n124;15;n149;18;n150;19
271.82342640178155	I	n149;18
275.3394929136777	E	n140;17
276.1901383707441	I	n150;19
293.4401227103343	E	n150;19
310.63287226132627	C	n149;18
313.2735372024965	E	n149;18
