TIME	EVENT	NODES
170.14581871681042	O	n43
170.74431018111153	S	n43;1;n45;2;n46;3
177.1041269305128	I	n45;2
177.51846234063663	E	n45;2
187.68489901940544	E	n46;3
