TIME	EVENT	NODES
108.03021965457788	O	n120
109.06273788510887	I	n120;1
115.53629363054432	S	n120;1;n169;2;n170;3
119.43426519855552	I	n170;3
127.30448982092922	L	n169;2
137.44428209975396	F	n170;3
