TIME	EVENT	NODES
88.58321002765074	O	n138
90.59408618872159	S	n138;1;n167;2;n168;3
96.06946921142757	E	n168;3
102.48521947160668	S	n167;2;n237;4;n238;5
110.61259856831502	S	n237;4;n287;6;n288;7
116.4438118421558	E	n287;6
122.20096298192965	F	n288;7
122.20096298192965	F	n238;5
