TIME	EVENT	NODES
170.35889266222154	O	n44
189.4429084824666	S	n44;1;n63;2;n64;3
209.3174835058464	I	n64;3
211.13895302941876	I	n64;3
217.10122037003637	S	n63;2;n87;4;n88;5
220.45528746036115	L	n64;3
224.42074098395472	S	n87;4;n93;6;n94;7
232.2598634713699	E	n94;7
232.8439288366906	E	n88;5
233.86037976084268	I	n93;6
263.1946935408616	S	n93;6;n157;8;n158;9
271.0359830191678	S	n158;9;n165;10;n166;11
281.86281336619095	S	n157;8;n181;12;n182;13
285.60064583573654	C	n165;10
290.05697103609276	I	n166;11
295.0476796358419	I	n165;10
295.1592020887573	D	n166;11;n166;14;n166;15
297.3759122122873	E	n182;13
300.66408360617874	S	n165;10;n217;16;n218;17
301.39480262224913	S	n217;16;n219;18;n220;19
309.22719658015154	E	n220;19
322.23550031039156	S	n219;18;n243;20;n244;21
325.62016585225894	E	n166;14
325.62016585225894	E	n166;15
326.9191915703628	E	n181;12
327.1046107185982	E	n218;17
327.90952689222627	I	n244;21
336.27194991669535	S	n243;20;n265;22;n266;23
337.9466629699342	E	n266;23
350.0886931242666	I	n244;21
357.83898267386695	E	n265;22
368.33285918754166	F	n244;21
