TIME	EVENT	NODES
108.06516431877154	O	n127
108.93484171445509	I	n127;1
113.18536271364133	S	n127;1;n149;2;n150;3
114.60875141654122	S	n149;2;n159;4;n160;5
123.03330243667175	E	n160;5
130.06248543332637	E	n150;3
131.1781794776036	S	n159;4;n229;6;n230;7
136.17150238763622	E	n229;6
136.32215648593265	I	n230;7
137.44428209975396	F	n230;7
