TIME	EVENT	NODES
108.26827527758208	O	n120
115.53629363054432	S	n120;1;n169;2;n170;3
117.38363929480403	I	n170;3
120.2549330772286	I	n170;3
123.2318117826742	I	n170;3
128.86406611090226	D	n170;3;n170;4;n170;5
132.77874807975323	I	n170;4
132.77874807975323	I	n170;5
137.44428209975396	F	n169;2
137.44428209975396	F	n170;5
137.44428209975396	F	n170;4
