TIME	EVENT	NODES
88.71499822932101	O	n147
89.53953138554083	S	n147;1;n163;2;n164;3
91.44039855751173	S	n164;3;n177;4;n178;5
93.64609162057884	E	n178;5
114.41278485366259	S	n163;2;n305;6;n306;7
118.21581233262908	S	n177;4;n327;8;n328;9
118.26466469545224	S	n328;9;n329;10;n330;11
121.7585378305599	S	n330;11;n353;12;n354;13
122.20096298192965	F	n327;8
122.20096298192965	F	n329;10
122.20096298192965	F	n306;7
122.20096298192965	F	n354;13
122.20096298192965	F	n353;12
122.20096298192965	F	n305;6
