TIME	EVENT	NODES
108.30293729691869	O	n135
109.62261535345976	E	n135;1
