TIME	EVENT	NODES
88.77373325562468	O	n146
89.23844721992381	S	n146;1;n159;2;n160;3
94.68228810518416	S	n159;2;n199;4;n200;5
94.75491060307387	S	n160;3;n203;6;n204;7
96.44290819147221	S	n200;5;n211;8;n212;9
98.32698127730475	E	n204;7
101.51446341153029	E	n212;9
102.98341176200759	E	n211;8
108.37576250505025	E	n199;4
112.76561840626638	T	n203;6;n203;10;n257;11
115.29971570919966	E	n257;11
118.63591561020323	S	n203;10;n333;12;n334;13
122.20096298192965	F	n333;12
122.20096298192965	F	n334;13
