TIME	EVENT	NODES
108.38535708136277	O	n135
109.62261535345976	E	n135;1
