TIME	EVENT	NODES
108.46672567238002	O	n132
120.93492720218666	E	n132;1
