TIME	EVENT	NODES
108.6697067593982	O	n105
109.97257981492466	S	n105;1;n139;2;n140;3
110.91163200389121	I	n140;3
116.84276849014047	E	n139;2
123.81931590894636	E	n140;3
