TIME	EVENT	NODES
171.3669640369302	O	n37
187.1981154176181	S	n37;1;n59;2;n60;3
197.574740969038	S	n60;3;n71;4;n72;5
220.39942432859948	I	n71;4
224.87883338170167	E	n71;4
249.59081507615775	I	n72;5
251.91737397158224	S	n59;2;n131;6;n132;7
254.31869674795763	S	n72;5;n137;8;n138;9
261.8247307769047	I	n138;9
262.48313050699846	S	n137;8;n155;10;n156;11
264.256074713361	S	n131;6;n159;12;n160;13
268.08312347105647	S	n138;9;n163;14;n164;15
274.44997557126226	C	n132;7
277.8106349986983	E	n163;14
279.3689247604448	E	n164;15
280.9346084359787	E	n156;11
282.28764477756255	I	n160;13
283.003644560383	E	n160;13
284.4179683224916	C	n132;7
288.5496408940298	S	n132;7;n189;16;n190;17
290.48841036495895	I	n190;17
297.2325938618031	S	n190;17;n211;18;n212;19
297.3903978923028	I	n211;18
301.8448988820438	I	n211;18
302.77518792485097	S	n155;10;n221;20;n222;21
303.53877460970455	I	n221;20
306.18779637717876	E	n189;16
314.3193370741534	E	n222;21
319.1662244603013	I	n159;12
323.451126983794	S	n211;18;n247;22;n248;23
326.9299560409181	S	n248;23;n249;24;n250;25
328.2146319613769	S	n159;12;n253;26;n254;27
333.2243139310976	I	n221;20
334.64198406508626	S	n249;24;n255;28;n256;29
335.92113620132585	S	n254;27;n263;30;n264;31
338.51097831531484	S	n247;22;n269;32;n270;33
339.658731161582	S	n264;31;n271;34;n272;35
341.96223077740603	C	n263;30
344.65876038946266	I	n269;32
345.71198993976384	E	n253;26
349.1338199672426	I	n272;35
351.3681074054671	E	n270;33
351.37042779145395	E	n255;28
351.5113361967628	I	n272;35
351.698783420854	I	n269;32
356.5243775902817	S	n250;25;n303;36;n304;37
359.2582711747774	I	n304;37
359.43466135079467	S	n269;32;n307;38;n308;39
359.78329649602125	L	n221;20
361.7971077523211	S	n272;35;n309;40;n310;41
362.48934096850184	I	n256;29
364.14479088522387	E	n212;19
364.39265661618424	S	n310;41;n317;42;n318;43
364.49514583717956	S	n304;37;n319;44;n320;45
364.8582962641681	L	n263;30
365.0168302374957	S	n256;29;n323;46;n324;47
365.9406802548836	S	n318;43;n329;48;n330;49
366.25308541773035	L	n330;49
366.25308541773035	T	n303;36;n303;50;n330;51
368.1525611161385	S	n324;47;n331;52;n332;53
368.33285918754166	F	n330;51
368.33285918754166	F	n307;38
368.33285918754166	F	n329;48
368.33285918754166	F	n303;50
368.33285918754166	F	n271;34
368.33285918754166	F	n308;39
368.33285918754166	F	n331;52
368.33285918754166	F	n323;46
368.33285918754166	F	n320;45
368.33285918754166	F	n332;53
368.33285918754166	F	n317;42
368.33285918754166	F	n309;40
368.33285918754166	F	n319;44
