TIME	EVENT	NODES
171.6007699100045	O	n45
177.51846234063663	E	n45;1
