TIME	EVENT	NODES
89.01977315365608	O	n119
91.72046016143437	E	n119;1
