TIME	EVENT	NODES
89.03928696683994	O	n156
98.27430524738351	E	n156;1
