TIME	EVENT	NODES
89.112065970541	O	n145
97.39967128992377	E	n145;1
