TIME	EVENT	NODES
89.12559786035978	O	n155
96.36417835574501	E	n155;1
