TIME	EVENT	NODES
171.78237502793135	O	n29
204.42994853998928	I	n29;1
223.13687766061247	T	n29;1;n29;2;n89;3
224.14716774661647	T	n29;2;n29;4;n78;5
224.34369207996875	S	n29;4;n91;6;n92;7
226.3022639445042	E	n78;5
227.54637249049256	E	n91;6
231.2895298785254	E	n89;3
238.83252666328164	I	n92;7
251.1517682979901	S	n92;7;n127;8;n128;9
251.5390235914055	E	n128;9
252.87678478256842	E	n127;8
