TIME	EVENT	NODES
109.22816332505313	O	n90
111.11982330004851	S	n90;1;n141;2;n142;3
113.05043982879775	S	n141;2;n147;4;n148;5
113.93026102102438	I	n148;5
120.73658318917201	S	n147;4;n177;6;n178;7
121.22511152751125	T	n177;6;n177;8;n146;9
121.94033774569849	S	n177;8;n187;10;n188;11
122.96089664221213	S	n187;10;n191;12;n192;13
126.02587607460606	S	n192;13;n207;14;n208;15
128.0705698243647	S	n207;14;n213;16;n214;17
129.26832954659912	S	n188;11;n215;18;n216;19
129.97651367823465	S	n142;3;n221;20;n222;21
130.09222203709768	S	n213;16;n223;22;n224;23
130.3478450618157	S	n224;23;n225;24;n226;25
130.79527631442593	E	n222;21
131.11070081786738	E	n191;12
131.12736847383428	E	n178;7
131.59642289544732	S	n215;18;n233;26;n234;27
132.25890650819693	E	n223;22
132.3401028583617	S	n233;26;n235;28;n236;29
132.68256442098314	C	n225;24
132.75998679969956	S	n236;29;n241;30;n242;31
133.68463181083166	S	n225;24;n245;32;n246;33
133.9195906530183	E	n214;17
133.93607329445683	C	n221;20
134.01809809279308	E	n226;25
135.06685894332068	S	n146;9;n257;34;n258;35
135.26511937963505	E	n245;32
135.85464953594038	S	n257;34;n263;36;n264;37
136.11757414701233	S	n263;36;n267;38;n268;39
136.37102824962483	E	n264;37
137.13164605031997	E	n234;27
137.44428209975396	F	n258;35
137.44428209975396	F	n267;38
137.44428209975396	F	n242;31
137.44428209975396	F	n268;39
137.44428209975396	F	n235;28
137.44428209975396	F	n216;19
137.44428209975396	F	n208;15
137.44428209975396	F	n221;20
137.44428209975396	F	n241;30
137.44428209975396	F	n148;5
137.44428209975396	F	n246;33
