TIME	EVENT	NODES
109.27051328728487	O	n130
114.657371613597	S	n130;1;n163;2;n164;3
117.11649437815986	L	n163;2
120.76078747720435	S	n164;3;n179;4;n180;5
122.0022080272073	I	n179;4
124.3711312004714	E	n179;4
126.7918523131126	S	n180;5;n209;6;n210;7
134.11183794022722	S	n209;6;n249;8;n250;9
136.05418159125273	I	n249;8
137.4181928277078	S	n250;9;n279;10;n280;11
137.44428209975396	F	n279;10
137.44428209975396	F	n210;7
137.44428209975396	F	n280;11
137.44428209975396	F	n249;8
