TIME	EVENT	NODES
109.35236469978837	O	n118
113.99675036016271	L	n118;1
