TIME	EVENT	NODES
89.41603372093157	O	n156
98.27430524738351	E	n156;1
