TIME	EVENT	NODES
89.43855533072156	O	n119
91.72046016143437	E	n119;1
