TIME	EVENT	NODES
172.12037417988685	O	n50
180.68423174771254	E	n50;1
