TIME	EVENT	NODES
89.44410036171331	O	n161
89.56639408370069	E	n161;1
