TIME	EVENT	NODES
109.38159611528653	O	n126
113.65517979759079	S	n126;1;n151;2;n152;3
128.2107180857034	I	n152;3
128.73131702604869	E	n151;2
132.7640778217318	I	n152;3
133.98837576070537	E	n152;3
