TIME	EVENT	NODES
89.48959053399021	O	n156
98.27430524738351	E	n156;1
