TIME	EVENT	NODES
109.67032743170921	O	n132
120.12669654525139	C	n132;1
120.93492720218666	E	n132;1
