TIME	EVENT	NODES
172.36051006105907	O	n35
172.7134354678535	S	n35;1;n51;2;n52;3
179.0524711449703	L	n52;3
184.38473418243225	S	n51;2;n57;4;n58;5
194.91906691184516	I	n58;5
195.81562732113593	E	n58;5
199.3404950915714	E	n57;4
