TIME	EVENT	NODES
89.51483597714937	O	n128
98.94096831657825	C	n128;1
99.10789388249582	E	n128;1
