TIME	EVENT	NODES
89.60096545475481	O	n142
103.1465928539085	S	n142;1;n241;2;n242;3
104.39354497663153	E	n241;2
108.0156569247754	I	n242;3
122.20096298192965	F	n242;3
