TIME	EVENT	NODES
109.97532040858064	O	n90
111.11982330004851	S	n90;1;n141;2;n142;3
112.07732664275555	L	n141;2
118.11734699406819	D	n142;3;n142;4;n142;5
126.84138392477266	T	n142;4;n142;6;n203;7
129.97651367823465	S	n142;6;n221;8;n222;9
129.97651367823465	S	n142;5;n221;10;n222;11
130.79527631442593	E	n222;9
130.79527631442593	E	n222;11
136.9410702486098	S	n203;7;n273;12;n274;13
137.44428209975396	F	n274;13
137.44428209975396	F	n221;8
137.44428209975396	F	n221;10
137.44428209975396	F	n273;12
