TIME	EVENT	NODES
109.98690021867397	O	n90
111.11982330004851	S	n90;1;n141;2;n142;3
113.05043982879775	S	n141;2;n147;4;n148;5
114.82218202859325	T	n148;5;n148;6;n131;7
119.98857546471508	T	n148;6;n148;8;n163;9
120.73658318917201	S	n147;4;n177;10;n178;11
121.94033774569849	S	n177;10;n187;12;n188;13
122.96089664221213	S	n187;12;n191;14;n192;15
124.00483492653812	S	n131;7;n193;16;n194;17
125.3362666112503	S	n194;17;n201;18;n202;19
126.02587607460606	S	n192;15;n207;20;n208;21
127.74848639190229	S	n163;9;n211;22;n212;23
128.0705698243647	S	n207;20;n213;24;n214;25
128.57957879694203	I	n208;21
129.26832954659912	S	n188;13;n215;26;n216;27
129.97651367823465	S	n142;3;n221;28;n222;29
130.09222203709768	S	n213;24;n223;30;n224;31
130.3478450618157	S	n224;31;n225;32;n226;33
130.79527631442593	E	n222;29
131.11070081786738	E	n191;14
131.12736847383428	E	n178;11
131.59642289544732	S	n215;26;n233;34;n234;35
132.0096165425425	E	n201;18
132.25890650819693	E	n223;30
132.3401028583617	S	n233;34;n235;36;n236;37
132.73404178738306	S	n212;23;n239;38;n240;39
132.75998679969956	S	n236;37;n241;40;n242;41
133.68463181083166	S	n225;32;n245;42;n246;43
133.9195906530183	E	n214;25
134.01809809279308	E	n226;33
134.23046956332826	S	n239;38;n251;44;n252;45
134.55051810558123	I	n246;43
134.67922445755087	S	n240;39;n255;46;n256;47
135.26511937963505	E	n245;42
135.5755804220072	D	n193;16;n193;48;n193;49
135.73252188310067	I	n234;35
135.910637703942	S	n202;19;n265;50;n266;51
136.2024720917159	S	n252;45;n269;52;n270;53
136.79026130871844	L	n242;41
136.79026130871844	T	n193;48;n193;54;n242;55
137.13164605031997	E	n234;35
137.24494829212168	S	n269;52;n275;56;n276;57
137.3574170703479	S	n193;54;n277;58;n278;59
137.3574170703479	S	n193;49;n277;60;n278;61
137.44428209975396	F	n270;53
137.44428209975396	F	n278;59
137.44428209975396	F	n278;61
137.44428209975396	F	n265;50
137.44428209975396	F	n211;22
137.44428209975396	F	n242;55
137.44428209975396	F	n255;46
137.44428209975396	F	n235;36
137.44428209975396	F	n216;27
137.44428209975396	F	n256;47
137.44428209975396	F	n277;58
137.44428209975396	F	n277;60
137.44428209975396	F	n208;21
137.44428209975396	F	n251;44
137.44428209975396	F	n221;28
137.44428209975396	F	n241;40
137.44428209975396	F	n266;51
137.44428209975396	F	n276;57
137.44428209975396	F	n275;56
137.44428209975396	F	n148;8
137.44428209975396	F	n246;43
