TIME	EVENT	NODES
172.71807770569757	O	n42
173.3420775141136	S	n42;1;n53;2;n54;3
173.88687652149895	E	n54;3
226.86452868796613	S	n53;2;n95;4;n96;5
233.55443944646427	S	n96;5;n105;6;n106;7
247.89276809742267	S	n106;7;n121;8;n122;9
248.54313513409897	C	n105;6
251.23544779907996	I	n121;8
258.4837382301728	I	n121;8
260.3906986511687	T	n122;9;n122;10;n144;11
261.6291738439399	E	n121;8
261.9909647470724	C	n105;6
271.5541373875477	S	n95;4;n167;12;n168;13
273.5864034493894	E	n122;10
276.551795131478	S	n144;11;n175;14;n176;15
278.37777927242377	S	n168;13;n179;16;n180;17
278.6214938342557	E	n167;12
282.56958360049487	E	n179;16
284.82338199554636	I	n175;14
285.76396366295205	E	n176;15
287.2898658895813	E	n105;6
292.321064504694	E	n180;17
295.3017646490898	I	n175;14
296.4430408222861	E	n175;14
