TIME	EVENT	NODES
172.7554836557181	O	n47
192.27547931896902	L	n47;1
