TIME	EVENT	NODES
89.83450400505515	O	n92
90.48646187123879	E	n92;1
