TIME	EVENT	NODES
110.15184989201259	O	n139
115.23349349552517	I	n139;1
116.84276849014047	E	n139;1
