TIME	EVENT	NODES
89.90907966001149	O	n158
89.92672479913614	S	n158;1;n165;2;n166;3
98.4187588296697	E	n165;2
101.83274108164306	S	n166;3;n231;4;n232;5
101.908053772782	E	n231;4
104.14735014778367	L	n232;5
