TIME	EVENT	NODES
90.00410280027818	O	n159
94.68228810518416	S	n159;1;n199;2;n200;3
96.0020434867316	D	n200;3;n200;4;n200;5
96.44290819147221	S	n200;4;n211;6;n212;7
96.44290819147221	S	n200;5;n211;8;n212;9
101.51446341153029	E	n212;7
101.51446341153029	E	n212;9
102.98341176200759	E	n211;6
102.98341176200759	E	n211;8
108.37576250505025	E	n199;2
