TIME	EVENT	NODES
173.65086127500032	O	n48
189.68481798222263	D	n48;1;n48;2;n48;3
238.9014211949572	L	n48;3
261.9136653607604	I	n48;2
270.50846597342445	E	n48;2
