TIME	EVENT	NODES
174.0103727728192	O	n46
185.18837631708382	I	n46;1
187.68489901940544	E	n46;1
