TIME	EVENT	NODES
111.02923094052359	O	n137
122.96539378764307	E	n137;1
