TIME	EVENT	NODES
111.04379656691302	O	n120
115.53629363054432	S	n120;1;n169;2;n170;3
137.44428209975396	F	n169;2
137.44428209975396	F	n170;3
