TIME	EVENT	NODES
174.1099142707945	O	n53
185.16833438524267	C	n53;1
192.84954606667077	I	n53;1
226.86452868796613	S	n53;1;n95;2;n96;3
233.55443944646427	S	n96;3;n105;4;n106;5
240.53862056999074	I	n106;5
247.89276809742267	S	n106;5;n121;6;n122;7
249.9372370835122	I	n122;7
250.99155895332746	C	n121;6
257.94688015576287	I	n95;2
260.78837433756223	I	n122;7
261.6291738439399	E	n121;6
262.23948699025533	L	n122;7
271.5541373875477	S	n95;2;n167;8;n168;9
271.9431506310732	I	n167;8
278.37777927242377	S	n168;9;n179;10;n180;11
278.6214938342557	E	n167;8
281.0495191812961	I	n105;4
282.56958360049487	E	n179;10
287.2898658895813	E	n105;4
292.321064504694	E	n180;11
