TIME	EVENT	NODES
90.2302078591759	O	n156
98.27430524738351	E	n156;1
