TIME	EVENT	NODES
111.19291512250766	O	n132
120.93492720218666	E	n132;1
