TIME	EVENT	NODES
90.37108577878008	O	n160
94.75491060307387	S	n160;1;n203;2;n204;3
98.32698127730475	E	n204;3
118.63591561020323	S	n203;2;n333;4;n334;5
122.20096298192965	F	n333;4
122.20096298192965	F	n334;5
