TIME	EVENT	NODES
90.4226158938265	O	n154
92.63276630510067	S	n154;1;n185;2;n186;3
93.49619145049112	I	n185;2
95.34371363479748	E	n185;2
106.84486426192589	E	n186;3
