TIME	EVENT	NODES
111.49737673766701	O	n132
120.93492720218666	E	n132;1
