TIME	EVENT	NODES
90.44528970477847	O	n155
96.36417835574501	E	n155;1
