TIME	EVENT	NODES
174.6948887364125	O	n45
177.51846234063663	E	n45;1
