TIME	EVENT	NODES
90.48592300926408	O	n128
99.10789388249582	E	n128;1
