TIME	EVENT	NODES
90.50605697178392	O	n163
93.16660438038737	I	n163;1
114.41278485366259	S	n163;1;n305;2;n306;3
122.20096298192965	F	n306;3
122.20096298192965	F	n305;2
