TIME	EVENT	NODES
90.54859492561741	O	n156
98.27430524738351	E	n156;1
