TIME	EVENT	NODES
90.54983494842604	O	n131
91.11770339704343	E	n131;1
