TIME	EVENT	NODES
111.64919757993881	O	n139
116.84276849014047	E	n139;1
