TIME	EVENT	NODES
90.57093003044076	O	n129
91.12710587207293	S	n129;1;n171;2;n172;3
96.49839621169329	C	n172;3
97.52407869892616	I	n171;2
99.31076590686101	I	n172;3
100.61091691856613	E	n171;2
106.02298060458065	E	n172;3
