TIME	EVENT	NODES
90.58101880414418	O	n142
103.1465928539085	S	n142;1;n241;2;n242;3
104.39354497663153	E	n241;2
112.19421190374662	D	n242;3;n242;4;n242;5
122.20096298192965	F	n242;4
122.20096298192965	F	n242;5
