TIME	EVENT	NODES
111.70586549223421	O	n140
123.81931590894636	E	n140;1
