TIME	EVENT	NODES
111.7188037974557	O	n137
122.96539378764307	E	n137;1
