TIME	EVENT	NODES
90.61243533388922	O	n149
98.6227177030625	S	n149;1;n221;2;n222;3
106.92161422948067	E	n221;2
110.36586070681267	I	n222;3
122.20096298192965	F	n222;3
