TIME	EVENT	NODES
90.66818261256851	O	n164
91.44039855751173	S	n164;1;n177;2;n178;3
93.64609162057884	E	n178;3
111.5896032695775	I	n177;2
118.21581233262908	S	n177;2;n327;4;n328;5
118.26466469545224	S	n328;5;n329;6;n330;7
119.04536325836406	T	n329;6;n329;8;n336;9
119.46154143863095	E	n336;9
119.9168722804306	I	n327;4
121.7585378305599	S	n330;7;n353;10;n354;11
122.20096298192965	F	n327;4
122.20096298192965	F	n329;8
122.20096298192965	F	n354;11
122.20096298192965	F	n353;10
