TIME	EVENT	NODES
90.67092937678893	O	n164
91.44039855751173	S	n164;1;n177;2;n178;3
93.64609162057884	E	n178;3
95.69791405813197	D	n177;2;n177;4;n177;5
118.21581233262908	S	n177;4;n327;6;n328;7
118.21581233262908	S	n177;5;n327;8;n328;9
118.26466469545224	S	n328;7;n329;10;n330;11
118.26466469545224	S	n328;9;n329;12;n330;13
120.96640710769857	I	n327;6
120.96640710769857	I	n327;8
121.7585378305599	S	n330;11;n353;14;n354;15
121.7585378305599	S	n330;13;n353;16;n354;17
121.96460328606732	T	n354;15;n354;18;n324;19
122.20096298192965	F	n327;8
122.20096298192965	F	n327;6
122.20096298192965	F	n329;10
122.20096298192965	F	n329;12
122.20096298192965	F	n354;18
122.20096298192965	F	n354;17
122.20096298192965	F	n353;14
122.20096298192965	F	n353;16
122.20096298192965	F	n324;19
