TIME	EVENT	NODES
175.23264841915307	O	n46
178.97596409096712	I	n46;1
187.68489901940544	E	n46;1
