TIME	EVENT	NODES
0	O	Root
0.0	S	Root;1;n1;2;n2;3
1.1526049188520024	S	n1;2;n3;4;n4;5
3.517742887202093	I	n4;5
4.484958026479743	S	n3;4;n5;6;n6;7
5.070681651816388	E	n5;6
7.566795314525711	S	n4;5;n7;8;n8;9
9.937342596589726	E	n7;8
11.272008368388782	L	n6;7
14.335222286819661	L	n2;3
22.909819856367786	S	n8;9;n13;10;n14;11
26.84276481692311	S	n14;11;n17;12;n18;13
30.407447078502262	S	n17;12;n21;14;n22;15
35.92070569340266	S	n21;14;n25;16;n26;17
38.13198542719755	E	n22;15
39.04702059247166	E	n13;10
40.759074860237476	E	n25;16
42.012799395780256	E	n26;17
42.357769946350246	S	n18;13;n31;18;n32;19
46.694210788673075	E	n32;19
49.10434852068984	C	n31;18
50.79591476008908	S	n31;18;n39;20;n40;21
52.618978043968546	S	n39;20;n47;22;n48;23
55.45651211006114	E	n47;22
58.30047483794531	S	n40;21;n59;24;n60;25
58.94799355594872	S	n60;25;n61;26;n62;27
59.5579516206426	S	n62;27;n63;28;n64;29
61.254313095266134	E	n48;23
62.896106976518176	I	n63;28
65.13921464734916	E	n59;24
67.79713360797955	S	n61;26;n81;30;n82;31
69.50333777943767	E	n64;29
69.708668487013	E	n81;30
73.06969448986186	S	n82;31;n95;32;n96;33
74.42633385167794	I	n63;28
74.75708131456398	E	n95;32
77.82875716052023	E	n96;33
77.87291920469795	S	n63;28;n111;34;n112;35
80.13789888595848	S	n112;35;n121;36;n122;37
80.85186510058901	L	n111;34
84.02661955226591	S	n122;37;n129;38;n130;39
86.0006184609162	E	n121;36
91.12710587207293	S	n129;38;n171;40;n172;41
93.40783796646144	S	n130;39;n189;42;n190;43
96.77409377030416	E	n190;43
100.61091691856613	E	n171;40
102.58874847283909	E	n189;42
106.02298060458065	E	n172;41
