TIME	EVENT	NODES
90.75320846062436	O	n159
91.99081908814983	T	n159;1;n159;2;n166;3
94.68228810518416	S	n159;2;n199;4;n200;5
96.44290819147221	S	n200;5;n211;6;n212;7
101.51446341153029	E	n212;7
101.83274108164306	S	n166;3;n231;8;n232;9
101.908053772782	E	n231;8
102.98341176200759	E	n211;6
104.61635206859539	I	n232;9
104.90028221776474	T	n199;4;n199;10;n191;11
105.3897705314984	S	n232;9;n245;12;n246;13
107.34916340025805	S	n191;11;n259;14;n260;15
108.2409827939678	S	n245;12;n265;16;n266;17
108.37576250505025	E	n199;10
111.62809666568839	S	n260;15;n293;18;n294;19
111.91854719341158	S	n266;17;n295;20;n296;21
112.32158139645087	S	n259;14;n299;22;n300;23
114.418033427831	S	n293;18;n307;24;n308;25
114.716632109647	S	n308;25;n311;26;n312;27
115.36249319289614	E	n296;21
115.60507045488139	S	n307;24;n317;28;n318;29
117.37539815804341	I	n265;16
118.22271826685676	E	n265;16
119.5417768978418	E	n299;22
120.08725737012921	S	n246;13;n341;30;n342;31
120.53125479329535	S	n317;28;n347;32;n348;33
121.8287853204813	S	n348;33;n355;34;n356;35
121.92353374976862	I	n318;29
122.20096298192965	F	n355;34
122.20096298192965	F	n341;30
122.20096298192965	F	n294;19
122.20096298192965	F	n318;29
122.20096298192965	F	n347;32
122.20096298192965	F	n300;23
122.20096298192965	F	n342;31
122.20096298192965	F	n356;35
122.20096298192965	F	n312;27
122.20096298192965	F	n295;20
122.20096298192965	F	n311;26
