TIME	EVENT	NODES
112.05635858017729	O	n134
113.69522551275313	E	n134;1
