TIME	EVENT	NODES
112.15935155848612	O	n129
112.19152098498493	S	n129;1;n145;2;n146;3
114.6134552335811	S	n145;2;n161;4;n162;5
121.71308316654702	S	n162;5;n183;6;n184;7
123.4576512951491	E	n184;7
125.80294974898955	L	n183;6
135.06685894332068	S	n146;3;n257;8;n258;9
135.85464953594038	S	n257;8;n263;10;n264;11
136.11757414701233	S	n263;10;n267;12;n268;13
136.37102824962483	E	n264;11
137.44428209975396	F	n258;9
137.44428209975396	F	n161;4
137.44428209975396	F	n267;12
137.44428209975396	F	n268;13
