TIME	EVENT	NODES
175.56206304266385	O	n45
177.1041269305128	I	n45;1
177.51846234063663	E	n45;1
