TIME	EVENT	NODES
112.37876559528507	O	n140
123.81931590894636	E	n140;1
