TIME	EVENT	NODES
90.95027077790357	O	n145
97.39967128992377	E	n145;1
