TIME	EVENT	NODES
91.01600035523883	O	n155
96.36417835574501	E	n155;1
