TIME	EVENT	NODES
112.44363082872404	O	n120
115.53629363054432	S	n120;1;n169;2;n170;3
128.90978963033496	C	n169;2
137.44428209975396	F	n169;2
137.44428209975396	F	n170;3
