TIME	EVENT	NODES
91.04917373164545	O	n165
98.4187588296697	E	n165;1
