TIME	EVENT	NODES
175.79037178608522	O	n49
176.11005676811268	S	n49;1;n55;2;n56;3
188.99377288291518	S	n56;3;n61;4;n62;5
191.35598736312272	S	n62;5;n65;6;n66;7
196.74632570764513	E	n66;7
198.00482758034067	I	n55;2
203.50333134378255	L	n55;2
205.01609137601537	I	n61;4
212.14935991177535	E	n65;6
221.4844260935815	S	n61;4;n89;8;n90;9
222.16776786648987	I	n89;8
225.8976786706194	I	n90;9
227.75032833734494	I	n90;9
228.44390578568468	C	n90;9
231.2895298785254	E	n89;8
280.88338111280893	E	n90;9
