TIME	EVENT	NODES
91.05030531597293	O	n165
98.4187588296697	E	n165;1
