TIME	EVENT	NODES
112.6158318174896	O	n145
114.6134552335811	S	n145;1;n161;2;n162;3
121.71308316654702	S	n162;3;n183;4;n184;5
123.4576512951491	E	n184;5
126.89490180289901	D	n161;2;n161;6;n161;7
132.5078781716013	S	n183;4;n237;8;n238;9
136.18772693128278	I	n161;6
136.18772693128278	I	n161;7
137.44428209975396	F	n161;7
137.44428209975396	F	n161;6
137.44428209975396	F	n238;9
137.44428209975396	F	n237;8
