TIME	EVENT	NODES
112.6210427496481	O	n141
113.05043982879775	S	n141;1;n147;2;n148;3
120.73658318917201	S	n147;2;n177;4;n178;5
121.94033774569849	S	n177;4;n187;6;n188;7
122.96089664221213	S	n187;6;n191;8;n192;9
125.02973913784449	L	n192;9
129.26832954659912	S	n188;7;n215;10;n216;11
131.11070081786738	E	n191;8
131.12736847383428	E	n178;5
131.59642289544732	S	n215;10;n233;12;n234;13
132.3401028583617	S	n233;12;n235;14;n236;15
132.75998679969956	S	n236;15;n241;16;n242;17
132.85224072288128	I	n148;3
137.0500126887413	I	n242;17
137.13164605031997	E	n234;13
137.44428209975396	F	n242;17
137.44428209975396	F	n235;14
137.44428209975396	F	n216;11
137.44428209975396	F	n241;16
137.44428209975396	F	n148;3
