TIME	EVENT	NODES
91.15436661438599	O	n167
102.48521947160668	S	n167;1;n237;2;n238;3
104.86202744472988	I	n237;2
106.2540962638205	C	n237;2
110.61259856831502	S	n237;2;n287;4;n288;5
111.64420471809825	I	n288;5
112.16094239387664	I	n238;3
114.8346704528777	I	n288;5
116.4438118421558	E	n287;4
122.20096298192965	F	n288;5
122.20096298192965	F	n238;3
