TIME	EVENT	NODES
91.1613056888884	O	n172
93.22536819837086	C	n172;1
106.02298060458065	E	n172;1
