TIME	EVENT	NODES
176.3842854282049	O	n51
184.38473418243225	S	n51;1;n57;2;n58;3
186.8437036227284	I	n58;3
195.81562732113593	E	n58;3
198.83469529420407	I	n57;2
199.3404950915714	E	n57;2
