TIME	EVENT	NODES
112.9545146656505	O	n146
127.76239400525239	L	n146;1
