TIME	EVENT	NODES
112.97653598783674	O	n140
123.81931590894636	E	n140;1
