TIME	EVENT	NODES
91.19762492543161	O	n171
100.61091691856613	E	n171;1
