TIME	EVENT	NODES
112.9854425210409	O	n132
118.04040469454058	C	n132;1
120.93492720218666	E	n132;1
