TIME	EVENT	NODES
91.25133236913918	O	n165
98.4187588296697	E	n165;1
