TIME	EVENT	NODES
112.99939720425002	O	n132
120.93492720218666	E	n132;1
