TIME	EVENT	NODES
113.03635060015553	O	n140
123.81931590894636	E	n140;1
