TIME	EVENT	NODES
91.29169273550863	O	n163
95.77613892723615	I	n163;1
114.41278485366259	S	n163;1;n305;2;n306;3
122.20096298192965	F	n306;3
122.20096298192965	F	n305;2
