TIME	EVENT	NODES
113.06310280433209	O	n126
113.65517979759079	S	n126;1;n151;2;n152;3
128.73131702604869	E	n151;2
133.98837576070537	E	n152;3
