TIME	EVENT	NODES
91.33092653798927	O	n119
91.72046016143437	E	n119;1
