TIME	EVENT	NODES
113.06987047383915	O	n130
114.657371613597	S	n130;1;n163;2;n164;3
120.76078747720435	S	n164;3;n179;4;n180;5
124.3711312004714	E	n179;4
126.7918523131126	S	n180;5;n209;6;n210;7
127.74848639190229	S	n163;2;n211;8;n212;9
128.8504598190428	L	n209;6
132.73404178738306	S	n212;9;n239;10;n240;11
134.23046956332826	S	n239;10;n251;12;n252;13
134.67922445755087	S	n240;11;n255;14;n256;15
136.2024720917159	S	n252;13;n269;16;n270;17
136.33194310928204	I	n255;14
137.24494829212168	S	n269;16;n275;18;n276;19
137.44428209975396	F	n270;17
137.44428209975396	F	n211;8
137.44428209975396	F	n255;14
137.44428209975396	F	n256;15
137.44428209975396	F	n210;7
137.44428209975396	F	n251;12
137.44428209975396	F	n276;19
137.44428209975396	F	n275;18
