TIME	EVENT	NODES
91.37463655727821	O	n150
103.24789987789956	E	n150;1
