TIME	EVENT	NODES
91.39177250602219	O	n168
96.06946921142757	E	n168;1
