TIME	EVENT	NODES
176.78370117241994	O	n50
180.68423174771254	E	n50;1
