TIME	EVENT	NODES
113.1722327470489	O	n132
120.93492720218666	E	n132;1
