TIME	EVENT	NODES
113.19797521285409	O	n128
116.79865409744342	E	n128;1
