TIME	EVENT	NODES
91.55142914982822	O	n165
98.4187588296697	E	n165;1
