TIME	EVENT	NODES
177.16665393163535	O	n37
187.1981154176181	S	n37;1;n59;2;n60;3
197.574740969038	S	n60;3;n71;4;n72;5
197.67021586315025	L	n72;5
224.87883338170167	E	n71;4
251.91737397158224	S	n59;2;n131;6;n132;7
264.256074713361	S	n131;6;n159;8;n160;9
283.003644560383	E	n160;9
283.3699585244324	I	n159;8
288.5496408940298	S	n132;7;n189;10;n190;11
297.2325938618031	S	n190;11;n211;12;n212;13
300.2364266246502	I	n211;12
306.18779637717876	E	n189;10
323.451126983794	S	n211;12;n247;14;n248;15
326.9299560409181	S	n248;15;n249;16;n250;17
327.7087622010434	I	n159;8
328.2146319613769	S	n159;8;n253;18;n254;19
332.70363840083087	I	n250;17
334.64198406508626	S	n249;16;n255;20;n256;21
335.92113620132585	S	n254;19;n263;22;n264;23
338.51097831531484	S	n247;14;n269;24;n270;25
339.658731161582	S	n264;23;n271;26;n272;27
345.71198993976384	E	n253;18
351.3681074054671	E	n270;25
351.37042779145395	E	n255;20
356.5243775902817	S	n250;17;n303;28;n304;29
359.43466135079467	S	n269;24;n307;30;n308;31
361.7971077523211	S	n272;27;n309;32;n310;33
362.4664424525598	C	n256;21
364.14479088522387	E	n212;13
364.39265661618424	S	n310;33;n317;34;n318;35
364.49514583717956	S	n304;29;n319;36;n320;37
365.0168302374957	S	n256;21;n323;38;n324;39
365.0417268907298	E	n263;22
365.9406802548836	S	n318;35;n329;40;n330;41
368.1525611161385	S	n324;39;n331;42;n332;43
368.33285918754166	F	n330;41
368.33285918754166	F	n307;30
368.33285918754166	F	n329;40
368.33285918754166	F	n303;28
368.33285918754166	F	n271;26
368.33285918754166	F	n308;31
368.33285918754166	F	n331;42
368.33285918754166	F	n323;38
368.33285918754166	F	n320;37
368.33285918754166	F	n332;43
368.33285918754166	F	n317;34
368.33285918754166	F	n309;32
368.33285918754166	F	n319;36
