TIME	EVENT	NODES
91.6009588812592	O	n152
102.31558832335878	D	n152;1;n152;2;n152;3
102.38892933329028	S	n152;2;n235;4;n236;5
102.38892933329028	S	n152;3;n235;6;n236;7
105.18311610228545	E	n235;4
105.18311610228545	E	n235;6
115.2182153714495	S	n236;5;n313;8;n314;9
115.2182153714495	S	n236;7;n313;10;n314;11
116.15826723514712	E	n313;8
116.15826723514712	E	n313;10
122.20096298192965	F	n314;9
122.20096298192965	F	n314;11
