TIME	EVENT	NODES
91.65179106020447	O	n176
95.00069429405947	E	n176;1
