TIME	EVENT	NODES
113.46651052534092	O	n140
123.81931590894636	E	n140;1
