TIME	EVENT	NODES
91.66774592113956	O	n169
96.83861240646377	E	n169;1
