TIME	EVENT	NODES
177.4056755305115	O	n47
196.97511416203977	S	n47;1;n69;2;n70;3
200.42502788848498	I	n70;3
205.25455400940166	S	n69;2;n73;4;n74;5
208.19839410567633	S	n74;5;n77;6;n78;7
212.0814811151844	S	n73;4;n81;8;n82;9
215.19426714998926	S	n82;9;n85;10;n86;11
216.84950302544078	I	n78;7
224.01115539674345	E	n81;8
226.08451416191318	E	n77;6
226.3022639445042	E	n78;7
229.79413206743286	S	n85;10;n101;12;n102;13
230.12060625848866	I	n86;11
230.22500167846212	E	n101;12
235.41835810280978	L	n102;13
245.85340359938476	E	n86;11
256.74972332501403	S	n70;3;n145;14;n146;15
274.40822711383294	I	n146;15
275.0960935428681	S	n146;15;n169;16;n170;17
275.8505257194636	S	n145;14;n173;18;n174;19
276.32806199264746	L	n170;17
276.778106847264	S	n169;16;n177;20;n178;21
285.1196020770252	L	n174;19
289.7660671719976	S	n177;20;n191;22;n192;23
291.57170918483786	I	n192;23
292.56408620681617	S	n191;22;n197;24;n198;25
294.44760006599074	I	n192;23
295.7101501024865	E	n178;21
297.88510067996623	E	n197;24
305.2471914188156	I	n173;18
309.21205838172443	S	n198;25;n231;26;n232;27
314.4518503404746	I	n232;27
314.5087251124538	E	n173;18
316.27600896896894	E	n192;23
317.30612004847615	S	n232;27;n239;28;n240;29
318.83553263125134	I	n240;29
332.11925198111163	I	n240;29
335.14844581859495	S	n231;26;n259;30;n260;31
344.57358943191264	I	n259;30
348.6720819320871	E	n240;29
348.7564267084988	E	n259;30
362.29665565121337	I	n260;31
365.3354294195512	E	n260;31
365.6675909654996	S	n239;28;n327;32;n328;33
368.33285918754166	F	n327;32
368.33285918754166	F	n328;33
