TIME	EVENT	NODES
177.45444726459684	O	n44
189.4429084824666	S	n44;1;n63;2;n64;3
211.08295005272288	I	n63;2
217.10122037003637	S	n63;2;n87;4;n88;5
224.42074098395472	S	n87;4;n93;6;n94;7
228.83835156966532	I	n64;3
232.2598634713699	E	n94;7
232.8439288366906	E	n88;5
248.88117897606477	E	n64;3
263.1946935408616	S	n93;6;n157;8;n158;9
271.0359830191678	S	n158;9;n165;10;n166;11
279.8373989289696	I	n165;10
281.86281336619095	S	n157;8;n181;12;n182;13
282.785852448243	I	n165;10
297.3759122122873	E	n182;13
300.66408360617874	S	n165;10;n217;14;n218;15
301.39480262224913	S	n217;14;n219;16;n220;17
309.22719658015154	E	n220;17
310.95089261530495	I	n219;16
322.23550031039156	S	n219;16;n243;18;n244;19
324.194321574965	L	n166;11
325.12213362400695	I	n218;15
326.38896015047465	I	n244;19
326.9191915703628	E	n181;12
327.1046107185982	E	n218;15
336.27194991669535	S	n243;18;n265;20;n266;21
337.8162741291757	I	n244;19
337.9466629699342	E	n266;21
346.37498290188773	I	n244;19
357.83898267386695	E	n265;20
368.33285918754166	F	n244;19
