TIME	EVENT	NODES
113.49796090243335	O	n128
116.79865409744342	E	n128;1
