TIME	EVENT	NODES
177.46840408792647	O	n44
189.4429084824666	S	n44;1;n63;2;n64;3
189.9130997415963	C	n63;2
201.68581698232958	C	n64;3
217.10122037003637	S	n63;2;n87;4;n88;5
218.358220115291	I	n88;5
224.42074098395472	S	n87;4;n93;6;n94;7
228.21110529228426	I	n94;7
229.8591796462208	I	n88;5
232.2598634713699	E	n94;7
232.8439288366906	E	n88;5
244.1410276951749	I	n93;6
248.88117897606477	E	n64;3
263.1946935408616	S	n93;6;n157;8;n158;9
271.0359830191678	S	n158;9;n165;10;n166;11
275.1721067578487	L	n166;11
279.6580523409406	C	n165;10
281.12768131578406	I	n165;10
281.86281336619095	S	n157;8;n181;12;n182;13
283.743013426105	I	n182;13
287.7431072865575	I	n165;10
292.0498527361061	I	n182;13
295.1145311495833	C	n182;13
297.2276224378526	I	n182;13
297.3759122122873	E	n182;13
300.66408360617874	S	n165;10;n217;14;n218;15
301.39480262224913	S	n217;14;n219;16;n220;17
309.22719658015154	E	n220;17
322.23550031039156	S	n219;16;n243;18;n244;19
326.9191915703628	E	n181;12
327.1046107185982	E	n218;15
336.27194991669535	S	n243;18;n265;20;n266;21
337.9466629699342	E	n266;21
357.83898267386695	E	n265;20
368.33285918754166	F	n244;19
