TIME	EVENT	NODES
177.5147935958857	O	n44
189.4429084824666	S	n44;1;n63;2;n64;3
198.5468939122716	I	n64;3
217.10122037003637	S	n63;2;n87;4;n88;5
224.42074098395472	S	n87;4;n93;6;n94;7
230.74691898050787	C	n93;6
232.00239467353836	I	n93;6
232.2598634713699	E	n94;7
232.8439288366906	E	n88;5
248.88117897606477	E	n64;3
250.79671569474533	I	n93;6
263.1946935408616	S	n93;6;n157;8;n158;9
271.0359830191678	S	n158;9;n165;10;n166;11
280.20386915360285	C	n166;11
281.86281336619095	S	n157;8;n181;12;n182;13
297.3759122122873	E	n182;13
300.66408360617874	S	n165;10;n217;14;n218;15
301.39480262224913	S	n217;14;n219;16;n220;17
303.7028684693965	I	n181;12
304.091331967593	I	n218;15
309.22719658015154	E	n220;17
322.23550031039156	S	n219;16;n243;18;n244;19
325.62016585225894	E	n166;11
326.9191915703628	E	n181;12
327.1046107185982	E	n218;15
336.27194991669535	S	n243;18;n265;20;n266;21
337.9466629699342	E	n266;21
357.83898267386695	E	n265;20
364.85995000822544	I	n244;19
368.33285918754166	F	n244;19
