TIME	EVENT	NODES
177.68385720665822	O	n29
178.7843767339366	I	n29;1
199.92339656775204	I	n29;1
224.09864852730354	I	n29;1
224.34369207996875	S	n29;1;n91;2;n92;3
227.54637249049256	E	n91;2
229.32230928379744	I	n92;3
247.93629578018582	I	n92;3
251.1517682979901	S	n92;3;n127;4;n128;5
251.5390235914055	E	n128;5
252.87678478256842	E	n127;4
