TIME	EVENT	NODES
113.70497419860928	O	n144
113.88653947876585	S	n144;1;n153;2;n154;3
114.15329671152638	S	n154;3;n155;4;n156;5
114.51709503904722	S	n156;5;n157;6;n158;7
115.24536255450909	S	n155;4;n165;8;n166;9
115.47908741396041	S	n158;7;n167;10;n168;11
115.53171231760001	E	n166;9
116.41294020787124	I	n157;6
117.37789712764454	I	n157;6
118.87864221454024	E	n157;6
119.15759873212343	E	n167;10
121.45865286900857	C	n153;2
121.75663925884848	S	n153;2;n185;12;n186;13
124.58201174013996	I	n168;11
131.10092914259505	I	n165;8
132.97487296848038	E	n186;13
135.58811979234557	S	n165;8;n259;14;n260;15
135.78170837501452	I	n259;14
136.5068312732184	E	n260;15
137.44428209975396	F	n168;11
137.44428209975396	F	n259;14
137.44428209975396	F	n185;12
