TIME	EVENT	NODES
91.83285306855602	O	n182
92.33494976870058	E	n182;1
