TIME	EVENT	NODES
113.71582472839611	O	n131
124.00483492653812	S	n131;1;n193;2;n194;3
125.3362666112503	S	n194;3;n201;4;n202;5
126.66387713008561	I	n201;4
128.82695068799592	I	n193;2
132.0096165425425	E	n201;4
135.14479541699836	I	n193;2
135.910637703942	S	n202;5;n265;6;n266;7
137.3574170703479	S	n193;2;n277;8;n278;9
137.44428209975396	F	n278;9
137.44428209975396	F	n265;6
137.44428209975396	F	n277;8
137.44428209975396	F	n266;7
