TIME	EVENT	NODES
91.83791657074599	O	n156
98.27430524738351	E	n156;1
