TIME	EVENT	NODES
113.93503166213928	O	n152
133.98837576070537	E	n152;1
