TIME	EVENT	NODES
113.96528497382148	O	n128
116.79865409744342	E	n128;1
