TIME	EVENT	NODES
178.18834069473223	O	n48
198.943031656697	L	n48;1
