TIME	EVENT	NODES
92.03518289801143	O	n171
100.61091691856613	E	n171;1
