TIME	EVENT	NODES
114.126126587572	O	n146
114.72723186803711	I	n146;1
122.2898466180243	I	n146;1
135.06685894332068	S	n146;1;n257;2;n258;3
135.85464953594038	S	n257;2;n263;4;n264;5
136.11757414701233	S	n263;4;n267;6;n268;7
136.37102824962483	E	n264;5
137.44428209975396	F	n258;3
137.44428209975396	F	n267;6
137.44428209975396	F	n268;7
