TIME	EVENT	NODES
114.14511095658285	O	n140
123.81931590894636	E	n140;1
