TIME	EVENT	NODES
178.52215885238638	O	n50
180.68423174771254	E	n50;1
