TIME	EVENT	NODES
92.16659072027716	O	n165
98.4187588296697	E	n165;1
