TIME	EVENT	NODES
114.23372689131331	O	n139
116.84276849014047	E	n139;1
