TIME	EVENT	NODES
92.175588305679	O	n160
94.75491060307387	S	n160;1;n203;2;n204;3
96.49798857517968	I	n204;3
98.32698127730475	E	n204;3
111.0520095279441	L	n203;2
