TIME	EVENT	NODES
178.73315087408358	O	n37
187.1981154176181	S	n37;1;n59;2;n60;3
197.574740969038	S	n60;3;n71;4;n72;5
214.01156966462403	I	n71;4
215.10785402871593	C	n71;4
220.81514124921304	I	n71;4
224.87883338170167	E	n71;4
225.65785367624508	L	n72;5
229.58765017307724	L	n59;2
