TIME	EVENT	NODES
114.31895461863171	O	n147
120.73658318917201	S	n147;1;n177;2;n178;3
121.94033774569849	S	n177;2;n187;4;n188;5
122.96089664221213	S	n187;4;n191;6;n192;7
123.69549332308418	I	n192;7
126.02587607460606	S	n192;7;n207;8;n208;9
128.0705698243647	S	n207;8;n213;10;n214;11
129.26832954659912	S	n188;5;n215;12;n216;13
130.09222203709768	S	n213;10;n223;14;n224;15
130.3478450618157	S	n224;15;n225;16;n226;17
131.11070081786738	E	n191;6
131.12736847383428	E	n178;3
131.59642289544732	S	n215;12;n233;18;n234;19
132.25890650819693	E	n223;14
132.3401028583617	S	n233;18;n235;20;n236;21
132.75998679969956	S	n236;21;n241;22;n242;23
133.3691840414929	T	n214;11;n214;24;n219;25
133.68463181083166	S	n225;16;n245;26;n246;27
133.7496404730826	S	n219;25;n247;28;n248;29
133.9195906530183	E	n214;24
134.01809809279308	E	n226;17
135.26511937963505	E	n245;26
137.13164605031997	E	n234;19
137.44428209975396	F	n247;28
137.44428209975396	F	n242;23
137.44428209975396	F	n235;20
137.44428209975396	F	n216;13
137.44428209975396	F	n208;9
137.44428209975396	F	n248;29
137.44428209975396	F	n241;22
137.44428209975396	F	n246;27
