TIME	EVENT	NODES
114.34932955351097	O	n153
114.53786323669233	I	n153;1
116.58376301354761	I	n153;1
121.75663925884848	S	n153;1;n185;2;n186;3
132.97487296848038	E	n186;3
137.44428209975396	F	n185;2
