TIME	EVENT	NODES
114.35272222492777	O	n148
137.44428209975396	F	n148;1
