TIME	EVENT	NODES
92.2184707571963	O	n153
122.20096298192965	F	n153;1
