TIME	EVENT	NODES
114.42598839421184	O	n137
122.96539378764307	E	n137;1
