TIME	EVENT	NODES
92.21946960220583	O	n179
92.98086966293155	S	n179;1;n187;2;n188;3
94.92073452501215	I	n187;2
95.24795588804022	S	n188;3;n207;4;n208;5
95.32788810343277	E	n187;2
95.88865744478659	S	n208;5;n209;6;n210;7
96.76414183319842	E	n207;4
97.10204947890132	I	n209;6
98.05177697927205	S	n210;7;n217;8;n218;9
100.26378681329363	S	n209;6;n225;10;n226;11
100.5630979072517	E	n217;8
101.88364993433952	S	n225;10;n233;12;n234;13
102.50665066787323	S	n233;12;n239;14;n240;15
105.03412825564341	I	n234;13
105.53784601725131	S	n239;14;n247;16;n248;17
106.00897419475767	E	n240;15
106.76847042739723	E	n226;11
106.8374852804199	S	n248;17;n251;18;n252;19
107.27663477102	S	n251;18;n257;20;n258;21
107.41703737897967	E	n218;9
107.53070438542849	S	n247;16;n261;22;n262;23
109.10825351651116	S	n252;19;n269;24;n270;25
109.19341537978787	S	n258;21;n271;26;n272;27
109.46503672933775	L	n271;26
110.59821760248624	S	n262;23;n285;28;n286;29
111.03753699902806	E	n234;13
111.10609646968076	E	n285;28
111.80098211610584	E	n269;24
112.47100851439468	E	n270;25
115.29971570919966	E	n257;20
115.65239317601123	E	n272;27
116.45204155339697	E	n261;22
120.96164925685498	E	n286;29
