TIME	EVENT	NODES
178.8506747197819	O	n55
202.16138914570215	L	n55;1
