TIME	EVENT	NODES
178.87147270005286	O	n46
187.68489901940544	E	n46;1
