TIME	EVENT	NODES
178.91829408505177	O	n48
218.72744327459634	I	n48;1
224.39167353156188	C	n48;1
270.50846597342445	E	n48;1
