TIME	EVENT	NODES
92.27887964898333	O	n168
96.06946921142757	E	n168;1
