TIME	EVENT	NODES
114.5092015665332	O	n148
137.44428209975396	F	n148;1
