TIME	EVENT	NODES
114.5207080321838	O	n155
115.24536255450909	S	n155;1;n165;2;n166;3
115.53171231760001	E	n166;3
128.4282697890717	C	n165;2
135.58811979234557	S	n165;2;n259;4;n260;5
136.5068312732184	E	n260;5
137.44428209975396	F	n259;4
