TIME	EVENT	NODES
92.29831345848793	O	n125
93.00970436740049	I	n125;1
122.20096298192965	F	n125;1
