TIME	EVENT	NODES
114.53257529016724	O	n149
114.60875141654122	S	n149;1;n159;2;n160;3
118.80283961753925	C	n159;2
123.03330243667175	E	n160;3
126.18635371499323	L	n159;2
