TIME	EVENT	NODES
92.31162061063377	O	n145
97.39967128992377	E	n145;1
