TIME	EVENT	NODES
114.53447957735261	O	n149
114.60875141654122	S	n149;1;n159;2;n160;3
121.6587531017614	T	n160;3;n160;4;n176;5
123.03330243667175	E	n160;4
124.61527864565592	S	n176;5;n199;6;n200;7
124.96830835071309	I	n159;2
125.50474589733585	E	n199;6
126.26444506959037	I	n159;2
130.15055173964421	E	n200;7
130.2277403782699	I	n159;2
131.1781794776036	S	n159;2;n229;8;n230;9
136.17150238763622	E	n229;8
137.44428209975396	F	n230;9
