TIME	EVENT	NODES
114.60933027127005	O	n139
116.84276849014047	E	n139;1
