TIME	EVENT	NODES
114.6497120436236	O	n139
116.84276849014047	E	n139;1
