TIME	EVENT	NODES
114.65676572537154	O	n148
137.44428209975396	F	n148;1
