TIME	EVENT	NODES
92.35871811135917	O	n152
102.38892933329028	S	n152;1;n235;2;n236;3
105.18311610228545	E	n235;2
108.28845536445367	I	n236;3
115.2182153714495	S	n236;3;n313;4;n314;5
116.15826723514712	E	n313;4
117.97648427128749	T	n314;5;n314;6;n292;7
122.20096298192965	F	n292;7
122.20096298192965	F	n314;6
