TIME	EVENT	NODES
92.37146369192355	O	n178
93.64609162057884	E	n178;1
