TIME	EVENT	NODES
114.75999779170444	O	n147
119.37421746673387	T	n147;1;n147;2;n176;3
120.73658318917201	S	n147;2;n177;4;n178;5
121.94033774569849	S	n177;4;n187;6;n188;7
122.96089664221213	S	n187;6;n191;8;n192;9
124.61527864565592	S	n176;3;n199;10;n200;11
125.50474589733585	E	n199;10
126.02587607460606	S	n192;9;n207;12;n208;13
126.29606024884419	I	n191;8
128.0705698243647	S	n207;12;n213;14;n214;15
129.26832954659912	S	n188;7;n215;16;n216;17
130.09222203709768	S	n213;14;n223;18;n224;19
130.15055173964421	E	n200;11
130.3478450618157	S	n224;19;n225;20;n226;21
131.11070081786738	E	n191;8
131.12736847383428	E	n178;5
131.59642289544732	S	n215;16;n233;22;n234;23
132.25890650819693	E	n223;18
132.3401028583617	S	n233;22;n235;24;n236;25
132.75998679969956	S	n236;25;n241;26;n242;27
133.68463181083166	S	n225;20;n245;28;n246;29
133.9195906530183	E	n214;15
134.01809809279308	E	n226;21
135.1063010086217	I	n246;29
135.26511937963505	E	n245;28
135.3043009887741	I	n242;27
135.6947074731777	I	n246;29
135.8895275045361	I	n216;17
137.13164605031997	E	n234;23
137.44428209975396	F	n242;27
137.44428209975396	F	n235;24
137.44428209975396	F	n216;17
137.44428209975396	F	n208;13
137.44428209975396	F	n241;26
137.44428209975396	F	n246;29
