TIME	EVENT	NODES
114.7851144906657	O	n128
115.59435628455716	I	n128;1
116.79865409744342	E	n128;1
