TIME	EVENT	NODES
114.8091442448741	O	n160
123.03330243667175	E	n160;1
