TIME	EVENT	NODES
179.6853193808799	O	n48
237.64334479672067	C	n48;1
270.50846597342445	E	n48;1
