TIME	EVENT	NODES
179.7472554661516	O	n53
200.94380481243803	I	n53;1
208.90144192797476	I	n53;1
215.22943810328766	D	n53;1;n53;2;n53;3
226.86452868796613	S	n53;2;n95;4;n96;5
226.86452868796613	S	n53;3;n95;6;n96;7
231.04112340170406	I	n95;4
231.04112340170406	I	n95;6
233.55443944646427	S	n96;5;n105;8;n106;9
233.55443944646427	S	n96;7;n105;10;n106;11
235.66254731222156	I	n95;6
235.66254731222156	I	n95;4
240.65287574757548	L	n105;8
247.89276809742267	S	n106;9;n121;12;n122;13
247.89276809742267	S	n106;11;n121;14;n122;15
256.0266312978347	L	n122;15
261.6291738439399	E	n121;12
261.6291738439399	E	n121;14
271.5541373875477	S	n95;4;n167;16;n168;17
271.5541373875477	S	n95;6;n167;18;n168;19
273.5864034493894	E	n122;13
278.37777927242377	S	n168;17;n179;20;n180;21
278.37777927242377	S	n168;19;n179;22;n180;23
278.6214938342557	E	n167;16
278.6214938342557	E	n167;18
281.23791238251084	I	n180;21
281.23791238251084	I	n180;23
282.56958360049487	E	n179;20
282.56958360049487	E	n179;22
287.2898658895813	E	n105;10
292.321064504694	E	n180;23
292.321064504694	E	n180;21
