TIME	EVENT	NODES
92.57096410064771	O	n150
103.24789987789956	E	n150;1
