TIME	EVENT	NODES
114.91514841583404	O	n150
120.28078995963486	L	n150;1
