TIME	EVENT	NODES
92.60226392658095	O	n150
99.07440133394108	I	n150;1
103.24789987789956	E	n150;1
