TIME	EVENT	NODES
92.6128282356799	O	n150
103.24789987789956	E	n150;1
