TIME	EVENT	NODES
179.93675477414513	O	n44
189.4429084824666	S	n44;1;n63;2;n64;3
190.45517566485344	I	n63;2
197.71978690192935	C	n64;3
205.8809544114638	I	n63;2
217.10122037003637	S	n63;2;n87;4;n88;5
224.42074098395472	S	n87;4;n93;6;n94;7
232.2598634713699	E	n94;7
232.8439288366906	E	n88;5
248.88117897606477	E	n64;3
263.1946935408616	S	n93;6;n157;8;n158;9
270.0115669233093	C	n158;9
271.0359830191678	S	n158;9;n165;10;n166;11
281.86281336619095	S	n157;8;n181;12;n182;13
287.7431072865575	I	n165;10
295.8259339565907	C	n181;12
297.3759122122873	E	n182;13
298.82218011922924	C	n181;12
300.66408360617874	S	n165;10;n217;14;n218;15
301.39480262224913	S	n217;14;n219;16;n220;17
309.22719658015154	E	n220;17
322.23550031039156	S	n219;16;n243;18;n244;19
325.4651722859276	D	n166;11;n166;20;n166;21
325.62016585225894	E	n166;20
325.62016585225894	E	n166;21
326.9191915703628	E	n181;12
327.1046107185982	E	n218;15
336.27194991669535	S	n243;18;n265;22;n266;23
337.9466629699342	E	n266;23
339.4766272890045	L	n244;19
357.83898267386695	E	n265;22
