TIME	EVENT	NODES
114.98401235963595	O	n142
120.60141769289855	I	n142;1
129.97651367823465	S	n142;1;n221;2;n222;3
130.79527631442593	E	n222;3
137.44428209975396	F	n221;2
