TIME	EVENT	NODES
92.65832894958612	O	n145
97.39967128992377	E	n145;1
