TIME	EVENT	NODES
92.67408393756561	O	n168
96.06946921142757	E	n168;1
