TIME	EVENT	NODES
92.7182780943897	O	n180
96.99802715324657	S	n180;1;n215;2;n216;3
100.82079643843899	S	n216;3;n229;4;n230;5
106.13572358528997	E	n215;2
112.48561374828095	D	n230;5;n230;6;n230;7
115.92249460212943	E	n229;4
122.20096298192965	F	n230;6
122.20096298192965	F	n230;7
