TIME	EVENT	NODES
115.15306294723915	O	n137
122.96539378764307	E	n137;1
