TIME	EVENT	NODES
180.4134177520689	O	n50
180.68423174771254	E	n50;1
