TIME	EVENT	NODES
115.2095047031253	O	n128
116.79865409744342	E	n128;1
