TIME	EVENT	NODES
92.74318401649857	O	n169
96.83861240646377	E	n169;1
