TIME	EVENT	NODES
115.26747084487327	O	n153
121.75663925884848	S	n153;1;n185;2;n186;3
122.21248001189969	I	n185;2
128.10053318003548	I	n186;3
132.97487296848038	E	n186;3
137.44428209975396	F	n185;2
