TIME	EVENT	NODES
92.79908861091977	O	n153
96.79769133353706	C	n153;1
100.58862402523187	I	n153;1
107.93353417025878	L	n153;1
