TIME	EVENT	NODES
115.43748565017528	O	n137
122.96539378764307	E	n137;1
