TIME	EVENT	NODES
115.46698656684151	O	n161
119.28060767470713	C	n161;1
128.1656540169265	L	n161;1
