TIME	EVENT	NODES
92.87109309180744	O	n168
96.06946921142757	E	n168;1
