TIME	EVENT	NODES
115.52105642193365	O	n167
119.15759873212343	E	n167;1
