TIME	EVENT	NODES
92.87123046878392	O	n145
97.39967128992377	E	n145;1
