TIME	EVENT	NODES
115.61422137533711	O	n148
127.14414898774463	I	n148;1
137.44428209975396	F	n148;1
