TIME	EVENT	NODES
115.6178278473749	O	n170
137.44428209975396	F	n170;1
