TIME	EVENT	NODES
92.90779290883118	O	n142
95.11122683914525	I	n142;1
103.1465928539085	S	n142;1;n241;2;n242;3
104.39354497663153	E	n241;2
122.20096298192965	F	n242;3
