TIME	EVENT	NODES
92.93315347418586	O	n183
93.34880801811472	E	n183;1
