TIME	EVENT	NODES
181.13628933693695	O	n55
238.066136604651	E	n55;1
