TIME	EVENT	NODES
115.69638248889565	O	n131
123.59613302644456	L	n131;1
