TIME	EVENT	NODES
115.73449109405891	O	n152
122.38232295356097	L	n152;1
