TIME	EVENT	NODES
181.39695602535812	O	n48
183.55439401043074	I	n48;1
209.58904812270916	C	n48;1
216.48131330430428	I	n48;1
252.95108101764953	I	n48;1
270.50846597342445	E	n48;1
