TIME	EVENT	NODES
115.89215780908215	O	n161
137.44428209975396	F	n161;1
