TIME	EVENT	NODES
93.21328116509794	O	n169
96.83861240646377	E	n169;1
