TIME	EVENT	NODES
115.96917859479447	O	n128
116.79865409744342	E	n128;1
