TIME	EVENT	NODES
93.21440142965909	O	n163
108.09778822732248	I	n163;1
114.41278485366259	S	n163;1;n305;2;n306;3
122.20096298192965	F	n306;3
122.20096298192965	F	n305;2
