TIME	EVENT	NODES
115.97276542226165	O	n139
116.84276849014047	E	n139;1
