TIME	EVENT	NODES
93.26532818379215	O	n171
100.61091691856613	E	n171;1
