TIME	EVENT	NODES
93.26800675915335	O	n168
96.06946921142757	E	n168;1
