TIME	EVENT	NODES
116.08825720095112	O	n165
135.58811979234557	S	n165;1;n259;2;n260;3
135.73479678705857	L	n260;3
137.44428209975396	F	n259;2
