TIME	EVENT	NODES
93.3097764019078	O	n155
96.36417835574501	E	n155;1
