TIME	EVENT	NODES
116.10487878811539	O	n161
137.44428209975396	F	n161;1
