TIME	EVENT	NODES
93.31449104903369	O	n178
93.64609162057884	E	n178;1
