TIME	EVENT	NODES
182.19769398303583	O	n48
183.55439401043074	I	n48;1
270.50846597342445	E	n48;1
