TIME	EVENT	NODES
93.35224716614952	O	n188
95.24795588804022	S	n188;1;n207;2;n208;3
95.88865744478659	S	n208;3;n209;4;n210;5
95.9998774841953	I	n209;4
96.76414183319842	E	n207;2
98.05177697927205	S	n210;5;n217;6;n218;7
100.26378681329363	S	n209;4;n225;8;n226;9
100.5630979072517	E	n217;6
101.88364993433952	S	n225;8;n233;10;n234;11
102.50665066787323	S	n233;10;n239;12;n240;13
105.53784601725131	S	n239;12;n247;14;n248;15
106.00897419475767	E	n240;13
106.76847042739723	E	n226;9
106.8374852804199	S	n248;15;n251;16;n252;17
107.27663477102	S	n251;16;n257;18;n258;19
107.41703737897967	E	n218;7
107.53070438542849	S	n247;14;n261;20;n262;21
109.10825351651116	S	n252;17;n269;22;n270;23
109.19341537978787	S	n258;19;n271;24;n272;25
110.1458391327182	S	n271;24;n281;26;n282;27
110.59821760248624	S	n262;21;n285;28;n286;29
111.03753699902806	E	n234;11
111.10609646968076	E	n285;28
111.80098211610584	E	n269;22
112.12640760592983	I	n257;18
112.47100851439468	E	n270;23
115.05111810985281	I	n272;25
115.29971570919966	E	n257;18
115.65239317601123	E	n272;25
116.08793483144474	E	n282;27
116.1674627988397	I	n261;20
116.45204155339697	E	n261;20
120.96164925685498	E	n286;29
122.20096298192965	F	n281;26
