TIME	EVENT	NODES
116.14976037629212	O	n152
119.58912312857667	I	n152;1
129.29139498667183	T	n152;1;n152;2;n146;3
133.98837576070537	E	n152;2
135.06685894332068	S	n146;3;n257;4;n258;5
135.85464953594038	S	n257;4;n263;6;n264;7
136.11757414701233	S	n263;6;n267;8;n268;9
136.37102824962483	E	n264;7
137.44428209975396	F	n258;5
137.44428209975396	F	n267;8
137.44428209975396	F	n268;9
