TIME	EVENT	NODES
116.16217808491508	O	n168
137.44428209975396	F	n168;1
