TIME	EVENT	NODES
93.4089071156253	O	n165
98.4187588296697	E	n165;1
