TIME	EVENT	NODES
182.4297958527149	O	n55
209.3577660631694	I	n55;1
215.1240483646149	L	n55;1
