TIME	EVENT	NODES
116.22320687202195	O	n140
123.81931590894636	E	n140;1
