TIME	EVENT	NODES
116.24765298311708	O	n162
120.75432218994068	I	n162;1
120.771703302502	L	n162;1
