TIME	EVENT	NODES
116.29980753798878	O	n171
119.2824603171159	S	n171;1;n175;2;n176;3
124.61527864565592	S	n176;3;n199;4;n200;5
125.50474589733585	E	n199;4
130.15055173964421	E	n200;5
131.76260907293417	D	n175;2;n175;6;n175;7
136.18078583605833	E	n175;6
136.18078583605833	E	n175;7
