TIME	EVENT	NODES
182.56929203145552	O	n55
238.066136604651	E	n55;1
