TIME	EVENT	NODES
93.52473334028161	O	n176
95.00069429405947	E	n176;1
