TIME	EVENT	NODES
116.33195766380885	O	n169
137.44428209975396	F	n169;1
