TIME	EVENT	NODES
116.36979607786029	O	n152
133.98837576070537	E	n152;1
