TIME	EVENT	NODES
182.72267857598027	O	n51
184.38473418243225	S	n51;1;n57;2;n58;3
194.8096273087107	C	n58;3
195.81562732113593	E	n58;3
199.3404950915714	E	n57;2
