TIME	EVENT	NODES
116.43025429659578	O	n139
116.84276849014047	E	n139;1
