TIME	EVENT	NODES
116.43079403571006	O	n161
137.44428209975396	F	n161;1
