TIME	EVENT	NODES
93.78214285713803	O	n174
94.57618687065099	S	n174;1;n197;2;n198;3
100.23801031248802	E	n197;2
110.38736452343699	E	n198;3
