TIME	EVENT	NODES
93.78272264271676	O	n185
95.34371363479748	E	n185;1
