TIME	EVENT	NODES
93.787780668699	O	n149
98.3530640845064	L	n149;1
