TIME	EVENT	NODES
93.7977519880409	O	n150
103.24789987789956	E	n150;1
