TIME	EVENT	NODES
116.51126139037464	O	n160
123.03330243667175	E	n160;1
