TIME	EVENT	NODES
93.88951179637513	O	n186
106.84486426192589	E	n186;1
