TIME	EVENT	NODES
183.05080194034895	O	n55
196.82684689126154	T	n55;1;n55;2;n63;3
199.36503648538334	I	n55;2
202.04678109885788	I	n63;3
211.26880665473578	I	n63;3
212.67377867412952	I	n63;3
217.10122037003637	S	n63;3;n87;4;n88;5
223.08766733391718	I	n55;2
224.42074098395472	S	n87;4;n93;6;n94;7
226.89776013722133	I	n93;6
232.2598634713699	E	n94;7
232.8439288366906	E	n88;5
238.066136604651	E	n55;2
257.19427956723723	L	n93;6
