TIME	EVENT	NODES
116.60509132961859	O	n132
120.93492720218666	E	n132;1
