TIME	EVENT	NODES
116.6756970662779	O	n132
120.93492720218666	E	n132;1
