TIME	EVENT	NODES
116.70691418110863	O	n137
122.96539378764307	E	n137;1
