TIME	EVENT	NODES
116.71332567481916	O	n143
119.02338199923456	C	n143;1
122.24361634249597	I	n143;1
124.35633750190762	S	n143;1;n197;2;n198;3
125.61616605856788	S	n197;2;n203;4;n204;5
125.74551501329805	I	n198;3
134.29348224163434	I	n198;3
135.85282357483234	E	n198;3
136.9410702486098	S	n203;4;n273;6;n274;7
137.44428209975396	F	n274;7
137.44428209975396	F	n204;5
137.44428209975396	F	n273;6
