TIME	EVENT	NODES
94.00145460618863	O	n174
94.57618687065099	S	n174;1;n197;2;n198;3
99.30470282070765	T	n198;3;n198;4;n224;5
99.57903796767904	E	n224;5
100.23801031248802	E	n197;2
106.15241879881268	I	n198;4
110.38736452343699	E	n198;4
