TIME	EVENT	NODES
116.74403176066795	O	n161
137.44428209975396	F	n161;1
