TIME	EVENT	NODES
94.03576485894298	O	n156
98.27430524738351	E	n156;1
