TIME	EVENT	NODES
94.03652815220117	O	n185
95.34371363479748	E	n185;1
