TIME	EVENT	NODES
116.79475168260254	O	n157
118.87864221454024	E	n157;1
