TIME	EVENT	NODES
116.85779835988792	O	n132
118.67931109210299	I	n132;1
120.93492720218666	E	n132;1
