TIME	EVENT	NODES
94.09895679297988	O	n150
102.77336899689416	I	n150;1
103.24789987789956	E	n150;1
