TIME	EVENT	NODES
94.1297001378886	O	n172
106.02298060458065	E	n172;1
