TIME	EVENT	NODES
116.98821490592204	O	n161
137.44428209975396	F	n161;1
