TIME	EVENT	NODES
116.98821543644792	O	n152
125.89101238791612	I	n152;1
133.98837576070537	E	n152;1
