TIME	EVENT	NODES
183.85579772738214	O	n47
196.97511416203977	S	n47;1;n69;2;n70;3
200.42502788848498	I	n70;3
205.25455400940166	S	n69;2;n73;4;n74;5
207.01568287589168	C	n74;5
208.19839410567633	S	n74;5;n77;6;n78;7
212.0814811151844	S	n73;4;n81;8;n82;9
215.19426714998926	S	n82;9;n85;10;n86;11
224.01115539674345	E	n81;8
226.08451416191318	E	n77;6
226.3022639445042	E	n78;7
229.79413206743286	S	n85;10;n101;12;n102;13
230.12060625848866	I	n86;11
230.22500167846212	E	n101;12
232.51730796721426	C	n70;3
236.65489037429705	I	n102;13
245.85340359938476	E	n86;11
252.90068684216158	I	n102;13
253.10530453682208	S	n102;13;n133;14;n134;15
254.85733682858677	S	n134;15;n143;16;n144;17
256.74972332501403	S	n70;3;n145;18;n146;19
274.3197810030584	I	n144;17
274.68520477779253	E	n143;16
275.0960935428681	S	n146;19;n169;20;n170;21
275.8505257194636	S	n145;18;n173;22;n174;23
276.551795131478	S	n144;17;n175;24;n176;25
276.778106847264	S	n169;20;n177;26;n178;27
276.9705052547547	I	n175;24
279.58365097108805	I	n176;25
279.7501214445575	I	n177;26
285.1222100987417	L	n133;14
285.76396366295205	E	n176;25
289.68495730814817	I	n177;26
289.7660671719976	S	n177;26;n191;28;n192;29
292.56408620681617	S	n191;28;n197;30;n198;31
294.0047772131045	L	n173;22
295.6941739117224	I	n198;31
295.7101501024865	E	n178;27
296.4430408222861	E	n175;24
297.88510067996623	E	n197;30
299.3029741716157	C	n170;21
301.429649806761	I	n170;21
309.21205838172443	S	n198;31;n231;32;n232;33
316.27600896896894	E	n192;29
316.64521563171144	E	n174;23
317.30612004847615	S	n232;33;n239;34;n240;35
335.14844581859495	S	n231;32;n259;36;n260;37
345.6864478553234	I	n240;35
348.6720819320871	E	n240;35
348.7564267084988	E	n259;36
365.3354294195512	E	n260;37
365.6675909654996	S	n239;34;n327;38;n328;39
368.33285918754166	F	n327;38
368.33285918754166	F	n328;39
368.33285918754166	F	n170;21
