TIME	EVENT	NODES
94.17754172750324	O	n190
96.77409377030416	E	n190;1
