TIME	EVENT	NODES
183.865451594107	O	n52
214.42883463715737	I	n52;1
227.7086322008703	S	n52;1;n97;2;n98;3
232.09505500922094	I	n97;2
244.50426373200628	I	n97;2
249.03530572249304	S	n97;2;n123;4;n124;5
254.59397657947247	S	n123;4;n139;6;n140;7
255.08922900163986	E	n139;6
258.8150958922131	S	n124;5;n149;8;n150;9
259.23944721612725	I	n140;7
263.32366982982165	C	n140;7
265.53054853056784	I	n98;3
268.55959621947636	I	n98;3
270.74062295672854	I	n140;7
272.1052500981711	I	n98;3
275.3394929136777	E	n140;7
283.04035896465365	I	n149;8
286.5116020830271	I	n149;8
293.4401227103343	E	n150;9
297.82959460464184	E	n98;3
313.2735372024965	E	n149;8
