TIME	EVENT	NODES
117.0270748096763	O	n137
122.96539378764307	E	n137;1
