TIME	EVENT	NODES
183.88017754832478	O	n48
270.50846597342445	E	n48;1
