TIME	EVENT	NODES
184.06596649613718	O	n56
188.99377288291518	S	n56;1;n61;2;n62;3
191.35598736312272	S	n62;3;n65;4;n66;5
194.04179482238587	C	n61;2
196.74632570764513	E	n66;5
206.14688879273493	T	n65;4;n65;6;n48;7
212.14935991177535	E	n65;6
221.4844260935815	S	n61;2;n89;8;n90;9
231.2895298785254	E	n89;8
231.5628257408407	I	n48;7
254.6981198211111	C	n48;7
270.50846597342445	E	n48;7
270.6336862936536	I	n90;9
271.7170818175748	I	n90;9
279.2625461605196	L	n90;9
