TIME	EVENT	NODES
94.241675259494	O	n190
96.01562787274152	I	n190;1
96.77409377030416	E	n190;1
