TIME	EVENT	NODES
117.20445479423934	O	n161
137.44428209975396	F	n161;1
