TIME	EVENT	NODES
117.21351597390075	O	n173
120.90134015260391	E	n173;1
