TIME	EVENT	NODES
0	O	Root
0.0	S	Root;1;n1;2;n2;3
3.2265121368497676	S	n2;3;n3;4;n4;5
6.0891450189117755	S	n4;5;n5;6;n6;7
8.185993023780656	I	n3;4
12.049627919615546	E	n1;2
15.139567874115471	I	n3;4
21.26086057713696	L	n5;6
30.337553612540763	S	n3;4;n7;8;n8;9
38.05179483876032	L	n8;9
41.7308661144652	E	n6;7
42.50508976529542	I	n7;8
76.49017241931938	I	n7;8
77.55469803232428	L	n7;8
