TIME	EVENT	NODES
117.2263212200749	O	n132
120.93492720218666	E	n132;1
