TIME	EVENT	NODES
117.23312046356916	O	n137
122.96539378764307	E	n137;1
