TIME	EVENT	NODES
184.39973420985484	O	n44
189.4429084824666	S	n44;1;n63;2;n64;3
192.88604860011444	I	n64;3
202.04678109885788	I	n63;2
217.10122037003637	S	n63;2;n87;4;n88;5
218.91080382826158	I	n87;4
219.24898637001473	I	n64;3
224.42074098395472	S	n87;4;n93;6;n94;7
226.76304026258958	I	n64;3
232.2598634713699	E	n94;7
232.8439288366906	E	n88;5
248.88117897606477	E	n64;3
253.52400698554953	I	n93;6
263.1946935408616	S	n93;6;n157;8;n158;9
271.0359830191678	S	n158;9;n165;10;n166;11
281.1707603237528	I	n157;8
281.86281336619095	S	n157;8;n181;12;n182;13
284.06261848525617	L	n181;12
297.3759122122873	E	n182;13
300.66408360617874	S	n165;10;n217;14;n218;15
301.39480262224913	S	n217;14;n219;16;n220;17
309.22719658015154	E	n220;17
318.4562673515494	I	n219;16
322.23550031039156	S	n219;16;n243;18;n244;19
325.62016585225894	E	n166;11
327.1046107185982	E	n218;15
329.32463767605793	C	n244;19
334.8647954058179	D	n243;18;n243;20;n243;21
336.27194991669535	S	n243;20;n265;22;n266;23
336.27194991669535	S	n243;21;n265;24;n266;25
337.9466629699342	E	n266;23
337.9466629699342	E	n266;25
357.83898267386695	E	n265;22
357.83898267386695	E	n265;24
368.33285918754166	F	n244;19
