TIME	EVENT	NODES
94.30504336248269	O	n155
96.36417835574501	E	n155;1
