TIME	EVENT	NODES
184.63803454668195	O	n44
189.4429084824666	S	n44;1;n63;2;n64;3
192.76433527042354	I	n63;2
204.10429439167865	L	n64;3
204.10429439167865	T	n63;2;n63;4;n64;5
207.114690133627	I	n63;4
217.10122037003637	S	n63;4;n87;6;n88;7
220.08480688445695	T	n64;5;n64;8;n72;9
224.42074098395472	S	n87;6;n93;10;n94;11
229.59993673867558	C	n64;8
232.2598634713699	E	n94;11
232.8439288366906	E	n88;7
248.88117897606477	E	n64;8
252.73931066812622	D	n93;10;n93;12;n93;13
254.31869674795763	S	n72;9;n137;14;n138;15
262.48313050699846	S	n137;14;n155;16;n156;17
263.1946935408616	S	n93;12;n157;18;n158;19
263.1946935408616	S	n93;13;n157;20;n158;21
268.08312347105647	S	n138;15;n163;22;n164;23
269.581940000114	L	n158;21
270.5420739613769	L	n164;23
271.0359830191678	S	n158;19;n165;24;n166;25
277.8106349986983	E	n163;22
280.9346084359787	E	n156;17
281.86281336619095	S	n157;18;n181;26;n182;27
281.86281336619095	S	n157;20;n181;28;n182;29
287.7431072865575	I	n165;24
296.5433674405418	I	n165;24
297.3759122122873	E	n182;27
297.3759122122873	E	n182;29
300.66408360617874	S	n165;24;n217;30;n218;31
301.39480262224913	S	n217;30;n219;32;n220;33
302.77518792485097	S	n155;16;n221;34;n222;35
309.22719658015154	E	n220;33
309.5651431147228	I	n221;34
314.02671165081205	I	n222;35
314.3193370741534	E	n222;35
314.87882505162736	L	n218;31
322.23550031039156	S	n219;32;n243;36;n244;37
325.62016585225894	E	n166;25
326.63552088248184	I	n243;36
326.9191915703628	E	n181;26
326.9191915703628	E	n181;28
336.27194991669535	S	n243;36;n265;38;n266;39
337.9466629699342	E	n266;39
338.0563940099932	C	n244;37
349.260475633971	I	n244;37
354.10974447075046	I	n244;37
356.3733480394913	I	n265;38
357.83898267386695	E	n265;38
359.6879803147978	I	n244;37
368.33285918754166	F	n244;37
368.33285918754166	F	n221;34
