TIME	EVENT	NODES
184.67238912820608	O	n46
187.68489901940544	E	n46;1
