TIME	EVENT	NODES
94.40711915372846	O	n155
96.36417835574501	E	n155;1
