TIME	EVENT	NODES
117.34923774451138	O	n148
137.44428209975396	F	n148;1
