TIME	EVENT	NODES
184.7032028619481	O	n57
199.3404950915714	E	n57;1
