TIME	EVENT	NODES
117.35393269617788	O	n132
120.93492720218666	E	n132;1
