TIME	EVENT	NODES
117.3540964638636	O	n140
123.81931590894636	E	n140;1
