TIME	EVENT	NODES
117.365441195307	O	n152
131.89425577110794	I	n152;1
133.98837576070537	E	n152;1
