TIME	EVENT	NODES
94.46364615480606	O	n176
95.00069429405947	E	n176;1
