TIME	EVENT	NODES
184.91790134768422	O	n56
187.48632873569315	I	n56;1
188.99377288291518	S	n56;1;n61;2;n62;3
189.44357289465324	I	n61;2
191.35598736312272	S	n62;3;n65;4;n66;5
196.74632570764513	E	n66;5
212.14935991177535	E	n65;4
221.4844260935815	S	n61;2;n89;6;n90;7
231.2895298785254	E	n89;6
255.40030195211912	I	n90;7
263.56354870187886	L	n90;7
