TIME	EVENT	NODES
94.47623449012454	O	n189
102.58874847283909	E	n189;1
