TIME	EVENT	NODES
185.00835105140183	O	n37
187.1981154176181	S	n37;1;n59;2;n60;3
197.53848124378246	I	n59;2
197.574740969038	S	n60;3;n71;4;n72;5
215.57899610479313	I	n59;2
220.81514124921304	I	n71;4
224.87883338170167	E	n71;4
225.72610917600278	I	n59;2
250.3995970955104	I	n72;5
251.91737397158224	S	n59;2;n131;6;n132;7
254.31869674795763	S	n72;5;n137;8;n138;9
262.48313050699846	S	n137;8;n155;10;n156;11
263.09274546719297	I	n155;10
264.256074713361	S	n131;6;n159;12;n160;13
268.08312347105647	S	n138;9;n163;14;n164;15
277.8106349986983	E	n163;14
279.3689247604448	E	n164;15
280.9346084359787	E	n156;11
283.003644560383	E	n160;13
284.6765158909839	I	n159;12
286.90258136305795	I	n132;7
288.5496408940298	S	n132;7;n189;16;n190;17
297.2325938618031	S	n190;17;n211;18;n212;19
301.8448988820438	I	n211;18
302.77518792485097	S	n155;10;n221;20;n222;21
306.18779637717876	E	n189;16
314.3193370741534	E	n222;21
323.451126983794	S	n211;18;n247;22;n248;23
326.9299560409181	S	n248;23;n249;24;n250;25
328.2146319613769	S	n159;12;n253;26;n254;27
330.1736374719899	I	n250;25
331.7982763449896	I	n212;19
334.64198406508626	S	n249;24;n255;28;n256;29
335.92113620132585	S	n254;27;n263;30;n264;31
337.28314567426867	I	n253;26
338.51097831531484	S	n247;22;n269;32;n270;33
339.658731161582	S	n264;31;n271;34;n272;35
340.0233594756859	I	n269;32
345.71198993976384	E	n253;26
351.3681074054671	E	n270;33
351.37042779145395	E	n255;28
356.5243775902817	S	n250;25;n303;36;n304;37
358.57660346441156	I	n271;34
359.43466135079467	S	n269;32;n307;38;n308;39
361.7971077523211	S	n272;35;n309;40;n310;41
362.06030120570546	I	n221;20
364.14479088522387	E	n212;19
364.22858122552356	D	n303;36;n303;42;n303;43
364.39265661618424	S	n310;41;n317;44;n318;45
364.49514583717956	S	n304;37;n319;46;n320;47
365.0168302374957	S	n256;29;n323;48;n324;49
365.0417268907298	E	n263;30
365.9406802548836	S	n318;45;n329;50;n330;51
368.1525611161385	S	n324;49;n331;52;n332;53
368.2645648230135	I	n320;47
368.33285918754166	F	n330;51
368.33285918754166	F	n307;38
368.33285918754166	F	n329;50
368.33285918754166	F	n303;42
368.33285918754166	F	n303;43
368.33285918754166	F	n271;34
368.33285918754166	F	n308;39
368.33285918754166	F	n331;52
368.33285918754166	F	n323;48
368.33285918754166	F	n320;47
368.33285918754166	F	n332;53
368.33285918754166	F	n317;44
368.33285918754166	F	n221;20
368.33285918754166	F	n309;40
368.33285918754166	F	n319;46
