TIME	EVENT	NODES
94.51391939872657	O	n195
94.7406734041655	S	n195;1;n201;2;n202;3
95.00275428280193	S	n202;3;n205;4;n206;5
96.59218823370765	S	n206;5;n213;6;n214;7
98.31404312539485	S	n201;2;n219;8;n220;9
99.1962720500129	S	n214;7;n223;10;n224;11
99.57903796767904	E	n224;11
99.85935374100859	E	n223;10
100.58676847024424	S	n219;8;n227;12;n228;13
105.15368373153343	S	n228;13;n243;14;n244;15
105.15937208631122	E	n227;12
106.14529429539196	S	n243;14;n249;16;n250;17
107.17449380153346	S	n213;6;n255;18;n256;19
107.71138136937543	S	n255;18;n263;20;n264;21
109.34495513842283	S	n263;20;n273;22;n274;23
109.73299340938634	S	n256;19;n277;24;n278;25
110.53467000705065	S	n273;22;n283;26;n284;27
110.97351095202811	S	n244;15;n289;28;n290;29
111.21042713103029	I	n289;28
111.5334524792489	S	n284;27;n291;30;n292;31
111.93257470571122	S	n274;23;n297;32;n298;33
113.26780984524378	E	n249;16
113.80810599101235	E	n291;30
113.88822922744914	E	n289;28
114.22092261403004	E	n290;29
115.22772421492633	E	n278;25
115.46564284480102	S	n297;32;n315;34;n316;35
115.54291385021179	I	n264;21
116.2534313834871	S	n298;33;n319;36;n320;37
116.26939695385052	S	n316;35;n321;38;n322;39
117.05430937973127	E	n320;37
117.06138871140475	S	n322;39;n323;40;n324;41
117.36400573725459	S	n277;24;n325;42;n326;43
118.30904250839599	S	n326;43;n331;44;n332;45
118.35273894628818	I	n331;44
118.74383731052721	S	n319;36;n335;46;n336;47
119.31936433578085	S	n331;44;n337;48;n338;49
119.46154143863095	E	n336;47
120.18954370458381	S	n325;42;n343;50;n344;51
120.4792841858846	S	n335;46;n345;52;n346;53
120.51874884326112	E	n332;45
120.73016418531006	S	n338;49;n349;54;n350;55
121.22281434799568	I	n205;4
121.69847158795108	S	n346;53;n351;56;n352;57
122.20096298192965	F	n292;31
122.20096298192965	F	n315;34
122.20096298192965	F	n323;40
122.20096298192965	F	n283;26
122.20096298192965	F	n344;51
122.20096298192965	F	n349;54
122.20096298192965	F	n205;4
122.20096298192965	F	n264;21
122.20096298192965	F	n350;55
122.20096298192965	F	n220;9
122.20096298192965	F	n337;48
122.20096298192965	F	n345;52
122.20096298192965	F	n343;50
122.20096298192965	F	n351;56
122.20096298192965	F	n250;17
122.20096298192965	F	n352;57
122.20096298192965	F	n324;41
122.20096298192965	F	n321;38
