TIME	EVENT	NODES
94.51998774177774	O	n153
122.20096298192965	F	n153;1
