TIME	EVENT	NODES
94.58592891383638	O	n184
94.8602746555844	T	n184;1;n184;2;n180;3
96.99802715324657	S	n180;3;n215;4;n216;5
100.82079643843899	S	n216;5;n229;6;n230;7
102.07551302349106	I	n184;2
102.51936650805321	I	n184;2
106.13572358528997	E	n215;4
113.69751024045944	I	n184;2
114.18324510306947	S	n184;2;n303;8;n304;9
115.92249460212943	E	n229;6
119.30590668260064	E	n303;8
119.93146279771446	S	n304;9;n339;10;n340;11
121.85255750893415	S	n339;10;n357;12;n358;13
122.20096298192965	F	n357;12
122.20096298192965	F	n230;7
122.20096298192965	F	n358;13
122.20096298192965	F	n340;11
