TIME	EVENT	NODES
185.23701218526583	O	n37
187.1981154176181	S	n37;1;n59;2;n60;3
190.39859628407615	I	n59;2
197.574740969038	S	n60;3;n71;4;n72;5
201.16553571009098	I	n71;4
203.74290697621842	L	n71;4
215.643429307827	I	n59;2
217.31811164545994	I	n59;2
235.1739364372764	I	n59;2
247.9017369521402	I	n59;2
251.91737397158224	S	n59;2;n131;6;n132;7
252.51472126357524	I	n132;7
254.31869674795763	S	n72;5;n137;8;n138;9
262.48313050699846	S	n137;8;n155;10;n156;11
264.256074713361	S	n131;6;n159;12;n160;13
268.08312347105647	S	n138;9;n163;14;n164;15
271.35555682050625	I	n155;10
275.53864215074265	I	n155;10
277.8106349986983	E	n163;14
279.3689247604448	E	n164;15
280.9346084359787	E	n156;11
283.003644560383	E	n160;13
288.5496408940298	S	n132;7;n189;16;n190;17
295.48640005402683	L	n159;12
297.2325938618031	S	n190;17;n211;18;n212;19
302.77518792485097	S	n155;10;n221;20;n222;21
304.1935626843603	I	n222;21
306.18779637717876	E	n189;16
313.09632380204846	I	n211;18
314.3193370741534	E	n222;21
323.451126983794	S	n211;18;n247;22;n248;23
326.9299560409181	S	n248;23;n249;24;n250;25
332.1585970302976	I	n212;19
334.64198406508626	S	n249;24;n255;26;n256;27
338.51097831531484	S	n247;22;n269;28;n270;29
339.70389927988145	I	n270;29
341.4117965012091	L	n250;25
351.3681074054671	E	n270;29
351.37042779145395	E	n255;26
356.9659242625501	I	n256;27
359.43466135079467	S	n269;28;n307;30;n308;31
364.14479088522387	E	n212;19
365.0168302374957	S	n256;27;n323;32;n324;33
368.1525611161385	S	n324;33;n331;34;n332;35
368.33285918754166	F	n307;30
368.33285918754166	F	n308;31
368.33285918754166	F	n331;34
368.33285918754166	F	n323;32
368.33285918754166	F	n332;35
368.33285918754166	F	n221;20
