TIME	EVENT	NODES
94.59027010804309	O	n128
99.10789388249582	E	n128;1
