TIME	EVENT	NODES
94.67353080051862	O	n186
106.84486426192589	E	n186;1
