TIME	EVENT	NODES
117.54398626226694	O	n169
132.46936928711435	I	n169;1
137.44428209975396	F	n169;1
