TIME	EVENT	NODES
185.3859435375221	O	n29
199.92339656775204	I	n29;1
211.92589411349857	L	n29;1
