TIME	EVENT	NODES
117.59779433434068	O	n160
123.03330243667175	E	n160;1
