TIME	EVENT	NODES
94.70426594017353	O	n193
97.56005289654414	E	n193;1
