TIME	EVENT	NODES
117.62236435109477	O	n160
123.03330243667175	E	n160;1
