TIME	EVENT	NODES
94.72536976682986	O	n169
96.83861240646377	E	n169;1
