TIME	EVENT	NODES
117.6258156182395	O	n168
137.44428209975396	F	n168;1
