TIME	EVENT	NODES
94.75370019511132	O	n185
95.34371363479748	E	n185;1
