TIME	EVENT	NODES
94.76936144613893	O	n202
95.00275428280193	S	n202;1;n205;2;n206;3
96.59218823370765	S	n206;3;n213;4;n214;5
99.1962720500129	S	n214;5;n223;6;n224;7
99.57903796767904	E	n224;7
99.85935374100859	E	n223;6
107.17449380153346	S	n213;4;n255;8;n256;9
107.71138136937543	S	n255;8;n263;10;n264;11
109.34495513842283	S	n263;10;n273;12;n274;13
109.73299340938634	S	n256;9;n277;14;n278;15
110.53467000705065	S	n273;12;n283;16;n284;17
111.5334524792489	S	n284;17;n291;18;n292;19
111.93257470571122	S	n274;13;n297;20;n298;21
113.75008369273702	L	n298;21
113.80810599101235	E	n291;18
115.22772421492633	E	n278;15
115.46564284480102	S	n297;20;n315;22;n316;23
115.57967576668284	I	n292;19
116.26939695385052	S	n316;23;n321;24;n322;25
117.06138871140475	S	n322;25;n323;26;n324;27
117.36400573725459	S	n277;14;n325;28;n326;29
118.24518406870416	C	n283;16
118.30904250839599	S	n326;29;n331;30;n332;31
119.31936433578085	S	n331;30;n337;32;n338;33
120.18954370458381	S	n325;28;n343;34;n344;35
120.51874884326112	E	n332;31
120.73016418531006	S	n338;33;n349;36;n350;37
122.20096298192965	F	n292;19
122.20096298192965	F	n315;22
122.20096298192965	F	n323;26
122.20096298192965	F	n283;16
122.20096298192965	F	n344;35
122.20096298192965	F	n349;36
122.20096298192965	F	n205;2
122.20096298192965	F	n264;11
122.20096298192965	F	n350;37
122.20096298192965	F	n337;32
122.20096298192965	F	n343;34
122.20096298192965	F	n324;27
122.20096298192965	F	n321;24
