TIME	EVENT	NODES
94.77447807453203	O	n125
96.94339250451877	I	n125;1
121.68333906901516	L	n125;1
