TIME	EVENT	NODES
94.81640483810318	O	n199
108.37576250505025	E	n199;1
