TIME	EVENT	NODES
94.84147100536639	O	n156
98.27430524738351	E	n156;1
