TIME	EVENT	NODES
94.85571941800202	O	n197
100.23801031248802	E	n197;1
