TIME	EVENT	NODES
94.85759011063179	O	n202
95.00275428280193	S	n202;1;n205;2;n206;3
96.59218823370765	S	n206;3;n213;4;n214;5
99.1962720500129	S	n214;5;n223;6;n224;7
99.57903796767904	E	n224;7
99.85935374100859	E	n223;6
107.17449380153346	S	n213;4;n255;8;n256;9
107.71138136937543	S	n255;8;n263;10;n264;11
109.34495513842283	S	n263;10;n273;12;n274;13
109.73299340938634	S	n256;9;n277;14;n278;15
110.53467000705065	S	n273;12;n283;16;n284;17
111.5334524792489	S	n284;17;n291;18;n292;19
111.93257470571122	S	n274;13;n297;20;n298;21
113.40102041513667	I	n283;16
113.80810599101235	E	n291;18
114.58041082273986	I	n205;2
114.94177557393883	I	n298;21
115.22772421492633	E	n278;15
115.46564284480102	S	n297;20;n315;22;n316;23
116.2534313834871	S	n298;21;n319;24;n320;25
116.26939695385052	S	n316;23;n321;26;n322;27
117.05430937973127	E	n320;25
117.06138871140475	S	n322;27;n323;28;n324;29
117.36400573725459	S	n277;14;n325;30;n326;31
118.30904250839599	S	n326;31;n331;32;n332;33
118.74383731052721	S	n319;24;n335;34;n336;35
119.31936433578085	S	n331;32;n337;36;n338;37
119.46154143863095	E	n336;35
120.18954370458381	S	n325;30;n343;38;n344;39
120.4792841858846	S	n335;34;n345;40;n346;41
120.51874884326112	E	n332;33
120.73016418531006	S	n338;37;n349;42;n350;43
121.69847158795108	S	n346;41;n351;44;n352;45
122.20096298192965	F	n292;19
122.20096298192965	F	n315;22
122.20096298192965	F	n323;28
122.20096298192965	F	n283;16
122.20096298192965	F	n344;39
122.20096298192965	F	n349;42
122.20096298192965	F	n205;2
122.20096298192965	F	n264;11
122.20096298192965	F	n350;43
122.20096298192965	F	n337;36
122.20096298192965	F	n345;40
122.20096298192965	F	n343;38
122.20096298192965	F	n351;44
122.20096298192965	F	n352;45
122.20096298192965	F	n324;29
122.20096298192965	F	n321;26
