TIME	EVENT	NODES
94.87269983920038	O	n197
100.23801031248802	E	n197;1
