TIME	EVENT	NODES
94.87320186496841	O	n165
98.4187588296697	E	n165;1
