TIME	EVENT	NODES
186.23286398695564	O	n56
188.99377288291518	S	n56;1;n61;2;n62;3
189.14008923582807	I	n61;2
191.35598736312272	S	n62;3;n65;4;n66;5
196.06741818884757	I	n65;4
196.74632570764513	E	n66;5
212.14935991177535	E	n65;4
212.202191686382	C	n61;2
219.95526309340215	C	n61;2
221.4844260935815	S	n61;2;n89;6;n90;7
227.98103868693613	C	n90;7
231.2895298785254	E	n89;6
243.66865700957763	I	n90;7
244.3496329295528	I	n90;7
274.0853903236676	I	n90;7
280.88338111280893	E	n90;7
