TIME	EVENT	NODES
117.93207077172248	O	n160
123.03330243667175	E	n160;1
