TIME	EVENT	NODES
186.28765362949622	O	n52
217.0530968330901	T	n52;1;n52;2;n84;3
227.7086322008703	S	n52;2;n97;4;n98;5
229.51735172790225	I	n84;3
230.16905916413376	I	n98;5
236.8169657606345	S	n84;3;n107;6;n108;7
244.64633121022376	I	n97;4
249.03530572249304	S	n97;4;n123;8;n124;9
249.10861886800265	S	n108;7;n125;10;n126;11
249.78648125737294	I	n126;11
254.59397657947247	S	n123;8;n139;12;n140;13
255.08922900163986	E	n139;12
256.96114287753085	S	n126;11;n147;14;n148;15
258.8150958922131	S	n124;9;n149;16;n150;17
262.43014142332055	E	n148;15
266.0496073842215	I	n147;14
266.80294771333917	S	n107;6;n161;18;n162;19
275.11850929823515	S	n125;10;n171;20;n172;21
275.3394929136777	E	n140;13
277.04604187489826	E	n161;18
282.0361118140359	I	n171;20
283.3629310829571	S	n147;14;n183;22;n184;23
285.9456044299885	S	n162;19;n185;24;n186;25
292.01152244219134	S	n186;25;n195;26;n196;27
292.2265457176145	L	n98;5
293.4401227103343	E	n150;17
293.6183387782659	E	n184;23
294.1998026308451	E	n171;20
296.7804733096652	S	n196;27;n207;28;n208;29
297.77429733878824	E	n208;29
298.04106042265215	I	n149;16
298.5182981782411	E	n207;28
301.5187902891868	E	n195;26
303.424735630872	I	n185;24
306.7118637562414	E	n185;24
308.5651746702541	I	n149;16
312.397854141934	I	n172;21
313.2735372024965	E	n149;16
313.62692292624814	I	n172;21
315.41472492191235	E	n172;21
317.5210572000255	L	n183;22
