TIME	EVENT	NODES
94.98550018621931	O	n199
108.37576250505025	E	n199;1
