TIME	EVENT	NODES
95.03660208701422	O	n156
98.27430524738351	E	n156;1
