TIME	EVENT	NODES
95.03897743328872	O	n169
96.38869605263396	I	n169;1
96.83861240646377	E	n169;1
