TIME	EVENT	NODES
95.07756995461241	O	n165
98.4187588296697	E	n165;1
