TIME	EVENT	NODES
95.09141727574888	O	n199
108.37576250505025	E	n199;1
