TIME	EVENT	NODES
95.10428477640843	O	n150
103.24789987789956	E	n150;1
