TIME	EVENT	NODES
95.14594838903922	O	n186
106.84486426192589	E	n186;1
