TIME	EVENT	NODES
95.17497603975691	O	n169
96.83861240646377	E	n169;1
