TIME	EVENT	NODES
118.12032471556304	O	n140
123.81931590894636	E	n140;1
