TIME	EVENT	NODES
95.19190063614175	O	n194
98.53344519810094	E	n194;1
