TIME	EVENT	NODES
118.17981056005144	O	n152
133.98837576070537	E	n152;1
