TIME	EVENT	NODES
95.1936230511125	O	n153
97.54651094079489	I	n153;1
99.93601540586282	I	n153;1
103.45130676912834	I	n153;1
118.04279583462119	I	n153;1
122.20096298192965	F	n153;1
