TIME	EVENT	NODES
118.18407833304339	O	n157
118.87864221454024	E	n157;1
