TIME	EVENT	NODES
95.20289211114542	O	n193
97.56005289654414	E	n193;1
