TIME	EVENT	NODES
118.20112999444908	O	n150
130.06248543332637	E	n150;1
