TIME	EVENT	NODES
118.2232550468785	O	n132
120.93492720218666	E	n132;1
