TIME	EVENT	NODES
187.33558975329305	O	n57
199.3404950915714	E	n57;1
