TIME	EVENT	NODES
95.2056852778038	O	n200
96.44290819147221	S	n200;1;n211;2;n212;3
101.51446341153029	E	n212;3
102.98341176200759	E	n211;2
