TIME	EVENT	NODES
118.28304898598648	O	n168
137.44428209975396	F	n168;1
