TIME	EVENT	NODES
187.3799250149594	O	n55
199.36503648538334	I	n55;1
235.5334154905684	C	n55;1
238.066136604651	E	n55;1
