TIME	EVENT	NODES
187.38951447379344	O	n55
190.7703124543247	I	n55;1
202.5536794830247	I	n55;1
238.066136604651	E	n55;1
