TIME	EVENT	NODES
95.23156839215756	O	n189
102.58874847283909	E	n189;1
