TIME	EVENT	NODES
187.38963641234025	O	n46
187.68489901940544	E	n46;1
