TIME	EVENT	NODES
118.33966350278521	O	n161
137.44428209975396	F	n161;1
