TIME	EVENT	NODES
95.24207998030491	O	n205
105.65481828580535	I	n205;1
113.30666635230561	C	n205;1
115.41781698502454	I	n205;1
122.20096298192965	F	n205;1
