TIME	EVENT	NODES
187.4348045314965	O	n44
189.4429084824666	S	n44;1;n63;2;n64;3
217.10122037003637	S	n63;2;n87;4;n88;5
223.35820643274639	C	n88;5
224.42074098395472	S	n87;4;n93;6;n94;7
232.2598634713699	E	n94;7
232.8439288366906	E	n88;5
238.28102294197072	C	n93;6
248.88117897606477	E	n64;3
253.54691924446132	I	n93;6
263.1946935408616	S	n93;6;n157;8;n158;9
271.0359830191678	S	n158;9;n165;10;n166;11
281.86281336619095	S	n157;8;n181;12;n182;13
282.20880375385656	L	n166;11
295.1536247523355	C	n165;10
296.3991420273424	I	n165;10
297.3759122122873	E	n182;13
300.66408360617874	S	n165;10;n217;14;n218;15
301.39480262224913	S	n217;14;n219;16;n220;17
309.22719658015154	E	n220;17
313.82634631436014	D	n218;15;n218;18;n218;19
322.23550031039156	S	n219;16;n243;20;n244;21
326.9191915703628	E	n181;12
327.1046107185982	E	n218;18
327.1046107185982	E	n218;19
336.27194991669535	S	n243;20;n265;22;n266;23
337.9466629699342	E	n266;23
357.83898267386695	E	n265;22
368.33285918754166	F	n244;21
