TIME	EVENT	NODES
118.39756951819305	O	n150
130.06248543332637	E	n150;1
