TIME	EVENT	NODES
95.2785966614668	O	n187
95.32788810343277	E	n187;1
