TIME	EVENT	NODES
187.73168843484783	O	n58
195.81562732113593	E	n58;1
