TIME	EVENT	NODES
118.51979507081342	O	n148
137.44428209975396	F	n148;1
