TIME	EVENT	NODES
187.79944252499655	O	n60
197.574740969038	S	n60;1;n71;2;n72;3
224.87883338170167	E	n71;2
254.31869674795763	S	n72;3;n137;4;n138;5
262.48313050699846	S	n137;4;n155;6;n156;7
268.08312347105647	S	n138;5;n163;8;n164;9
269.21736999436985	T	n163;8;n163;10;n136;11
269.9568136455443	E	n136;11
277.3019371685751	I	n164;9
277.8106349986983	E	n163;10
279.3689247604448	E	n164;9
280.9346084359787	E	n156;7
302.77518792485097	S	n155;6;n221;12;n222;13
314.3193370741534	E	n222;13
368.33285918754166	F	n221;12
