TIME	EVENT	NODES
95.33687856884356	O	n186
106.84486426192589	E	n186;1
