TIME	EVENT	NODES
118.53508226954915	O	n150
130.06248543332637	E	n150;1
