TIME	EVENT	NODES
187.87806091794303	O	n57
199.3404950915714	E	n57;1
