TIME	EVENT	NODES
118.54075867873415	O	n151
128.73131702604869	E	n151;1
