TIME	EVENT	NODES
95.37043255790502	O	n156
98.27430524738351	E	n156;1
