TIME	EVENT	NODES
95.37659441113037	O	n142
95.88882958395828	L	n142;1
