TIME	EVENT	NODES
95.39585605778677	O	n208
95.88865744478659	S	n208;1;n209;2;n210;3
98.05177697927205	S	n210;3;n217;4;n218;5
100.26378681329363	S	n209;2;n225;6;n226;7
100.5630979072517	E	n217;4
101.60903881869525	I	n218;5
101.88364993433952	S	n225;6;n233;8;n234;9
102.50665066787323	S	n233;8;n239;10;n240;11
105.08516851024707	T	n240;11;n240;12;n184;13
105.53784601725131	S	n239;10;n247;14;n248;15
106.00897419475767	E	n240;12
106.76847042739723	E	n226;7
106.8374852804199	S	n248;15;n251;16;n252;17
107.27663477102	S	n251;16;n257;18;n258;19
107.41703737897967	E	n218;5
107.53070438542849	S	n247;14;n261;20;n262;21
109.10825351651116	S	n252;17;n269;22;n270;23
109.19341537978787	S	n258;19;n271;24;n272;25
110.1458391327182	S	n271;24;n281;26;n282;27
110.59821760248624	S	n262;21;n285;28;n286;29
111.03753699902806	E	n234;9
111.10609646968076	E	n285;28
111.80098211610584	E	n269;22
112.47100851439468	E	n270;23
114.18324510306947	S	n184;13;n303;30;n304;31
115.29971570919966	E	n257;18
115.65239317601123	E	n272;25
116.08793483144474	E	n282;27
116.45204155339697	E	n261;20
119.30590668260064	E	n303;30
119.93146279771446	S	n304;31;n339;32;n340;33
120.96164925685498	E	n286;29
121.85255750893415	S	n339;32;n357;34;n358;35
122.20096298192965	F	n357;34
122.20096298192965	F	n358;35
122.20096298192965	F	n340;33
122.20096298192965	F	n281;26
