TIME	EVENT	NODES
118.5953841978934	O	n173
120.90134015260391	E	n173;1
