TIME	EVENT	NODES
118.61718439482316	O	n152
133.98837576070537	E	n152;1
