TIME	EVENT	NODES
118.65571227281025	O	n167
119.15759873212343	E	n167;1
