TIME	EVENT	NODES
95.48311866076871	O	n149
98.6227177030625	S	n149;1;n221;2;n222;3
106.92161422948067	E	n221;2
122.20096298192965	F	n222;3
