TIME	EVENT	NODES
118.73068978074019	O	n152
133.98837576070537	E	n152;1
