TIME	EVENT	NODES
95.48856040603867	O	n204
98.32698127730475	E	n204;1
