TIME	EVENT	NODES
95.49794200354037	O	n197
100.23801031248802	E	n197;1
