TIME	EVENT	NODES
188.31308628818212	O	n57
199.3404950915714	E	n57;1
