TIME	EVENT	NODES
118.79572692750936	O	n160
123.03330243667175	E	n160;1
