TIME	EVENT	NODES
118.81722470305694	O	n150
130.06248543332637	E	n150;1
