TIME	EVENT	NODES
95.52311037605332	O	n165
98.4187588296697	E	n165;1
