TIME	EVENT	NODES
95.55793949057599	O	n145
97.39967128992377	E	n145;1
