TIME	EVENT	NODES
119.07054941557932	O	n161
131.74335309812753	I	n161;1
131.8678833603789	I	n161;1
137.44428209975396	F	n161;1
