TIME	EVENT	NODES
95.66927967273958	O	n194
98.53344519810094	E	n194;1
