TIME	EVENT	NODES
188.82829684952466	O	n57
199.3404950915714	E	n57;1
