TIME	EVENT	NODES
119.17237974187866	O	n170
137.44428209975396	F	n170;1
