TIME	EVENT	NODES
189.03812767253575	O	n57
199.3404950915714	E	n57;1
