TIME	EVENT	NODES
95.7855191283295	O	n171
100.61091691856613	E	n171;1
