TIME	EVENT	NODES
95.80427954295757	O	n166
101.83274108164306	S	n166;1;n231;2;n232;3
101.908053772782	E	n231;2
105.3897705314984	S	n232;3;n245;4;n246;5
106.16702620943278	I	n245;4
108.09694446316306	L	n246;5
108.2409827939678	S	n245;4;n265;6;n266;7
111.91854719341158	S	n266;7;n295;8;n296;9
115.18717888916606	I	n296;9
115.36249319289614	E	n296;9
118.22271826685676	E	n265;6
122.20096298192965	F	n295;8
