TIME	EVENT	NODES
95.8075577504072	O	n145
97.39967128992377	E	n145;1
