TIME	EVENT	NODES
189.16672306688716	O	n53
206.17037891309826	I	n53;1
226.86452868796613	S	n53;1;n95;2;n96;3
233.55443944646427	S	n96;3;n105;4;n106;5
247.89276809742267	S	n106;5;n121;6;n122;7
250.48788243930719	I	n121;6
261.6291738439399	E	n121;6
262.3387194959909	L	n95;2
273.5864034493894	E	n122;7
274.57869975448364	L	n105;4
