TIME	EVENT	NODES
119.5626413449112	O	n175
136.18078583605833	E	n175;1
