TIME	EVENT	NODES
95.94960662720766	O	n205
115.24596459677788	L	n205;1
