TIME	EVENT	NODES
189.6671677733941	O	n57
189.77759555055027	T	n57;1;n57;2;n62;3
191.35598736312272	S	n62;3;n65;4;n66;5
196.74632570764513	E	n66;5
199.3404950915714	E	n57;2
210.31090980650794	T	n65;4;n65;6;n61;7
212.14935991177535	E	n65;6
221.4844260935815	S	n61;7;n89;8;n90;9
225.65937278691763	C	n90;9
226.41052774433012	C	n90;9
231.2895298785254	E	n89;8
253.83014408597768	C	n90;9
280.88338111280893	E	n90;9
