TIME	EVENT	NODES
189.6785464376693	O	n53
200.0615793719863	I	n53;1
200.94380481243803	I	n53;1
208.90144192797476	I	n53;1
226.86452868796613	S	n53;1;n95;2;n96;3
233.55443944646427	S	n96;3;n105;4;n106;5
235.66254731222156	I	n95;2
247.89276809742267	S	n106;5;n121;6;n122;7
255.42073055978145	T	n105;4;n105;8;n70;9
256.74972332501403	S	n70;9;n145;10;n146;11
261.6291738439399	E	n121;6
263.153880741028	I	n145;10
271.5541373875477	S	n95;2;n167;12;n168;13
273.5864034493894	E	n122;7
275.0960935428681	S	n146;11;n169;14;n170;15
275.8505257194636	S	n145;10;n173;16;n174;17
276.778106847264	S	n169;14;n177;18;n178;19
278.37777927242377	S	n168;13;n179;20;n180;21
278.6214938342557	E	n167;12
281.23791238251084	I	n180;21
282.56958360049487	E	n179;20
287.2898658895813	E	n105;8
287.5230643889358	I	n180;21
289.7660671719976	S	n177;18;n191;22;n192;23
290.4558569776635	I	n180;21
292.321064504694	E	n180;21
292.56408620681617	S	n191;22;n197;24;n198;25
295.7101501024865	E	n178;19
297.88510067996623	E	n197;24
305.2471914188156	I	n173;16
308.90926104571065	C	n173;16
309.21205838172443	S	n198;25;n231;26;n232;27
314.5087251124538	E	n173;16
316.27600896896894	E	n192;23
316.64521563171144	E	n174;17
317.30612004847615	S	n232;27;n239;28;n240;29
329.66967225361697	I	n231;26
335.14844581859495	S	n231;26;n259;30;n260;31
344.57358943191264	I	n259;30
348.6720819320871	E	n240;29
348.7564267084988	E	n259;30
350.81357737126075	I	n239;28
360.6147202468577	T	n239;28;n239;32;n290;33
363.0609088663266	I	n290;33
365.3354294195512	E	n260;31
365.6675909654996	S	n239;32;n327;34;n328;35
368.33285918754166	F	n327;34
368.33285918754166	F	n328;35
368.33285918754166	F	n170;15
368.33285918754166	F	n290;33
