TIME	EVENT	NODES
119.66213370963217	O	n170
137.44428209975396	F	n170;1
