TIME	EVENT	NODES
96.0266668210886	O	n155
96.36417835574501	E	n155;1
