TIME	EVENT	NODES
119.69028387790625	O	n137
120.86180345659936	C	n137;1
122.96539378764307	E	n137;1
