TIME	EVENT	NODES
119.78858603298424	O	n152
133.98837576070537	E	n152;1
