TIME	EVENT	NODES
96.09469319335093	O	n156
98.27430524738351	E	n156;1
