TIME	EVENT	NODES
190.02608027409516	O	n52
201.33279879777487	I	n52;1
221.87543153455033	L	n52;1
