TIME	EVENT	NODES
190.30996347758497	O	n58
195.81562732113593	E	n58;1
