TIME	EVENT	NODES
0	O	Root
0.0	S	Root;1;n1;2;n2;3
1.1526049188520024	S	n1;2;n3;4;n4;5
3.8082052556995087	L	n2;3
4.484958026479743	S	n3;4;n5;6;n6;7
5.070681651816388	E	n5;6
6.589106282113469	L	n4;5
7.4882344041018385	I	n6;7
18.010842820539494	S	n6;7;n9;8;n10;9
20.239990944317555	S	n9;8;n11;10;n12;11
22.321333856383625	E	n11;10
24.41824382283007	S	n12;11;n15;12;n16;13
25.86298051660454	E	n15;12
27.04655144454366	E	n16;13
29.40394670135687	S	n10;9;n19;14;n20;15
32.20030714089563	S	n20;15;n23;16;n24;17
37.63445823921123	S	n24;17;n27;18;n28;19
37.81845603596032	S	n23;16;n29;20;n30;21
39.830617844120326	E	n29;20
42.69922682492793	I	n27;18
44.23758335264503	S	n27;18;n33;22;n34;23
44.77884411935749	S	n19;14;n35;24;n36;25
45.481795147722195	S	n36;25;n37;26;n38;27
45.576041218293156	I	n37;26
46.89441621440418	E	n38;27
47.92089546134035	I	n33;22
48.19136746000216	L	n34;23
48.90709105984563	L	n33;22
50.94172198732372	S	n30;21;n41;28;n42;29
51.330879859075516	I	n28;19
52.721475191862496	L	n37;26
53.252202072939525	E	n42;29
53.380444639804644	E	n35;24
57.237712525400994	S	n28;19;n57;30;n58;31
59.719206321223666	I	n58;31
59.82100229367665	E	n41;28
60.97357901514652	E	n58;31
65.84614554953704	E	n57;30
