TIME	EVENT	NODES
96.17345975400137	O	n193
97.56005289654414	E	n193;1
