TIME	EVENT	NODES
119.8724260434928	O	n137
122.96539378764307	E	n137;1
