TIME	EVENT	NODES
96.18844658354624	O	n153
113.22213351254028	L	n153;1
