TIME	EVENT	NODES
96.23270141989327	O	n210
98.05177697927205	S	n210;1;n217;2;n218;3
100.5630979072517	E	n217;2
107.41703737897967	E	n218;3
