TIME	EVENT	NODES
190.60470987068192	O	n29
216.31864324065236	I	n29;1
218.57100654313598	D	n29;1;n29;2;n29;3
224.34369207996875	S	n29;2;n91;4;n92;5
224.34369207996875	S	n29;3;n91;6;n92;7
227.54637249049256	E	n91;4
227.54637249049256	E	n91;6
251.1517682979901	S	n92;5;n127;8;n128;9
251.1517682979901	S	n92;7;n127;10;n128;11
251.5390235914055	E	n128;9
251.5390235914055	E	n128;11
252.87678478256842	E	n127;8
252.87678478256842	E	n127;10
