TIME	EVENT	NODES
96.30852595809854	O	n189
102.58874847283909	E	n189;1
