TIME	EVENT	NODES
96.33480342967793	O	n186
106.84486426192589	E	n186;1
