TIME	EVENT	NODES
190.67636611519563	O	n64
202.88480769111982	C	n64;1
207.47288266683393	I	n64;1
216.09805529940127	C	n64;1
242.92925463480364	I	n64;1
247.85633220237818	I	n64;1
248.88117897606477	E	n64;1
