TIME	EVENT	NODES
120.1322552284956	O	n152
128.2107180857034	I	n152;1
132.7640778217318	I	n152;1
133.98837576070537	E	n152;1
