TIME	EVENT	NODES
96.34072732106912	O	n197
100.23801031248802	E	n197;1
