TIME	EVENT	NODES
190.7583341166974	O	n53
215.57750170224836	I	n53;1
226.86452868796613	S	n53;1;n95;2;n96;3
233.55443944646427	S	n96;3;n105;4;n106;5
246.7869303702653	D	n95;2;n95;6;n95;7
247.89276809742267	S	n106;5;n121;8;n122;9
261.6291738439399	E	n121;8
271.5541373875477	S	n95;6;n167;10;n168;11
271.5541373875477	S	n95;7;n167;12;n168;13
273.5864034493894	E	n122;9
273.81119077843687	I	n105;4
278.37777927242377	S	n168;11;n179;14;n180;15
278.37777927242377	S	n168;13;n179;16;n180;17
278.6214938342557	E	n167;10
278.6214938342557	E	n167;12
282.56958360049487	E	n179;14
282.56958360049487	E	n179;16
287.2898658895813	E	n105;4
292.321064504694	E	n180;15
292.321064504694	E	n180;17
