TIME	EVENT	NODES
96.35082264731733	O	n194
98.53344519810094	E	n194;1
