TIME	EVENT	NODES
120.15973719204916	O	n140
123.81931590894636	E	n140;1
