TIME	EVENT	NODES
120.16203852454798	O	n148
137.44428209975396	F	n148;1
