TIME	EVENT	NODES
96.39555640973266	O	n201
98.31404312539485	S	n201;1;n219;2;n220;3
100.58676847024424	S	n219;2;n227;4;n228;5
102.7247363087532	I	n228;5
105.15368373153343	S	n228;5;n243;6;n244;7
105.15937208631122	E	n227;4
106.14529429539196	S	n243;6;n249;8;n250;9
108.18097473488596	I	n250;9
108.66276235262288	L	n249;8
110.97351095202811	S	n244;7;n289;10;n290;11
112.30443866426226	I	n220;3
112.70955554260742	I	n289;10
113.88822922744914	E	n289;10
114.22092261403004	E	n290;11
119.57222340204514	I	n220;3
120.23742937336755	I	n250;9
122.20096298192965	F	n220;3
122.20096298192965	F	n250;9
