TIME	EVENT	NODES
191.03065513005959	O	n58
195.81562732113593	E	n58;1
