TIME	EVENT	NODES
120.17965275191214	O	n140
123.81931590894636	E	n140;1
