TIME	EVENT	NODES
191.05051814152142	O	n55
238.066136604651	E	n55;1
