TIME	EVENT	NODES
120.27299802902671	O	n164
120.76078747720435	S	n164;1;n179;2;n180;3
124.3711312004714	E	n179;2
126.7918523131126	S	n180;3;n209;4;n210;5
128.88476980070567	I	n209;4
134.11183794022722	S	n209;4;n249;6;n250;7
137.4181928277078	S	n250;7;n279;8;n280;9
137.44428209975396	F	n279;8
137.44428209975396	F	n210;5
137.44428209975396	F	n280;9
137.44428209975396	F	n249;6
