TIME	EVENT	NODES
96.50186364443033	O	n177
104.96011302358664	L	n177;1
