TIME	EVENT	NODES
96.50334760023291	O	n186
98.08108150334114	I	n186;1
103.32361656438191	C	n186;1
106.84486426192589	E	n186;1
