TIME	EVENT	NODES
120.29272386706472	O	n152
131.42521693842983	I	n152;1
133.98837576070537	E	n152;1
