TIME	EVENT	NODES
96.51059265792105	O	n190
96.77409377030416	E	n190;1
