TIME	EVENT	NODES
96.51647350762673	O	n186
106.84486426192589	E	n186;1
