TIME	EVENT	NODES
191.27226790518984	O	n64
191.72205428183025	I	n64;1
239.86727305693236	D	n64;1;n64;2;n64;3
248.88117897606477	E	n64;2
248.88117897606477	E	n64;3
