TIME	EVENT	NODES
120.31541424469515	O	n168
125.50942650053159	L	n168;1
