TIME	EVENT	NODES
191.34130159143774	O	n53
226.86452868796613	S	n53;1;n95;2;n96;3
233.55443944646427	S	n96;3;n105;4;n106;5
241.2089014512316	C	n106;5
245.08075496226584	I	n95;2
247.89276809742267	S	n106;5;n121;6;n122;7
254.006276888881	L	n95;2
257.3979424849773	L	n122;7
259.9991212613979	I	n121;6
261.6291738439399	E	n121;6
272.37063258131434	I	n105;4
287.2898658895813	E	n105;4
