TIME	EVENT	NODES
96.5353464578921	O	n204
98.32698127730475	E	n204;1
