TIME	EVENT	NODES
120.4154159412766	O	n142
124.5905122702458	I	n142;1
129.97651367823465	S	n142;1;n221;2;n222;3
130.79527631442593	E	n222;3
137.44428209975396	F	n221;2
