TIME	EVENT	NODES
191.53522189177878	O	n55
204.88264055534574	I	n55;1
218.76662491558847	I	n55;1
238.066136604651	E	n55;1
