TIME	EVENT	NODES
96.59089755802232	O	n167
102.48521947160668	S	n167;1;n237;2;n238;3
110.61259856831502	S	n237;2;n287;4;n288;5
114.28609021550001	C	n288;5
116.4438118421558	E	n287;4
119.56205991972432	I	n288;5
122.20096298192965	F	n288;5
122.20096298192965	F	n238;3
