TIME	EVENT	NODES
191.71660495753912	O	n59
230.42801662229306	C	n59;1
251.91737397158224	S	n59;1;n131;2;n132;3
264.256074713361	S	n131;2;n159;4;n160;5
279.3554859952753	I	n159;4
280.07171418241063	T	n160;5;n160;6;n179;7
282.56958360049487	E	n179;7
283.003644560383	E	n160;6
288.5496408940298	S	n132;3;n189;8;n190;9
297.2325938618031	S	n190;9;n211;10;n212;11
306.18779637717876	E	n189;8
316.82688253247335	I	n159;4
323.451126983794	S	n211;10;n247;12;n248;13
325.3357706177903	I	n247;12
326.9299560409181	S	n248;13;n249;14;n250;15
328.2146319613769	S	n159;4;n253;16;n254;17
334.6372609915265	I	n254;17
334.64198406508626	S	n249;14;n255;18;n256;19
334.7541284059964	I	n256;19
335.92113620132585	S	n254;17;n263;20;n264;21
338.51097831531484	S	n247;12;n269;22;n270;23
339.658731161582	S	n264;21;n271;24;n272;25
343.5449131705816	I	n253;16
345.71198993976384	E	n253;16
349.71198621842126	I	n250;15
351.3681074054671	E	n270;23
351.37042779145395	E	n255;18
351.82911819364017	I	n269;22
356.5243775902817	S	n250;15;n303;26;n304;27
359.43466135079467	S	n269;22;n307;28;n308;29
359.71700471802296	T	n303;26;n303;30;n297;31
359.97367970800116	T	n263;20;n263;32;n234;33
361.7971077523211	S	n272;25;n309;34;n310;35
364.14479088522387	E	n212;11
364.39265661618424	S	n310;35;n317;36;n318;37
364.49514583717956	S	n304;27;n319;38;n320;39
365.0168302374957	S	n256;19;n323;40;n324;41
365.0417268907298	E	n263;32
365.9406802548836	S	n318;37;n329;42;n330;43
368.1525611161385	S	n324;41;n331;44;n332;45
368.33285918754166	F	n330;43
368.33285918754166	F	n307;28
368.33285918754166	F	n329;42
368.33285918754166	F	n303;30
368.33285918754166	F	n271;24
368.33285918754166	F	n308;29
368.33285918754166	F	n331;44
368.33285918754166	F	n323;40
368.33285918754166	F	n234;33
368.33285918754166	F	n320;39
368.33285918754166	F	n332;45
368.33285918754166	F	n317;36
368.33285918754166	F	n297;31
368.33285918754166	F	n309;34
368.33285918754166	F	n319;38
