TIME	EVENT	NODES
120.611358887299	O	n160
123.03330243667175	E	n160;1
