TIME	EVENT	NODES
191.78222258384577	O	n58
195.81562732113593	E	n58;1
