TIME	EVENT	NODES
120.68070242912626	O	n168
137.44428209975396	F	n168;1
