TIME	EVENT	NODES
191.80876858208333	O	n52
208.49154118101123	I	n52;1
227.7086322008703	S	n52;1;n97;2;n98;3
249.03530572249304	S	n97;2;n123;4;n124;5
254.59397657947247	S	n123;4;n139;6;n140;7
255.08922900163986	E	n139;6
256.64231642783636	I	n98;3
258.8150958922131	S	n124;5;n149;8;n150;9
270.3484425852265	I	n150;9
273.1422561391772	I	n98;3
275.2928614199922	I	n140;7
275.3394929136777	E	n140;7
285.4694107373424	I	n98;3
289.16687618832964	I	n149;8
290.53499256263467	T	n150;9;n150;10;n188;11
291.4592829737655	I	n149;8
293.1267483817216	S	n188;11;n199;12;n200;13
293.4401227103343	E	n150;10
293.90973519565694	S	n199;12;n203;14;n204;15
294.07914662793326	E	n200;13
297.82959460464184	E	n98;3
302.67345615312456	I	n149;8
305.8053411110323	S	n204;15;n227;16;n228;17
313.2735372024965	E	n149;8
314.0104779853529	S	n227;16;n237;18;n238;19
317.76673222353855	I	n237;18
318.9566040063278	S	n203;14;n241;20;n242;21
327.41600846376133	C	n237;18
328.88191144632793	C	n241;20
335.6967060113735	S	n241;20;n261;22;n262;23
338.32415209287524	I	n237;18
339.96246034945096	S	n237;18;n273;24;n274;25
342.3523845263514	S	n228;17;n281;26;n282;27
343.7359763377961	I	n262;23
350.53960376877336	S	n262;23;n293;28;n294;29
352.41942553312384	I	n282;27
353.8774299414704	I	n273;24
355.7899662740194	E	n274;25
356.40752609609893	I	n293;28
359.16454116420584	E	n261;22
363.5770629836266	I	n294;29
365.43190125744275	S	n273;24;n325;30;n326;31
365.9164557631864	C	n293;28
368.33285918754166	F	n293;28
368.33285918754166	F	n242;21
368.33285918754166	F	n282;27
368.33285918754166	F	n325;30
368.33285918754166	F	n281;26
368.33285918754166	F	n326;31
368.33285918754166	F	n294;29
368.33285918754166	F	n238;19
