TIME	EVENT	NODES
96.6821847992962	O	n199
101.27152557929787	I	n199;1
108.37576250505025	E	n199;1
