TIME	EVENT	NODES
120.73435200982436	O	n153
121.75663925884848	S	n153;1;n185;2;n186;3
127.06248885693932	I	n185;2
132.97487296848038	E	n186;3
137.0458374849151	I	n185;2
137.44428209975396	F	n185;2
