TIME	EVENT	NODES
96.74387112184398	O	n212
101.51446341153029	E	n212;1
