TIME	EVENT	NODES
120.77488435343956	O	n153
121.75663925884848	S	n153;1;n185;2;n186;3
132.97487296848038	E	n186;3
137.44428209975396	F	n185;2
