TIME	EVENT	NODES
120.83869795432332	O	n161
137.44428209975396	F	n161;1
