TIME	EVENT	NODES
0	O	Root
0.0	S	Root;1;n1;2;n2;3
3.2265121368497676	S	n2;3;n3;4;n4;5
6.0891450189117755	S	n4;5;n5;6;n6;7
12.049627919615546	E	n1;2
22.209503324279204	I	n5;6
22.671256964769338	L	n3;4
38.741273349762864	I	n6;7
41.7308661144652	E	n6;7
65.79458869924449	S	n5;6;n11;8;n12;9
72.3989957087772	C	n11;8
72.64329710395097	I	n11;8
78.67196232775571	E	n11;8
78.95696870642018	I	n12;9
80.59920766624008	E	n12;9
