TIME	EVENT	NODES
96.8655298252159	O	n165
98.4187588296697	E	n165;1
