TIME	EVENT	NODES
96.88917898744546	O	n172
106.02298060458065	E	n172;1
