TIME	EVENT	NODES
96.89479697648103	O	n172
106.02298060458065	E	n172;1
