TIME	EVENT	NODES
120.94536843430299	O	n152
133.98837576070537	E	n152;1
