TIME	EVENT	NODES
96.89671081694706	O	n156
98.27430524738351	E	n156;1
