TIME	EVENT	NODES
96.9448660172562	O	n211
102.98341176200759	E	n211;1
