TIME	EVENT	NODES
96.98057347607168	O	n153
121.22611197094794	I	n153;1
122.20096298192965	F	n153;1
