TIME	EVENT	NODES
121.22264125418687	O	n151
125.0445091122361	I	n151;1
128.73131702604869	E	n151;1
