TIME	EVENT	NODES
121.2507117070993	O	n165
129.74968401068193	L	n165;1
