TIME	EVENT	NODES
192.63825385444017	O	n65
212.14935991177535	E	n65;1
