TIME	EVENT	NODES
96.98709276314	O	n171
100.61091691856613	E	n171;1
