TIME	EVENT	NODES
121.3323439253145	O	n151
128.73131702604869	E	n151;1
