TIME	EVENT	NODES
121.36192531120294	O	n151
128.73131702604869	E	n151;1
