TIME	EVENT	NODES
97.08565582840149	O	n171
100.61091691856613	E	n171;1
