TIME	EVENT	NODES
121.4247365131777	O	n178
130.79101329780838	C	n178;1
131.12736847383428	E	n178;1
