TIME	EVENT	NODES
97.11600205288462	O	n193
97.56005289654414	E	n193;1
