TIME	EVENT	NODES
97.12020333550353	O	n184
114.18324510306947	S	n184;1;n303;2;n304;3
119.30590668260064	E	n303;2
119.93146279771446	S	n304;3;n339;4;n340;5
120.55168350407747	T	n339;4;n339;6;n345;7
121.85255750893415	S	n339;6;n357;8;n358;9
122.20096298192965	F	n357;8
122.20096298192965	F	n345;7
122.20096298192965	F	n358;9
122.20096298192965	F	n340;5
