TIME	EVENT	NODES
121.48450890669233	O	n151
128.73131702604869	E	n151;1
