TIME	EVENT	NODES
97.15218097172917	O	n189
101.485617063791	I	n189;1
102.58874847283909	E	n189;1
