TIME	EVENT	NODES
192.8719809040703	O	n64
203.4641929161761	L	n64;1
