TIME	EVENT	NODES
97.27328652794843	O	n193
97.56005289654414	E	n193;1
