TIME	EVENT	NODES
121.54609927913495	O	n178
131.12736847383428	E	n178;1
