TIME	EVENT	NODES
192.93496368529182	O	n55
206.56058609585654	I	n55;1
222.66089238721065	I	n55;1
238.066136604651	E	n55;1
