TIME	EVENT	NODES
97.32587508899375	O	n156
98.27430524738351	E	n156;1
