TIME	EVENT	NODES
97.3305322203376	O	n199
108.37576250505025	E	n199;1
