TIME	EVENT	NODES
121.6149086361116	O	n176
123.55201077379355	L	n176;1
