TIME	EVENT	NODES
121.63499149409353	O	n178
131.12736847383428	E	n178;1
