TIME	EVENT	NODES
121.63555934559946	O	n150
121.72974446492312	I	n150;1
130.06248543332637	E	n150;1
