TIME	EVENT	NODES
97.3986417544526	O	n204
98.32698127730475	E	n204;1
