TIME	EVENT	NODES
97.46484904530857	O	n205
100.70221042110592	I	n205;1
122.20096298192965	F	n205;1
