TIME	EVENT	NODES
121.69101380196511	O	n140
123.81931590894636	E	n140;1
