TIME	EVENT	NODES
97.46894403904935	O	n198
109.47008522870891	I	n198;1
110.38736452343699	E	n198;1
