TIME	EVENT	NODES
121.69736212804102	O	n161
137.44428209975396	F	n161;1
