TIME	EVENT	NODES
121.71670478819664	O	n148
137.44428209975396	F	n148;1
