TIME	EVENT	NODES
97.47303500489933	O	n125
104.97507290190907	I	n125;1
122.20096298192965	F	n125;1
