TIME	EVENT	NODES
121.72405965415916	O	n161
137.44428209975396	F	n161;1
