TIME	EVENT	NODES
121.73739465801684	O	n150
130.06248543332637	E	n150;1
