TIME	EVENT	NODES
97.52532940214805	O	n149
98.6227177030625	S	n149;1;n221;2;n222;3
106.32540602207524	I	n222;3
106.92161422948067	E	n221;2
122.20096298192965	F	n222;3
