TIME	EVENT	NODES
193.34189788614472	O	n64
248.88117897606477	E	n64;1
