TIME	EVENT	NODES
97.52925723335657	O	n142
103.1465928539085	S	n142;1;n241;2;n242;3
103.88515748222164	T	n241;2;n241;4;n186;5
104.39354497663153	E	n241;4
106.84486426192589	E	n186;5
122.20096298192965	F	n242;3
