TIME	EVENT	NODES
97.52963773026039	O	n198
110.38736452343699	E	n198;1
