TIME	EVENT	NODES
97.53811500024935	O	n199
108.37576250505025	E	n199;1
