TIME	EVENT	NODES
97.53922739883285	O	n186
106.84486426192589	E	n186;1
