TIME	EVENT	NODES
97.57055226950725	O	n189
102.58874847283909	E	n189;1
