TIME	EVENT	NODES
121.90092979106718	O	n181
122.33159201510603	S	n181;1;n189;2;n190;3
124.27853235276899	S	n189;2;n195;4;n196;5
129.9551407662016	S	n190;3;n219;6;n220;7
131.05102661768325	S	n220;7;n227;8;n228;9
131.58558979265632	S	n228;9;n231;10;n232;11
132.87444693546212	I	n227;8
133.2920000968473	S	n232;11;n243;12;n244;13
133.7496404730826	S	n219;6;n247;14;n248;15
134.4393152643855	S	n244;13;n253;16;n254;17
135.55934214570183	E	n227;8
135.72829461091368	S	n253;16;n261;18;n262;19
137.44428209975396	F	n247;14
137.44428209975396	F	n243;12
137.44428209975396	F	n195;4
137.44428209975396	F	n254;17
137.44428209975396	F	n261;18
137.44428209975396	F	n262;19
137.44428209975396	F	n248;15
137.44428209975396	F	n196;5
137.44428209975396	F	n231;10
