TIME	EVENT	NODES
193.858098122124	O	n68
201.80747129572504	I	n68;1
226.13808538910808	I	n68;1
227.74447505539555	S	n68;1;n99;2;n100;3
227.79180205667913	E	n99;2
233.19159365386054	I	n100;3
240.6015620950032	S	n100;3;n113;4;n114;5
241.19100790047366	I	n113;4
260.0079447944091	E	n114;5
276.06674945851347	E	n113;4
