TIME	EVENT	NODES
97.64775420917388	O	n211
99.57708426251754	T	n211;1;n211;2;n163;3
102.98341176200759	E	n211;2
114.41278485366259	S	n163;3;n305;4;n306;5
116.21886583000833	L	n306;5
117.55976959410187	I	n305;4
122.20096298192965	F	n305;4
