TIME	EVENT	NODES
121.99598628105254	O	n140
123.81931590894636	E	n140;1
