TIME	EVENT	NODES
97.66690243792756	O	n199
106.13425337780774	T	n199;1;n199;2;n238;3
108.37576250505025	E	n199;2
118.86445045948525	I	n238;3
122.20096298192965	F	n238;3
