TIME	EVENT	NODES
97.66729117118675	O	n205
99.32222958212895	I	n205;1
122.20096298192965	F	n205;1
