TIME	EVENT	NODES
122.04025218319534	O	n180
126.2822800606348	L	n180;1
