TIME	EVENT	NODES
97.68785450810758	O	n198
110.38736452343699	E	n198;1
