TIME	EVENT	NODES
194.1762226203397	O	n66
196.74632570764513	E	n66;1
