TIME	EVENT	NODES
122.11905708828789	O	n137
122.96539378764307	E	n137;1
