TIME	EVENT	NODES
97.70911818752072	O	n172
99.35931984912186	I	n172;1
105.66265973493398	I	n172;1
106.02298060458065	E	n172;1
