TIME	EVENT	NODES
97.71155804899678	O	n150
103.24789987789956	E	n150;1
