TIME	EVENT	NODES
122.1252406037581	O	n179
124.3711312004714	E	n179;1
