TIME	EVENT	NODES
97.72704486340758	O	n184
104.61176762947935	T	n184;1;n184;2;n191;3
107.34916340025805	S	n191;3;n259;4;n260;5
110.06704747044637	L	n184;2
111.62809666568839	S	n260;5;n293;6;n294;7
112.32158139645087	S	n259;4;n299;8;n300;9
114.418033427831	S	n293;6;n307;10;n308;11
114.716632109647	S	n308;11;n311;12;n312;13
115.60507045488139	S	n307;10;n317;14;n318;15
119.1280951803673	I	n318;15
119.5417768978418	E	n299;8
120.53125479329535	S	n317;14;n347;16;n348;17
121.8287853204813	S	n348;17;n355;18;n356;19
122.20096298192965	F	n355;18
122.20096298192965	F	n294;7
122.20096298192965	F	n318;15
122.20096298192965	F	n347;16
122.20096298192965	F	n300;9
122.20096298192965	F	n356;19
122.20096298192965	F	n312;13
122.20096298192965	F	n311;12
