TIME	EVENT	NODES
122.13121603934931	O	n160
123.03330243667175	E	n160;1
