TIME	EVENT	NODES
122.21164384025029	O	n150
130.06248543332637	E	n150;1
