TIME	EVENT	NODES
194.60815633271517	O	n53
208.7329932684259	I	n53;1
226.86452868796613	S	n53;1;n95;2;n96;3
233.55443944646427	S	n96;3;n105;4;n106;5
245.11158799498304	I	n106;5
247.89276809742267	S	n106;5;n121;6;n122;7
253.21855422173078	I	n95;2
254.4218403376494	I	n121;6
261.6291738439399	E	n121;6
263.33913961500696	I	n105;4
265.6255648462661	I	n122;7
267.40743961506746	I	n105;4
270.8713022649682	I	n105;4
271.5541373875477	S	n95;2;n167;8;n168;9
271.5695817841202	I	n105;4
273.5864034493894	E	n122;7
278.37777927242377	S	n168;9;n179;10;n180;11
278.6214938342557	E	n167;8
282.56958360049487	E	n179;10
285.41470791512063	L	n105;4
292.321064504694	E	n180;11
