TIME	EVENT	NODES
97.80752563145549	O	n125
122.20096298192965	F	n125;1
