TIME	EVENT	NODES
97.91013255482142	O	n199
108.37576250505025	E	n199;1
