TIME	EVENT	NODES
122.38997154737794	O	n183
132.5078781716013	S	n183;1;n237;2;n238;3
132.9635961476522	I	n237;2
137.44428209975396	F	n238;3
137.44428209975396	F	n237;2
