TIME	EVENT	NODES
194.7206491028567	O	n60
197.574740969038	S	n60;1;n71;2;n72;3
224.87883338170167	E	n71;2
227.7581298472535	I	n72;3
235.28145620627836	I	n72;3
245.46850352403365	I	n72;3
254.31869674795763	S	n72;3;n137;4;n138;5
261.96412160051585	I	n137;4
262.48313050699846	S	n137;4;n155;6;n156;7
268.08312347105647	S	n138;5;n163;8;n164;9
275.2286022741571	I	n164;9
277.8106349986983	E	n163;8
279.3689247604448	E	n164;9
280.9346084359787	E	n156;7
288.4017530528393	I	n155;6
302.77518792485097	S	n155;6;n221;10;n222;11
302.93568366417213	I	n221;10
314.3193370741534	E	n222;11
328.4792482159184	I	n221;10
352.9704352024687	I	n221;10
355.79958574259945	I	n221;10
368.33285918754166	F	n221;10
