TIME	EVENT	NODES
97.93560560589502	O	n153
122.20096298192965	F	n153;1
