TIME	EVENT	NODES
194.73075800547136	O	n60
197.574740969038	S	n60;1;n71;2;n72;3
198.21854913250345	L	n71;2
254.31869674795763	S	n72;3;n137;4;n138;5
262.48313050699846	S	n137;4;n155;6;n156;7
268.08312347105647	S	n138;5;n163;8;n164;9
276.67741255602084	I	n163;8
277.8106349986983	E	n163;8
279.3689247604448	E	n164;9
280.9346084359787	E	n156;7
302.77518792485097	S	n155;6;n221;10;n222;11
314.3193370741534	E	n222;11
318.2756335606385	I	n221;10
339.43699617621974	T	n221;10;n221;12;n205;13
353.9504502431209	I	n205;13
363.2658265490463	I	n205;13
363.72092949357767	S	n205;13;n313;14;n314;15
365.1463774220125	D	n314;15;n314;16;n314;17
368.04900617006393	I	n313;14
368.33285918754166	F	n314;16
368.33285918754166	F	n314;17
368.33285918754166	F	n221;12
368.33285918754166	F	n313;14
