TIME	EVENT	NODES
122.4071926564033	O	n161
137.44428209975396	F	n161;1
