TIME	EVENT	NODES
98.00934562779375	O	n186
106.84486426192589	E	n186;1
