TIME	EVENT	NODES
122.44813669288342	O	n137
122.96539378764307	E	n137;1
