TIME	EVENT	NODES
194.7812926700452	O	n59
251.91737397158224	S	n59;1;n131;2;n132;3
264.256074713361	S	n131;2;n159;4;n160;5
279.3554859952753	I	n159;4
283.003644560383	E	n160;5
288.5496408940298	S	n132;3;n189;6;n190;7
297.2325938618031	S	n190;7;n211;8;n212;9
306.18779637717876	E	n189;6
320.95715525056033	I	n159;4
323.451126983794	S	n211;8;n247;10;n248;11
325.3357706177903	I	n247;10
326.9299560409181	S	n248;11;n249;12;n250;13
328.2146319613769	S	n159;4;n253;14;n254;15
334.64198406508626	S	n249;12;n255;16;n256;17
334.7541284059964	I	n256;17
335.92113620132585	S	n254;15;n263;18;n264;19
337.8799610947255	T	n250;13;n250;20;n239;21
338.51097831531484	S	n247;10;n269;22;n270;23
339.658731161582	S	n264;19;n271;24;n272;25
342.5079525425039	I	n239;21
343.52529104645305	L	n253;14
349.71198621842126	I	n250;20
351.3681074054671	E	n270;23
351.37042779145395	E	n255;16
351.82911819364017	I	n269;22
352.75030345886904	I	n263;18
356.5207098522235	D	n250;20;n250;26;n250;27
356.5243775902817	S	n250;26;n303;28;n304;29
356.5243775902817	S	n250;27;n303;30;n304;31
357.8623360974837	I	n304;29
357.8623360974837	I	n304;31
359.43466135079467	S	n269;22;n307;32;n308;33
360.3057096381044	C	n239;21
361.0682509782428	I	n272;25
361.7971077523211	S	n272;25;n309;34;n310;35
364.14479088522387	E	n212;9
364.39265661618424	S	n310;35;n317;36;n318;37
364.49514583717956	S	n304;31;n319;38;n320;39
364.49514583717956	S	n304;29;n319;40;n320;41
364.592919463077	C	n309;34
365.0168302374957	S	n256;17;n323;42;n324;43
365.0417268907298	E	n263;18
365.6675909654996	S	n239;21;n327;44;n328;45
365.9406802548836	S	n318;37;n329;46;n330;47
367.67901882241983	C	n319;40
368.1525611161385	S	n324;43;n331;48;n332;49
368.33285918754166	F	n330;47
368.33285918754166	F	n307;32
368.33285918754166	F	n329;46
368.33285918754166	F	n303;28
368.33285918754166	F	n303;30
368.33285918754166	F	n271;24
368.33285918754166	F	n308;33
368.33285918754166	F	n331;48
368.33285918754166	F	n327;44
368.33285918754166	F	n323;42
368.33285918754166	F	n328;45
368.33285918754166	F	n320;39
368.33285918754166	F	n320;41
368.33285918754166	F	n332;49
368.33285918754166	F	n317;36
368.33285918754166	F	n309;34
368.33285918754166	F	n319;40
368.33285918754166	F	n319;38
