TIME	EVENT	NODES
98.06622428549898	O	n217
100.5630979072517	E	n217;1
