TIME	EVENT	NODES
122.48571138400403	O	n186
132.97487296848038	E	n186;1
