TIME	EVENT	NODES
122.50899689088183	O	n152
126.80376346555376	I	n152;1
133.98837576070537	E	n152;1
