TIME	EVENT	NODES
194.91637500865434	O	n58
195.81562732113593	E	n58;1
