TIME	EVENT	NODES
122.51766309255311	O	n184
123.4576512951491	E	n184;1
