TIME	EVENT	NODES
195.03020987962913	O	n59
198.78740033853788	I	n59;1
203.0577391272367	L	n59;1
