TIME	EVENT	NODES
122.54121159436022	O	n140
123.81931590894636	E	n140;1
