TIME	EVENT	NODES
98.24092153917438	O	n186
106.84486426192589	E	n186;1
