TIME	EVENT	NODES
98.2691038212292	O	n171
100.61091691856613	E	n171;1
