TIME	EVENT	NODES
98.29613836079966	O	n197
100.23801031248802	E	n197;1
