TIME	EVENT	NODES
98.33973546786993	O	n167
101.58159469995762	I	n167;1
102.48521947160668	S	n167;1;n237;2;n238;3
110.61259856831502	S	n237;2;n287;4;n288;5
111.052919922652	L	n288;5
113.38143869635107	I	n238;3
116.4438118421558	E	n287;4
122.20096298192965	F	n238;3
