TIME	EVENT	NODES
195.36823013932826	O	n58
195.81562732113593	E	n58;1
