TIME	EVENT	NODES
195.37315122738167	O	n65
212.14935991177535	E	n65;1
