TIME	EVENT	NODES
98.41392487809134	O	n216
100.82079643843899	S	n216;1;n229;2;n230;3
111.95981132178531	I	n230;3
115.92249460212943	E	n229;2
122.20096298192965	F	n230;3
