TIME	EVENT	NODES
122.80049974011666	O	n189
124.27853235276899	S	n189;1;n195;2;n196;3
137.4223546632881	I	n195;2
137.44428209975396	F	n195;2
137.44428209975396	F	n196;3
