TIME	EVENT	NODES
122.80757729223264	O	n182
124.71440464188629	E	n182;1
