TIME	EVENT	NODES
98.46922332208541	O	n216
100.82079643843899	S	n216;1;n229;2;n230;3
103.31929234100944	C	n229;2
113.54002812901658	T	n230;3;n230;4;n203;5
115.92249460212943	E	n229;2
118.63591561020323	S	n203;5;n333;6;n334;7
121.85864097970037	I	n333;6
122.20096298192965	F	n333;6
122.20096298192965	F	n230;4
122.20096298192965	F	n334;7
