TIME	EVENT	NODES
122.84202782101056	O	n175
136.18078583605833	E	n175;1
