TIME	EVENT	NODES
195.60900364959403	O	n61
196.3665408340014	L	n61;1
