TIME	EVENT	NODES
98.4941516497741	O	n220
114.84748458381263	C	n220;1
122.20096298192965	F	n220;1
