TIME	EVENT	NODES
122.85654193476098	O	n151
128.73131702604869	E	n151;1
