TIME	EVENT	NODES
98.50260924953938	O	n150
103.24789987789956	E	n150;1
