TIME	EVENT	NODES
195.74078097827413	O	n65
207.85954112649316	I	n65;1
212.14935991177535	E	n65;1
