TIME	EVENT	NODES
122.91728572988927	O	n143
124.35633750190762	S	n143;1;n197;2;n198;3
125.61616605856788	S	n197;2;n203;4;n204;5
135.85282357483234	E	n198;3
136.9410702486098	S	n203;4;n273;6;n274;7
137.44428209975396	F	n274;7
137.44428209975396	F	n204;5
137.44428209975396	F	n273;6
