TIME	EVENT	NODES
122.95520021002524	O	n176
124.61527864565592	S	n176;1;n199;2;n200;3
125.50474589733585	E	n199;2
130.15055173964421	E	n200;3
