TIME	EVENT	NODES
98.60848151727316	O	n215
106.13572358528997	E	n215;1
