TIME	EVENT	NODES
98.64793658613668	O	n215
104.60962816429621	I	n215;1
106.13572358528997	E	n215;1
