TIME	EVENT	NODES
98.67319968927485	O	n153
122.20096298192965	F	n153;1
