TIME	EVENT	NODES
98.68756597861379	O	n172
99.31076590686101	I	n172;1
106.02298060458065	E	n172;1
