TIME	EVENT	NODES
98.71331317280625	O	n167
102.48521947160668	S	n167;1;n237;2;n238;3
104.86202744472988	I	n237;2
110.61259856831502	S	n237;2;n287;4;n288;5
112.16094239387664	I	n238;3
116.4438118421558	E	n287;4
122.20096298192965	F	n288;5
122.20096298192965	F	n238;3
