TIME	EVENT	NODES
123.05467979036746	O	n185
137.44428209975396	F	n185;1
