TIME	EVENT	NODES
98.72474729319697	O	n171
100.61091691856613	E	n171;1
