TIME	EVENT	NODES
123.16610102529654	O	n151
128.73131702604869	E	n151;1
