TIME	EVENT	NODES
98.94995920166353	O	n212
101.51446341153029	E	n212;1
