TIME	EVENT	NODES
98.9753888120791	O	n211
100.7178910037959	I	n211;1
102.98341176200759	E	n211;1
