TIME	EVENT	NODES
123.21125863696584	O	n161
123.71705972916438	L	n161;1
