TIME	EVENT	NODES
123.24234361130117	O	n179
124.3711312004714	E	n179;1
