TIME	EVENT	NODES
123.26088425341423	O	n184
123.4576512951491	E	n184;1
