TIME	EVENT	NODES
197.03935783666861	O	n53
225.72636153794207	I	n53;1
226.86452868796613	S	n53;1;n95;2;n96;3
227.56999325383796	I	n96;3
228.16787177734838	I	n95;2
233.55443944646427	S	n96;3;n105;4;n106;5
237.75529009278318	D	n105;4;n105;6;n105;7
241.6905889763172	D	n105;7;n105;8;n105;9
244.242552121658	T	n105;8;n105;10;n113;11
247.89276809742267	S	n106;5;n121;12;n122;13
254.0482760923606	C	n105;6
260.46706076447066	I	n113;11
261.6291738439399	E	n121;12
262.94527190252023	I	n105;10
262.94527190252023	I	n105;9
271.5541373875477	S	n95;2;n167;14;n168;15
273.5864034493894	E	n122;13
276.06674945851347	E	n113;11
278.37777927242377	S	n168;15;n179;16;n180;17
278.6214938342557	E	n167;14
282.56958360049487	E	n179;16
287.2898658895813	E	n105;6
287.2898658895813	E	n105;9
287.2898658895813	E	n105;10
292.321064504694	E	n180;17
