TIME	EVENT	NODES
99.08471806216642	O	n220
114.52757534553183	L	n220;1
