TIME	EVENT	NODES
123.27765150125632	O	n168
126.27153708050112	I	n168;1
137.44428209975396	F	n168;1
