TIME	EVENT	NODES
123.3045887624909	O	n151
128.73131702604869	E	n151;1
