TIME	EVENT	NODES
197.09936979801242	O	n53
198.67051296762062	I	n53;1
204.86732932305227	I	n53;1
226.86452868796613	S	n53;1;n95;2;n96;3
227.67387741029606	I	n95;2
233.55443944646427	S	n96;3;n105;4;n106;5
237.11338816020202	C	n106;5
247.89276809742267	S	n106;5;n121;6;n122;7
249.0066579948658	I	n122;7
261.6291738439399	E	n121;6
264.87832820314367	I	n105;4
270.05516549081955	I	n95;2
271.5541373875477	S	n95;2;n167;8;n168;9
273.5864034493894	E	n122;7
278.37777927242377	S	n168;9;n179;10;n180;11
278.6214938342557	E	n167;8
281.3492364521308	I	n179;10
282.56958360049487	E	n179;10
285.263310908001	C	n180;11
287.2898658895813	E	n105;4
292.321064504694	E	n180;11
