TIME	EVENT	NODES
197.1890035980165	O	n53
212.35690993118345	I	n53;1
226.86452868796613	S	n53;1;n95;2;n96;3
228.84998390337884	L	n95;2
233.55443944646427	S	n96;3;n105;4;n106;5
240.53862056999074	I	n106;5
247.89276809742267	S	n106;5;n121;6;n122;7
249.9372370835122	I	n122;7
260.78837433756223	I	n122;7
261.6291738439399	E	n121;6
273.5864034493894	E	n122;7
274.36757161360794	C	n105;4
287.2898658895813	E	n105;4
