TIME	EVENT	NODES
0	O	Root
0.0	S	Root;1;n1;2;n2;3
3.2265121368497676	S	n2;3;n3;4;n4;5
6.0891450189117755	S	n4;5;n5;6;n6;7
12.049627919615546	E	n1;2
20.186925961039798	I	n5;6
29.937005007446096	I	n3;4
30.337553612540763	S	n3;4;n7;8;n8;9
30.572556181968636	I	n5;6
35.73085740626149	L	n5;6
37.09265529580302	I	n6;7
41.7308661144652	E	n6;7
46.36162625346	L	n7;8
46.478728420132114	S	n8;9;n9;10;n10;11
47.92973633939138	I	n9;10
51.22047060557001	I	n9;10
67.56003211956568	L	n9;10
74.11106864323541	L	n10;11
