TIME	EVENT	NODES
123.4278066332672	O	n169
130.55315500994936	I	n169;1
137.44428209975396	F	n169;1
