TIME	EVENT	NODES
99.31297123122572	O	n223
99.85935374100859	E	n223;1
