TIME	EVENT	NODES
197.49410836000465	O	n68
206.0798434037552	I	n68;1
227.74447505539555	S	n68;1;n99;2;n100;3
227.79180205667913	E	n99;2
240.6015620950032	S	n100;3;n113;4;n114;5
253.37607536274857	I	n113;4
255.5300001712115	I	n113;4
257.53711646858864	I	n114;5
260.0079447944091	E	n114;5
276.06674945851347	E	n113;4
