TIME	EVENT	NODES
123.60588970950306	O	n182
124.71440464188629	E	n182;1
