TIME	EVENT	NODES
99.33916619861887	O	n163
114.41278485366259	S	n163;1;n305;2;n306;3
122.20096298192965	F	n306;3
122.20096298192965	F	n305;2
