TIME	EVENT	NODES
197.57085096953597	O	n64
202.32361250542905	L	n64;1
