TIME	EVENT	NODES
99.35728953646871	O	n205
117.96179548564952	T	n205;1;n205;2;n265;3
118.22271826685676	E	n265;3
118.91913779940379	C	n205;2
122.20096298192965	F	n205;2
