TIME	EVENT	NODES
123.6549099455037	O	n179
124.3711312004714	E	n179;1
