TIME	EVENT	NODES
123.6632218928263	O	n175
134.72099078367063	I	n175;1
136.18078583605833	E	n175;1
