TIME	EVENT	NODES
123.6898029593256	O	n176
124.61527864565592	S	n176;1;n199;2;n200;3
125.50474589733585	E	n199;2
128.93426776817864	I	n200;3
130.15055173964421	E	n200;3
