TIME	EVENT	NODES
99.43870327431236	O	n153
122.20096298192965	F	n153;1
