TIME	EVENT	NODES
123.7754840638137	O	n186
132.97487296848038	E	n186;1
