TIME	EVENT	NODES
99.51061874509902	O	n150
103.24789987789956	E	n150;1
