TIME	EVENT	NODES
99.5111381620304	O	n153
122.20096298192965	F	n153;1
