TIME	EVENT	NODES
123.80414064266725	O	n169
137.44428209975396	F	n169;1
