TIME	EVENT	NODES
99.52266947523496	O	n217
100.5630979072517	E	n217;1
