TIME	EVENT	NODES
99.52398783453553	O	n172
105.66265973493398	I	n172;1
106.02298060458065	E	n172;1
