TIME	EVENT	NODES
198.1361824361404	O	n64
213.9340126621439	L	n64;1
