TIME	EVENT	NODES
99.57127551114115	O	n222
122.20096298192965	F	n222;1
