TIME	EVENT	NODES
99.62795551910325	O	n222
122.20096298192965	F	n222;1
