TIME	EVENT	NODES
124.1748456444266	O	n152
133.98837576070537	E	n152;1
