TIME	EVENT	NODES
99.63914708635077	O	n198
103.90065681646574	I	n198;1
110.38736452343699	E	n198;1
