TIME	EVENT	NODES
99.65066701515492	O	n186
106.84486426192589	E	n186;1
