TIME	EVENT	NODES
99.68780883221373	O	n221
106.92161422948067	E	n221;1
