TIME	EVENT	NODES
124.31178458948803	O	n148
135.25284090635722	C	n148;1
137.44428209975396	F	n148;1
