TIME	EVENT	NODES
198.71113855607473	O	n68
208.5510235567596	C	n68;1
227.74447505539555	S	n68;1;n99;2;n100;3
227.79180205667913	E	n99;2
236.03744168615296	L	n100;3
