TIME	EVENT	NODES
99.73714638877894	O	n211
102.98341176200759	E	n211;1
