TIME	EVENT	NODES
124.45950453821091	O	n198
135.85282357483234	E	n198;1
