TIME	EVENT	NODES
198.74926308912623	O	n55
213.36469617834467	C	n55;1
213.95090499146957	C	n55;1
237.07853871024423	C	n55;1
238.066136604651	E	n55;1
