TIME	EVENT	NODES
99.80565870762923	O	n150
103.24789987789956	E	n150;1
