TIME	EVENT	NODES
124.4812244846848	O	n150
130.06248543332637	E	n150;1
