TIME	EVENT	NODES
124.50406131492382	O	n196
137.44428209975396	F	n196;1
