TIME	EVENT	NODES
124.52102599002471	O	n151
124.88416114785555	I	n151;1
128.73131702604869	E	n151;1
