TIME	EVENT	NODES
198.9653175035901	O	n57
199.3404950915714	E	n57;1
