TIME	EVENT	NODES
99.90914381394714	O	n189
102.58874847283909	E	n189;1
