TIME	EVENT	NODES
124.59490194172272	O	n198
135.85282357483234	E	n198;1
