TIME	EVENT	NODES
100.01141962326672	O	n217
100.5630979072517	E	n217;1
