TIME	EVENT	NODES
124.64825030414116	O	n148
137.44428209975396	F	n148;1
