TIME	EVENT	NODES
100.06459512023112	O	n150
103.24789987789956	E	n150;1
