TIME	EVENT	NODES
199.21420726620252	O	n63
203.2247200259189	T	n63;1;n63;2;n64;3
212.96397983529954	I	n63;2
217.10122037003637	S	n63;2;n87;4;n88;5
224.42074098395472	S	n87;4;n93;6;n94;7
232.00239467353836	I	n93;6
232.2598634713699	E	n94;7
232.8439288366906	E	n88;5
248.88117897606477	E	n64;3
251.19760684540833	D	n93;6;n93;8;n93;9
263.1946935408616	S	n93;8;n157;10;n158;11
263.1946935408616	S	n93;9;n157;12;n158;13
271.0359830191678	S	n158;11;n165;14;n166;15
271.0359830191678	S	n158;13;n165;16;n166;17
281.86281336619095	S	n157;10;n181;18;n182;19
281.86281336619095	S	n157;12;n181;20;n182;21
283.743013426105	I	n182;19
283.743013426105	I	n182;21
287.9409430279085	L	n181;18
292.0498527361061	I	n182;21
292.0498527361061	I	n182;19
292.4060195354978	I	n182;19
292.4060195354978	I	n182;21
297.3759122122873	E	n182;21
297.3759122122873	E	n182;19
298.06159755230874	I	n181;20
300.66408360617874	S	n165;14;n217;22;n218;23
300.66408360617874	S	n165;16;n217;24;n218;25
301.39480262224913	S	n217;22;n219;26;n220;27
301.39480262224913	S	n217;24;n219;28;n220;29
303.7028684693965	I	n181;20
309.22719658015154	E	n220;27
309.22719658015154	E	n220;29
310.9452394373536	C	n218;23
319.3474178693474	L	n219;26
322.23550031039156	S	n219;28;n243;30;n244;31
324.1292764634471	I	n218;25
324.2396054980673	C	n181;20
325.62016585225894	E	n166;15
325.62016585225894	E	n166;17
326.9191915703628	E	n181;20
327.1046107185982	E	n218;23
327.1046107185982	E	n218;25
336.27194991669535	S	n243;30;n265;32;n266;33
337.9466629699342	E	n266;33
343.2244835606076	I	n265;32
357.83898267386695	E	n265;32
368.33285918754166	F	n244;31
