TIME	EVENT	NODES
100.07568807865889	O	n222
122.20096298192965	F	n222;1
