TIME	EVENT	NODES
124.67416795175754	O	n150
130.06248543332637	E	n150;1
