TIME	EVENT	NODES
100.15676112101252	O	n216
100.82079643843899	S	n216;1;n229;2;n230;3
110.5931494043136	I	n229;2
112.99159943019588	I	n229;2
114.15220651081789	I	n229;2
114.24605856122807	I	n229;2
115.92249460212943	E	n229;2
122.20096298192965	F	n230;3
