TIME	EVENT	NODES
100.20101351727699	O	n222
107.35211704143533	T	n222;1;n222;2;n258;3
109.19341537978787	S	n258;3;n271;4;n272;5
110.1458391327182	S	n271;4;n281;6;n282;7
115.65239317601123	E	n272;5
116.08793483144474	E	n282;7
118.71693716713439	C	n281;6
122.20096298192965	F	n222;2
122.20096298192965	F	n281;6
