TIME	EVENT	NODES
124.71544768579561	O	n168
137.44428209975396	F	n168;1
