TIME	EVENT	NODES
124.72383863699602	O	n175
136.18078583605833	E	n175;1
