TIME	EVENT	NODES
124.72703520926191	O	n196
137.44428209975396	F	n196;1
