TIME	EVENT	NODES
199.39761174440542	O	n55
204.88264055534574	I	n55;1
238.066136604651	E	n55;1
