TIME	EVENT	NODES
100.25790616648688	O	n189
102.58874847283909	E	n189;1
