TIME	EVENT	NODES
199.45584215352	O	n61
221.4844260935815	S	n61;1;n89;2;n90;3
231.2895298785254	E	n89;2
254.29202744806378	C	n90;3
280.88338111280893	E	n90;3
