TIME	EVENT	NODES
100.26261128182779	O	n212
101.51446341153029	E	n212;1
