TIME	EVENT	NODES
124.76222242881006	O	n199
125.50474589733585	E	n199;1
