TIME	EVENT	NODES
100.28670522522879	O	n150
103.24789987789956	E	n150;1
