TIME	EVENT	NODES
100.3337815560534	O	n226
100.5596668985127	T	n226;1;n226;2;n218;3
103.15024560419153	L	n226;2
107.41703737897967	E	n218;3
