TIME	EVENT	NODES
124.86112960662166	O	n186
132.97487296848038	E	n186;1
