TIME	EVENT	NODES
124.88654097201673	O	n168
137.44428209975396	F	n168;1
