TIME	EVENT	NODES
100.35740562835397	O	n217
100.5630979072517	E	n217;1
