TIME	EVENT	NODES
124.91400789933026	O	n191
131.11070081786738	E	n191;1
