TIME	EVENT	NODES
124.92029845958643	O	n198
135.85282357483234	E	n198;1
