TIME	EVENT	NODES
124.93023276922003	O	n186
132.97487296848038	E	n186;1
