TIME	EVENT	NODES
199.7583595250213	O	n63
217.10122037003637	S	n63;1;n87;2;n88;3
224.42074098395472	S	n87;2;n93;4;n94;5
232.00239467353836	I	n93;4
232.2598634713699	E	n94;5
232.8439288366906	E	n88;3
234.13947032189526	L	n93;4
