TIME	EVENT	NODES
100.45737804792367	O	n166
101.83274108164306	S	n166;1;n231;2;n232;3
101.908053772782	E	n231;2
105.3897705314984	S	n232;3;n245;4;n246;5
105.4723759357905	L	n245;4
120.08725737012921	S	n246;5;n341;6;n342;7
122.20096298192965	F	n341;6
122.20096298192965	F	n342;7
