TIME	EVENT	NODES
125.07862865961945	O	n196
137.44428209975396	F	n196;1
