TIME	EVENT	NODES
100.48500547977258	O	n220
120.25045789896838	L	n220;1
