TIME	EVENT	NODES
200.0718183450121	O	n61
221.4844260935815	S	n61;1;n89;2;n90;3
225.51583358470376	I	n89;2
231.2895298785254	E	n89;2
243.43755794810585	I	n90;3
245.8469610184232	C	n90;3
280.88338111280893	E	n90;3
