TIME	EVENT	NODES
125.08530776830548	O	n170
137.44428209975396	F	n170;1
