TIME	EVENT	NODES
100.48767272778434	O	n150
103.24789987789956	E	n150;1
