TIME	EVENT	NODES
100.4937671563457	O	n220
122.20096298192965	F	n220;1
