TIME	EVENT	NODES
200.27883062894836	O	n65
212.14935991177535	E	n65;1
