TIME	EVENT	NODES
125.12817856197854	O	n168
137.44428209975396	F	n168;1
