TIME	EVENT	NODES
100.5789806298339	O	n150
103.24789987789956	E	n150;1
