TIME	EVENT	NODES
125.17633446622936	O	n150
130.06248543332637	E	n150;1
