TIME	EVENT	NODES
125.1840624086975	O	n168
128.14056516823032	L	n168;1
