TIME	EVENT	NODES
200.4504476672713	O	n48
212.74598929112338	I	n48;1
270.50846597342445	E	n48;1
