TIME	EVENT	NODES
125.21601159306964	O	n168
137.44428209975396	F	n168;1
