TIME	EVENT	NODES
100.60918716588947	O	n203
118.63591561020323	S	n203;1;n333;2;n334;3
118.71117740889417	I	n334;3
119.58718217767752	I	n333;2
122.20096298192965	F	n333;2
122.20096298192965	F	n334;3
