TIME	EVENT	NODES
100.63016249529136	O	n198
110.38736452343699	E	n198;1
