TIME	EVENT	NODES
125.23381904978683	O	n161
137.44428209975396	F	n161;1
