TIME	EVENT	NODES
125.25340908831161	O	n148
137.44428209975396	F	n148;1
