TIME	EVENT	NODES
125.2547689905257	O	n170
137.44428209975396	F	n170;1
