TIME	EVENT	NODES
100.6845183601999	O	n181
107.07038824181652	S	n181;1;n253;2;n254;3
109.46894647751104	I	n253;2
112.90913710620244	C	n254;3
113.76517703328658	S	n254;3;n301;4;n302;5
113.98118132905664	E	n301;4
114.59513604545869	S	n302;5;n309;6;n310;7
117.64931390587152	E	n253;2
120.86303351854802	I	n309;6
121.1154699736872	E	n309;6
122.20096298192965	F	n310;7
