TIME	EVENT	NODES
200.78306526383426	O	n52
201.94764088942247	I	n52;1
227.7086322008703	S	n52;1;n97;2;n98;3
228.67394025088652	I	n98;3
238.02907914059432	C	n98;3
249.03530572249304	S	n97;2;n123;4;n124;5
254.59397657947247	S	n123;4;n139;6;n140;7
255.08922900163986	E	n139;6
258.8150958922131	S	n124;5;n149;8;n150;9
270.3835966355574	I	n140;7
273.9952115706018	I	n150;9
275.3394929136777	E	n140;7
281.777607169424	I	n98;3
284.66123648246247	I	n98;3
292.7124872476471	C	n98;3
293.4401227103343	E	n150;9
297.82959460464184	E	n98;3
313.2735372024965	E	n149;8
