TIME	EVENT	NODES
125.34582881243489	O	n183
131.1473130116617	L	n183;1
