TIME	EVENT	NODES
125.35357372691917	O	n178
131.12736847383428	E	n178;1
