TIME	EVENT	NODES
200.8269040153918	O	n68
205.48571302981804	I	n68;1
227.74447505539555	S	n68;1;n99;2;n100;3
227.79180205667913	E	n99;2
240.6015620950032	S	n100;3;n113;4;n114;5
260.0079447944091	E	n114;5
262.96903148849134	I	n113;4
274.55188659329644	T	n113;4;n113;6;n162;7
276.06674945851347	E	n113;6
285.9456044299885	S	n162;7;n185;8;n186;9
292.01152244219134	S	n186;9;n195;10;n196;11
296.7804733096652	S	n196;11;n207;12;n208;13
297.68918330341256	I	n195;10
297.77429733878824	E	n208;13
298.0855428401903	I	n195;10
298.5182981782411	E	n207;12
301.5187902891868	E	n195;10
306.7118637562414	E	n185;8
