TIME	EVENT	NODES
100.83490834775165	O	n186
106.84486426192589	E	n186;1
