TIME	EVENT	NODES
100.8495912554058	O	n225
101.88364993433952	S	n225;1;n233;2;n234;3
102.17302011268305	I	n233;2
102.50665066787323	S	n233;2;n239;4;n240;5
105.53784601725131	S	n239;4;n247;6;n248;7
106.00897419475767	E	n240;5
106.8374852804199	S	n248;7;n251;8;n252;9
107.27663477102	S	n251;8;n257;10;n258;11
107.53070438542849	S	n247;6;n261;12;n262;13
109.10825351651116	S	n252;9;n269;14;n270;15
109.19341537978787	S	n258;11;n271;16;n272;17
109.72075358852021	I	n271;16
110.1458391327182	S	n271;16;n281;18;n282;19
110.59821760248624	S	n262;13;n285;20;n286;21
111.03753699902806	E	n234;3
111.10609646968076	E	n285;20
111.80098211610584	E	n269;14
112.47100851439468	E	n270;15
115.05111810985281	I	n272;17
115.29971570919966	E	n257;10
115.65239317601123	E	n272;17
116.08793483144474	E	n282;19
116.45204155339697	E	n261;12
120.96164925685498	E	n286;21
122.20096298192965	F	n281;18
