TIME	EVENT	NODES
125.38480988558587	O	n201
132.0096165425425	E	n201;1
