TIME	EVENT	NODES
125.39684399399748	O	n202
132.79369103590267	I	n202;1
135.910637703942	S	n202;1;n265;2;n266;3
136.60123532627688	I	n266;3
137.44428209975396	F	n265;2
137.44428209975396	F	n266;3
