TIME	EVENT	NODES
200.9221960191027	O	n52
227.7086322008703	S	n52;1;n97;2;n98;3
249.00999249924945	I	n98;3
249.03530572249304	S	n97;2;n123;4;n124;5
254.59397657947247	S	n123;4;n139;6;n140;7
255.08922900163986	E	n139;6
258.8150958922131	S	n124;5;n149;8;n150;9
263.6410559841429	I	n150;9
275.3394929136777	E	n140;7
278.8561264598974	I	n150;9
292.7919344236036	I	n150;9
293.4401227103343	E	n150;9
297.82959460464184	E	n98;3
313.2735372024965	E	n149;8
