TIME	EVENT	NODES
200.93192078926924	O	n64
211.86591995771184	C	n64;1
217.64465276424065	I	n64;1
248.88117897606477	E	n64;1
