TIME	EVENT	NODES
125.52034786410937	O	n169
131.36589143781583	I	n169;1
133.3351141628707	I	n169;1
137.44428209975396	F	n169;1
