TIME	EVENT	NODES
100.97623961524599	O	n222
122.20096298192965	F	n222;1
