TIME	EVENT	NODES
200.99996630456877	O	n55
201.22235517776974	I	n55;1
207.74657186132538	I	n55;1
225.16462251662037	C	n55;1
238.066136604651	E	n55;1
