TIME	EVENT	NODES
100.99186614042208	O	n198
110.38736452343699	E	n198;1
