TIME	EVENT	NODES
125.53584324002465	O	n161
137.44428209975396	F	n161;1
