TIME	EVENT	NODES
101.05390763853619	O	n218
107.41703737897967	E	n218;1
