TIME	EVENT	NODES
125.54056198387143	O	n163
127.34343614035531	D	n163;1;n163;2;n163;3
127.74848639190229	S	n163;2;n211;4;n212;5
127.74848639190229	S	n163;3;n211;6;n212;7
129.27125048961472	L	n212;5
132.73404178738306	S	n212;7;n239;8;n240;9
134.23046956332826	S	n239;8;n251;10;n252;11
134.67922445755087	S	n240;9;n255;12;n256;13
136.2024720917159	S	n252;11;n269;14;n270;15
137.24494829212168	S	n269;14;n275;16;n276;17
137.44428209975396	F	n270;15
137.44428209975396	F	n211;4
137.44428209975396	F	n211;6
137.44428209975396	F	n255;12
137.44428209975396	F	n256;13
137.44428209975396	F	n251;10
137.44428209975396	F	n276;17
137.44428209975396	F	n275;16
