TIME	EVENT	NODES
101.0670446585859	O	n172
106.02298060458065	E	n172;1
