TIME	EVENT	NODES
125.54228794818695	O	n175
136.18078583605833	E	n175;1
