TIME	EVENT	NODES
101.07061383001687	O	n189
102.58874847283909	E	n189;1
