TIME	EVENT	NODES
101.07162763192876	O	n221
106.92161422948067	E	n221;1
