TIME	EVENT	NODES
125.60091908453168	O	n201
126.68710868889859	I	n201;1
127.97167361678925	I	n201;1
131.4579997623449	I	n201;1
132.0096165425425	E	n201;1
