TIME	EVENT	NODES
125.66153668015716	O	n200
130.15055173964421	E	n200;1
