TIME	EVENT	NODES
101.22063055770577	O	n150
103.24789987789956	E	n150;1
