TIME	EVENT	NODES
125.72392705642244	O	n165
135.58811979234557	S	n165;1;n259;2;n260;3
136.4753251922182	I	n259;2
136.5068312732184	E	n260;3
137.44428209975396	F	n259;2
