TIME	EVENT	NODES
125.78296798476974	O	n191
131.11070081786738	E	n191;1
