TIME	EVENT	NODES
101.2697483893293	O	n199
103.03758655429102	I	n199;1
108.37576250505025	E	n199;1
