TIME	EVENT	NODES
101.34975362163183	O	n186
106.84486426192589	E	n186;1
