TIME	EVENT	NODES
101.47415464962008	O	n175
107.12760942445303	I	n175;1
108.42201726908658	S	n175;1;n267;2;n268;3
109.3892324400371	S	n267;2;n275;4;n276;5
109.84561817691029	S	n276;5;n279;6;n280;7
110.81554259923739	E	n275;4
112.28537063347119	E	n268;3
113.54079122903167	E	n279;6
121.43476404403538	E	n280;7
