TIME	EVENT	NODES
201.7842543570524	O	n65
205.38806491342157	I	n65;1
212.14935991177535	E	n65;1
