TIME	EVENT	NODES
125.95244931287726	O	n148
137.44428209975396	F	n148;1
