TIME	EVENT	NODES
125.9812117254222	O	n186
132.97487296848038	E	n186;1
