TIME	EVENT	NODES
101.5745939305943	O	n229
115.92249460212943	E	n229;1
