TIME	EVENT	NODES
125.98728558665219	O	n169
137.44428209975396	F	n169;1
