TIME	EVENT	NODES
125.9961078433861	O	n178
131.12736847383428	E	n178;1
