TIME	EVENT	NODES
201.96099417990158	O	n53
226.86452868796613	S	n53;1;n95;2;n96;3
227.4301669659656	I	n95;2
227.56999325383796	I	n96;3
233.55443944646427	S	n96;3;n105;4;n106;5
247.89276809742267	S	n106;5;n121;6;n122;7
251.83339918077058	C	n105;4
261.6291738439399	E	n121;6
271.5541373875477	S	n95;2;n167;8;n168;9
273.5864034493894	E	n122;7
278.37777927242377	S	n168;9;n179;10;n180;11
278.6214938342557	E	n167;8
280.1145783635094	D	n105;4;n105;12;n105;13
282.56958360049487	E	n179;10
285.217989123326	I	n180;11
287.2898658895813	E	n105;12
287.2898658895813	E	n105;13
291.69150210811745	I	n180;11
292.321064504694	E	n180;11
