TIME	EVENT	NODES
126.00099698757687	O	n202
126.41386841464512	L	n202;1
