TIME	EVENT	NODES
126.00833594478384	O	n178
131.12736847383428	E	n178;1
