TIME	EVENT	NODES
101.73459294593742	O	n186
106.84486426192589	E	n186;1
