TIME	EVENT	NODES
126.04003051802634	O	n206
128.52996147868612	C	n206;1
129.44283556805237	S	n206;1;n217;2;n218;3
136.24444141721895	S	n217;2;n271;4;n272;5
137.44428209975396	F	n272;5
137.44428209975396	F	n271;4
137.44428209975396	F	n218;3
