TIME	EVENT	NODES
101.75591672689043	O	n199
108.37576250505025	E	n199;1
