TIME	EVENT	NODES
101.7792654624569	O	n150
103.24789987789956	E	n150;1
