TIME	EVENT	NODES
202.3619918422976	O	n48
231.5628257408407	I	n48;1
254.6981198211111	C	n48;1
270.50846597342445	E	n48;1
