TIME	EVENT	NODES
101.79365620970952	O	n186
105.18310061970776	C	n186;1
106.84486426192589	E	n186;1
