TIME	EVENT	NODES
202.37745223276963	O	n64
248.88117897606477	E	n64;1
