TIME	EVENT	NODES
101.84123550639579	O	n218
107.41703737897967	E	n218;1
