TIME	EVENT	NODES
202.4402324540388	O	n71
224.87883338170167	E	n71;1
