TIME	EVENT	NODES
202.4435277818853	O	n59
231.57392488569647	I	n59;1
251.91737397158224	S	n59;1;n131;2;n132;3
264.256074713361	S	n131;2;n159;4;n160;5
283.003644560383	E	n160;5
288.5496408940298	S	n132;3;n189;6;n190;7
297.2325938618031	S	n190;7;n211;8;n212;9
306.18779637717876	E	n189;6
313.76245832504014	I	n212;9
323.451126983794	S	n211;8;n247;10;n248;11
326.9299560409181	S	n248;11;n249;12;n250;13
328.2146319613769	S	n159;4;n253;14;n254;15
328.4360717556349	I	n253;14
334.64198406508626	S	n249;12;n255;16;n256;17
335.92113620132585	S	n254;15;n263;18;n264;19
338.51097831531484	S	n247;10;n269;20;n270;21
338.52571564702345	I	n255;16
339.17828754879304	I	n250;13
339.658731161582	S	n264;19;n271;22;n272;23
340.80665333988657	I	n250;13
342.7589313139496	L	n263;18
342.7589313139496	T	n271;22;n271;24;n263;25
343.3510535016929	I	n253;14
343.8740387814113	I	n250;13
343.93506237572296	I	n212;9
345.71198993976384	E	n253;14
346.57042726387317	C	n270;21
351.3681074054671	E	n270;21
351.37042779145395	E	n255;16
351.8694128851613	I	n250;13
356.5243775902817	S	n250;13;n303;26;n304;27
357.0827107169663	T	n303;26;n303;28;n296;29
359.43466135079467	S	n269;20;n307;30;n308;31
361.7971077523211	S	n272;23;n309;32;n310;33
364.14479088522387	E	n212;9
364.39265661618424	S	n310;33;n317;34;n318;35
364.49514583717956	S	n304;27;n319;36;n320;37
365.0168302374957	S	n256;17;n323;38;n324;39
365.0417268907298	E	n263;25
365.9406802548836	S	n318;35;n329;40;n330;41
368.1525611161385	S	n324;39;n331;42;n332;43
368.33285918754166	F	n330;41
368.33285918754166	F	n307;30
368.33285918754166	F	n296;29
368.33285918754166	F	n329;40
368.33285918754166	F	n303;28
368.33285918754166	F	n271;24
368.33285918754166	F	n308;31
368.33285918754166	F	n331;42
368.33285918754166	F	n323;38
368.33285918754166	F	n320;37
368.33285918754166	F	n332;43
368.33285918754166	F	n317;34
368.33285918754166	F	n309;32
368.33285918754166	F	n319;36
