TIME	EVENT	NODES
0	O	Root
0.0	S	Root;1;n1;2;n2;3
3.35634255505027	E	n1;2
6.689912718607442	S	n2;3;n3;4;n4;5
9.52089163317238	S	n4;5;n5;6;n6;7
10.888750871328412	S	n6;7;n7;8;n8;9
13.301532069257444	L	n3;4
13.372643248123815	L	n7;8
22.590498145432377	S	n8;9;n13;10;n14;11
23.021778876448593	S	n13;10;n17;12;n18;13
23.309087423211405	E	n18;13
23.67182323826393	E	n5;6
29.746783029605652	S	n17;12;n21;14;n22;15
30.19143425531747	I	n22;15
30.71484564498105	L	n22;15
30.85807005283699	E	n14;11
42.16982539729144	S	n21;14;n35;16;n36;17
42.932085337062354	S	n35;16;n37;18;n38;19
43.96599703156712	S	n38;19;n39;20;n40;21
45.829514390972626	S	n40;21;n43;22;n44;23
46.54911121911787	S	n43;22;n45;24;n46;25
46.684750265085036	E	n39;20
46.79986750961977	L	n44;23
46.87578296073487	S	n36;17;n47;26;n48;27
47.034496220930585	S	n46;25;n49;28;n50;29
47.20567624080078	E	n37;18
48.913423218412746	S	n45;24;n51;30;n52;31
51.65188497381932	E	n51;30
54.22525593253356	S	n49;28;n53;32;n54;33
54.34896568544194	I	n53;32
54.86457311440032	S	n54;33;n55;34;n56;35
56.27158308445796	E	n56;35
57.23402616228817	E	n48;27
57.47092270739999	C	n55;34
58.8528404549742	E	n50;29
64.46734860427726	I	n55;34
66.62239281441798	S	n52;31;n67;36;n68;37
67.6686379927126	L	n67;36
69.3614836110607	S	n47;26;n71;38;n72;39
69.60989828333398	S	n68;37;n75;40;n76;41
70.88343313549224	E	n72;39
71.89828452143536	E	n55;34
72.68336834045725	E	n75;40
74.2145407938895	E	n76;41
74.41436690001827	E	n53;32
77.5970722937553	I	n71;38
80.57463946636354	S	n71;38;n83;42;n84;43
86.60669252253648	E	n83;42
91.78210615836441	S	n84;43;n103;44;n104;45
101.20885525944976	I	n103;44
102.82426853750586	E	n103;44
106.57096831231419	E	n104;45
