TIME	EVENT	NODES
101.89093384985445	O	n150
102.79711785564578	I	n150;1
103.24789987789956	E	n150;1
