TIME	EVENT	NODES
126.13347685281504	O	n205
134.65113353933813	E	n205;1
