TIME	EVENT	NODES
101.8993040881013	O	n198
102.84981221830563	T	n198;1;n198;2;n232;3
105.3897705314984	S	n232;3;n245;4;n246;5
108.2409827939678	S	n245;4;n265;6;n266;7
110.38736452343699	E	n198;2
111.91854719341158	S	n266;7;n295;8;n296;9
115.36249319289614	E	n296;9
118.22271826685676	E	n265;6
120.08725737012921	S	n246;5;n341;10;n342;11
122.20096298192965	F	n341;10
122.20096298192965	F	n342;11
122.20096298192965	F	n295;8
