TIME	EVENT	NODES
126.20235512187956	O	n148
137.44428209975396	F	n148;1
