TIME	EVENT	NODES
202.5400314876864	O	n71
214.01156966462403	I	n71;1
224.87883338170167	E	n71;1
