TIME	EVENT	NODES
126.20775678899587	O	n186
132.97487296848038	E	n186;1
