TIME	EVENT	NODES
101.99510833452219	O	n220
106.94708836606986	L	n220;1
