TIME	EVENT	NODES
101.99993208573072	O	n221
106.92161422948067	E	n221;1
