TIME	EVENT	NODES
126.25104383857615	O	n152
131.89425577110794	I	n152;1
132.7640778217318	I	n152;1
133.98837576070537	E	n152;1
