TIME	EVENT	NODES
102.03818587796822	O	n189
102.58874847283909	E	n189;1
