TIME	EVENT	NODES
126.30678847015236	O	n150
130.06248543332637	E	n150;1
