TIME	EVENT	NODES
126.33130831929815	O	n168
131.17560609031025	I	n168;1
137.44428209975396	F	n168;1
