TIME	EVENT	NODES
102.06906801442608	O	n150
103.24789987789956	E	n150;1
