TIME	EVENT	NODES
202.83949835712735	O	n64
213.6811549914759	D	n64;1;n64;2;n64;3
229.48308467193002	I	n64;2
229.48308467193002	I	n64;3
233.99107886837754	I	n64;3
233.99107886837754	I	n64;2
248.88117897606477	E	n64;2
248.88117897606477	E	n64;3
