TIME	EVENT	NODES
102.09621245706123	O	n213
107.17449380153346	S	n213;1;n255;2;n256;3
107.71138136937543	S	n255;2;n263;4;n264;5
109.34495513842283	S	n263;4;n273;6;n274;7
109.40378350121213	C	n256;3
109.73299340938634	S	n256;3;n277;8;n278;9
110.53467000705065	S	n273;6;n283;10;n284;11
111.5334524792489	S	n284;11;n291;12;n292;13
111.93257470571122	S	n274;7;n297;14;n298;15
113.80810599101235	E	n291;12
115.22772421492633	E	n278;9
115.46564284480102	S	n297;14;n315;16;n316;17
116.2534313834871	S	n298;15;n319;18;n320;19
116.26939695385052	S	n316;17;n321;20;n322;21
117.05430937973127	E	n320;19
117.06138871140475	S	n322;21;n323;22;n324;23
117.36400573725459	S	n277;8;n325;24;n326;25
118.30904250839599	S	n326;25;n331;26;n332;27
118.74383731052721	S	n319;18;n335;28;n336;29
119.25244969558491	D	n324;23;n324;30;n324;31
119.31936433578085	S	n331;26;n337;32;n338;33
119.46154143863095	E	n336;29
120.18954370458381	S	n325;24;n343;34;n344;35
120.43366928781553	L	n292;13
120.43366928781553	T	n321;20;n321;36;n292;37
120.4792841858846	S	n335;28;n345;38;n346;39
120.51874884326112	E	n332;27
120.73016418531006	S	n338;33;n349;40;n350;41
121.69847158795108	S	n346;39;n351;42;n352;43
122.20096298192965	F	n292;37
122.20096298192965	F	n315;16
122.20096298192965	F	n323;22
122.20096298192965	F	n283;10
122.20096298192965	F	n344;35
122.20096298192965	F	n349;40
122.20096298192965	F	n264;5
122.20096298192965	F	n350;41
122.20096298192965	F	n337;32
122.20096298192965	F	n345;38
122.20096298192965	F	n343;34
122.20096298192965	F	n351;42
122.20096298192965	F	n352;43
122.20096298192965	F	n324;30
122.20096298192965	F	n324;31
122.20096298192965	F	n321;36
