TIME	EVENT	NODES
126.43750297636677	O	n159
131.1781794776036	S	n159;1;n229;2;n230;3
135.61858968748956	I	n230;3
136.17150238763622	E	n229;2
137.44428209975396	F	n230;3
