TIME	EVENT	NODES
102.17839687891424	O	n234
103.73231077157928	T	n234;1;n234;2;n213;3
107.17449380153346	S	n213;3;n255;4;n256;5
107.71138136937543	S	n255;4;n263;6;n264;7
108.61355619821276	I	n263;6
109.34495513842283	S	n263;6;n273;8;n274;9
109.73299340938634	S	n256;5;n277;10;n278;11
109.84968071183933	I	n264;7
110.53467000705065	S	n273;8;n283;12;n284;13
111.03753699902806	E	n234;2
111.5334524792489	S	n284;13;n291;14;n292;15
111.93257470571122	S	n274;9;n297;16;n298;17
113.80810599101235	E	n291;14
114.61374740517192	I	n264;7
115.22772421492633	E	n278;11
115.35949620313463	I	n297;16
115.46564284480102	S	n297;16;n315;18;n316;19
116.2534313834871	S	n298;17;n319;20;n320;21
116.26939695385052	S	n316;19;n321;22;n322;23
117.05430937973127	E	n320;21
117.06138871140475	S	n322;23;n323;24;n324;25
117.36400573725459	S	n277;10;n325;26;n326;27
118.30904250839599	S	n326;27;n331;28;n332;29
118.74383731052721	S	n319;20;n335;30;n336;31
119.31936433578085	S	n331;28;n337;32;n338;33
119.46154143863095	E	n336;31
120.18954370458381	S	n325;26;n343;34;n344;35
120.4792841858846	S	n335;30;n345;36;n346;37
120.51874884326112	E	n332;29
120.59434570499667	C	n315;18
120.73016418531006	S	n338;33;n349;38;n350;39
121.69847158795108	S	n346;37;n351;40;n352;41
121.78250601292166	I	n349;38
122.20096298192965	F	n292;15
122.20096298192965	F	n315;18
122.20096298192965	F	n323;24
122.20096298192965	F	n283;12
122.20096298192965	F	n344;35
122.20096298192965	F	n349;38
122.20096298192965	F	n264;7
122.20096298192965	F	n350;39
122.20096298192965	F	n337;32
122.20096298192965	F	n345;36
122.20096298192965	F	n343;34
122.20096298192965	F	n351;40
122.20096298192965	F	n352;41
122.20096298192965	F	n324;25
122.20096298192965	F	n321;22
