TIME	EVENT	NODES
203.17510250708168	O	n55
213.52789703534543	I	n55;1
225.87758379737576	I	n55;1
238.066136604651	E	n55;1
