TIME	EVENT	NODES
126.64809232762525	O	n152
133.98837576070537	E	n152;1
