TIME	EVENT	NODES
102.29314958927584	O	n233
102.50665066787323	S	n233;1;n239;2;n240;3
104.28974815384002	I	n239;2
105.53784601725131	S	n239;2;n247;4;n248;5
106.00897419475767	E	n240;3
106.8374852804199	S	n248;5;n251;6;n252;7
107.27663477102	S	n251;6;n257;8;n258;9
107.53070438542849	S	n247;4;n261;10;n262;11
109.10825351651116	S	n252;7;n269;12;n270;13
109.19341537978787	S	n258;9;n271;14;n272;15
110.1458391327182	S	n271;14;n281;16;n282;17
110.59821760248624	S	n262;11;n285;18;n286;19
111.10609646968076	E	n285;18
111.80098211610584	E	n269;12
112.47100851439468	E	n270;13
115.29971570919966	E	n257;8
115.65239317601123	E	n272;15
116.08793483144474	E	n282;17
116.45204155339697	E	n261;10
120.96164925685498	E	n286;19
122.20096298192965	F	n281;16
