TIME	EVENT	NODES
126.7294069881818	O	n168
137.44428209975396	F	n168;1
