TIME	EVENT	NODES
203.2996102741935	O	n63
211.34321064696496	I	n63;1
217.10122037003637	S	n63;1;n87;2;n88;3
224.42074098395472	S	n87;2;n93;4;n94;5
229.8591796462208	I	n88;3
231.01904053411297	L	n94;5
232.8439288366906	E	n88;3
253.54691924446132	I	n93;4
263.1946935408616	S	n93;4;n157;6;n158;7
271.0359830191678	S	n158;7;n165;8;n166;9
274.25110830849377	T	n165;8;n165;10;n90;11
276.5471977057935	I	n165;10
280.88338111280893	E	n90;11
281.86281336619095	S	n157;6;n181;12;n182;13
290.33249324894035	C	n182;13
297.3759122122873	E	n182;13
297.62353342502325	L	n181;12
300.66408360617874	S	n165;10;n217;14;n218;15
301.39480262224913	S	n217;14;n219;16;n220;17
305.728733924016	I	n220;17
307.455604718154	L	n219;16
308.3990299196184	I	n220;17
309.22719658015154	E	n220;17
313.31681944729553	I	n218;15
321.2138082550796	C	n218;15
325.62016585225894	E	n166;9
327.1046107185982	E	n218;15
