TIME	EVENT	NODES
102.3908641269119	O	n221
106.92161422948067	E	n221;1
