TIME	EVENT	NODES
102.4135934262155	O	n232
105.3897705314984	S	n232;1;n245;2;n246;3
108.2409827939678	S	n245;2;n265;4;n266;5
111.91854719341158	S	n266;5;n295;6;n296;7
115.21788276338074	I	n246;3
115.36249319289614	E	n296;7
118.22271826685676	E	n265;4
120.08725737012921	S	n246;3;n341;8;n342;9
122.20096298192965	F	n341;8
122.20096298192965	F	n342;9
122.20096298192965	F	n295;6
