TIME	EVENT	NODES
203.3498546598756	O	n72
233.07835248845961	I	n72;1
254.31869674795763	S	n72;1;n137;2;n138;3
262.48313050699846	S	n137;2;n155;4;n156;5
264.75756301170736	L	n155;4
268.08312347105647	S	n138;3;n163;6;n164;7
272.22950821935103	I	n163;6
276.106463810843	T	n164;7;n164;8;n170;9
276.67741255602084	I	n163;6
277.8106349986983	E	n163;6
279.3689247604448	E	n164;8
280.9346084359787	E	n156;5
285.34917187502333	I	n170;9
310.88648028033	L	n170;9
