TIME	EVENT	NODES
102.42048920855866	O	n186
106.84486426192589	E	n186;1
