TIME	EVENT	NODES
126.76518415746915	O	n159
131.1781794776036	S	n159;1;n229;2;n230;3
134.47166210100713	I	n230;3
136.17150238763622	E	n229;2
137.44428209975396	F	n230;3
