TIME	EVENT	NODES
102.55558690784707	O	n189
102.58874847283909	E	n189;1
