TIME	EVENT	NODES
126.88687921200965	O	n165
135.58811979234557	S	n165;1;n259;2;n260;3
136.5068312732184	E	n260;3
137.44428209975396	F	n259;2
