TIME	EVENT	NODES
102.58539951200156	O	n220
117.6052562872555	I	n220;1
122.20096298192965	F	n220;1
