TIME	EVENT	NODES
203.6775263156999	O	n72
253.0225889683724	T	n72;1;n72;2;n119;3
254.31869674795763	S	n72;2;n137;4;n138;5
254.6017951755659	S	n119;3;n141;6;n142;7
259.28999588796853	S	n141;6;n153;8;n154;9
259.73255215725914	I	n142;7
262.48313050699846	S	n137;4;n155;10;n156;11
267.6230845290778	E	n154;9
268.08312347105647	S	n138;5;n163;12;n164;13
268.50741289016577	I	n164;13
271.35555682050625	I	n155;10
275.7932439782328	I	n155;10
277.8106349986983	E	n163;12
279.3689247604448	E	n164;13
280.9346084359787	E	n156;11
285.9114868850148	D	n155;10;n155;14;n155;15
290.36164171087904	T	n153;8;n153;16;n192;17
291.2884687814964	I	n155;14
291.2884687814964	I	n155;15
294.27007287477545	S	n153;16;n205;18;n206;19
298.1283204238227	S	n206;19;n215;20;n216;21
301.7496501463424	E	n216;21
302.77518792485097	S	n155;15;n221;22;n222;23
302.77518792485097	S	n155;14;n221;24;n222;25
312.1421772672062	E	n142;7
314.3193370741534	E	n222;23
314.3193370741534	E	n222;25
314.4980137591096	L	n221;22
316.27600896896894	E	n192;17
332.25249161547407	I	n221;24
334.8422205753219	I	n205;18
337.8270778219254	D	n215;20;n215;26;n215;27
339.7658923254064	I	n205;18
340.21409207005615	I	n215;26
340.21409207005615	I	n215;27
341.5385477573434	S	n215;27;n277;28;n278;29
341.5385477573434	S	n215;26;n277;30;n278;31
341.9903573544162	I	n278;29
341.9903573544162	I	n278;31
344.8150972493564	I	n277;28
344.8150972493564	I	n277;30
346.93171239304206	L	n277;28
352.43952254267003	L	n205;18
363.56744673191736	I	n277;30
363.7179365725955	E	n277;30
366.209148907393	I	n221;24
368.33285918754166	F	n221;24
368.33285918754166	F	n278;31
368.33285918754166	F	n278;29
