TIME	EVENT	NODES
102.63389970451269	O	n191
107.34916340025805	S	n191;1;n259;2;n260;3
111.62809666568839	S	n260;3;n293;4;n294;5
111.89687157850587	D	n259;2;n259;6;n259;7
112.32158139645087	S	n259;6;n299;8;n300;9
112.32158139645087	S	n259;7;n299;10;n300;11
114.418033427831	S	n293;4;n307;12;n308;13
114.716632109647	S	n308;13;n311;14;n312;15
115.60507045488139	S	n307;12;n317;16;n318;17
119.5417768978418	E	n299;8
119.5417768978418	E	n299;10
120.53125479329535	S	n317;16;n347;18;n348;19
121.8287853204813	S	n348;19;n355;20;n356;21
122.20096298192965	F	n355;20
122.20096298192965	F	n294;5
122.20096298192965	F	n318;17
122.20096298192965	F	n347;18
122.20096298192965	F	n300;9
122.20096298192965	F	n300;11
122.20096298192965	F	n356;21
122.20096298192965	F	n312;15
122.20096298192965	F	n311;14
