TIME	EVENT	NODES
126.91252003622836	O	n178
131.12736847383428	E	n178;1
