TIME	EVENT	NODES
102.65265061799785	O	n142
103.1465928539085	S	n142;1;n241;2;n242;3
104.39354497663153	E	n241;2
104.50735567208498	I	n242;3
122.20096298192965	F	n242;3
