TIME	EVENT	NODES
102.68988084830039	O	n240
106.00897419475767	E	n240;1
