TIME	EVENT	NODES
102.73073164502955	O	n186
106.84486426192589	E	n186;1
