TIME	EVENT	NODES
203.78626300475733	O	n72
236.2091092601154	C	n72;1
254.31869674795763	S	n72;1;n137;2;n138;3
255.05242050630116	I	n137;2
262.48313050699846	S	n137;2;n155;4;n156;5
265.64333339983637	T	n155;4;n155;6;n48;7
268.08312347105647	S	n138;3;n163;8;n164;9
268.9757322304239	I	n156;5
270.50846597342445	E	n48;7
277.8106349986983	E	n163;8
279.3689247604448	E	n164;9
280.0549257663906	C	n155;6
280.9346084359787	E	n156;5
302.77518792485097	S	n155;6;n221;10;n222;11
314.3193370741534	E	n222;11
318.2756335606385	I	n221;10
368.33285918754166	F	n221;10
