TIME	EVENT	NODES
0	O	Root
0.0	S	Root;1;n1;2;n2;3
1.1526049188520024	S	n1;2;n3;4;n4;5
4.484958026479743	S	n3;4;n5;6;n6;7
5.070681651816388	E	n5;6
7.566795314525711	S	n4;5;n7;8;n8;9
9.937342596589726	E	n7;8
13.428578793018438	L	n6;7
22.909819856367786	S	n8;9;n13;10;n14;11
26.256835295663688	E	n2;3
26.84276481692311	S	n14;11;n17;12;n18;13
30.407447078502262	S	n17;12;n21;14;n22;15
35.92070569340266	S	n21;14;n25;16;n26;17
38.13198542719755	E	n22;15
39.04702059247166	E	n13;10
40.759074860237476	E	n25;16
42.012799395780256	E	n26;17
42.357769946350246	S	n18;13;n31;18;n32;19
45.46325692028658	L	n31;18
45.46325692028658	T	n32;19;n32;20;n31;21
46.694210788673075	E	n32;20
50.79591476008908	S	n31;21;n39;22;n40;23
52.618978043968546	S	n39;22;n47;24;n48;25
55.45651211006114	E	n47;24
56.86864330959981	I	n48;25
58.30047483794531	S	n40;23;n59;26;n60;27
58.94799355594872	S	n60;27;n61;28;n62;29
59.5579516206426	S	n62;29;n63;30;n64;31
61.254313095266134	E	n48;25
62.59127011359874	I	n59;26
65.13921464734916	E	n59;26
67.79713360797955	S	n61;28;n81;32;n82;33
69.50333777943767	E	n64;31
69.708668487013	E	n81;32
73.06969448986186	S	n82;33;n95;34;n96;35
73.55069036506347	C	n95;34
74.75708131456398	E	n95;34
77.82875716052023	E	n96;35
77.87291920469795	S	n63;30;n111;36;n112;37
80.13789888595848	S	n112;37;n121;38;n122;39
84.02661955226591	S	n122;39;n129;40;n130;41
86.0006184609162	E	n121;38
86.51037182362073	S	n111;36;n147;42;n148;43
89.53953138554083	S	n147;42;n163;44;n164;45
91.12710587207293	S	n129;40;n171;46;n172;47
91.44039855751173	S	n164;45;n177;48;n178;49
91.9252527843899	S	n148;43;n183;50;n184;51
93.34880801811472	E	n183;50
93.40783796646144	S	n130;41;n189;52;n190;53
93.64609162057884	E	n178;49
96.01562787274152	I	n190;53
96.77409377030416	E	n190;53
97.9736402717212	I	n163;44
100.61091691856613	E	n171;46
102.58874847283909	E	n189;52
104.82669673402249	I	n177;48
106.02298060458065	E	n172;47
106.177540060782	I	n177;48
106.5815499738447	L	n177;48
114.18324510306947	S	n184;51;n303;54;n304;55
114.41278485366259	S	n163;44;n305;56;n306;57
119.30590668260064	E	n303;54
119.93146279771446	S	n304;55;n339;58;n340;59
121.85255750893415	S	n339;58;n357;60;n358;61
122.20096298192965	F	n357;60
122.20096298192965	F	n358;61
122.20096298192965	F	n306;57
122.20096298192965	F	n340;59
122.20096298192965	F	n305;56
