TIME	EVENT	NODES
102.7703980530938	O	n199
108.37576250505025	E	n199;1
