TIME	EVENT	NODES
102.79037216312952	O	n198
110.38736452343699	E	n198;1
