TIME	EVENT	NODES
102.79189679213006	O	n227
105.15937208631122	E	n227;1
