TIME	EVENT	NODES
127.14980915230738	O	n203
136.9410702486098	S	n203;1;n273;2;n274;3
137.44428209975396	F	n274;3
137.44428209975396	F	n273;2
