TIME	EVENT	NODES
127.16261766358613	O	n185
137.44428209975396	F	n185;1
