TIME	EVENT	NODES
127.19660199528883	O	n161
137.44428209975396	F	n161;1
