TIME	EVENT	NODES
204.00689203097645	O	n71
224.87883338170167	E	n71;1
