TIME	EVENT	NODES
127.2179769551402	O	n201
132.0096165425425	E	n201;1
