TIME	EVENT	NODES
102.93219238816246	O	n218
107.41703737897967	E	n218;1
