TIME	EVENT	NODES
127.25298172292743	O	n195
137.44428209975396	F	n195;1
