TIME	EVENT	NODES
204.1108457293961	O	n52
227.7086322008703	S	n52;1;n97;2;n98;3
247.23804400459426	I	n97;2
249.03530572249304	S	n97;2;n123;4;n124;5
253.9370210396302	I	n123;4
254.59397657947247	S	n123;4;n139;6;n140;7
255.08922900163986	E	n139;6
258.8150958922131	S	n124;5;n149;8;n150;9
275.3394929136777	E	n140;7
293.4401227103343	E	n150;9
297.82959460464184	E	n98;3
313.2735372024965	E	n149;8
