TIME	EVENT	NODES
127.32825585806395	O	n186
128.10053318003548	I	n186;1
132.97487296848038	E	n186;1
