TIME	EVENT	NODES
127.35450288965774	O	n169
137.44428209975396	F	n169;1
