TIME	EVENT	NODES
204.24510660929434	O	n65
212.14935991177535	E	n65;1
