TIME	EVENT	NODES
127.39221333007067	O	n201
132.0096165425425	E	n201;1
