TIME	EVENT	NODES
127.39623677157216	O	n208
137.44428209975396	F	n208;1
