TIME	EVENT	NODES
127.44539111981295	O	n159
131.1781794776036	S	n159;1;n229;2;n230;3
131.76229200720144	I	n230;3
136.17150238763622	E	n229;2
137.44428209975396	F	n230;3
