TIME	EVENT	NODES
127.4771154885258	O	n200
130.15055173964421	E	n200;1
