TIME	EVENT	NODES
103.1099139103915	O	n235
105.18311610228545	E	n235;1
