TIME	EVENT	NODES
204.58178169211325	O	n72
250.3995970955104	I	n72;1
254.31869674795763	S	n72;1;n137;2;n138;3
262.48313050699846	S	n137;2;n155;4;n156;5
265.4727957427934	L	n138;3
280.9346084359787	E	n156;5
298.71573447537	T	n155;4;n155;6;n189;7
299.82769472765625	C	n189;7
302.77518792485097	S	n155;6;n221;8;n222;9
306.18779637717876	E	n189;7
314.3193370741534	E	n222;9
318.52345268785314	L	n221;8
