TIME	EVENT	NODES
127.56639073944888	O	n210
137.44428209975396	F	n210;1
