TIME	EVENT	NODES
204.81413279341155	O	n55
228.46733640472112	I	n55;1
238.066136604651	E	n55;1
