TIME	EVENT	NODES
204.90202735922912	O	n48
270.50846597342445	E	n48;1
