TIME	EVENT	NODES
127.65592217098573	O	n210
137.44428209975396	F	n210;1
