TIME	EVENT	NODES
204.91164420460584	O	n72
213.05209379671805	L	n72;1
