TIME	EVENT	NODES
204.92286865723202	O	n55
223.08766733391718	I	n55;1
235.47944374083383	I	n55;1
238.066136604651	E	n55;1
