TIME	EVENT	NODES
103.27302954341171	O	n236
104.12795378413578	C	n236;1
106.0641272673218	I	n236;1
115.2182153714495	S	n236;1;n313;2;n314;3
116.15826723514712	E	n313;2
122.20096298192965	F	n314;3
