TIME	EVENT	NODES
205.02124080948371	O	n65
211.89660106958712	I	n65;1
212.14935991177535	E	n65;1
