TIME	EVENT	NODES
103.29163849771439	O	n242
122.20096298192965	F	n242;1
