TIME	EVENT	NODES
127.70274712572818	O	n198
135.85282357483234	E	n198;1
