TIME	EVENT	NODES
103.30447527340297	O	n221
106.92161422948067	E	n221;1
