TIME	EVENT	NODES
127.71817188355635	O	n151
128.73131702604869	E	n151;1
