TIME	EVENT	NODES
103.34801439489645	O	n230
122.20096298192965	F	n230;1
