TIME	EVENT	NODES
127.72007821733018	O	n178
131.12736847383428	E	n178;1
