TIME	EVENT	NODES
103.36691737822072	O	n203
117.66952657185004	T	n203;1;n203;2;n321;3
118.63591561020323	S	n203;2;n333;4;n334;5
122.20096298192965	F	n333;4
122.20096298192965	F	n334;5
122.20096298192965	F	n321;3
