TIME	EVENT	NODES
127.77018262337315	O	n152
133.0018191312121	L	n152;1
