TIME	EVENT	NODES
127.77119504469316	O	n207
128.0705698243647	S	n207;1;n213;2;n214;3
130.09222203709768	S	n213;2;n223;4;n224;5
130.3478450618157	S	n224;5;n225;6;n226;7
132.25890650819693	E	n223;4
133.66597876976454	I	n226;7
133.68463181083166	S	n225;6;n245;8;n246;9
133.9195906530183	E	n214;3
134.01809809279308	E	n226;7
135.26511937963505	E	n245;8
137.44428209975396	F	n246;9
