TIME	EVENT	NODES
205.36304526306395	O	n63
217.10122037003637	S	n63;1;n87;2;n88;3
218.91080382826158	I	n87;2
224.42074098395472	S	n87;2;n93;4;n94;5
229.1156675276243	L	n88;3
229.1156675276243	T	n94;5;n94;6;n88;7
232.2598634713699	E	n94;6
232.8439288366906	E	n88;7
237.94706459010925	I	n93;4
242.4390490648912	L	n93;4
