TIME	EVENT	NODES
103.44491893386893	O	n241
104.39354497663153	E	n241;1
