TIME	EVENT	NODES
127.77936071893794	O	n150
130.06248543332637	E	n150;1
