TIME	EVENT	NODES
127.83160536087681	O	n204
137.44428209975396	F	n204;1
