TIME	EVENT	NODES
103.52359072391144	O	n163
112.77396045349973	I	n163;1
114.41278485366259	S	n163;1;n305;2;n306;3
122.20096298192965	F	n306;3
122.20096298192965	F	n305;2
