TIME	EVENT	NODES
103.54928527392903	O	n230
122.20096298192965	F	n230;1
