TIME	EVENT	NODES
127.90314335341476	O	n201
132.0096165425425	E	n201;1
