TIME	EVENT	NODES
103.60169444636034	O	n230
107.15897524956536	I	n230;1
120.28271574416134	I	n230;1
122.20096298192965	F	n230;1
