TIME	EVENT	NODES
127.9309238999415	O	n200
130.15055173964421	E	n200;1
