TIME	EVENT	NODES
103.62335929802772	O	n239
105.53784601725131	S	n239;1;n247;2;n248;3
106.8374852804199	S	n248;3;n251;4;n252;5
107.27663477102	S	n251;4;n257;6;n258;7
107.53070438542849	S	n247;2;n261;8;n262;9
108.85218441700046	I	n261;8
109.10825351651116	S	n252;5;n269;10;n270;11
109.19341537978787	S	n258;7;n271;12;n272;13
110.1458391327182	S	n271;12;n281;14;n282;15
110.16761770928778	T	n270;11;n270;16;n259;17
110.59821760248624	S	n262;9;n285;18;n286;19
111.10609646968076	E	n285;18
111.80098211610584	E	n269;10
112.32158139645087	S	n259;17;n299;20;n300;21
112.47100851439468	E	n270;16
115.29971570919966	E	n257;6
115.65239317601123	E	n272;13
116.08793483144474	E	n282;15
116.45204155339697	E	n261;8
119.5417768978418	E	n299;20
120.96164925685498	E	n286;19
122.20096298192965	F	n281;14
122.20096298192965	F	n300;21
