TIME	EVENT	NODES
128.00003440231376	O	n211
137.44428209975396	F	n211;1
