TIME	EVENT	NODES
128.01906193048242	O	n205
134.65113353933813	E	n205;1
