TIME	EVENT	NODES
128.03679331282862	O	n200
130.15055173964421	E	n200;1
