TIME	EVENT	NODES
103.74952775139805	O	n229
115.92249460212943	E	n229;1
