TIME	EVENT	NODES
128.04909817222554	O	n168
137.44428209975396	F	n168;1
