TIME	EVENT	NODES
103.76799410023335	O	n227
105.15937208631122	E	n227;1
