TIME	EVENT	NODES
103.79853951941573	O	n241
104.39354497663153	E	n241;1
