TIME	EVENT	NODES
206.10384735696948	O	n29
224.34369207996875	S	n29;1;n91;2;n92;3
227.54637249049256	E	n91;2
236.0611516181731	T	n92;3;n92;4;n93;5
242.0849829849916	I	n92;4
251.1517682979901	S	n92;4;n127;6;n128;7
251.5390235914055	E	n128;7
252.87678478256842	E	n127;6
253.52400698554953	I	n93;5
263.1946935408616	S	n93;5;n157;8;n158;9
266.9015218322871	D	n157;8;n157;10;n157;11
271.0359830191678	S	n158;9;n165;12;n166;13
274.2448730056736	T	n165;12;n165;14;n140;15
275.3394929136777	E	n140;15
281.1707603237528	I	n157;11
281.86281336619095	S	n157;10;n181;16;n182;17
281.86281336619095	S	n157;11;n181;18;n182;19
290.82009346208963	L	n165;14
297.3759122122873	E	n182;17
297.3759122122873	E	n182;19
308.5867676499249	I	n181;16
322.5597783334061	C	n181;18
325.62016585225894	E	n166;13
326.9191915703628	E	n181;16
326.9191915703628	E	n181;18
