TIME	EVENT	NODES
103.84534482742448	O	n215
106.13572358528997	E	n215;1
