TIME	EVENT	NODES
128.12681608366083	O	n188
129.26832954659912	S	n188;1;n215;2;n216;3
129.4683850439205	I	n216;3
131.59642289544732	S	n215;2;n233;4;n234;5
132.3401028583617	S	n233;4;n235;6;n236;7
132.75998679969956	S	n236;7;n241;8;n242;9
135.19070945215853	C	n235;6
137.13164605031997	E	n234;5
137.44428209975396	F	n242;9
137.44428209975396	F	n235;6
137.44428209975396	F	n216;3
137.44428209975396	F	n241;8
