TIME	EVENT	NODES
206.24160985226143	O	n48
215.03435402503305	T	n48;1;n48;2;n84;3
236.8169657606345	S	n84;3;n107;4;n108;5
236.96917640058223	I	n107;4
242.12188936407227	I	n48;2
249.10861886800265	S	n108;5;n125;6;n126;7
256.96114287753085	S	n126;7;n147;8;n148;9
262.43014142332055	E	n148;9
266.80294771333917	S	n107;4;n161;10;n162;11
270.50846597342445	E	n48;2
275.11850929823515	S	n125;6;n171;12;n172;13
277.04604187489826	E	n161;10
278.7026472992391	I	n172;13
283.3629310829571	S	n147;8;n183;14;n184;15
283.4855081958352	T	n171;12;n171;16;n166;17
283.96321069919566	L	n184;15
284.40652247702536	D	n171;16;n171;18;n171;19
285.1436705293827	I	n172;13
285.9456044299885	S	n162;11;n185;20;n186;21
291.54733638401655	C	n183;14
292.01152244219134	S	n186;21;n195;22;n196;23
293.7756060200263	I	n196;23
294.1998026308451	E	n171;18
294.1998026308451	E	n171;19
294.19998560803054	C	n183;14
296.7804733096652	S	n196;23;n207;24;n208;25
297.77429733878824	E	n208;25
298.5182981782411	E	n207;24
301.5187902891868	E	n195;22
306.7118637562414	E	n185;20
313.8733094697345	L	n183;14
314.1964137061693	T	n166;17;n166;26;n223;27
315.41472492191235	E	n172;13
325.62016585225894	E	n166;26
327.68708843484586	S	n223;27;n251;28;n252;29
334.9897297167016	S	n251;28;n257;30;n258;31
338.60724308394225	I	n257;30
344.02040770953147	S	n258;31;n283;32;n284;33
346.5990500281604	S	n283;32;n287;34;n288;35
347.8774005988659	L	n252;29
353.2274467652559	S	n284;33;n297;36;n298;37
354.3205771885487	C	n297;36
360.61134839988944	L	n298;37
360.61134839988944	T	n287;34;n287;38;n298;39
364.1699775277031	I	n257;30
368.33285918754166	F	n287;38
368.33285918754166	F	n257;30
368.33285918754166	F	n288;35
368.33285918754166	F	n297;36
368.33285918754166	F	n298;39
