TIME	EVENT	NODES
103.90839281312017	O	n218
107.41703737897967	E	n218;1
