TIME	EVENT	NODES
128.28165653262676	O	n178
129.52965147806358	T	n178;1;n178;2;n186;3
131.12736847383428	E	n178;2
132.97487296848038	E	n186;3
