TIME	EVENT	NODES
103.9166522980428	O	n198
106.15241879881268	I	n198;1
110.38736452343699	E	n198;1
