TIME	EVENT	NODES
128.28456195410465	O	n152
133.98837576070537	E	n152;1
