TIME	EVENT	NODES
103.93934988718806	O	n226
106.76847042739723	E	n226;1
