TIME	EVENT	NODES
206.5357665736203	O	n61
209.3026833920613	I	n61;1
221.4844260935815	S	n61;1;n89;2;n90;3
231.2895298785254	E	n89;2
275.67383388770565	I	n90;3
280.88338111280893	E	n90;3
