TIME	EVENT	NODES
103.95025193718843	O	n230
122.20096298192965	F	n230;1
