TIME	EVENT	NODES
128.33660622733225	O	n206
129.44283556805237	S	n206;1;n217;2;n218;3
136.24444141721895	S	n217;2;n271;4;n272;5
136.92204020212358	T	n218;3;n218;6;n210;7
137.44428209975396	F	n272;5
137.44428209975396	F	n271;4
137.44428209975396	F	n210;7
137.44428209975396	F	n218;6
