TIME	EVENT	NODES
128.34932445902112	O	n161
137.44428209975396	F	n161;1
