TIME	EVENT	NODES
128.3644160569458	O	n186
131.6949341581903	I	n186;1
132.97487296848038	E	n186;1
