TIME	EVENT	NODES
128.3659397088297	O	n208
137.44428209975396	F	n208;1
