TIME	EVENT	NODES
206.63182041364996	O	n64
248.88117897606477	E	n64;1
