TIME	EVENT	NODES
128.42503471045646	O	n198
135.85282357483234	E	n198;1
