TIME	EVENT	NODES
128.4314894210958	O	n213
130.09222203709768	S	n213;1;n223;2;n224;3
130.3478450618157	S	n224;3;n225;4;n226;5
132.25890650819693	E	n223;2
133.68463181083166	S	n225;4;n245;6;n246;7
134.01809809279308	E	n226;5
135.26511937963505	E	n245;6
137.44428209975396	F	n246;7
