TIME	EVENT	NODES
104.08615999806688	O	n227
105.15937208631122	E	n227;1
