TIME	EVENT	NODES
104.13483969012091	O	n172
106.02298060458065	E	n172;1
