TIME	EVENT	NODES
128.47214316740167	O	n200
130.15055173964421	E	n200;1
