TIME	EVENT	NODES
128.5066200249187	O	n208
137.44428209975396	F	n208;1
