TIME	EVENT	NODES
128.58649993026887	O	n210
137.44428209975396	F	n210;1
