TIME	EVENT	NODES
206.9900508492623	O	n63
209.74008277117377	I	n63;1
217.10122037003637	S	n63;1;n87;2;n88;3
224.42074098395472	S	n87;2;n93;4;n94;5
226.78196816758378	C	n88;3
232.2598634713699	E	n94;5
232.8439288366906	E	n88;3
263.1946935408616	S	n93;4;n157;6;n158;7
271.0359830191678	S	n158;7;n165;8;n166;9
281.86281336619095	S	n157;6;n181;10;n182;11
282.785852448243	I	n165;8
285.58675967561237	I	n165;8
297.3759122122873	E	n182;11
300.3569424951495	C	n166;9
300.66408360617874	S	n165;8;n217;12;n218;13
301.39480262224913	S	n217;12;n219;14;n220;15
308.73333444367574	I	n220;15
309.22719658015154	E	n220;15
322.23550031039156	S	n219;14;n243;16;n244;17
325.62016585225894	E	n166;9
326.9191915703628	E	n181;10
327.1046107185982	E	n218;13
331.17016798171915	I	n244;17
336.27194991669535	S	n243;16;n265;18;n266;19
337.4581155652351	I	n244;17
337.9466629699342	E	n266;19
348.2156527266136	T	n244;17;n244;20;n183;21
349.00530575206363	E	n183;21
357.83898267386695	E	n265;18
358.1520119237384	I	n244;20
368.33285918754166	F	n244;20
