TIME	EVENT	NODES
104.34033847363177	O	n125
122.20096298192965	F	n125;1
