TIME	EVENT	NODES
104.37233810384964	O	n232
105.3897705314984	S	n232;1;n245;2;n246;3
105.88690905593181	L	n246;3
108.2409827939678	S	n245;2;n265;4;n266;5
111.91854719341158	S	n266;5;n295;6;n296;7
115.36249319289614	E	n296;7
118.22271826685676	E	n265;4
122.20096298192965	F	n295;6
