TIME	EVENT	NODES
104.44836191132784	O	n199
107.29486847512231	L	n199;1
