TIME	EVENT	NODES
104.45962120463135	O	n125
122.20096298192965	F	n125;1
