TIME	EVENT	NODES
104.47356687044989	O	n186
106.84486426192589	E	n186;1
