TIME	EVENT	NODES
104.474579388833	O	n153
121.07129678678109	I	n153;1
122.20096298192965	F	n153;1
