TIME	EVENT	NODES
128.73742173419313	O	n204
137.44428209975396	F	n204;1
