TIME	EVENT	NODES
104.5565350294774	O	n230
122.20096298192965	F	n230;1
