TIME	EVENT	NODES
104.58450161454167	O	n242
122.20096298192965	F	n242;1
