TIME	EVENT	NODES
207.4582678862237	O	n70
256.74972332501403	S	n70;1;n145;2;n146;3
260.3293404082332	I	n146;3
275.0960935428681	S	n146;3;n169;4;n170;5
275.8505257194636	S	n145;2;n173;6;n174;7
276.778106847264	S	n169;4;n177;8;n178;9
285.6377291343166	I	n174;7
286.77323037004624	I	n177;8
289.7660671719976	S	n177;8;n191;10;n192;11
292.56408620681617	S	n191;10;n197;12;n198;13
295.7101501024865	E	n178;9
296.14810787631427	T	n198;13;n198;14;n166;15
297.88510067996623	E	n197;12
301.6495360739827	L	n170;5
304.7559198663308	I	n198;14
306.5664778443742	T	n174;7;n174;16;n220;17
307.38395435412264	I	n166;15
309.21205838172443	S	n198;14;n231;18;n232;19
309.22719658015154	E	n220;17
314.5087251124538	E	n173;6
316.27600896896894	E	n192;11
316.64521563171144	E	n174;16
317.30612004847615	S	n232;19;n239;20;n240;21
325.62016585225894	E	n166;15
335.14844581859495	S	n231;18;n259;22;n260;23
342.5079525425039	I	n239;20
345.8359588057385	I	n260;23
348.6720819320871	E	n240;21
348.7564267084988	E	n259;22
362.3007010348596	L	n239;20
365.3354294195512	E	n260;23
