TIME	EVENT	NODES
128.85920116431052	O	n178
131.12736847383428	E	n178;1
