TIME	EVENT	NODES
128.87552997516727	O	n214
133.9195906530183	E	n214;1
