TIME	EVENT	NODES
207.52997018651928	O	n65
212.14935991177535	E	n65;1
