TIME	EVENT	NODES
207.5465159629328	O	n55
207.74657186132538	I	n55;1
238.066136604651	E	n55;1
