TIME	EVENT	NODES
128.8823615895715	O	n152
133.98837576070537	E	n152;1
