TIME	EVENT	NODES
207.57460617207937	O	n65
212.14935991177535	E	n65;1
