TIME	EVENT	NODES
128.8910928472431	O	n152
133.98837576070537	E	n152;1
