TIME	EVENT	NODES
104.64635434548366	O	n199
108.37576250505025	E	n199;1
