TIME	EVENT	NODES
207.6216390548368	O	n70
233.23079016296543	I	n70;1
256.74972332501403	S	n70;1;n145;2;n146;3
263.38853001017975	D	n146;3;n146;4;n146;5
275.0960935428681	S	n146;4;n169;6;n170;7
275.0960935428681	S	n146;5;n169;8;n170;9
275.8505257194636	S	n145;2;n173;10;n174;11
276.778106847264	S	n169;6;n177;12;n178;13
276.778106847264	S	n169;8;n177;14;n178;15
281.2860118910586	C	n177;12
281.2860118910586	C	n177;14
283.370410013917	C	n178;13
283.370410013917	C	n178;15
289.68495730814817	I	n177;12
289.68495730814817	I	n177;14
289.7660671719976	S	n177;14;n191;16;n192;17
289.7660671719976	S	n177;12;n191;18;n192;19
292.56408620681617	S	n191;16;n197;20;n198;21
292.56408620681617	S	n191;18;n197;22;n198;23
295.7101501024865	E	n178;13
295.7101501024865	E	n178;15
297.88510067996623	E	n197;20
297.88510067996623	E	n197;22
306.80888938511595	I	n170;7
306.80888938511595	I	n170;9
309.21205838172443	S	n198;21;n231;24;n232;25
309.21205838172443	S	n198;23;n231;26;n232;27
314.5087251124538	E	n173;10
315.00993904701704	C	n174;11
316.27600896896894	E	n192;17
316.27600896896894	E	n192;19
316.64521563171144	E	n174;11
317.30612004847615	S	n232;25;n239;28;n240;29
317.30612004847615	S	n232;27;n239;30;n240;31
335.14844581859495	S	n231;24;n259;32;n260;33
335.14844581859495	S	n231;26;n259;34;n260;35
338.2325154907867	I	n260;33
338.2325154907867	I	n260;35
342.2126935840476	T	n170;9;n170;36;n257;37
346.2149137392892	I	n240;29
346.2149137392892	I	n240;31
348.6720819320871	E	n240;31
348.6720819320871	E	n240;29
348.7564267084988	E	n259;32
348.7564267084988	E	n259;34
354.2630555881726	L	n170;36
365.3354294195512	E	n260;35
365.3354294195512	E	n260;33
365.6675909654996	S	n239;28;n327;38;n328;39
365.6675909654996	S	n239;30;n327;40;n328;41
368.33285918754166	F	n257;37
368.33285918754166	F	n327;38
368.33285918754166	F	n327;40
368.33285918754166	F	n328;39
368.33285918754166	F	n328;41
368.33285918754166	F	n170;7
