TIME	EVENT	NODES
128.8945798726669	O	n201
132.0096165425425	E	n201;1
