TIME	EVENT	NODES
128.9145803499388	O	n185
137.44428209975396	F	n185;1
