TIME	EVENT	NODES
104.6823361298344	O	n238
122.20096298192965	F	n238;1
