TIME	EVENT	NODES
104.72038340241107	O	n198
110.38736452343699	E	n198;1
