TIME	EVENT	NODES
128.97199171725265	O	n195
137.44428209975396	F	n195;1
