TIME	EVENT	NODES
128.99060262953762	O	n185
137.44428209975396	F	n185;1
