TIME	EVENT	NODES
104.82085566083514	O	n172
106.02298060458065	E	n172;1
