TIME	EVENT	NODES
129.02848269647873	O	n195
129.13466038388887	L	n195;1
