TIME	EVENT	NODES
104.8376280358489	O	n240
106.00897419475767	E	n240;1
