TIME	EVENT	NODES
129.03121006065845	O	n191
131.11070081786738	E	n191;1
