TIME	EVENT	NODES
129.03876212464823	O	n205
129.49847368136182	I	n205;1
134.65113353933813	E	n205;1
