TIME	EVENT	NODES
104.84790885454404	O	n235
105.18311610228545	E	n235;1
