TIME	EVENT	NODES
104.89661482841996	O	n125
115.01815767522035	I	n125;1
122.20096298192965	F	n125;1
