TIME	EVENT	NODES
129.23087647079677	O	n208
137.44428209975396	F	n208;1
