TIME	EVENT	NODES
104.99260272943708	O	n177
112.94097464488055	I	n177;1
118.21581233262908	S	n177;1;n327;2;n328;3
118.26466469545224	S	n328;3;n329;4;n330;5
119.62332659025108	L	n330;5
122.20096298192965	F	n327;2
122.20096298192965	F	n329;4
