TIME	EVENT	NODES
129.28625912584832	O	n148
137.44428209975396	F	n148;1
