TIME	EVENT	NODES
208.3147502833007	O	n29
224.29512322073978	T	n29;1;n29;2;n80;3
224.34369207996875	S	n29;2;n91;4;n92;5
227.54637249049256	E	n91;4
239.01003706129444	S	n80;3;n109;6;n110;7
251.1517682979901	S	n92;5;n127;8;n128;9
251.5390235914055	E	n128;9
252.87678478256842	E	n127;8
259.16534599930145	I	n110;7
284.2178002455884	I	n110;7
287.5951517002605	S	n110;7;n187;10;n188;11
290.4773514470039	L	n188;11
315.342886568578	E	n109;6
356.3119546325315	E	n187;10
