TIME	EVENT	NODES
208.32634848743152	O	n70
256.74972332501403	S	n70;1;n145;2;n146;3
275.0960935428681	S	n146;3;n169;4;n170;5
275.8505257194636	S	n145;2;n173;6;n174;7
276.778106847264	S	n169;4;n177;8;n178;9
283.04772313956573	I	n173;6
289.7660671719976	S	n177;8;n191;10;n192;11
292.56408620681617	S	n191;10;n197;12;n198;13
294.7289473826394	I	n198;13
295.7101501024865	E	n178;9
296.19267675483087	I	n174;7
297.88510067996623	E	n197;12
298.1381476216975	C	n192;11
299.98165650770176	T	n198;13;n198;14;n109;15
309.21205838172443	S	n198;14;n231;16;n232;17
310.8124349285221	I	n109;15
314.5087251124538	E	n173;6
315.342886568578	E	n109;15
316.27600896896894	E	n192;11
316.64521563171144	E	n174;7
317.30612004847615	S	n232;17;n239;18;n240;19
321.92075477469405	I	n231;16
326.68448293884694	D	n240;19;n240;20;n240;21
326.7405803396773	C	n239;18
335.14844581859495	S	n231;16;n259;22;n260;23
339.7518059604649	C	n240;20
339.7518059604649	C	n240;21
342.23674978945945	L	n240;21
345.04813286143076	I	n240;20
346.628520298055	I	n239;18
348.6720819320871	E	n240;20
348.7564267084988	E	n259;22
349.99728144363627	I	n170;5
365.3354294195512	E	n260;23
365.6675909654996	S	n239;18;n327;24;n328;25
368.33285918754166	F	n327;24
368.33285918754166	F	n328;25
368.33285918754166	F	n170;5
