TIME	EVENT	NODES
105.01465812057262	O	n153
122.20096298192965	F	n153;1
