TIME	EVENT	NODES
208.38617996986997	O	n53
226.86452868796613	S	n53;1;n95;2;n96;3
233.55443944646427	S	n96;3;n105;4;n106;5
238.34612149667603	C	n95;2
242.68991770837525	L	n95;2
242.68991770837525	T	n105;4;n105;6;n95;7
247.89276809742267	S	n106;5;n121;8;n122;9
253.12733956995356	I	n122;9
261.6291738439399	E	n121;8
265.38019504959084	D	n95;7;n95;10;n95;11
268.81104675781813	I	n95;10
268.81104675781813	I	n95;11
270.0176450662464	I	n95;11
270.0176450662464	I	n95;10
271.5541373875477	S	n95;10;n167;12;n168;13
271.5541373875477	S	n95;11;n167;14;n168;15
273.5864034493894	E	n122;9
278.37777927242377	S	n168;13;n179;16;n180;17
278.37777927242377	S	n168;15;n179;18;n180;19
278.6214938342557	E	n167;12
278.6214938342557	E	n167;14
282.56958360049487	E	n179;16
282.56958360049487	E	n179;18
287.2898658895813	E	n105;6
292.321064504694	E	n180;17
292.321064504694	E	n180;19
