TIME	EVENT	NODES
129.3240195680724	O	n196
137.44428209975396	F	n196;1
