TIME	EVENT	NODES
208.51220847488497	O	n48
222.362127734114	I	n48;1
263.3663658004069	T	n48;1;n48;2;n95;3
270.50846597342445	E	n48;2
271.5541373875477	S	n95;3;n167;4;n168;5
278.37777927242377	S	n168;5;n179;6;n180;7
278.6214938342557	E	n167;4
281.6462669527122	T	n180;7;n180;8;n98;9
282.56958360049487	E	n179;6
292.321064504694	E	n180;8
297.82959460464184	E	n98;9
