TIME	EVENT	NODES
129.32685563186863	O	n208
137.44428209975396	F	n208;1
