TIME	EVENT	NODES
105.1367980068863	O	n238
120.93067465874887	I	n238;1
122.20096298192965	F	n238;1
