TIME	EVENT	NODES
208.60889902518406	O	n61
211.6648929024925	D	n61;1;n61;2;n61;3
221.4844260935815	S	n61;2;n89;4;n90;5
221.4844260935815	S	n61;3;n89;6;n90;7
226.76537799071846	I	n89;4
226.76537799071846	I	n89;6
231.2895298785254	E	n89;6
231.2895298785254	E	n89;4
280.88338111280893	E	n90;5
280.88338111280893	E	n90;7
