TIME	EVENT	NODES
105.17738706574791	O	n235
105.18311610228545	E	n235;1
