TIME	EVENT	NODES
129.40199928624156	O	n152
130.68043533958442	I	n152;1
133.98837576070537	E	n152;1
