TIME	EVENT	NODES
208.81305061755373	O	n70
256.74972332501403	S	n70;1;n145;2;n146;3
267.10488677751715	I	n145;2
271.0536409135748	I	n145;2
275.0960935428681	S	n146;3;n169;4;n170;5
275.8505257194636	S	n145;2;n173;6;n174;7
276.778106847264	S	n169;4;n177;8;n178;9
281.33983152088666	I	n173;6
284.52506393077937	I	n170;5
289.7660671719976	S	n177;8;n191;10;n192;11
292.56408620681617	S	n191;10;n197;12;n198;13
293.7366621757998	I	n192;11
294.4523068991941	C	n173;6
294.85205953567214	I	n174;7
295.7101501024865	E	n178;9
296.42496988893606	I	n174;7
297.88510067996623	E	n197;12
299.86438373273126	I	n174;7
308.47786470125436	I	n170;5
309.21205838172443	S	n198;13;n231;14;n232;15
314.5087251124538	E	n173;6
314.73099368062054	I	n231;14
316.27600896896894	E	n192;11
316.64521563171144	E	n174;7
317.30612004847615	S	n232;15;n239;16;n240;17
328.51162888162287	I	n170;5
335.14844581859495	S	n231;14;n259;18;n260;19
335.9808152324455	I	n240;17
348.6720819320871	E	n240;17
348.7564267084988	E	n259;18
352.6309878777763	C	n239;16
360.3599579694188	T	n170;5;n170;20;n273;21
365.3354294195512	E	n260;19
365.43190125744275	S	n273;21;n325;22;n326;23
365.6675909654996	S	n239;16;n327;24;n328;25
368.33285918754166	F	n327;24
368.33285918754166	F	n325;22
368.33285918754166	F	n328;25
368.33285918754166	F	n326;23
368.33285918754166	F	n170;20
