TIME	EVENT	NODES
105.37396664778201	O	n199
108.37576250505025	E	n199;1
