TIME	EVENT	NODES
208.81482725511864	O	n68
219.75865799309125	I	n68;1
227.74447505539555	S	n68;1;n99;2;n100;3
227.79180205667913	E	n99;2
237.69454073199455	T	n100;3;n100;4;n95;5
240.6015620950032	S	n100;4;n113;6;n114;7
260.0079447944091	E	n114;7
271.5541373875477	S	n95;5;n167;8;n168;9
276.06674945851347	E	n113;6
277.47375659496396	C	n167;8
278.37777927242377	S	n168;9;n179;10;n180;11
278.6214938342557	E	n167;8
282.56958360049487	E	n179;10
292.321064504694	E	n180;11
