TIME	EVENT	NODES
105.37978367030654	O	n234
111.03753699902806	E	n234;1
