TIME	EVENT	NODES
105.38105043323714	O	n237
110.61259856831502	S	n237;1;n287;2;n288;3
116.4438118421558	E	n287;2
122.20096298192965	F	n288;3
