TIME	EVENT	NODES
208.86165641181628	O	n68
211.3381781673929	L	n68;1
