TIME	EVENT	NODES
129.59404578993014	O	n210
137.44428209975396	F	n210;1
