TIME	EVENT	NODES
129.61918718816432	O	n178
131.12736847383428	E	n178;1
