TIME	EVENT	NODES
105.52184627462883	O	n218
107.41703737897967	E	n218;1
