TIME	EVENT	NODES
105.52268916396326	O	n234
111.03753699902806	E	n234;1
