TIME	EVENT	NODES
105.53897853814199	O	n226
106.76847042739723	E	n226;1
