TIME	EVENT	NODES
129.7079423912649	O	n211
137.44428209975396	F	n211;1
