TIME	EVENT	NODES
209.03475976579773	O	n64
227.32571450460492	I	n64;1
248.88117897606477	E	n64;1
