TIME	EVENT	NODES
129.75220350507374	O	n214
133.9195906530183	E	n214;1
