TIME	EVENT	NODES
105.6440466682377	O	n215
106.13572358528997	E	n215;1
