TIME	EVENT	NODES
105.64678133357899	O	n240
106.00897419475767	E	n240;1
