TIME	EVENT	NODES
209.3124331636022	O	n68
227.74447505539555	S	n68;1;n99;2;n100;3
227.79180205667913	E	n99;2
240.6015620950032	S	n100;3;n113;4;n114;5
253.30421334750727	C	n113;4
256.22611449604574	C	n113;4
260.0079447944091	E	n114;5
276.06674945851347	E	n113;4
