TIME	EVENT	NODES
129.84187769330012	O	n183
132.5078781716013	S	n183;1;n237;2;n238;3
137.44428209975396	F	n238;3
137.44428209975396	F	n237;2
