TIME	EVENT	NODES
209.3203082930238	O	n63
217.10122037003637	S	n63;1;n87;2;n88;3
219.32360115619716	I	n88;3
224.42074098395472	S	n87;2;n93;4;n94;5
228.21110529228426	I	n94;5
229.8591796462208	I	n88;3
232.2598634713699	E	n94;5
232.8128889535172	I	n88;3
232.8439288366906	E	n88;3
253.54691924446132	I	n93;4
263.1946935408616	S	n93;4;n157;6;n158;7
271.0359830191678	S	n158;7;n165;8;n166;9
275.1768781412157	L	n166;9
276.5471977057935	I	n165;8
281.86281336619095	S	n157;6;n181;10;n182;11
290.33249324894035	C	n182;11
294.23811375319826	L	n182;11
294.23811375319826	T	n181;10;n181;12;n182;13
297.3759122122873	E	n182;13
300.66408360617874	S	n165;8;n217;14;n218;15
301.39480262224913	S	n217;14;n219;16;n220;17
305.728733924016	I	n220;17
308.3990299196184	I	n220;17
309.22719658015154	E	n220;17
310.2506138728451	C	n219;16
322.23550031039156	S	n219;16;n243;18;n244;19
326.9191915703628	E	n181;12
327.1046107185982	E	n218;15
333.4399560883069	T	n243;18;n243;20;n239;21
336.27194991669535	S	n243;20;n265;22;n266;23
337.9466629699342	E	n266;23
357.83898267386695	E	n265;22
365.6675909654996	S	n239;21;n327;24;n328;25
368.33285918754166	F	n327;24
368.33285918754166	F	n328;25
368.33285918754166	F	n244;19
