TIME	EVENT	NODES
105.67582289748549	O	n218
107.41703737897967	E	n218;1
