TIME	EVENT	NODES
129.84402661964944	O	n190
129.9551407662016	S	n190;1;n219;2;n220;3
131.05102661768325	S	n220;3;n227;4;n228;5
131.58558979265632	S	n228;5;n231;6;n232;7
133.2920000968473	S	n232;7;n243;8;n244;9
133.7496404730826	S	n219;2;n247;10;n248;11
134.4393152643855	S	n244;9;n253;12;n254;13
135.55934214570183	E	n227;4
135.72829461091368	S	n253;12;n261;14;n262;15
135.9040185296587	I	n231;6
136.1240024276164	I	n231;6
137.44428209975396	F	n247;10
137.44428209975396	F	n243;8
137.44428209975396	F	n254;13
137.44428209975396	F	n261;14
137.44428209975396	F	n262;15
137.44428209975396	F	n248;11
137.44428209975396	F	n231;6
