TIME	EVENT	NODES
209.48566130374047	O	n78
226.3022639445042	E	n78;1
