TIME	EVENT	NODES
105.6903922530754	O	n238
122.20096298192965	F	n238;1
