TIME	EVENT	NODES
129.90417985506	O	n208
137.44428209975396	F	n208;1
