TIME	EVENT	NODES
105.71144270206716	O	n218
107.41703737897967	E	n218;1
