TIME	EVENT	NODES
105.72720579157838	O	n248
106.8374852804199	S	n248;1;n251;2;n252;3
107.27663477102	S	n251;2;n257;4;n258;5
109.10825351651116	S	n252;3;n269;6;n270;7
109.19341537978787	S	n258;5;n271;8;n272;9
110.1458391327182	S	n271;8;n281;10;n282;11
111.80098211610584	E	n269;6
112.47100851439468	E	n270;7
115.29971570919966	E	n257;4
115.65239317601123	E	n272;9
115.67489729811757	I	n281;10
116.08793483144474	E	n282;11
122.20096298192965	F	n281;10
