TIME	EVENT	NODES
105.72851853008638	O	n220
107.63424599825862	I	n220;1
117.22845013816767	I	n220;1
117.4785598549471	I	n220;1
122.09585390230912	I	n220;1
122.20096298192965	F	n220;1
