TIME	EVENT	NODES
129.92342477299732	O	n217
136.24444141721895	S	n217;1;n271;2;n272;3
137.44428209975396	F	n272;3
137.44428209975396	F	n271;2
