TIME	EVENT	NODES
209.581111757131	O	n65
212.14935991177535	E	n65;1
