TIME	EVENT	NODES
129.92904660453826	O	n214
133.9195906530183	E	n214;1
