TIME	EVENT	NODES
209.62825728805547	O	n61
221.4844260935815	S	n61;1;n89;2;n90;3
231.2895298785254	E	n89;2
255.61711198852078	I	n90;3
264.1218818382455	I	n90;3
264.80551857542685	I	n90;3
280.88338111280893	E	n90;3
