TIME	EVENT	NODES
105.82196284587614	O	n221
106.92161422948067	E	n221;1
