TIME	EVENT	NODES
105.85208872410921	O	n230
116.69540201234533	C	n230;1
122.20096298192965	F	n230;1
