TIME	EVENT	NODES
129.9627267804448	O	n150
130.06248543332637	E	n150;1
