TIME	EVENT	NODES
105.87918463064112	O	n203
111.2767318351347	C	n203;1
118.63591561020323	S	n203;1;n333;2;n334;3
122.20096298192965	F	n333;2
122.20096298192965	F	n334;3
