TIME	EVENT	NODES
105.89750610695724	O	n245
108.2409827939678	S	n245;1;n265;2;n266;3
109.14583721841701	I	n266;3
111.91854719341158	S	n266;3;n295;4;n296;5
115.36249319289614	E	n296;5
116.60923323235312	I	n295;4
118.22271826685676	E	n265;2
118.87809483136888	C	n295;4
121.54989849783436	D	n295;4;n295;6;n295;7
122.20096298192965	F	n295;6
122.20096298192965	F	n295;7
