TIME	EVENT	NODES
105.94231729352877	O	n240
106.00897419475767	E	n240;1
