TIME	EVENT	NODES
105.97202695000381	O	n215
106.13572358528997	E	n215;1
