TIME	EVENT	NODES
130.01259811996556	O	n186
132.97487296848038	E	n186;1
