TIME	EVENT	NODES
130.01404125604276	O	n216
137.44428209975396	F	n216;1
