TIME	EVENT	NODES
106.08019855601415	O	n222
121.99539642490345	I	n222;1
122.20096298192965	F	n222;1
