TIME	EVENT	NODES
130.05557252509945	O	n175
131.13955467271012	I	n175;1
136.18078583605833	E	n175;1
