TIME	EVENT	NODES
106.19568261899421	O	n245
108.2409827939678	S	n245;1;n265;2;n266;3
111.91854719341158	S	n266;3;n295;4;n296;5
114.23828200218105	L	n296;5
116.24291505932295	L	n265;2
122.20096298192965	F	n295;4
