TIME	EVENT	NODES
130.06686224564646	O	n196
137.44428209975396	F	n196;1
