TIME	EVENT	NODES
210.04977801224464	O	n76
211.6666750898376	S	n76;1;n79;2;n80;3
213.32577331513028	S	n79;2;n83;4;n84;5
216.27781290793985	E	n83;4
229.51735172790225	I	n84;5
230.00144486411548	L	n80;3
236.8169657606345	S	n84;5;n107;6;n108;7
249.10861886800265	S	n108;7;n125;8;n126;9
249.78648125737294	I	n126;9
256.96114287753085	S	n126;9;n147;10;n148;11
262.43014142332055	E	n148;11
266.0496073842215	I	n147;10
266.80294771333917	S	n107;6;n161;12;n162;13
275.11850929823515	S	n125;8;n171;14;n172;15
277.04604187489826	E	n161;12
277.4516936504784	C	n147;10
282.0361118140359	I	n171;14
283.3629310829571	S	n147;10;n183;16;n184;17
285.9456044299885	S	n162;13;n185;18;n186;19
285.9502728820149	C	n184;17
292.01152244219134	S	n186;19;n195;20;n196;21
292.62398196701	D	n171;14;n171;22;n171;23
293.6183387782659	E	n184;17
294.1998026308451	E	n171;22
294.1998026308451	E	n171;23
296.7804733096652	S	n196;21;n207;24;n208;25
297.62864131323835	L	n208;25
298.5182981782411	E	n207;24
300.65162481309466	T	n172;15;n172;26;n173;27
301.5187902891868	E	n195;20
303.424735630872	I	n185;18
306.7118637562414	E	n185;18
312.397854141934	I	n172;26
314.37991492331014	D	n183;16;n183;28;n183;29
314.5087251124538	E	n173;27
315.41472492191235	E	n172;26
344.025896863416	I	n183;28
349.00530575206363	E	n183;28
349.00530575206363	E	n183;29
