TIME	EVENT	NODES
106.27010566333946	O	n177
118.21581233262908	S	n177;1;n327;2;n328;3
118.26466469545224	S	n328;3;n329;4;n330;5
119.27677204929158	T	n327;2;n327;6;n324;7
121.7585378305599	S	n330;5;n353;8;n354;9
122.20096298192965	F	n327;6
122.20096298192965	F	n329;4
122.20096298192965	F	n354;9
122.20096298192965	F	n353;8
122.20096298192965	F	n324;7
