TIME	EVENT	NODES
130.08841757329347	O	n203
135.2922987625993	I	n203;1
136.9410702486098	S	n203;1;n273;2;n274;3
137.44428209975396	F	n274;3
137.44428209975396	F	n273;2
