TIME	EVENT	NODES
106.31028113050056	O	n198
110.38736452343699	E	n198;1
