TIME	EVENT	NODES
130.09772766911982	O	n208
131.47006069331593	I	n208;1
137.44428209975396	F	n208;1
