TIME	EVENT	NODES
106.32006042793219	O	n249
113.26780984524378	E	n249;1
