TIME	EVENT	NODES
130.15203462597063	O	n203
136.9410702486098	S	n203;1;n273;2;n274;3
137.44428209975396	F	n274;3
137.44428209975396	F	n273;2
