TIME	EVENT	NODES
130.1559112296205	O	n209
134.11183794022722	S	n209;1;n249;2;n250;3
136.05418159125273	I	n249;2
137.4181928277078	S	n250;3;n279;4;n280;5
137.44428209975396	F	n279;4
137.44428209975396	F	n280;5
137.44428209975396	F	n249;2
