TIME	EVENT	NODES
130.16597752920035	O	n210
133.69146530749822	I	n210;1
137.44428209975396	F	n210;1
