TIME	EVENT	NODES
106.43445414886321	O	n220
122.20096298192965	F	n220;1
