TIME	EVENT	NODES
130.16653489925486	O	n178
131.12736847383428	E	n178;1
