TIME	EVENT	NODES
106.45820265743461	O	n220
111.78609413940653	L	n220;1
