TIME	EVENT	NODES
130.1732684650296	O	n198
135.85282357483234	E	n198;1
