TIME	EVENT	NODES
0	O	Root
0.0	S	Root;1;n1;2;n2;3
3.2265121368497676	S	n2;3;n3;4;n4;5
6.0891450189117755	S	n4;5;n5;6;n6;7
12.049627919615546	E	n1;2
22.758813599063668	L	n3;4
28.90500321874531	I	n5;6
41.7308661144652	E	n6;7
65.79458869924449	S	n5;6;n11;8;n12;9
74.97392234627205	L	n11;8
80.59920766624008	E	n12;9
