TIME	EVENT	NODES
130.2088422555323	O	n152
133.98837576070537	E	n152;1
