TIME	EVENT	NODES
130.2511073564655	O	n222
130.79527631442593	E	n222;1
