TIME	EVENT	NODES
130.29321822936583	O	n152
133.98837576070537	E	n152;1
