TIME	EVENT	NODES
130.30483810069265	O	n216
137.44428209975396	F	n216;1
