TIME	EVENT	NODES
130.31477218433528	O	n148
137.44428209975396	F	n148;1
