TIME	EVENT	NODES
106.70767879479742	O	n199
108.37576250505025	E	n199;1
