TIME	EVENT	NODES
106.7232772509119	O	n230
122.20096298192965	F	n230;1
