TIME	EVENT	NODES
210.5726250655586	O	n71
224.87883338170167	E	n71;1
