TIME	EVENT	NODES
106.7292254598663	O	n205
122.20096298192965	F	n205;1
