TIME	EVENT	NODES
106.72984802682691	O	n250
121.49314783995172	I	n250;1
122.20096298192965	F	n250;1
