TIME	EVENT	NODES
106.80919475778376	O	n245
108.2409827939678	S	n245;1;n265;2;n266;3
109.87807173611152	I	n265;2
111.91854719341158	S	n266;3;n295;4;n296;5
112.65581164630271	I	n296;5
114.27831692461803	L	n265;2
115.36249319289614	E	n296;5
117.9020414695126	T	n295;4;n295;6;n304;7
119.93146279771446	S	n304;7;n339;8;n340;9
121.85255750893415	S	n339;8;n357;10;n358;11
122.20096298192965	F	n357;10
122.20096298192965	F	n358;11
122.20096298192965	F	n340;9
122.20096298192965	F	n295;6
