TIME	EVENT	NODES
106.80954833879828	O	n249
113.26780984524378	E	n249;1
