TIME	EVENT	NODES
106.81029082049497	O	n229
115.92249460212943	E	n229;1
