TIME	EVENT	NODES
106.88695834935386	O	n125
122.20096298192965	F	n125;1
