TIME	EVENT	NODES
106.91661337274162	O	n249
113.26780984524378	E	n249;1
