TIME	EVENT	NODES
106.91790324277598	O	n153
122.20096298192965	F	n153;1
