TIME	EVENT	NODES
106.94663960249233	O	n198
110.38736452343699	E	n198;1
