TIME	EVENT	NODES
106.95164896281962	O	n242
122.20096298192965	F	n242;1
