TIME	EVENT	NODES
130.46766528236074	O	n170
132.8504318925118	I	n170;1
137.44428209975396	F	n170;1
