TIME	EVENT	NODES
130.49962426803575	O	n201
132.0096165425425	E	n201;1
