TIME	EVENT	NODES
107.02354697732989	O	n230
122.20096298192965	F	n230;1
