TIME	EVENT	NODES
107.03927115949286	O	n251
107.27663477102	S	n251;1;n257;2;n258;3
109.19341537978787	S	n258;3;n271;4;n272;5
110.1458391327182	S	n271;4;n281;6;n282;7
115.29971570919966	E	n257;2
115.65239317601123	E	n272;5
116.08793483144474	E	n282;7
122.20096298192965	F	n281;6
