TIME	EVENT	NODES
107.06593801956436	O	n199
108.27468697266663	C	n199;1
108.37576250505025	E	n199;1
