TIME	EVENT	NODES
211.28611565744478	O	n48
231.5628257408407	I	n48;1
254.6981198211111	C	n48;1
270.50846597342445	E	n48;1
