TIME	EVENT	NODES
130.5925612686535	O	n191
131.11070081786738	E	n191;1
