TIME	EVENT	NODES
130.61519482344076	O	n191
131.11070081786738	E	n191;1
