TIME	EVENT	NODES
130.62036714274723	O	n214
133.9195906530183	E	n214;1
