TIME	EVENT	NODES
211.33157981722567	O	n61
221.4844260935815	S	n61;1;n89;2;n90;3
231.2895298785254	E	n89;2
241.3842887531471	I	n90;3
280.88338111280893	E	n90;3
