TIME	EVENT	NODES
130.6702244779118	O	n214
133.9195906530183	E	n214;1
