TIME	EVENT	NODES
107.17915140665363	O	n198
110.38736452343699	E	n198;1
