TIME	EVENT	NODES
211.45006010635785	O	n78
216.82134369838846	I	n78;1
226.3022639445042	E	n78;1
