TIME	EVENT	NODES
130.68099374426004	O	n198
135.85282357483234	E	n198;1
