TIME	EVENT	NODES
107.26045003778474	O	n205
122.20096298192965	F	n205;1
