TIME	EVENT	NODES
211.52556587542213	O	n65
212.14935991177535	E	n65;1
