TIME	EVENT	NODES
130.78218300713257	O	n214
133.9195906530183	E	n214;1
