TIME	EVENT	NODES
130.79594675355443	O	n216
137.44428209975396	F	n216;1
