TIME	EVENT	NODES
107.32789497426425	O	n255
107.71138136937543	S	n255;1;n263;2;n264;3
109.34495513842283	S	n263;2;n273;4;n274;5
110.53467000705065	S	n273;4;n283;6;n284;7
111.5334524792489	S	n284;7;n291;8;n292;9
111.93257470571122	S	n274;5;n297;10;n298;11
113.80810599101235	E	n291;8
115.46564284480102	S	n297;10;n315;12;n316;13
115.57967576668284	I	n292;9
116.2534313834871	S	n298;11;n319;14;n320;15
116.26939695385052	S	n316;13;n321;16;n322;17
117.05430937973127	E	n320;15
117.06138871140475	S	n322;17;n323;18;n324;19
118.74383731052721	S	n319;14;n335;20;n336;21
119.46154143863095	E	n336;21
120.36103283741423	I	n283;6
120.4792841858846	S	n335;20;n345;22;n346;23
120.57668157918283	I	n346;23
121.69847158795108	S	n346;23;n351;24;n352;25
122.20096298192965	F	n292;9
122.20096298192965	F	n315;12
122.20096298192965	F	n323;18
122.20096298192965	F	n283;6
122.20096298192965	F	n264;3
122.20096298192965	F	n345;22
122.20096298192965	F	n351;24
122.20096298192965	F	n352;25
122.20096298192965	F	n324;19
122.20096298192965	F	n321;16
