TIME	EVENT	NODES
130.8380066355229	O	n196
137.44428209975396	F	n196;1
