TIME	EVENT	NODES
107.3508115778423	O	n245
108.2409827939678	S	n245;1;n265;2;n266;3
111.91854719341158	S	n266;3;n295;4;n296;5
115.36249319289614	E	n296;5
115.5913963376392	T	n295;4;n295;6;n277;7
117.36400573725459	S	n277;7;n325;8;n326;9
117.77182041055767	I	n265;2
118.22271826685676	E	n265;2
118.30904250839599	S	n326;9;n331;10;n332;11
119.31936433578085	S	n331;10;n337;12;n338;13
120.18954370458381	S	n325;8;n343;14;n344;15
120.51874884326112	E	n332;11
120.73016418531006	S	n338;13;n349;16;n350;17
122.20096298192965	F	n344;15
122.20096298192965	F	n349;16
122.20096298192965	F	n350;17
122.20096298192965	F	n337;12
122.20096298192965	F	n343;14
122.20096298192965	F	n295;6
