TIME	EVENT	NODES
107.35180510857714	O	n218
107.41703737897967	E	n218;1
