TIME	EVENT	NODES
211.69885381890913	O	n65
212.14935991177535	E	n65;1
