TIME	EVENT	NODES
130.91767164500186	O	n148
137.44428209975396	F	n148;1
