TIME	EVENT	NODES
130.9377300845046	O	n216
137.44428209975396	F	n216;1
