TIME	EVENT	NODES
130.96066923657315	O	n216
137.44428209975396	F	n216;1
