TIME	EVENT	NODES
107.48343897019939	O	n220
114.45564311667907	I	n220;1
122.20096298192965	F	n220;1
