TIME	EVENT	NODES
130.97244390151624	O	n218
137.44428209975396	F	n218;1
