TIME	EVENT	NODES
130.9785343797196	O	n216
137.44428209975396	F	n216;1
