TIME	EVENT	NODES
107.54210821796843	O	n254
107.74072796019063	I	n254;1
113.30536005868117	I	n254;1
113.76517703328658	S	n254;1;n301;2;n302;3
113.98118132905664	E	n301;2
114.59513604545869	S	n302;3;n309;4;n310;5
117.7896908122934	I	n309;4
121.1154699736872	E	n309;4
122.20096298192965	F	n310;5
