TIME	EVENT	NODES
211.73969941455144	O	n65
212.14935991177535	E	n65;1
