TIME	EVENT	NODES
211.82744766403854	O	n78
226.3022639445042	E	n78;1
