TIME	EVENT	NODES
130.98191969580805	O	n185
137.44428209975396	F	n185;1
