TIME	EVENT	NODES
211.87565860743499	O	n79
212.59107658339985	I	n79;1
213.32577331513028	S	n79;1;n83;2;n84;3
216.27781290793985	E	n83;2
236.8169657606345	S	n84;3;n107;4;n108;5
246.53554388293713	L	n107;4
249.10861886800265	S	n108;5;n125;6;n126;7
256.96114287753085	S	n126;7;n147;8;n148;9
262.43014142332055	E	n148;9
266.93547953544476	T	n125;6;n125;10;n142;11
275.11850929823515	S	n125;10;n171;12;n172;13
283.3629310829571	S	n147;8;n183;14;n184;15
290.83709071759057	I	n183;14
292.3248766007294	I	n172;13
293.6183387782659	E	n184;15
294.1998026308451	E	n171;12
312.1421772672062	E	n142;11
315.41472492191235	E	n172;13
332.24334898496903	I	n183;14
349.00530575206363	E	n183;14
