TIME	EVENT	NODES
107.73494303322491	O	n230
122.20096298192965	F	n230;1
