TIME	EVENT	NODES
107.7367261296523	O	n177
115.85927312458756	T	n177;1;n177;2;n125;3
118.20013785587828	I	n125;3
118.21581233262908	S	n177;2;n327;4;n328;5
118.26466469545224	S	n328;5;n329;6;n330;7
121.7585378305599	S	n330;7;n353;8;n354;9
121.76425779993663	I	n353;8
122.20096298192965	F	n327;4
122.20096298192965	F	n329;6
122.20096298192965	F	n354;9
122.20096298192965	F	n353;8
122.20096298192965	F	n125;3
