TIME	EVENT	NODES
211.92090524623606	O	n55
238.066136604651	E	n55;1
