TIME	EVENT	NODES
107.77352856556539	O	n253
117.17777094205769	C	n253;1
117.64931390587152	E	n253;1
