TIME	EVENT	NODES
131.096781227319	O	n223
132.25890650819693	E	n223;1
