TIME	EVENT	NODES
107.82465768398887	O	n205
115.41781698502454	I	n205;1
122.20096298192965	F	n205;1
