TIME	EVENT	NODES
107.82641588630806	O	n242
121.1768214726572	T	n242;1;n242;2;n330;3
121.7585378305599	S	n330;3;n353;4;n354;5
122.20096298192965	F	n242;2
122.20096298192965	F	n354;5
122.20096298192965	F	n353;4
