TIME	EVENT	NODES
131.12539750341915	O	n214
133.9195906530183	E	n214;1
