TIME	EVENT	NODES
107.89482320952146	O	n261
116.45204155339697	E	n261;1
