TIME	EVENT	NODES
107.90557403508251	O	n245
108.2409827939678	S	n245;1;n265;2;n266;3
110.32717906060007	D	n266;3;n266;4;n266;5
111.91854719341158	S	n266;4;n295;6;n296;7
111.91854719341158	S	n266;5;n295;8;n296;9
114.23510413963528	I	n296;7
114.23510413963528	I	n296;9
115.36249319289614	E	n296;9
115.36249319289614	E	n296;7
118.22271826685676	E	n265;2
122.20096298192965	F	n295;6
122.20096298192965	F	n295;8
