TIME	EVENT	NODES
131.14786221182752	O	n214
133.9195906530183	E	n214;1
