TIME	EVENT	NODES
131.1776688915156	O	n186
132.97487296848038	E	n186;1
