TIME	EVENT	NODES
131.20778827780376	O	n230
137.44428209975396	F	n230;1
