TIME	EVENT	NODES
108.0420828829269	O	n222
115.58929690188336	D	n222;1;n222;2;n222;3
122.20096298192965	F	n222;2
122.20096298192965	F	n222;3
