TIME	EVENT	NODES
108.0673859495492	O	n261
116.45204155339697	E	n261;1
