TIME	EVENT	NODES
212.39963085963313	O	n71
217.64652100025216	I	n71;1
224.87883338170167	E	n71;1
