TIME	EVENT	NODES
212.5297296033471	O	n63
217.10122037003637	S	n63;1;n87;2;n88;3
218.91080382826158	I	n87;2
224.42074098395472	S	n87;2;n93;4;n94;5
232.2598634713699	E	n94;5
232.8439288366906	E	n88;3
263.1946935408616	S	n93;4;n157;6;n158;7
271.0359830191678	S	n158;7;n165;8;n166;9
272.5205286306579	I	n166;9
278.6096524797506	L	n165;8
281.86281336619095	S	n157;6;n181;10;n182;11
297.3759122122873	E	n182;11
306.09838428423336	D	n166;9;n166;12;n166;13
325.62016585225894	E	n166;12
325.62016585225894	E	n166;13
326.9191915703628	E	n181;10
