TIME	EVENT	NODES
108.11628546710594	O	n222
122.20096298192965	F	n222;1
