TIME	EVENT	NODES
131.3271003131077	O	n193
132.0045735193323	L	n193;1
