TIME	EVENT	NODES
212.57881189444473	O	n81
213.00970118866658	L	n81;1
