TIME	EVENT	NODES
131.3564097429996	O	n211
137.44428209975396	F	n211;1
