TIME	EVENT	NODES
212.7634631322841	O	n59
251.91737397158224	S	n59;1;n131;2;n132;3
264.256074713361	S	n131;2;n159;4;n160;5
282.55776726647224	T	n159;4;n159;6;n153;7
283.003644560383	E	n160;5
284.6765158909839	I	n159;6
286.90258136305795	I	n132;3
287.6096833497897	I	n153;7
288.5496408940298	S	n132;3;n189;8;n190;9
293.81245103616766	I	n153;7
294.27007287477545	S	n153;7;n205;10;n206;11
297.2325938618031	S	n190;9;n211;12;n212;13
297.45537010852803	I	n206;11
298.1283204238227	S	n206;11;n215;14;n216;15
301.7496501463424	E	n216;15
301.8448988820438	I	n211;12
306.18779637717876	E	n189;8
317.95191712615843	I	n205;10
321.1616330492365	I	n211;12
323.451126983794	S	n211;12;n247;16;n248;17
326.9299560409181	S	n248;17;n249;18;n250;19
328.2146319613769	S	n159;6;n253;20;n254;21
330.43354215052574	L	n215;14
331.7982763449896	I	n212;13
334.64198406508626	S	n249;18;n255;22;n256;23
335.92113620132585	S	n254;21;n263;24;n264;25
337.35862383853254	C	n247;16
338.51097831531484	S	n247;16;n269;26;n270;27
338.6755111044239	D	n250;19;n250;28;n250;29
339.658731161582	S	n264;25;n271;30;n272;31
340.0233594756859	I	n269;26
341.0825995298127	I	n272;31
343.82467045991694	C	n270;27
345.71198993976384	E	n253;20
346.1055673104007	C	n255;22
346.761189481473	C	n256;23
349.3635532814616	I	n256;23
349.87716227728833	L	n250;28
349.9915346267526	I	n255;22
351.3681074054671	E	n270;27
351.37042779145395	E	n255;22
356.5243775902817	S	n250;29;n303;32;n304;33
359.43466135079467	S	n269;26;n307;34;n308;35
361.7971077523211	S	n272;31;n309;36;n310;37
363.2658265490463	I	n205;10
363.72092949357767	S	n205;10;n313;38;n314;39
364.14479088522387	E	n212;13
364.39265661618424	S	n310;37;n317;40;n318;41
364.49514583717956	S	n304;33;n319;42;n320;43
365.0168302374957	S	n256;23;n323;44;n324;45
365.0417268907298	E	n263;24
365.9406802548836	S	n318;41;n329;46;n330;47
366.4590804996729	I	n323;44
366.7400108433773	C	n323;44
367.37849633665377	L	n320;43
367.65652915097644	L	n308;35
368.1525611161385	S	n324;45;n331;48;n332;49
368.33285918754166	F	n330;47
368.33285918754166	F	n307;34
368.33285918754166	F	n329;46
368.33285918754166	F	n303;32
368.33285918754166	F	n271;30
368.33285918754166	F	n331;48
368.33285918754166	F	n323;44
368.33285918754166	F	n314;39
368.33285918754166	F	n332;49
368.33285918754166	F	n317;40
368.33285918754166	F	n309;36
368.33285918754166	F	n319;42
368.33285918754166	F	n313;38
