TIME	EVENT	NODES
131.36886502119575	O	n195
137.44428209975396	F	n195;1
