TIME	EVENT	NODES
108.20962705242162	O	n261
116.45204155339697	E	n261;1
