TIME	EVENT	NODES
212.83365420936298	O	n64
229.48308467193002	I	n64;1
233.99107886837754	I	n64;1
248.88117897606477	E	n64;1
