TIME	EVENT	NODES
108.2122861405056	O	n229
115.92249460212943	E	n229;1
