TIME	EVENT	NODES
212.90920393075123	O	n75
229.84074322147535	S	n75;1;n103;2;n104;3
240.4400248471713	S	n104;3;n111;4;n112;5
242.8941750001684	S	n103;2;n115;6;n116;7
244.65686309263035	S	n115;6;n117;8;n118;9
245.17402873040564	L	n112;5
245.60380920404123	E	n118;9
246.41896245296667	S	n116;7;n119;10;n120;11
251.3186136772485	S	n120;11;n129;12;n130;13
251.9600984783782	E	n129;12
254.1474396940903	S	n111;4;n135;14;n136;15
254.6017951755659	S	n119;10;n141;16;n142;17
259.19362679088636	S	n130;13;n151;18;n152;19
259.28999588796853	S	n141;16;n153;20;n154;21
261.5455228136473	E	n152;19
262.5444815059118	T	n151;18;n151;22;n48;23
264.8773328787879	T	n153;20;n153;24;n155;25
266.1400532075929	E	n151;22
267.6230845290778	E	n154;21
269.9568136455443	E	n136;15
269.9959200311013	I	n142;17
270.50846597342445	E	n48;23
270.69023153280176	L	n155;25
273.2460999363939	L	n135;14
278.8778393829385	E	n117;8
294.27007287477545	S	n153;24;n205;26;n206;27
298.1283204238227	S	n206;27;n215;28;n216;29
301.7496501463424	E	n216;29
312.1421772672062	E	n142;17
331.1940459456603	C	n205;26
341.5385477573434	S	n215;28;n277;30;n278;31
357.8026880137705	I	n277;30
358.3633397875162	I	n205;26
363.56744673191736	I	n277;30
363.7179365725955	E	n277;30
363.72092949357767	S	n205;26;n313;32;n314;33
368.33285918754166	F	n314;33
368.33285918754166	F	n313;32
368.33285918754166	F	n278;31
