TIME	EVENT	NODES
131.39946762879993	O	n225
133.68463181083166	S	n225;1;n245;2;n246;3
135.26511937963505	E	n245;2
137.44428209975396	F	n246;3
