TIME	EVENT	NODES
212.91330345289575	O	n70
236.2922785012768	I	n70;1
256.74972332501403	S	n70;1;n145;2;n146;3
267.82433673028635	I	n146;3
270.3344692430745	T	n145;2;n145;4;n135;5
275.0960935428681	S	n146;3;n169;6;n170;7
275.8505257194636	S	n145;4;n173;8;n174;9
276.778106847264	S	n169;6;n177;10;n178;11
281.41070895766586	L	n178;11
289.7660671719976	S	n177;10;n191;12;n192;13
292.56408620681617	S	n191;12;n197;14;n198;15
292.6422803856445	I	n173;8
296.05683809453643	I	n173;8
297.88510067996623	E	n197;14
297.944722411288	S	n135;5;n213;16;n214;17
298.59967805978044	I	n174;9
299.1473251872138	E	n214;17
299.87560133774423	I	n174;9
305.3065589137974	S	n213;16;n225;18;n226;19
306.5905372022126	D	n174;9;n174;20;n174;21
309.21205838172443	S	n198;15;n231;22;n232;23
309.3414301174718	T	n225;18;n225;24;n223;25
313.7143997426447	I	n225;24
314.5087251124538	E	n173;8
316.27600896896894	E	n192;13
316.64521563171144	E	n174;20
316.64521563171144	E	n174;21
317.30612004847615	S	n232;23;n239;26;n240;27
324.2601856628277	E	n226;19
324.7848548775896	E	n225;24
327.68708843484586	S	n223;25;n251;28;n252;29
329.19205072074965	I	n239;26
334.9897297167016	S	n251;28;n257;30;n258;31
335.14844581859495	S	n231;22;n259;32;n260;33
337.28905422972474	I	n258;31
344.02040770953147	S	n258;31;n283;34;n284;35
345.87106321783415	I	n283;34
346.5990500281604	S	n283;34;n287;36;n288;37
348.6720819320871	E	n240;27
348.7564267084988	E	n259;32
353.2274467652559	S	n284;35;n297;38;n298;39
355.45529291459695	I	n287;36
358.3461387225454	I	n287;36
365.3354294195512	E	n260;33
365.6675909654996	S	n239;26;n327;40;n328;41
367.8010989310961	I	n170;7
368.33285918754166	F	n287;36
368.33285918754166	F	n257;30
368.33285918754166	F	n288;37
368.33285918754166	F	n327;40
368.33285918754166	F	n328;41
368.33285918754166	F	n252;29
368.33285918754166	F	n170;7
368.33285918754166	F	n297;38
368.33285918754166	F	n298;39
