TIME	EVENT	NODES
131.43171284509953	O	n229
131.59881819678085	C	n229;1
136.17150238763622	E	n229;1
