TIME	EVENT	NODES
131.44557515713143	O	n221
137.44428209975396	F	n221;1
