TIME	EVENT	NODES
131.4557301724505	O	n205
134.65113353933813	E	n205;1
