TIME	EVENT	NODES
212.96217976072546	O	n78
226.3022639445042	E	n78;1
