TIME	EVENT	NODES
213.01826418600737	O	n48
270.50846597342445	E	n48;1
