TIME	EVENT	NODES
131.50248875233842	O	n198
135.85282357483234	E	n198;1
