TIME	EVENT	NODES
131.53394049722877	O	n227
135.55934214570183	E	n227;1
