TIME	EVENT	NODES
108.46107116665657	O	n264
122.20096298192965	F	n264;1
