TIME	EVENT	NODES
108.52675345660955	O	n249
113.26780984524378	E	n249;1
