TIME	EVENT	NODES
131.57800539797492	O	n196
137.44428209975396	F	n196;1
