TIME	EVENT	NODES
131.59081979056313	O	n161
137.44428209975396	F	n161;1
