TIME	EVENT	NODES
108.54577137678142	O	n253
117.64931390587152	E	n253;1
