TIME	EVENT	NODES
131.60120036511609	O	n152
133.98837576070537	E	n152;1
