TIME	EVENT	NODES
108.55536684984526	O	n205
122.20096298192965	F	n205;1
