TIME	EVENT	NODES
108.55552045477157	O	n198
110.38736452343699	E	n198;1
