TIME	EVENT	NODES
131.64088761217	O	n185
137.44428209975396	F	n185;1
