TIME	EVENT	NODES
108.55907396968593	O	n242
122.20096298192965	F	n242;1
