TIME	EVENT	NODES
108.61370892571485	O	n220
114.99019517054053	T	n220;1;n220;2;n307;3
115.60507045488139	S	n307;3;n317;4;n318;5
120.53125479329535	S	n317;4;n347;6;n348;7
121.8287853204813	S	n348;7;n355;8;n356;9
122.20096298192965	F	n220;2
122.20096298192965	F	n355;8
122.20096298192965	F	n318;5
122.20096298192965	F	n347;6
122.20096298192965	F	n356;9
