TIME	EVENT	NODES
131.65760701166872	O	n148
137.44428209975396	F	n148;1
