TIME	EVENT	NODES
131.6964193169001	O	n175
136.18078583605833	E	n175;1
