TIME	EVENT	NODES
131.78267693055193	O	n204
137.44428209975396	F	n204;1
