TIME	EVENT	NODES
131.794294408548	O	n204
137.44428209975396	F	n204;1
