TIME	EVENT	NODES
108.76943241024908	O	n238
116.40895076124694	I	n238;1
118.56980987020836	I	n238;1
122.20096298192965	F	n238;1
