TIME	EVENT	NODES
213.7892074226055	O	n64
216.0405539650907	T	n64;1;n64;2;n86;3
245.85340359938476	E	n86;3
246.62092277614482	C	n64;2
248.88117897606477	E	n64;2
