TIME	EVENT	NODES
108.85159889593692	O	n238
122.20096298192965	F	n238;1
