TIME	EVENT	NODES
131.85866691448098	O	n196
137.44428209975396	F	n196;1
