TIME	EVENT	NODES
131.884355508015	O	n217
132.10461801052625	I	n217;1
136.24444141721895	S	n217;1;n271;2;n272;3
137.44428209975396	F	n272;3
137.44428209975396	F	n271;2
