TIME	EVENT	NODES
131.93660425949543	O	n216
137.44428209975396	F	n216;1
