TIME	EVENT	NODES
214.06234403474838	O	n61
221.4844260935815	S	n61;1;n89;2;n90;3
224.32847399993054	I	n89;2
230.5487844407184	T	n89;2;n89;4;n92;5
231.2895298785254	E	n89;4
244.91743305775393	I	n92;5
251.1517682979901	S	n92;5;n127;6;n128;7
251.5390235914055	E	n128;7
252.87678478256842	E	n127;6
280.88338111280893	E	n90;3
