TIME	EVENT	NODES
131.94272866781833	O	n227
135.55934214570183	E	n227;1
