TIME	EVENT	NODES
108.9350598758766	O	n230
118.67954841793663	I	n230;1
122.20096298192965	F	n230;1
