TIME	EVENT	NODES
131.96935734108118	O	n226
134.01809809279308	E	n226;1
