TIME	EVENT	NODES
108.98255466841528	O	n242
120.51191550779585	C	n242;1
122.20096298192965	F	n242;1
