TIME	EVENT	NODES
131.9694251630585	O	n195
137.44428209975396	F	n195;1
