TIME	EVENT	NODES
214.22296882841152	O	n70
231.666209418169	I	n70;1
249.4365390590927	L	n70;1
