TIME	EVENT	NODES
131.9875562956663	O	n218
135.12121673347434	I	n218;1
137.44428209975396	F	n218;1
