TIME	EVENT	NODES
109.03742259353807	O	n238
122.20096298192965	F	n238;1
