TIME	EVENT	NODES
131.99647776877535	O	n219
133.7496404730826	S	n219;1;n247;2;n248;3
137.44428209975396	F	n247;2
137.44428209975396	F	n248;3
