TIME	EVENT	NODES
109.04244935930498	O	n264
122.20096298192965	F	n264;1
