TIME	EVENT	NODES
109.0813218991015	O	n242
122.20096298192965	F	n242;1
