TIME	EVENT	NODES
132.08902494231634	O	n226
134.01809809279308	E	n226;1
