TIME	EVENT	NODES
132.10313380620735	O	n234
135.32256711328523	I	n234;1
137.13164605031997	E	n234;1
