TIME	EVENT	NODES
132.1201495910873	O	n230
136.32215648593265	I	n230;1
137.44428209975396	F	n230;1
