TIME	EVENT	NODES
132.18170732541043	O	n183
132.5078781716013	S	n183;1;n237;2;n238;3
137.44428209975396	F	n238;3
137.44428209975396	F	n237;2
