TIME	EVENT	NODES
132.184422998667	O	n193
137.3574170703479	S	n193;1;n277;2;n278;3
137.44428209975396	F	n278;3
137.44428209975396	F	n277;2
