TIME	EVENT	NODES
214.64660551125098	O	n52
223.53311520596517	I	n52;1
227.7086322008703	S	n52;1;n97;2;n98;3
241.1562006282278	L	n98;3
249.03530572249304	S	n97;2;n123;4;n124;5
251.97069699704198	I	n124;5
253.2175218814789	I	n124;5
254.59397657947247	S	n123;4;n139;6;n140;7
255.08922900163986	E	n139;6
258.8150958922131	S	n124;5;n149;8;n150;9
275.2873386789943	I	n149;8
275.3394929136777	E	n140;7
293.4401227103343	E	n150;9
296.01567618038945	I	n149;8
313.2735372024965	E	n149;8
