TIME	EVENT	NODES
132.19331152741879	O	n204
137.44428209975396	F	n204;1
