TIME	EVENT	NODES
109.26427298709996	O	n249
113.26780984524378	E	n249;1
