TIME	EVENT	NODES
109.26441159506088	O	n253
117.64931390587152	E	n253;1
