TIME	EVENT	NODES
109.26932403533765	O	n205
122.20096298192965	F	n205;1
