TIME	EVENT	NODES
109.34622652499087	O	n125
122.20096298192965	F	n125;1
