TIME	EVENT	NODES
132.32124385972907	O	n205
134.65113353933813	E	n205;1
