TIME	EVENT	NODES
214.82793869403955	O	n75
216.31624022567513	C	n75;1
229.05659725487638	I	n75;1
229.72007167495016	I	n75;1
229.84074322147535	S	n75;1;n103;2;n104;3
240.4400248471713	S	n104;3;n111;4;n112;5
241.24184303043123	C	n111;4
242.8941750001684	S	n103;2;n115;6;n116;7
244.0059300492854	I	n111;4
244.65686309263035	S	n115;6;n117;8;n118;9
245.60380920404123	E	n118;9
246.41896245296667	S	n116;7;n119;10;n120;11
249.99543189457293	L	n119;10
251.3186136772485	S	n120;11;n129;12;n130;13
251.9600984783782	E	n129;12
254.1474396940903	S	n111;4;n135;14;n136;15
257.2571380699564	L	n117;8
258.50167178262166	I	n112;5
259.19362679088636	S	n130;13;n151;16;n152;17
261.5455228136473	E	n152;17
266.1400532075929	E	n151;16
269.9568136455443	E	n136;15
278.4525291252385	E	n112;5
297.944722411288	S	n135;14;n213;18;n214;19
299.1473251872138	E	n214;19
305.3065589137974	S	n213;18;n225;20;n226;21
324.2601856628277	E	n226;21
324.7848548775896	E	n225;20
