TIME	EVENT	NODES
132.35393891490156	O	n170
137.44428209975396	F	n170;1
