TIME	EVENT	NODES
214.9597791676628	O	n77
226.08451416191318	E	n77;1
