TIME	EVENT	NODES
132.3547835391048	O	n234
137.13164605031997	E	n234;1
