TIME	EVENT	NODES
132.35480004929158	O	n196
137.44428209975396	F	n196;1
