TIME	EVENT	NODES
109.45119403297437	O	n249
113.26780984524378	E	n249;1
