TIME	EVENT	NODES
132.3905932376376	O	n234
137.13164605031997	E	n234;1
