TIME	EVENT	NODES
109.49003757885167	O	n276
109.84561817691029	S	n276;1;n279;2;n280;3
113.54079122903167	E	n279;2
121.43476404403538	E	n280;3
