TIME	EVENT	NODES
109.49896419793525	O	n265
118.22271826685676	E	n265;1
