TIME	EVENT	NODES
215.14053071763973	O	n48
266.9274512322257	T	n48;1;n48;2;n90;3
270.50846597342445	E	n48;2
280.88338111280893	E	n90;3
