TIME	EVENT	NODES
215.19527969929004	O	n77
226.08451416191318	E	n77;1
