TIME	EVENT	NODES
132.5338233887319	O	n148
137.44428209975396	F	n148;1
