TIME	EVENT	NODES
109.59068513186214	O	n198
110.38736452343699	E	n198;1
