TIME	EVENT	NODES
132.59637907919037	O	n232
133.2920000968473	S	n232;1;n243;2;n244;3
134.4393152643855	S	n244;3;n253;4;n254;5
135.72829461091368	S	n253;4;n261;6;n262;7
136.0264188847823	I	n243;2
137.44428209975396	F	n243;2
137.44428209975396	F	n254;5
137.44428209975396	F	n261;6
137.44428209975396	F	n262;7
