TIME	EVENT	NODES
109.61183701111624	O	n249
113.26780984524378	E	n249;1
