TIME	EVENT	NODES
109.61573764339299	O	n265
109.87807173611152	I	n265;1
118.22271826685676	E	n265;1
