TIME	EVENT	NODES
132.61461795905234	O	n168
137.44428209975396	F	n168;1
