TIME	EVENT	NODES
109.6943108612228	O	n264
110.25211168282762	I	n264;1
122.20096298192965	F	n264;1
