TIME	EVENT	NODES
132.69239253055926	O	n211
137.44428209975396	F	n211;1
