TIME	EVENT	NODES
109.71650840828232	O	n265
114.80974294497155	T	n265;1;n265;2;n253;3
117.64931390587152	E	n253;3
118.22271826685676	E	n265;2
