TIME	EVENT	NODES
132.71443599201595	O	n152
132.7640778217318	I	n152;1
133.98837576070537	E	n152;1
