TIME	EVENT	NODES
109.76699274444191	O	n261
116.45204155339697	E	n261;1
