TIME	EVENT	NODES
132.74091178845956	O	n216
137.44428209975396	F	n216;1
