TIME	EVENT	NODES
132.75016225060125	O	n237
136.3044883429813	C	n237;1
137.44428209975396	F	n237;1
