TIME	EVENT	NODES
132.75581607366522	O	n214
133.9195906530183	E	n214;1
