TIME	EVENT	NODES
215.45229003807657	O	n59
251.91737397158224	S	n59;1;n131;2;n132;3
264.256074713361	S	n131;2;n159;4;n160;5
265.3204164359927	L	n159;4
283.003644560383	E	n160;5
286.90258136305795	I	n132;3
288.5496408940298	S	n132;3;n189;6;n190;7
295.77551546517924	D	n189;6;n189;8;n189;9
297.2325938618031	S	n190;7;n211;10;n212;11
301.8448988820438	I	n211;10
306.18779637717876	E	n189;8
306.18779637717876	E	n189;9
323.451126983794	S	n211;10;n247;12;n248;13
326.9299560409181	S	n248;13;n249;14;n250;15
331.7982763449896	I	n212;11
334.64198406508626	S	n249;14;n255;16;n256;17
338.51097831531484	S	n247;12;n269;18;n270;19
351.3681074054671	E	n270;19
351.37042779145395	E	n255;16
356.5243775902817	S	n250;15;n303;20;n304;21
359.43466135079467	S	n269;18;n307;22;n308;23
362.53268996721386	I	n303;20
363.7198346151062	T	n307;22;n307;24;n244;25
364.14479088522387	E	n212;11
364.49514583717956	S	n304;21;n319;26;n320;27
365.0168302374957	S	n256;17;n323;28;n324;29
368.1525611161385	S	n324;29;n331;30;n332;31
368.33285918754166	F	n307;24
368.33285918754166	F	n303;20
368.33285918754166	F	n308;23
368.33285918754166	F	n331;30
368.33285918754166	F	n323;28
368.33285918754166	F	n244;25
368.33285918754166	F	n320;27
368.33285918754166	F	n332;31
368.33285918754166	F	n319;26
