TIME	EVENT	NODES
109.8734219378588	O	n257
115.29971570919966	E	n257;1
