TIME	EVENT	NODES
132.78839927564658	O	n169
137.44428209975396	F	n169;1
