TIME	EVENT	NODES
215.5276087292777	O	n71
220.36838821230907	L	n71;1
