TIME	EVENT	NODES
215.5723507376267	O	n48
216.48131330430428	I	n48;1
224.85642873200896	I	n48;1
225.38090431681997	I	n48;1
230.8983435126572	I	n48;1
245.5441261146025	L	n48;1
