TIME	EVENT	NODES
132.88387263817935	O	n227
135.55934214570183	E	n227;1
