TIME	EVENT	NODES
132.88636200779695	O	n170
137.44428209975396	F	n170;1
