TIME	EVENT	NODES
109.93686886224621	O	n238
122.20096298192965	F	n238;1
