TIME	EVENT	NODES
109.95811716031629	O	n222
122.20096298192965	F	n222;1
