TIME	EVENT	NODES
132.91301953838632	O	n205
134.65113353933813	E	n205;1
