TIME	EVENT	NODES
132.9622202997865	O	n169
137.44428209975396	F	n169;1
