TIME	EVENT	NODES
215.77630276346218	O	n61
221.4844260935815	S	n61;1;n89;2;n90;3
222.16776786648987	I	n89;2
225.8976786706194	I	n90;3
226.3935255423523	D	n90;3;n90;4;n90;5
227.75032833734494	I	n90;4
227.75032833734494	I	n90;5
228.44390578568468	C	n90;5
228.44390578568468	C	n90;4
231.2895298785254	E	n89;2
278.29735975846535	L	n90;4
280.88338111280893	E	n90;5
