TIME	EVENT	NODES
109.98405379999411	O	n261
116.45204155339697	E	n261;1
