TIME	EVENT	NODES
215.80322931938105	O	n52
227.7086322008703	S	n52;1;n97;2;n98;3
242.65770202322346	I	n98;3
244.07299152885125	C	n97;2
246.95401424906328	L	n97;2
286.08825979629114	I	n98;3
297.82959460464184	E	n98;3
