TIME	EVENT	NODES
132.9986387464066	O	n198
135.85282357483234	E	n198;1
