TIME	EVENT	NODES
109.99405461730869	O	n234
111.03753699902806	E	n234;1
