TIME	EVENT	NODES
0	O	Root
0.0	S	Root;1;n1;2;n2;3
3.35634255505027	E	n1;2
6.689912718607442	S	n2;3;n3;4;n4;5
7.851438406041449	D	n3;4;n3;6;n3;7
9.416265875532263	I	n4;5
9.52089163317238	S	n4;5;n5;8;n6;9
10.888750871328412	S	n6;9;n7;10;n8;11
16.661417086053657	S	n3;6;n9;12;n10;13
16.661417086053657	S	n3;7;n9;14;n10;15
17.681552081932402	E	n10;13
17.681552081932402	E	n10;15
20.40992538879049	L	n9;14
22.401872151706616	S	n9;12;n11;16;n12;17
22.41324765578705	E	n12;17
22.590498145432377	S	n8;11;n13;18;n14;19
22.836236421711362	S	n7;10;n15;20;n16;21
23.021778876448593	S	n13;18;n17;22;n18;23
23.309087423211405	E	n18;23
23.67182323826393	E	n5;8
25.090078549164833	I	n16;21
26.485787909544978	S	n16;21;n19;24;n20;25
27.840020452057974	I	n15;20
29.746783029605652	S	n17;22;n21;26;n22;27
30.85807005283699	E	n14;19
31.113351258252393	I	n20;25
31.49007846860047	S	n22;27;n23;28;n24;29
31.97194449995265	I	n24;29
32.38286256948116	E	n15;20
32.800131426310806	S	n20;25;n25;30;n26;31
33.3266154078909	E	n24;29
33.41488849387419	S	n19;24;n27;32;n28;33
34.804549942871546	S	n27;32;n29;34;n30;35
35.18763541247925	S	n23;28;n31;36;n32;37
35.678876359008704	S	n32;37;n33;38;n34;39
36.88128362876969	E	n11;16
36.881358768164496	E	n25;30
37.43449429937737	E	n33;38
40.79874740506401	L	n21;26
42.943931074204656	E	n29;34
43.95402047313514	L	n28;33
44.85245251234952	S	n26;31;n41;40;n42;41
45.07346800657372	L	n41;40
45.914603566659764	I	n42;41
47.70698057466062	I	n42;41
47.801935550276376	E	n34;39
51.875043668224905	T	n30;35;n30;42;n47;43
52.00683670020086	E	n31;36
55.73831808661641	S	n30;42;n57;44;n58;45
57.97964289262236	E	n42;41
59.65295875486497	E	n58;45
60.93706751599557	I	n47;43
62.66502628708976	I	n47;43
66.2736100429329	E	n57;44
69.3614836110607	S	n47;43;n71;46;n72;47
70.88343313549224	E	n72;47
72.28969294621918	I	n71;46
80.57463946636354	S	n71;46;n83;48;n84;49
86.60669252253648	E	n83;48
91.78210615836441	S	n84;49;n103;50;n104;51
98.50437505181566	T	n103;50;n103;52;n105;53
102.82426853750586	E	n103;52
106.57096831231419	E	n104;51
109.97257981492466	S	n105;53;n139;54;n140;55
116.84276849014047	E	n139;54
123.81931590894636	E	n140;55
