TIME	EVENT	NODES
215.88965894059618	O	n83
216.27781290793985	E	n83;1
