TIME	EVENT	NODES
133.01868461226184	O	n235
137.44428209975396	F	n235;1
