TIME	EVENT	NODES
133.05403515900608	O	n238
137.24793558268777	L	n238;1
