TIME	EVENT	NODES
133.0609368916124	O	n210
137.44428209975396	F	n210;1
