TIME	EVENT	NODES
133.07298296035	O	n170
135.428155951695	I	n170;1
137.44428209975396	F	n170;1
