TIME	EVENT	NODES
110.053852083315	O	n230
111.95981132178531	I	n230;1
122.20096298192965	F	n230;1
