TIME	EVENT	NODES
110.05914978659736	O	n262
110.59821760248624	S	n262;1;n285;2;n286;3
111.10609646968076	E	n285;2
118.90403568634243	L	n286;3
