TIME	EVENT	NODES
133.07640418053654	O	n195
137.44428209975396	F	n195;1
