TIME	EVENT	NODES
216.09846703212736	O	n59
239.33049058622979	I	n59;1
251.91737397158224	S	n59;1;n131;2;n132;3
264.256074713361	S	n131;2;n159;4;n160;5
283.003644560383	E	n160;5
286.08490162160393	I	n159;4
288.5496408940298	S	n132;3;n189;6;n190;7
291.4622943238295	L	n190;7
291.4622943238295	T	n189;6;n189;8;n190;9
297.2325938618031	S	n190;9;n211;10;n212;11
306.18779637717876	E	n189;8
319.3782134388767	I	n211;10
322.38556992383764	I	n159;4
322.98767716438334	I	n211;10
323.451126983794	S	n211;10;n247;12;n248;13
326.9299560409181	S	n248;13;n249;14;n250;15
328.2146319613769	S	n159;4;n253;16;n254;17
329.5834294646134	L	n247;12
334.64198406508626	S	n249;14;n255;18;n256;19
334.72733984980283	I	n255;18
335.92113620132585	S	n254;17;n263;20;n264;21
338.8654629039317	C	n256;19
339.658731161582	S	n264;21;n271;22;n272;23
345.71198993976384	E	n253;16
346.1541465054602	I	n250;15
351.37042779145395	E	n255;18
356.5243775902817	S	n250;15;n303;24;n304;25
357.6291539305534	I	n212;11
361.7971077523211	S	n272;23;n309;26;n310;27
364.14479088522387	E	n212;11
364.39265661618424	S	n310;27;n317;28;n318;29
364.49514583717956	S	n304;25;n319;30;n320;31
364.6278824329202	I	n319;30
365.0168302374957	S	n256;19;n323;32;n324;33
365.0417268907298	E	n263;20
365.9406802548836	S	n318;29;n329;34;n330;35
368.1525611161385	S	n324;33;n331;36;n332;37
368.33285918754166	F	n330;35
368.33285918754166	F	n329;34
368.33285918754166	F	n303;24
368.33285918754166	F	n271;22
368.33285918754166	F	n331;36
368.33285918754166	F	n323;32
368.33285918754166	F	n320;31
368.33285918754166	F	n332;37
368.33285918754166	F	n317;28
368.33285918754166	F	n309;26
368.33285918754166	F	n319;30
