TIME	EVENT	NODES
133.09310410608424	O	n229
135.68402321374688	L	n229;1
