TIME	EVENT	NODES
133.14353258280516	O	n235
137.44428209975396	F	n235;1
