TIME	EVENT	NODES
133.1457002567613	O	n216
137.44428209975396	F	n216;1
