TIME	EVENT	NODES
110.09198332438086	O	n153
122.20096298192965	F	n153;1
