TIME	EVENT	NODES
216.21613637414367	O	n81
224.01115539674345	E	n81;1
