TIME	EVENT	NODES
110.11473641675411	O	n262
110.59821760248624	S	n262;1;n285;2;n286;3
111.10609646968076	E	n285;2
120.96164925685498	E	n286;3
