TIME	EVENT	NODES
216.24548679358014	O	n83
216.27781290793985	E	n83;1
