TIME	EVENT	NODES
216.33920661293843	O	n71
224.87883338170167	E	n71;1
