TIME	EVENT	NODES
133.19773055535092	O	n216
137.44428209975396	F	n216;1
