TIME	EVENT	NODES
110.14583987052883	O	n280
121.43476404403538	E	n280;1
