TIME	EVENT	NODES
133.30671219634718	O	n244
133.70461559993652	I	n244;1
134.4393152643855	S	n244;1;n253;2;n254;3
135.72829461091368	S	n253;2;n261;4;n262;5
137.44428209975396	F	n254;3
137.44428209975396	F	n261;4
137.44428209975396	F	n262;5
