TIME	EVENT	NODES
133.33602215196774	O	n148
137.44428209975396	F	n148;1
