TIME	EVENT	NODES
110.16152267783595	O	n264
122.20096298192965	F	n264;1
