TIME	EVENT	NODES
133.3387926333014	O	n221
137.44428209975396	F	n221;1
