TIME	EVENT	NODES
110.19986945286855	O	n259
112.32158139645087	S	n259;1;n299;2;n300;3
112.86136347470318	C	n300;3
119.5417768978418	E	n299;2
122.20096298192965	F	n300;3
