TIME	EVENT	NODES
110.27786030879942	O	n198
110.38736452343699	E	n198;1
