TIME	EVENT	NODES
133.42180803622685	O	n148
136.40347264030407	I	n148;1
137.44428209975396	F	n148;1
