TIME	EVENT	NODES
110.29480252368853	O	n282
116.08793483144474	E	n282;1
