TIME	EVENT	NODES
133.44321520770208	O	n211
135.04472168636525	I	n211;1
137.44428209975396	F	n211;1
