TIME	EVENT	NODES
216.60680895070865	O	n61
221.4844260935815	S	n61;1;n89;2;n90;3
225.97879005765546	L	n90;3
225.97879005765546	T	n89;2;n89;4;n90;5
231.2895298785254	E	n89;4
258.32117805493556	D	n90;5;n90;6;n90;7
280.88338111280893	E	n90;6
280.88338111280893	E	n90;7
