TIME	EVENT	NODES
133.45601633728336	O	n168
137.44428209975396	F	n168;1
