TIME	EVENT	NODES
133.50194917479448	O	n196
137.44428209975396	F	n196;1
