TIME	EVENT	NODES
110.40579092500974	O	n269
111.80098211610584	E	n269;1
