TIME	EVENT	NODES
133.51743718340262	O	n195
137.44428209975396	F	n195;1
