TIME	EVENT	NODES
133.5412519382939	O	n229
136.17150238763622	E	n229;1
