TIME	EVENT	NODES
133.54133479217617	O	n204
137.44428209975396	F	n204;1
