TIME	EVENT	NODES
110.49046596797582	O	n229
115.92249460212943	E	n229;1
