TIME	EVENT	NODES
110.54303615747168	O	n268
111.2130371234119	I	n268;1
112.28537063347119	E	n268;1
