TIME	EVENT	NODES
133.60537146946942	O	n169
137.44428209975396	F	n169;1
