TIME	EVENT	NODES
110.54343391132592	O	n281
116.32922145308295	I	n281;1
122.20096298192965	F	n281;1
