TIME	EVENT	NODES
133.61708251167295	O	n152
133.98837576070537	E	n152;1
