TIME	EVENT	NODES
133.62491010913854	O	n208
137.44428209975396	F	n208;1
