TIME	EVENT	NODES
110.57538353301862	O	n246
120.08725737012921	S	n246;1;n341;2;n342;3
120.138242351365	L	n342;3
122.20096298192965	F	n341;2
