TIME	EVENT	NODES
217.1402204999943	O	n72
254.31869674795763	S	n72;1;n137;2;n138;3
262.48313050699846	S	n137;2;n155;4;n156;5
268.08312347105647	S	n138;3;n163;6;n164;7
271.55425055458863	L	n164;7
272.2428151108154	I	n156;5
277.8106349986983	E	n163;6
280.9346084359787	E	n156;5
302.77518792485097	S	n155;4;n221;8;n222;9
314.3193370741534	E	n222;9
329.69250837627675	T	n221;8;n221;10;n183;11
349.00530575206363	E	n183;11
368.33285918754166	F	n221;10
