TIME	EVENT	NODES
133.65182658353774	O	n170
137.44428209975396	F	n170;1
