TIME	EVENT	NODES
110.6163174527428	O	n278
115.22772421492633	E	n278;1
