TIME	EVENT	NODES
110.628520894485	O	n242
122.20096298192965	F	n242;1
