TIME	EVENT	NODES
110.65253363405515	O	n238
122.20096298192965	F	n238;1
