TIME	EVENT	NODES
217.33033858639513	O	n88
232.8439288366906	E	n88;1
