TIME	EVENT	NODES
110.68989018290249	O	n177
118.21581233262908	S	n177;1;n327;2;n328;3
118.26466469545224	S	n328;3;n329;4;n330;5
119.32702103402876	L	n327;2
121.7585378305599	S	n330;5;n353;6;n354;7
122.20096298192965	F	n329;4
122.20096298192965	F	n354;7
122.20096298192965	F	n353;6
