TIME	EVENT	NODES
110.70094991994442	O	n264
114.61374740517192	I	n264;1
122.20096298192965	F	n264;1
