TIME	EVENT	NODES
217.37544535457405	O	n80
239.01003706129444	S	n80;1;n109;2;n110;3
239.1881813653632	I	n109;2
241.08839379214294	I	n110;3
241.40256963096698	I	n110;3
270.06993646603286	L	n110;3
281.2897501589656	I	n109;2
315.342886568578	E	n109;2
