TIME	EVENT	NODES
133.7206614860248	O	n226
134.01809809279308	E	n226;1
