TIME	EVENT	NODES
217.52273360757735	O	n77
226.08451416191318	E	n77;1
