TIME	EVENT	NODES
110.8013355202784	O	n261
116.45204155339697	E	n261;1
