TIME	EVENT	NODES
110.80417014698673	O	n222
122.20096298192965	F	n222;1
