TIME	EVENT	NODES
110.81881218316904	O	n205
113.30666635230561	C	n205;1
115.41781698502454	I	n205;1
122.20096298192965	F	n205;1
