TIME	EVENT	NODES
217.57940527644226	O	n48
222.362127734114	I	n48;1
266.22039429507106	I	n48;1
270.50846597342445	E	n48;1
