TIME	EVENT	NODES
110.83480379037293	O	n244
110.97351095202811	S	n244;1;n289;2;n290;3
111.21042713103029	I	n289;2
113.88822922744914	E	n289;2
114.22092261403004	E	n290;3
