TIME	EVENT	NODES
110.8499943887169	O	n205
119.03489324848539	I	n205;1
122.20096298192965	F	n205;1
