TIME	EVENT	NODES
110.85098721735599	O	n281
122.20096298192965	F	n281;1
