TIME	EVENT	NODES
133.8813355939391	O	n205
134.65113353933813	E	n205;1
