TIME	EVENT	NODES
217.70760334221566	O	n86
245.85340359938476	E	n86;1
