TIME	EVENT	NODES
133.88202872861604	O	n231
137.44428209975396	F	n231;1
