TIME	EVENT	NODES
217.72030714070652	O	n71
224.87883338170167	E	n71;1
