TIME	EVENT	NODES
217.73471617981946	O	n64
242.92925463480364	I	n64;1
248.88117897606477	E	n64;1
