TIME	EVENT	NODES
133.89744790557023	O	n245
135.26511937963505	E	n245;1
