TIME	EVENT	NODES
110.94017020925914	O	n230
112.24725093042906	I	n230;1
122.20096298192965	F	n230;1
