TIME	EVENT	NODES
133.9161341881997	O	n205
134.65113353933813	E	n205;1
