TIME	EVENT	NODES
133.91902392092163	O	n146
134.10316855222695	L	n146;1
