TIME	EVENT	NODES
111.0115215427101	O	n270
112.47100851439468	E	n270;1
