TIME	EVENT	NODES
133.92281985160812	O	n175
136.18078583605833	E	n175;1
