TIME	EVENT	NODES
111.02100419865572	O	n277
115.56451354832312	I	n277;1
117.36400573725459	S	n277;1;n325;2;n326;3
118.30904250839599	S	n326;3;n331;4;n332;5
119.31936433578085	S	n331;4;n337;6;n338;7
120.18954370458381	S	n325;2;n343;8;n344;9
120.51874884326112	E	n332;5
120.61866131969839	I	n343;8
120.73016418531006	S	n338;7;n349;10;n350;11
122.20096298192965	F	n344;9
122.20096298192965	F	n349;10
122.20096298192965	F	n350;11
122.20096298192965	F	n337;6
122.20096298192965	F	n343;8
