TIME	EVENT	NODES
133.92734446680967	O	n210
137.44428209975396	F	n210;1
