TIME	EVENT	NODES
218.0328611903049	O	n55
236.22800012164996	C	n55;1
238.066136604651	E	n55;1
