TIME	EVENT	NODES
133.96013066127736	O	n217
136.24444141721895	S	n217;1;n271;2;n272;3
137.28543503870534	I	n271;2
137.44428209975396	F	n272;3
137.44428209975396	F	n271;2
