TIME	EVENT	NODES
111.07801700744393	O	n286
120.96164925685498	E	n286;1
