TIME	EVENT	NODES
218.19848470224196	O	n78
221.8199570533438	I	n78;1
225.63438410478363	C	n78;1
226.3022639445042	E	n78;1
