TIME	EVENT	NODES
134.01848507539307	O	n244
134.4393152643855	S	n244;1;n253;2;n254;3
135.72829461091368	S	n253;2;n261;4;n262;5
137.39386665203855	C	n254;3
137.44428209975396	F	n254;3
137.44428209975396	F	n261;4
137.44428209975396	F	n262;5
