TIME	EVENT	NODES
0	O	Root
0.0	S	Root;1;n1;2;n2;3
1.1526049188520024	S	n1;2;n3;4;n4;5
2.798675880072279	I	n2;3
4.484958026479743	S	n3;4;n5;6;n6;7
5.070681651816388	E	n5;6
7.566795314525711	S	n4;5;n7;8;n8;9
9.937342596589726	E	n7;8
14.405399790992181	D	n2;3;n2;10;n2;11
18.010842820539494	S	n6;7;n9;12;n10;13
20.239990944317555	S	n9;12;n11;14;n12;15
22.321333856383625	E	n11;14
22.909819856367786	S	n8;9;n13;16;n14;17
23.852875633736534	L	n10;13
24.41824382283007	S	n12;15;n15;18;n16;19
25.86298051660454	E	n15;18
26.256835295663688	E	n2;10
26.256835295663688	E	n2;11
26.84276481692311	S	n14;17;n17;20;n18;21
27.04655144454366	E	n16;19
30.407447078502262	S	n17;20;n21;22;n22;23
31.871747713344842	I	n13;16
35.23166554408248	I	n13;16
35.92070569340266	S	n21;22;n25;24;n26;25
38.13198542719755	E	n22;23
38.93624030858276	I	n25;24
39.04702059247166	E	n13;16
40.759074860237476	E	n25;24
42.012799395780256	E	n26;25
42.357769946350246	S	n18;21;n31;26;n32;27
46.694210788673075	E	n32;27
50.79591476008908	S	n31;26;n39;28;n40;29
52.618978043968546	S	n39;28;n47;30;n48;31
55.45651211006114	E	n47;30
57.85611773475643	I	n40;29
58.30047483794531	S	n40;29;n59;32;n60;33
58.94799355594872	S	n60;33;n61;34;n62;35
59.5579516206426	S	n62;35;n63;36;n64;37
61.254313095266134	E	n48;31
61.47890945651911	I	n63;36
63.02574620101619	I	n61;34
65.13921464734916	E	n59;32
65.73684742946818	I	n63;36
67.79713360797955	S	n61;34;n81;38;n82;39
67.86086074351708	L	n63;36
69.50333777943767	E	n64;37
69.708668487013	E	n81;38
73.06969448986186	S	n82;39;n95;40;n96;41
74.75708131456398	E	n95;40
77.05227282314584	C	n96;41
77.82875716052023	E	n96;41
