TIME	EVENT	NODES
111.1387369666177	O	n222
122.20096298192965	F	n222;1
