TIME	EVENT	NODES
134.02883663484312	O	n203
135.83586790781692	I	n203;1
136.9410702486098	S	n203;1;n273;2;n274;3
137.44428209975396	F	n274;3
137.44428209975396	F	n273;2
