TIME	EVENT	NODES
111.1547373671254	O	n281
114.56089379153391	I	n281;1
122.20096298192965	F	n281;1
