TIME	EVENT	NODES
134.04793999846993	O	n230
137.44428209975396	F	n230;1
