TIME	EVENT	NODES
111.20313594806787	O	n222
122.20096298192965	F	n222;1
