TIME	EVENT	NODES
134.10115705001692	O	n216
135.8895275045361	I	n216;1
137.44428209975396	F	n216;1
