TIME	EVENT	NODES
134.15169145958293	O	n237
137.44428209975396	F	n237;1
