TIME	EVENT	NODES
134.19380743139973	O	n168
137.44428209975396	F	n168;1
