TIME	EVENT	NODES
111.24705855775044	O	n260
111.62809666568839	S	n260;1;n293;2;n294;3
114.418033427831	S	n293;2;n307;4;n308;5
114.716632109647	S	n308;5;n311;6;n312;7
115.60507045488139	S	n307;4;n317;8;n318;9
116.33446567827407	I	n312;7
120.33134263114087	I	n317;8
120.53125479329535	S	n317;8;n347;10;n348;11
121.8287853204813	S	n348;11;n355;12;n356;13
121.92353374976862	I	n318;9
122.20096298192965	F	n355;12
122.20096298192965	F	n294;3
122.20096298192965	F	n318;9
122.20096298192965	F	n347;10
122.20096298192965	F	n356;13
122.20096298192965	F	n312;7
122.20096298192965	F	n311;6
