TIME	EVENT	NODES
218.57255170246842	O	n81
224.01115539674345	E	n81;1
