TIME	EVENT	NODES
111.27123166797026	O	n242
122.20096298192965	F	n242;1
