TIME	EVENT	NODES
134.22714295468722	O	n169
137.44428209975396	F	n169;1
