TIME	EVENT	NODES
134.2733661955658	O	n227
135.55934214570183	E	n227;1
