TIME	EVENT	NODES
111.29329698123965	O	n287
116.4438118421558	E	n287;1
