TIME	EVENT	NODES
134.30717351147447	O	n246
137.44428209975396	F	n246;1
