TIME	EVENT	NODES
218.7082452121362	O	n85
229.79413206743286	S	n85;1;n101;2;n102;3
230.22500167846212	E	n101;2
237.62042614287668	I	n102;3
253.10530453682208	S	n102;3;n133;4;n134;5
254.85733682858677	S	n134;5;n143;6;n144;7
272.4763975386841	I	n144;7
274.68520477779253	E	n143;6
276.551795131478	S	n144;7;n175;8;n176;9
278.0470712190549	I	n133;4
281.7773030975036	I	n175;8
285.76396366295205	E	n176;9
290.4363268478046	S	n133;4;n193;10;n194;11
291.47078342296	I	n194;11
293.87416262241237	S	n194;11;n201;12;n202;13
296.4430408222861	E	n175;8
297.20756264263844	S	n193;10;n209;14;n210;15
302.3133008702219	I	n209;14
303.4377349768546	S	n209;14;n223;16;n224;17
305.62801656752185	L	n210;15
305.99025340734033	E	n202;13
310.74626732789005	S	n224;17;n233;18;n234;19
312.06673550701987	S	n201;12;n235;20;n236;21
314.74963890489	I	n234;19
321.35744944357225	T	n236;21;n236;22;n239;23
321.78135305229097	E	n235;20
322.6630115581117	S	n233;18;n245;24;n246;25
327.68708843484586	S	n223;16;n251;26;n252;27
331.02825248126715	E	n236;22
334.9897297167016	S	n251;26;n257;28;n258;29
335.9333307029407	L	n245;24
341.11177427463167	S	n246;25;n275;30;n276;31
341.1679230069615	L	n257;28
343.8238427793208	I	n276;31
344.02040770953147	S	n258;29;n283;32;n284;33
346.5990500281604	S	n283;32;n287;34;n288;35
348.7700363029201	S	n275;30;n291;36;n292;37
350.6247674253394	S	n276;31;n295;38;n296;39
350.8644152626562	I	n287;34
353.2274467652559	S	n284;33;n297;40;n298;41
355.0583586205711	S	n292;37;n299;42;n300;43
355.8778505990836	S	n295;38;n301;44;n302;45
357.1757291726746	S	n301;44;n305;46;n306;47
358.96227818356414	I	n299;42
360.1807027249935	I	n299;42
360.66748199542366	E	n306;47
363.00126013746194	I	n296;39
363.93229562696297	I	n234;19
364.0086300239402	S	n305;46;n315;48;n316;49
364.8824680743981	S	n302;45;n321;50;n322;51
365.6675909654996	S	n239;23;n327;52;n328;53
366.73830413950367	I	n234;19
368.33285918754166	F	n316;49
368.33285918754166	F	n322;51
368.33285918754166	F	n291;36
368.33285918754166	F	n300;43
368.33285918754166	F	n296;39
368.33285918754166	F	n287;34
368.33285918754166	F	n299;42
368.33285918754166	F	n288;35
368.33285918754166	F	n327;52
368.33285918754166	F	n234;19
368.33285918754166	F	n328;53
368.33285918754166	F	n252;27
368.33285918754166	F	n321;50
368.33285918754166	F	n297;40
368.33285918754166	F	n315;48
368.33285918754166	F	n298;41
