TIME	EVENT	NODES
111.3341319471721	O	n268
112.28537063347119	E	n268;1
