TIME	EVENT	NODES
218.83219587345286	O	n78
226.3022639445042	E	n78;1
