TIME	EVENT	NODES
134.36485131110814	O	n246
137.44428209975396	F	n246;1
