TIME	EVENT	NODES
134.37139082579543	O	n234
137.13164605031997	E	n234;1
