TIME	EVENT	NODES
111.38021662073069	O	n279
113.54079122903167	E	n279;1
