TIME	EVENT	NODES
134.38187662616153	O	n238
137.44428209975396	F	n238;1
