TIME	EVENT	NODES
134.3851276091156	O	n247
137.44428209975396	F	n247;1
