TIME	EVENT	NODES
111.38713157750179	O	n250
122.20096298192965	F	n250;1
