TIME	EVENT	NODES
111.39254781967847	O	n268
112.28537063347119	E	n268;1
