TIME	EVENT	NODES
134.39812853192902	O	n218
137.44428209975396	F	n218;1
