TIME	EVENT	NODES
111.4252865732963	O	n280
121.43476404403538	E	n280;1
