TIME	EVENT	NODES
111.46327222853284	O	n288
122.20096298192965	F	n288;1
