TIME	EVENT	NODES
134.41305543811833	O	n148
137.44428209975396	F	n148;1
