TIME	EVENT	NODES
134.42166815484237	O	n218
137.44428209975396	F	n218;1
