TIME	EVENT	NODES
111.50273918912353	O	n220
112.30443866426226	I	n220;1
122.20096298192965	F	n220;1
