TIME	EVENT	NODES
134.43152655224227	O	n210
137.44428209975396	F	n210;1
