TIME	EVENT	NODES
219.3173284455585	O	n70
256.74972332501403	S	n70;1;n145;2;n146;3
267.82433673028635	I	n146;3
275.0960935428681	S	n146;3;n169;4;n170;5
275.8505257194636	S	n145;2;n173;6;n174;7
276.778106847264	S	n169;4;n177;8;n178;9
289.7660671719976	S	n177;8;n191;10;n192;11
290.60265856035227	L	n178;9
292.56408620681617	S	n191;10;n197;12;n198;13
292.6422803856445	I	n173;6
295.507091524433	L	n192;11
295.507091524433	T	n198;13;n198;14;n192;15
296.05683809453643	I	n173;6
297.88510067996623	E	n197;12
298.59967805978044	I	n174;7
299.87560133774423	I	n174;7
309.21205838172443	S	n198;14;n231;16;n232;17
314.5087251124538	E	n173;6
316.27600896896894	E	n192;15
316.64521563171144	E	n174;7
317.30612004847615	S	n232;17;n239;18;n240;19
330.4835252991129	I	n170;5
335.14844581859495	S	n231;16;n259;20;n260;21
348.6720819320871	E	n240;19
348.7564267084988	E	n259;20
365.3354294195512	E	n260;21
365.6675909654996	S	n239;18;n327;22;n328;23
367.8010989310961	I	n170;5
368.33285918754166	F	n327;22
368.33285918754166	F	n328;23
368.33285918754166	F	n170;5
