TIME	EVENT	NODES
134.47388149220242	O	n251
137.44428209975396	F	n251;1
