TIME	EVENT	NODES
111.5925281508282	O	n259
112.32158139645087	S	n259;1;n299;2;n300;3
117.70156652779394	L	n300;3
119.5417768978418	E	n299;2
