TIME	EVENT	NODES
219.54770870035242	O	n53
226.86452868796613	S	n53;1;n95;2;n96;3
227.4301669659656	I	n95;2
227.56999325383796	I	n96;3
233.55443944646427	S	n96;3;n105;4;n106;5
234.98742001854578	L	n105;4
234.98742001854578	T	n106;5;n106;6;n105;7
247.89276809742267	S	n106;6;n121;8;n122;9
261.6291738439399	E	n121;8
271.5541373875477	S	n95;2;n167;10;n168;11
273.5864034493894	E	n122;9
278.37777927242377	S	n168;11;n179;12;n180;13
278.6214938342557	E	n167;10
282.56958360049487	E	n179;12
287.2898658895813	E	n105;7
291.69150210811745	I	n180;13
292.321064504694	E	n180;13
