TIME	EVENT	NODES
111.60012301418476	O	n261
116.26787198666729	C	n261;1
116.45204155339697	E	n261;1
