TIME	EVENT	NODES
111.62353793389605	O	n269
111.80098211610584	E	n269;1
