TIME	EVENT	NODES
134.53783008414257	O	n251
137.44428209975396	F	n251;1
