TIME	EVENT	NODES
219.68727303173037	O	n64
226.76304026258958	I	n64;1
248.88117897606477	E	n64;1
