TIME	EVENT	NODES
111.68623119774514	O	n289
113.88822922744914	E	n289;1
