TIME	EVENT	NODES
134.55882295090706	O	n229
136.17150238763622	E	n229;1
