TIME	EVENT	NODES
111.6997452314603	O	n249
113.26780984524378	E	n249;1
