TIME	EVENT	NODES
134.56602810969602	O	n227
135.55934214570183	E	n227;1
