TIME	EVENT	NODES
219.79516895523568	O	n52
227.7086322008703	S	n52;1;n97;2;n98;3
244.3265094989243	I	n98;3
249.03530572249304	S	n97;2;n123;4;n124;5
254.59397657947247	S	n123;4;n139;6;n140;7
255.08922900163986	E	n139;6
256.23128008457115	I	n124;5
258.8150958922131	S	n124;5;n149;8;n150;9
265.7368374773719	D	n140;7;n140;10;n140;11
275.3394929136777	E	n140;10
275.3394929136777	E	n140;11
282.32204768203707	I	n150;9
292.8100017076287	I	n98;3
293.4401227103343	E	n150;9
297.82959460464184	E	n98;3
298.0737373871659	I	n149;8
310.2215198353793	I	n149;8
313.2735372024965	E	n149;8
