TIME	EVENT	NODES
134.64480790852684	O	n251
137.44428209975396	F	n251;1
