TIME	EVENT	NODES
134.65216495803196	O	n198
135.85282357483234	E	n198;1
