TIME	EVENT	NODES
111.73812247220862	O	n205
122.20096298192965	F	n205;1
