TIME	EVENT	NODES
219.90451949114532	O	n71
224.87883338170167	E	n71;1
