TIME	EVENT	NODES
111.75310382687157	O	n279
113.54079122903167	E	n279;1
