TIME	EVENT	NODES
134.70648459699626	O	n254
137.44428209975396	F	n254;1
