TIME	EVENT	NODES
134.72703906463326	O	n246
135.4497466630004	I	n246;1
137.44428209975396	F	n246;1
