TIME	EVENT	NODES
111.80217894686973	O	n270
112.47100851439468	E	n270;1
