TIME	EVENT	NODES
220.0953929669303	O	n64
248.88117897606477	E	n64;1
