TIME	EVENT	NODES
134.7887119646579	O	n238
137.44428209975396	F	n238;1
