TIME	EVENT	NODES
111.81104592845816	O	n230
117.77620081835421	I	n230;1
122.20096298192965	F	n230;1
