TIME	EVENT	NODES
220.18860403225816	O	n81
224.01115539674345	E	n81;1
