TIME	EVENT	NODES
111.83952257590624	O	n230
122.20096298192965	F	n230;1
