TIME	EVENT	NODES
111.86055001711037	O	n266
111.91854719341158	S	n266;1;n295;2;n296;3
115.36249319289614	E	n296;3
122.20096298192965	F	n295;2
