TIME	EVENT	NODES
111.86322786957525	O	n229
115.92249460212943	E	n229;1
