TIME	EVENT	NODES
220.2566761334285	O	n85
229.79413206743286	S	n85;1;n101;2;n102;3
230.22500167846212	E	n101;2
240.64864139100922	C	n102;3
253.10530453682208	S	n102;3;n133;4;n134;5
254.85733682858677	S	n134;5;n143;6;n144;7
271.879687090389	I	n143;6
274.68520477779253	E	n143;6
276.551795131478	S	n144;7;n175;8;n176;9
285.76396366295205	E	n176;9
290.4363268478046	S	n133;4;n193;10;n194;11
293.87416262241237	S	n194;11;n201;12;n202;13
296.4430408222861	E	n175;8
297.20756264263844	S	n193;10;n209;14;n210;15
298.2571829970199	I	n209;14
299.75938541901473	L	n209;14
305.93633870414726	I	n201;12
305.99025340734033	E	n202;13
307.88032930517045	S	n210;15;n229;16;n230;17
312.06673550701987	S	n201;12;n235;18;n236;19
321.78135305229097	E	n235;18
326.9467123881711	I	n229;16
331.02825248126715	E	n236;19
331.0418155160491	I	n229;16
337.10932653973396	S	n229;16;n267;20;n268;21
337.52265635678066	I	n267;20
337.7239660043723	I	n267;20
342.1368897672253	S	n267;20;n279;22;n280;23
346.5471506808192	S	n280;23;n285;24;n286;25
347.3589689447561	S	n268;21;n289;26;n290;27
350.79952831322356	I	n289;26
360.6382042299551	C	n290;27
362.14507068748986	S	n289;26;n311;28;n312;29
362.93877184850265	E	n279;22
368.33285918754166	F	n230;17
368.33285918754166	F	n285;24
368.33285918754166	F	n286;25
368.33285918754166	F	n312;29
368.33285918754166	F	n311;28
368.33285918754166	F	n290;27
