TIME	EVENT	NODES
111.90920370306523	O	n281
122.20096298192965	F	n281;1
