TIME	EVENT	NODES
111.90942412787858	O	n153
122.20096298192965	F	n153;1
