TIME	EVENT	NODES
220.3115737776597	O	n68
227.74447505539555	S	n68;1;n99;2;n100;3
227.79180205667913	E	n99;2
237.46246947385566	I	n100;3
240.6015620950032	S	n100;3;n113;4;n114;5
260.0079447944091	E	n114;5
260.46706076447066	I	n113;4
268.48483587049543	I	n113;4
276.06674945851347	E	n113;4
