TIME	EVENT	NODES
134.8571669749134	O	n196
137.44428209975396	F	n196;1
