TIME	EVENT	NODES
111.94399764993342	O	n283
113.27055366242517	I	n283;1
117.90200892415331	I	n283;1
122.20096298192965	F	n283;1
