TIME	EVENT	NODES
220.38329269779496	O	n80
239.01003706129444	S	n80;1;n109;2;n110;3
243.15501979395995	I	n109;2
246.46146398233907	I	n110;3
269.2685165526619	I	n109;2
269.31800872882405	L	n109;2
287.5951517002605	S	n110;3;n187;4;n188;5
293.1267483817216	S	n188;5;n199;6;n200;7
293.90973519565694	S	n199;6;n203;8;n204;9
294.07914662793326	E	n200;7
300.9163239972381	I	n187;4
305.8053411110323	S	n204;9;n227;10;n228;11
308.89627035678706	I	n228;11
314.0104779853529	S	n227;10;n237;12;n238;13
318.9566040063278	S	n203;8;n241;14;n242;15
319.8645309429409	L	n237;12
325.1110398672218	I	n242;15
333.50236304916103	I	n242;15
335.6967060113735	S	n241;14;n261;16;n262;17
340.69882848688314	I	n242;15
342.3523845263514	S	n228;11;n281;18;n282;19
344.69190873165553	I	n242;15
344.89455252376735	I	n262;17
347.701645545619	I	n262;17
350.53960376877336	S	n262;17;n293;20;n294;21
352.7459107446243	D	n281;18;n281;22;n281;23
356.3119546325315	E	n187;4
356.40752609609893	I	n293;20
359.16454116420584	E	n261;16
365.1292926848539	D	n294;21;n294;24;n294;25
368.33285918754166	F	n293;20
368.33285918754166	F	n242;15
368.33285918754166	F	n282;19
368.33285918754166	F	n281;22
368.33285918754166	F	n281;23
368.33285918754166	F	n294;24
368.33285918754166	F	n294;25
368.33285918754166	F	n238;13
