TIME	EVENT	NODES
220.4831524839053	O	n68
227.74447505539555	S	n68;1;n99;2;n100;3
227.79180205667913	E	n99;2
240.6015620950032	S	n100;3;n113;4;n114;5
252.9754103095734	I	n113;4
254.3916439468856	I	n113;4
256.3253084145161	I	n113;4
260.0079447944091	E	n114;5
262.3565102374884	I	n113;4
276.06674945851347	E	n113;4
