TIME	EVENT	NODES
134.91192709818603	O	n234
137.13164605031997	E	n234;1
