TIME	EVENT	NODES
220.49810465137767	O	n71
224.87883338170167	E	n71;1
