TIME	EVENT	NODES
134.91889982860855	O	n161
137.44428209975396	F	n161;1
