TIME	EVENT	NODES
220.60750597819936	O	n64
248.88117897606477	E	n64;1
