TIME	EVENT	NODES
112.05224816071147	O	n205
122.20096298192965	F	n205;1
