TIME	EVENT	NODES
134.95653248318322	O	n253
135.72829461091368	S	n253;1;n261;2;n262;3
137.44428209975396	F	n261;2
137.44428209975396	F	n262;3
