TIME	EVENT	NODES
134.99648383498433	O	n175
136.18078583605833	E	n175;1
