TIME	EVENT	NODES
135.02923390627447	O	n148
137.44428209975396	F	n148;1
