TIME	EVENT	NODES
112.1083141863089	O	n229
115.92249460212943	E	n229;1
