TIME	EVENT	NODES
135.03204555376934	O	n216
137.44428209975396	F	n216;1
