TIME	EVENT	NODES
135.03525840617434	O	n229
136.17150238763622	E	n229;1
