TIME	EVENT	NODES
220.92085111291593	O	n78
226.3022639445042	E	n78;1
