TIME	EVENT	NODES
135.04205666792404	O	n235
137.44428209975396	F	n235;1
