TIME	EVENT	NODES
135.08529264018128	O	n198
135.85282357483234	E	n198;1
