TIME	EVENT	NODES
220.98193164136345	O	n59
239.33049058622979	I	n59;1
251.91737397158224	S	n59;1;n131;2;n132;3
264.256074713361	S	n131;2;n159;4;n160;5
278.2790161558997	C	n159;4
283.003644560383	E	n160;5
288.5496408940298	S	n132;3;n189;6;n190;7
293.8847744126867	I	n189;6
297.2325938618031	S	n190;7;n211;8;n212;9
297.8779461812591	I	n159;4
306.18779637717876	E	n189;6
320.06015787817074	I	n212;9
323.451126983794	S	n211;8;n247;10;n248;11
325.29157350610575	I	n248;11
326.9299560409181	S	n248;11;n249;12;n250;13
328.00164525430046	I	n212;9
328.2146319613769	S	n159;4;n253;14;n254;15
334.64198406508626	S	n249;12;n255;16;n256;17
334.72733984980283	I	n255;16
335.0680365865061	I	n247;10
335.92113620132585	S	n254;15;n263;18;n264;19
338.51097831531484	S	n247;10;n269;20;n270;21
339.658731161582	S	n264;19;n271;22;n272;23
341.80975842684654	I	n250;13
345.71198993976384	E	n253;14
348.3951796144647	D	n256;17;n256;24;n256;25
351.252376309618	C	n270;21
351.3681074054671	E	n270;21
351.37042779145395	E	n255;16
356.5243775902817	S	n250;13;n303;26;n304;27
359.43466135079467	S	n269;20;n307;28;n308;29
361.7971077523211	S	n272;23;n309;30;n310;31
364.14479088522387	E	n212;9
364.39265661618424	S	n310;31;n317;32;n318;33
364.49514583717956	S	n304;27;n319;34;n320;35
365.0168302374957	S	n256;24;n323;36;n324;37
365.0168302374957	S	n256;25;n323;38;n324;39
365.0417268907298	E	n263;18
365.9406802548836	S	n318;33;n329;40;n330;41
366.57234176762364	C	n309;30
368.1525611161385	S	n324;37;n331;42;n332;43
368.1525611161385	S	n324;39;n331;44;n332;45
368.33285918754166	F	n330;41
368.33285918754166	F	n307;28
368.33285918754166	F	n329;40
368.33285918754166	F	n303;26
368.33285918754166	F	n271;22
368.33285918754166	F	n308;29
368.33285918754166	F	n331;42
368.33285918754166	F	n331;44
368.33285918754166	F	n323;36
368.33285918754166	F	n323;38
368.33285918754166	F	n320;35
368.33285918754166	F	n332;43
368.33285918754166	F	n332;45
368.33285918754166	F	n317;32
368.33285918754166	F	n309;30
368.33285918754166	F	n319;34
