TIME	EVENT	NODES
112.20925015810383	O	n289
113.88822922744914	E	n289;1
