TIME	EVENT	NODES
135.0920262586186	O	n238
137.44428209975396	F	n238;1
