TIME	EVENT	NODES
221.05647194547342	O	n48
270.50846597342445	E	n48;1
