TIME	EVENT	NODES
135.09682844529084	O	n237
137.44428209975396	F	n237;1
