TIME	EVENT	NODES
135.11982406849532	O	n242
137.44428209975396	F	n242;1
