TIME	EVENT	NODES
112.22318245400787	O	n268
112.28537063347119	E	n268;1
