TIME	EVENT	NODES
135.12596778645047	O	n227
135.55934214570183	E	n227;1
