TIME	EVENT	NODES
221.12162313360645	O	n71
224.87883338170167	E	n71;1
