TIME	EVENT	NODES
112.25668704049178	O	n265
118.22271826685676	E	n265;1
