TIME	EVENT	NODES
221.24042294504972	O	n68
225.23706246546098	I	n68;1
227.74447505539555	S	n68;1;n99;2;n100;3
227.79180205667913	E	n99;2
232.8087900254577	I	n100;3
240.6015620950032	S	n100;3;n113;4;n114;5
241.25573234158125	I	n114;5
260.0079447944091	E	n114;5
276.06674945851347	E	n113;4
