TIME	EVENT	NODES
112.29502728415932	O	n281
122.20096298192965	F	n281;1
