TIME	EVENT	NODES
135.15163622719407	O	n216
137.44428209975396	F	n216;1
