TIME	EVENT	NODES
112.31282851505964	O	n220
122.20096298192965	F	n220;1
