TIME	EVENT	NODES
221.3012499387804	O	n48
224.4010288634234	D	n48;1;n48;2;n48;3
270.50846597342445	E	n48;2
270.50846597342445	E	n48;3
