TIME	EVENT	NODES
135.17358150901603	O	n238
137.44428209975396	F	n238;1
