TIME	EVENT	NODES
112.32263312559569	O	n290
114.22092261403004	E	n290;1
