TIME	EVENT	NODES
221.3288150127667	O	n88
232.8439288366906	E	n88;1
