TIME	EVENT	NODES
221.34329632177293	O	n78
223.78291746213483	L	n78;1
