TIME	EVENT	NODES
221.3694927201927	O	n72
242.63479531899696	C	n72;1
254.31869674795763	S	n72;1;n137;2;n138;3
262.48313050699846	S	n137;2;n155;4;n156;5
268.08312347105647	S	n138;3;n163;6;n164;7
268.3375187279591	I	n156;5
269.8419514977223	C	n155;4
277.8106349986983	E	n163;6
279.3689247604448	E	n164;7
280.9346084359787	E	n156;5
285.9724102996077	I	n155;4
301.46087240205134	I	n155;4
302.764935307984	I	n155;4
302.77518792485097	S	n155;4;n221;8;n222;9
314.3193370741534	E	n222;9
318.2756335606385	I	n221;8
352.49557952840445	D	n221;8;n221;10;n221;11
368.33285918754166	F	n221;10
368.33285918754166	F	n221;11
