TIME	EVENT	NODES
135.27419769860512	O	n242
137.44428209975396	F	n242;1
