TIME	EVENT	NODES
135.27821518981273	O	n255
137.44428209975396	F	n255;1
