TIME	EVENT	NODES
112.41615327013729	O	n264
122.20096298192965	F	n264;1
