TIME	EVENT	NODES
135.2922250219894	O	n248
137.44428209975396	F	n248;1
