TIME	EVENT	NODES
112.4341690941932	O	n289
112.88526168982457	D	n289;1;n289;2;n289;3
113.88822922744914	E	n289;2
113.88822922744914	E	n289;3
