TIME	EVENT	NODES
112.44352881005786	O	n264
122.20096298192965	F	n264;1
