TIME	EVENT	NODES
221.5461764966236	O	n48
270.50846597342445	E	n48;1
