TIME	EVENT	NODES
135.36060397113758	O	n242
137.44428209975396	F	n242;1
