TIME	EVENT	NODES
112.48615229774657	O	n296
115.18717888916606	I	n296;1
115.36249319289614	E	n296;1
