TIME	EVENT	NODES
221.59529844316836	O	n75
229.84074322147535	S	n75;1;n103;2;n104;3
240.4400248471713	S	n104;3;n111;4;n112;5
242.8941750001684	S	n103;2;n115;6;n116;7
244.65686309263035	S	n115;6;n117;8;n118;9
245.60380920404123	E	n118;9
246.41896245296667	S	n116;7;n119;10;n120;11
248.35201679985207	D	n112;5;n112;12;n112;13
250.0765137148135	I	n120;11
251.3186136772485	S	n120;11;n129;14;n130;15
251.9600984783782	E	n129;14
252.76652019297376	D	n112;12;n112;16;n112;17
254.1474396940903	S	n111;4;n135;18;n136;19
254.6017951755659	S	n119;10;n141;20;n142;21
259.19362679088636	S	n130;15;n151;22;n152;23
259.28999588796853	S	n141;20;n153;24;n154;25
261.5455228136473	E	n152;23
262.7138522087687	I	n136;19
266.1400532075929	E	n151;22
267.6230845290778	E	n154;25
269.9568136455443	E	n136;19
277.90526706903614	C	n112;16
277.90526706903614	C	n112;17
277.90526706903614	C	n112;13
278.4525291252385	E	n112;16
278.4525291252385	E	n112;17
278.4525291252385	E	n112;13
278.8778393829385	E	n117;8
294.27007287477545	S	n153;24;n205;26;n206;27
297.944722411288	S	n135;18;n213;28;n214;29
298.1283204238227	S	n206;27;n215;30;n216;31
299.1473251872138	E	n214;29
301.0310974275402	I	n216;31
301.7496501463424	E	n216;31
302.3908602117185	T	n215;30;n215;32;n203;33
305.3065589137974	S	n213;28;n225;34;n226;35
308.87520082973424	I	n226;35
311.46888254128277	C	n215;32
312.1421772672062	E	n142;21
318.9566040063278	S	n203;33;n241;36;n242;37
323.8506974373307	I	n225;34
324.2601856628277	E	n226;35
324.7848548775896	E	n225;34
335.6967060113735	S	n241;36;n261;38;n262;39
341.48279955515943	I	n261;38
341.5385477573434	S	n215;32;n277;40;n278;41
347.63829500137797	T	n277;40;n277;42;n256;43
350.53960376877336	S	n262;39;n293;44;n294;45
353.5297280912053	I	n294;45
354.48991564528484	I	n256;43
354.63903082168116	I	n256;43
358.3633397875162	I	n205;26
359.16454116420584	E	n261;38
363.7179365725955	E	n277;42
363.72092949357767	S	n205;26;n313;46;n314;47
365.0168302374957	S	n256;43;n323;48;n324;49
366.688838646879	I	n323;48
368.1525611161385	S	n324;49;n331;50;n332;51
368.33285918754166	F	n293;44
368.33285918754166	F	n242;37
368.33285918754166	F	n331;50
368.33285918754166	F	n323;48
368.33285918754166	F	n314;47
368.33285918754166	F	n294;45
368.33285918754166	F	n332;51
368.33285918754166	F	n313;46
368.33285918754166	F	n278;41
