TIME	EVENT	NODES
135.4013125346147	O	n198
135.85282357483234	E	n198;1
