TIME	EVENT	NODES
135.41338314134865	O	n208
137.44428209975396	F	n208;1
