TIME	EVENT	NODES
221.88599088709617	O	n70
256.74972332501403	S	n70;1;n145;2;n146;3
275.0960935428681	S	n146;3;n169;4;n170;5
275.8505257194636	S	n145;2;n173;6;n174;7
276.778106847264	S	n169;4;n177;8;n178;9
281.78322002114845	T	n177;8;n177;10;n172;11
289.7660671719976	S	n177;10;n191;12;n192;13
292.56408620681617	S	n191;12;n197;14;n198;15
295.7101501024865	E	n178;9
297.88510067996623	E	n197;14
305.2471914188156	I	n173;6
309.21205838172443	S	n198;15;n231;16;n232;17
314.5087251124538	E	n173;6
315.41472492191235	E	n172;11
316.27600896896894	E	n192;13
316.64521563171144	E	n174;7
317.30612004847615	S	n232;17;n239;18;n240;19
329.66967225361697	I	n231;16
335.14844581859495	S	n231;16;n259;20;n260;21
336.29564571859504	I	n260;21
348.6720819320871	E	n240;19
348.7564267084988	E	n259;20
351.4549700340385	I	n260;21
354.9732175486847	T	n170;5;n170;22;n269;23
359.43466135079467	S	n269;23;n307;24;n308;25
365.3354294195512	E	n260;21
365.6675909654996	S	n239;18;n327;26;n328;27
365.9716837610874	C	n170;22
368.33285918754166	F	n307;24
368.33285918754166	F	n308;25
368.33285918754166	F	n327;26
368.33285918754166	F	n328;27
368.33285918754166	F	n170;22
