TIME	EVENT	NODES
112.56660959395741	O	n288
122.20096298192965	F	n288;1
