TIME	EVENT	NODES
135.4798216224425	O	n243
136.4644248032614	I	n243;1
137.44428209975396	F	n243;1
