TIME	EVENT	NODES
112.60398363846953	O	n253
117.64931390587152	E	n253;1
