TIME	EVENT	NODES
112.62020011579115	O	n222
122.20096298192965	F	n222;1
