TIME	EVENT	NODES
112.6328603281161	O	n299
119.5417768978418	E	n299;1
