TIME	EVENT	NODES
135.57006080514415	O	n208
137.44428209975396	F	n208;1
