TIME	EVENT	NODES
135.57296473881019	O	n168
137.44428209975396	F	n168;1
