TIME	EVENT	NODES
112.64553041910204	O	n229
115.92249460212943	E	n229;1
