TIME	EVENT	NODES
112.69813293487942	O	n236
115.2182153714495	S	n236;1;n313;2;n314;3
115.36905792365864	I	n314;3
116.15826723514712	E	n313;2
122.20096298192965	F	n314;3
