TIME	EVENT	NODES
222.3426734506697	O	n88
229.8591796462208	I	n88;1
232.8439288366906	E	n88;1
