TIME	EVENT	NODES
135.60236697728547	O	n258
137.44428209975396	F	n258;1
