TIME	EVENT	NODES
135.60926935826956	O	n195
137.44428209975396	F	n195;1
