TIME	EVENT	NODES
222.42745298973827	O	n71
224.87883338170167	E	n71;1
