TIME	EVENT	NODES
135.6338743239533	O	n258
137.44428209975396	F	n258;1
