TIME	EVENT	NODES
135.6553255968422	O	n169
137.44428209975396	F	n169;1
