TIME	EVENT	NODES
222.52500934315958	O	n72
235.6703106220646	I	n72;1
247.2875698036164	I	n72;1
254.31869674795763	S	n72;1;n137;2;n138;3
262.48313050699846	S	n137;2;n155;4;n156;5
268.08312347105647	S	n138;3;n163;6;n164;7
277.8106349986983	E	n163;6
279.3689247604448	E	n164;7
280.9346084359787	E	n156;5
296.65452715744607	I	n155;4
302.77518792485097	S	n155;4;n221;8;n222;9
303.61481412883404	L	n222;9
322.3444734102806	L	n221;8
