TIME	EVENT	NODES
112.77136454266008	O	n291
113.80810599101235	E	n291;1
