TIME	EVENT	NODES
135.68613891184648	O	n161
137.44428209975396	F	n161;1
