TIME	EVENT	NODES
112.7887576789698	O	n177
118.21581233262908	S	n177;1;n327;2;n328;3
118.26466469545224	S	n328;3;n329;4;n330;5
120.238627930768	I	n329;4
121.7585378305599	S	n330;5;n353;6;n354;7
122.20096298192965	F	n327;2
122.20096298192965	F	n329;4
122.20096298192965	F	n354;7
122.20096298192965	F	n353;6
