TIME	EVENT	NODES
112.79173098721444	O	n292
122.20096298192965	F	n292;1
