TIME	EVENT	NODES
222.59012105912544	O	n59
239.33049058622979	I	n59;1
251.91737397158224	S	n59;1;n131;2;n132;3
264.256074713361	S	n131;2;n159;4;n160;5
265.0337682786237	I	n159;4
283.003644560383	E	n160;5
285.1915493401746	C	n132;3
286.90258136305795	I	n132;3
288.5496408940298	S	n132;3;n189;6;n190;7
294.2291742108575	I	n190;7
297.2325938618031	S	n190;7;n211;8;n212;9
301.8448988820438	I	n211;8
306.18779637717876	E	n189;6
323.451126983794	S	n211;8;n247;10;n248;11
325.6479466993547	L	n212;9
326.9299560409181	S	n248;11;n249;12;n250;13
328.2146319613769	S	n159;4;n253;14;n254;15
329.10201740126803	C	n253;14
334.64198406508626	S	n249;12;n255;16;n256;17
335.63220181305144	L	n250;13
335.63220181305144	T	n255;16;n255;18;n250;19
335.92113620132585	S	n254;15;n263;20;n264;21
338.51097831531484	S	n247;10;n269;22;n270;23
339.658731161582	S	n264;21;n271;24;n272;25
340.0233594756859	I	n269;22
345.71198993976384	E	n253;14
351.3681074054671	E	n270;23
351.37042779145395	E	n255;18
356.5243775902817	S	n250;19;n303;26;n304;27
359.43466135079467	S	n269;22;n307;28;n308;29
361.7971077523211	S	n272;25;n309;30;n310;31
362.724704084258	I	n256;17
364.39265661618424	S	n310;31;n317;32;n318;33
364.49514583717956	S	n304;27;n319;34;n320;35
365.0168302374957	S	n256;17;n323;36;n324;37
365.0417268907298	E	n263;20
365.9406802548836	S	n318;33;n329;38;n330;39
368.1525611161385	S	n324;37;n331;40;n332;41
368.2645648230135	I	n320;35
368.33285918754166	F	n330;39
368.33285918754166	F	n307;28
368.33285918754166	F	n329;38
368.33285918754166	F	n303;26
368.33285918754166	F	n271;24
368.33285918754166	F	n308;29
368.33285918754166	F	n331;40
368.33285918754166	F	n323;36
368.33285918754166	F	n320;35
368.33285918754166	F	n332;41
368.33285918754166	F	n317;32
368.33285918754166	F	n309;30
368.33285918754166	F	n319;34
