TIME	EVENT	NODES
135.76300820826145	O	n247
137.44428209975396	F	n247;1
