TIME	EVENT	NODES
112.85402254421905	O	n290
114.22092261403004	E	n290;1
