TIME	EVENT	NODES
112.89870090996924	O	n272
115.05111810985281	I	n272;1
115.65239317601123	E	n272;1
