TIME	EVENT	NODES
135.76824695905114	O	n148
137.44428209975396	F	n148;1
