TIME	EVENT	NODES
222.71447624072886	O	n81
224.01115539674345	E	n81;1
