TIME	EVENT	NODES
135.7833547651307	O	n170
137.44428209975396	F	n170;1
