TIME	EVENT	NODES
135.79121242859446	O	n256
137.44428209975396	F	n256;1
