TIME	EVENT	NODES
112.90839432124834	O	n280
121.43476404403538	E	n280;1
