TIME	EVENT	NODES
135.81373513245927	O	n198
135.85282357483234	E	n198;1
