TIME	EVENT	NODES
112.92400127616921	O	n286
120.96164925685498	E	n286;1
