TIME	EVENT	NODES
135.8225371734741	O	n250
137.4181928277078	S	n250;1;n279;2;n280;3
137.44428209975396	F	n279;2
137.44428209975396	F	n280;3
