TIME	EVENT	NODES
112.94026932776531	O	n295
122.20096298192965	F	n295;1
