TIME	EVENT	NODES
112.94347924293051	O	n283
122.20096298192965	F	n283;1
