TIME	EVENT	NODES
135.86222329257728	O	n256
137.44428209975396	F	n256;1
