TIME	EVENT	NODES
135.865540578226	O	n260
136.5068312732184	E	n260;1
