TIME	EVENT	NODES
222.86025116161443	O	n78
226.3022639445042	E	n78;1
