TIME	EVENT	NODES
135.89283383345722	O	n256
137.44428209975396	F	n256;1
