TIME	EVENT	NODES
222.8795490486086	O	n81
224.01115539674345	E	n81;1
