TIME	EVENT	NODES
112.98426034848525	O	n296
115.36249319289614	E	n296;1
