TIME	EVENT	NODES
135.8959267673875	O	n185
137.10925778677648	I	n185;1
137.44428209975396	F	n185;1
