TIME	EVENT	NODES
113.01080396837375	O	n222
122.20096298192965	F	n222;1
