TIME	EVENT	NODES
113.08818745812087	O	n290
114.22092261403004	E	n290;1
