TIME	EVENT	NODES
113.10500242862648	O	n264
122.20096298192965	F	n264;1
