TIME	EVENT	NODES
113.15355668252978	O	n222
122.20096298192965	F	n222;1
