TIME	EVENT	NODES
223.1465034163109	O	n77
226.08451416191318	E	n77;1
