TIME	EVENT	NODES
135.99282082664217	O	n264
136.37102824962483	E	n264;1
