TIME	EVENT	NODES
113.18976369302193	O	n125
122.20096298192965	F	n125;1
