TIME	EVENT	NODES
136.0493948242681	O	n218
137.44428209975396	F	n218;1
