TIME	EVENT	NODES
223.24824815419797	O	n77
225.79095611622103	I	n77;1
226.08451416191318	E	n77;1
