TIME	EVENT	NODES
113.21215092372593	O	n153
118.04279583462119	I	n153;1
122.20096298192965	F	n153;1
