TIME	EVENT	NODES
136.06618082117083	O	n264
136.37102824962483	E	n264;1
