TIME	EVENT	NODES
136.08358738647885	O	n168
137.44428209975396	F	n168;1
