TIME	EVENT	NODES
223.31423541494377	O	n53
226.86452868796613	S	n53;1;n95;2;n96;3
227.4301669659656	I	n95;2
233.55443944646427	S	n96;3;n105;4;n106;5
233.73768788780495	T	n105;4;n105;6;n80;7
238.87928007088047	L	n105;6
239.01003706129444	S	n80;7;n109;8;n110;9
242.037453215515	L	n106;5
248.53296195393457	T	n95;2;n95;10;n93;11
263.1946935408616	S	n93;11;n157;12;n158;13
264.38835735634	I	n110;9
271.0359830191678	S	n158;13;n165;14;n166;15
271.5541373875477	S	n95;10;n167;16;n168;17
274.0122479693564	I	n109;8
276.3053063180274	I	n165;14
278.37777927242377	S	n168;17;n179;18;n180;19
278.6214938342557	E	n167;16
281.86281336619095	S	n157;12;n181;20;n182;21
281.983553772018	C	n110;9
282.56958360049487	E	n179;18
282.6411431485318	L	n182;21
284.52717846865596	T	n110;9;n110;22;n178;23
287.5951517002605	S	n110;22;n187;24;n188;25
288.3063711111068	T	n178;23;n178;26;n185;27
292.321064504694	E	n180;19
292.8716871641117	I	n188;25
293.1267483817216	S	n188;25;n199;28;n200;29
293.90973519565694	S	n199;28;n203;30;n204;31
294.07914662793326	E	n200;29
294.0925666836713	T	n185;27;n185;32;n149;33
295.7101501024865	E	n178;26
298.06159755230874	I	n181;20
298.9925149872678	L	n165;14
303.7028684693965	I	n181;20
304.69378074654935	I	n203;30
305.8053411110323	S	n204;31;n227;34;n228;35
306.7118637562414	E	n185;32
307.17311820852194	I	n203;30
313.2735372024965	E	n149;33
314.0104779853529	S	n227;34;n237;36;n238;37
315.342886568578	E	n109;8
318.9566040063278	S	n203;30;n241;38;n242;39
321.4058489812759	I	n241;38
323.2489897203093	L	n181;20
325.62016585225894	E	n166;15
328.0414879216036	I	n241;38
331.5651094110081	I	n238;37
335.6967060113735	S	n241;38;n261;40;n262;41
336.773567488052	L	n262;41
339.96246034945096	S	n237;36;n273;42;n274;43
342.3523845263514	S	n228;35;n281;44;n282;45
347.42163013391803	T	n238;37;n238;46;n265;47
349.0034508299587	L	n242;39
349.35664243273163	C	n238;46
353.31236556958584	I	n265;47
353.57427865668427	I	n282;45
355.7899662740194	E	n274;43
356.3119546325315	E	n187;24
357.83898267386695	E	n265;47
359.16454116420584	E	n261;40
363.31594469234443	I	n282;45
365.43190125744275	S	n273;42;n325;48;n326;49
368.33285918754166	F	n282;45
368.33285918754166	F	n325;48
368.33285918754166	F	n281;44
368.33285918754166	F	n326;49
368.33285918754166	F	n238;46
