TIME	EVENT	NODES
136.14311794978164	O	n248
137.44428209975396	F	n248;1
