TIME	EVENT	NODES
223.37123708975824	O	n71
223.71632450970287	D	n71;1;n71;2;n71;3
224.87883338170167	E	n71;2
224.87883338170167	E	n71;3
