TIME	EVENT	NODES
136.17403745298083	O	n262
137.44428209975396	F	n262;1
