TIME	EVENT	NODES
223.45415949775963	O	n80
239.01003706129444	S	n80;1;n109;2;n110;3
239.76807284456007	I	n110;3
276.3125543421042	I	n109;2
280.2536437944675	I	n109;2
287.5951517002605	S	n110;3;n187;4;n188;5
293.1267483817216	S	n188;5;n199;6;n200;7
293.90973519565694	S	n199;6;n203;8;n204;9
294.07914662793326	E	n200;7
298.6142577870675	C	n203;8
301.02625865594524	L	n109;2
305.8053411110323	S	n204;9;n227;10;n228;11
306.71740856952243	I	n203;8
314.0104779853529	S	n227;10;n237;12;n238;13
318.9566040063278	S	n203;8;n241;14;n242;15
324.3270068489446	I	n238;13
324.83272403289095	I	n238;13
327.35234377429856	I	n238;13
335.6967060113735	S	n241;14;n261;16;n262;17
335.822040876782	I	n187;4
339.96246034945096	S	n237;12;n273;18;n274;19
342.3523845263514	S	n228;11;n281;20;n282;21
344.42408867849366	I	n261;16
350.53960376877336	S	n262;17;n293;22;n294;23
351.6588701753525	I	n293;22
352.12429809528237	I	n282;21
353.3542655042282	I	n273;18
353.8348181886846	I	n282;21
354.5284912151958	I	n293;22
354.8954343814023	I	n273;18
355.7899662740194	E	n274;19
356.1164804556257	I	n242;15
356.3119546325315	E	n187;4
356.61493375697324	I	n294;23
359.16454116420584	E	n261;16
359.7237882397398	C	n281;20
363.1360965020053	I	n238;13
365.43190125744275	S	n273;18;n325;24;n326;25
368.00270167649796	T	n294;23;n294;26;n257;27
368.33285918754166	F	n293;22
368.33285918754166	F	n242;15
368.33285918754166	F	n282;21
368.33285918754166	F	n257;27
368.33285918754166	F	n325;24
368.33285918754166	F	n281;20
368.33285918754166	F	n326;25
368.33285918754166	F	n294;26
368.33285918754166	F	n238;13
