TIME	EVENT	NODES
136.19835486257003	O	n254
137.44428209975396	F	n254;1
