TIME	EVENT	NODES
136.19881788616965	O	n251
137.44428209975396	F	n251;1
