TIME	EVENT	NODES
113.29344453013428	O	n229
115.92249460212943	E	n229;1
