TIME	EVENT	NODES
136.21457133593637	O	n246
137.44428209975396	F	n246;1
