TIME	EVENT	NODES
136.2660438307613	O	n208
137.44428209975396	F	n208;1
