TIME	EVENT	NODES
113.33414815899629	O	n290
114.22092261403004	E	n290;1
