TIME	EVENT	NODES
223.61877608375036	O	n55
235.5334154905684	C	n55;1
238.066136604651	E	n55;1
