TIME	EVENT	NODES
136.2919497099104	O	n264
136.37102824962483	E	n264;1
