TIME	EVENT	NODES
113.35904157402962	O	n153
122.20096298192965	F	n153;1
