TIME	EVENT	NODES
113.40402100699032	O	n287
116.4438118421558	E	n287;1
