TIME	EVENT	NODES
136.34659129938032	O	n196
137.44428209975396	F	n196;1
