TIME	EVENT	NODES
136.36329393479983	O	n265
137.44428209975396	F	n265;1
