TIME	EVENT	NODES
223.63918153370304	O	n80
239.01003706129444	S	n80;1;n109;2;n110;3
262.6703206566214	I	n110;3
274.0122479693564	I	n109;2
286.5922201237074	I	n110;3
287.5951517002605	S	n110;3;n187;4;n188;5
293.1267483817216	S	n188;5;n199;6;n200;7
293.90973519565694	S	n199;6;n203;8;n204;9
294.07914662793326	E	n200;7
305.8053411110323	S	n204;9;n227;10;n228;11
307.14769535416326	I	n187;4
314.0104779853529	S	n227;10;n237;12;n238;13
314.05841760646166	I	n203;8
315.342886568578	E	n109;2
318.9566040063278	S	n203;8;n241;14;n242;15
319.6689926567723	I	n241;14
320.72755322721935	I	n187;4
329.90574507135415	L	n237;12
335.6967060113735	S	n241;14;n261;16;n262;17
337.26646645183325	T	n262;17;n262;18;n246;19
341.11177427463167	S	n246;19;n275;20;n276;21
342.3523845263514	S	n228;11;n281;22;n282;23
348.7700363029201	S	n275;20;n291;24;n292;25
350.53960376877336	S	n262;18;n293;26;n294;27
350.6247674253394	S	n276;21;n295;28;n296;29
352.1960211151951	L	n187;4
352.6640134552425	I	n293;26
355.0583586205711	S	n292;25;n299;30;n300;31
355.8778505990836	S	n295;28;n301;32;n302;33
356.2499528062618	T	n302;33;n302;34;n239;35
357.1757291726746	S	n301;32;n305;36;n306;37
359.1515710814555	L	n296;29
359.1515710814555	T	n294;27;n294;38;n296;39
359.16454116420584	E	n261;16
360.66748199542366	E	n306;37
361.08375209804785	C	n281;22
361.12073052558503	D	n300;31;n300;40;n300;41
361.6024928182345	C	n300;40
361.6024928182345	C	n300;41
364.0086300239402	S	n305;36;n315;42;n316;43
364.8824680743981	S	n302;34;n321;44;n322;45
365.6675909654996	S	n239;35;n327;46;n328;47
366.5045059920359	I	n282;23
368.33285918754166	F	n316;43
368.33285918754166	F	n322;45
368.33285918754166	F	n291;24
368.33285918754166	F	n300;40
368.33285918754166	F	n300;41
368.33285918754166	F	n293;26
368.33285918754166	F	n242;15
368.33285918754166	F	n296;39
368.33285918754166	F	n282;23
368.33285918754166	F	n299;30
368.33285918754166	F	n327;46
368.33285918754166	F	n281;22
368.33285918754166	F	n328;47
368.33285918754166	F	n294;38
368.33285918754166	F	n321;44
368.33285918754166	F	n238;13
368.33285918754166	F	n315;42
