TIME	EVENT	NODES
113.43585051957182	O	n290
114.22092261403004	E	n290;1
