TIME	EVENT	NODES
113.4431076595093	O	n229
115.92249460212943	E	n229;1
