TIME	EVENT	NODES
136.37517565452706	O	n246
137.44428209975396	F	n246;1
