TIME	EVENT	NODES
136.38398655031307	O	n242
137.44428209975396	F	n242;1
