TIME	EVENT	NODES
136.40806376317315	O	n265
137.44428209975396	F	n265;1
