TIME	EVENT	NODES
0	O	Root
0.0	S	Root;1;n1;2;n2;3
1.5613669879623682	L	n1;2
1.9030650801495157	L	n2;3
