TIME	EVENT	NODES
113.4922638815205	O	n265
118.22271826685676	E	n265;1
