TIME	EVENT	NODES
136.45841461263905	O	n208
137.44428209975396	F	n208;1
