TIME	EVENT	NODES
113.54005577746653	O	n280
121.43476404403538	E	n280;1
