TIME	EVENT	NODES
136.46883019543077	O	n238
137.44428209975396	F	n238;1
