TIME	EVENT	NODES
223.92089850308358	O	n55
238.066136604651	E	n55;1
