TIME	EVENT	NODES
136.54640375838687	O	n243
137.44428209975396	F	n243;1
