TIME	EVENT	NODES
223.9915399936375	O	n86
242.69095967438287	I	n86;1
245.85340359938476	E	n86;1
