TIME	EVENT	NODES
113.55981725734608	O	n288
122.20096298192965	F	n288;1
