TIME	EVENT	NODES
136.565213564501	O	n235
137.44428209975396	F	n235;1
