TIME	EVENT	NODES
136.56985715919092	O	n241
137.44428209975396	F	n241;1
