TIME	EVENT	NODES
113.58859825307664	O	n292
122.20096298192965	F	n292;1
