TIME	EVENT	NODES
113.60471535764627	O	n229
115.92249460212943	E	n229;1
