TIME	EVENT	NODES
113.61034916252046	O	n203
118.63591561020323	S	n203;1;n333;2;n334;3
122.20096298192965	F	n333;2
122.20096298192965	F	n334;3
