TIME	EVENT	NODES
136.6085623166906	O	n254
137.44428209975396	F	n254;1
