TIME	EVENT	NODES
136.61471053439612	O	n255
137.44428209975396	F	n255;1
