TIME	EVENT	NODES
113.65549669041683	O	n242
122.20096298192965	F	n242;1
