TIME	EVENT	NODES
136.63433361753903	O	n261
137.44428209975396	F	n261;1
