TIME	EVENT	NODES
224.16470746407535	O	n90
280.88338111280893	E	n90;1
