TIME	EVENT	NODES
113.6788541162037	O	n265
118.22271826685676	E	n265;1
