TIME	EVENT	NODES
136.6866249249067	O	n271
137.28543503870534	I	n271;1
137.44428209975396	F	n271;1
