TIME	EVENT	NODES
113.69155820693234	O	n153
122.20096298192965	F	n153;1
