TIME	EVENT	NODES
136.7515530385539	O	n195
137.44428209975396	F	n195;1
