TIME	EVENT	NODES
136.76957441157367	O	n248
137.44428209975396	F	n248;1
