TIME	EVENT	NODES
113.71817810831398	O	n280
118.81344784576464	I	n280;1
120.63792244376722	I	n280;1
121.43476404403538	E	n280;1
