TIME	EVENT	NODES
224.31644469555616	O	n80
239.01003706129444	S	n80;1;n109;2;n110;3
249.86963234546585	I	n109;2
255.3372325553856	I	n110;3
287.5951517002605	S	n110;3;n187;4;n188;5
292.9330647801304	I	n188;5
293.1267483817216	S	n188;5;n199;6;n200;7
293.90973519565694	S	n199;6;n203;8;n204;9
294.07914662793326	E	n200;7
294.1398472275502	I	n187;4
305.8053411110323	S	n204;9;n227;10;n228;11
314.0104779853529	S	n227;10;n237;12;n238;13
315.342886568578	E	n109;2
317.67467928320224	I	n238;13
318.9566040063278	S	n203;8;n241;14;n242;15
320.5080337134392	I	n238;13
323.681964647013	L	n238;13
324.9432768265889	L	n241;14
339.96246034945096	S	n237;12;n273;16;n274;17
342.3523845263514	S	n228;11;n281;18;n282;19
343.2341849094522	I	n273;16
347.15715060829285	C	n281;18
355.7899662740194	E	n274;17
356.1698681383509	I	n273;16
356.3119546325315	E	n187;4
365.43190125744275	S	n273;16;n325;20;n326;21
368.33285918754166	F	n242;15
368.33285918754166	F	n282;19
368.33285918754166	F	n325;20
368.33285918754166	F	n281;18
368.33285918754166	F	n326;21
