TIME	EVENT	NODES
136.80012159242767	O	n210
137.44428209975396	F	n210;1
