TIME	EVENT	NODES
136.8356584554092	O	n234
137.13164605031997	E	n234;1
