TIME	EVENT	NODES
113.80140402210017	O	n230
122.20096298192965	F	n230;1
