TIME	EVENT	NODES
136.83629235785585	O	n195
137.44428209975396	F	n195;1
