TIME	EVENT	NODES
113.81115875209917	O	n153
122.20096298192965	F	n153;1
