TIME	EVENT	NODES
136.86134030786516	O	n272
137.44428209975396	F	n272;1
