TIME	EVENT	NODES
136.86663078599943	O	n235
137.44428209975396	F	n235;1
