TIME	EVENT	NODES
136.88223182358928	O	n221
137.44428209975396	F	n221;1
