TIME	EVENT	NODES
136.88991026260638	O	n238
137.44428209975396	F	n238;1
