TIME	EVENT	NODES
113.87140372954944	O	n253
117.33608998000894	I	n253;1
117.64931390587152	E	n253;1
