TIME	EVENT	NODES
136.9291505779122	O	n268
137.44428209975396	F	n268;1
