TIME	EVENT	NODES
113.88718127940203	O	n253
117.64931390587152	E	n253;1
