TIME	EVENT	NODES
136.9445735482732	O	n258
137.44428209975396	F	n258;1
