TIME	EVENT	NODES
224.73351277064683	O	n68
227.74447505539555	S	n68;1;n99;2;n100;3
227.79180205667913	E	n99;2
239.43986653762724	I	n100;3
240.6015620950032	S	n100;3;n113;4;n114;5
260.0079447944091	E	n114;5
267.75566348543316	C	n113;4
276.06674945851347	E	n113;4
