TIME	EVENT	NODES
113.90894132860745	O	n272
115.65239317601123	E	n272;1
