TIME	EVENT	NODES
113.92251799442633	O	n250
122.20096298192965	F	n250;1
