TIME	EVENT	NODES
113.92870844963385	O	n222
122.20096298192965	F	n222;1
