TIME	EVENT	NODES
136.95848847106063	O	n273
137.44428209975396	F	n273;1
