TIME	EVENT	NODES
136.97162228420075	O	n148
137.44428209975396	F	n148;1
