TIME	EVENT	NODES
113.95477037769416	O	n220
122.20096298192965	F	n220;1
