TIME	EVENT	NODES
113.95699640331482	O	n205
122.20096298192965	F	n205;1
