TIME	EVENT	NODES
136.9952528924751	O	n218
137.44428209975396	F	n218;1
