TIME	EVENT	NODES
137.01299392371274	O	n251
137.44428209975396	F	n251;1
