TIME	EVENT	NODES
137.02205425600417	O	n237
137.44428209975396	F	n237;1
