TIME	EVENT	NODES
137.0453630079866	O	n170
137.44428209975396	F	n170;1
