TIME	EVENT	NODES
114.0128319909912	O	n292
115.57967576668284	I	n292;1
122.20096298192965	F	n292;1
