TIME	EVENT	NODES
137.05234797960838	O	n221
137.44428209975396	F	n221;1
