TIME	EVENT	NODES
137.10746667496304	O	n262
137.44428209975396	F	n262;1
