TIME	EVENT	NODES
137.10838633189866	O	n204
137.44428209975396	F	n204;1
