TIME	EVENT	NODES
114.05865148368525	O	n222
122.20096298192965	F	n222;1
