TIME	EVENT	NODES
137.12061315327796	O	n265
137.44428209975396	F	n265;1
