TIME	EVENT	NODES
225.27699036435513	O	n89
231.2895298785254	E	n89;1
