TIME	EVENT	NODES
114.07890582748162	O	n230
122.20096298192965	F	n230;1
