TIME	EVENT	NODES
137.19864081967552	O	n255
137.44428209975396	F	n255;1
