TIME	EVENT	NODES
225.45301817603473	O	n55
229.49128018716092	I	n55;1
238.066136604651	E	n55;1
