TIME	EVENT	NODES
137.22209260553078	O	n243
137.44428209975396	F	n243;1
