TIME	EVENT	NODES
114.13689272904497	O	n261
116.45204155339697	E	n261;1
