TIME	EVENT	NODES
137.24142565744165	O	n272
137.44428209975396	F	n272;1
