TIME	EVENT	NODES
114.18603872044496	O	n153
122.20096298192965	F	n153;1
