TIME	EVENT	NODES
114.19024499517243	O	n283
122.20096298192965	F	n283;1
