TIME	EVENT	NODES
137.29446808686558	O	n254
137.44428209975396	F	n254;1
