TIME	EVENT	NODES
137.29799151412337	O	n221
137.44428209975396	F	n221;1
