TIME	EVENT	NODES
114.20244550528793	O	n294
122.20096298192965	F	n294;1
