TIME	EVENT	NODES
137.300890066147	O	n275
137.44428209975396	F	n275;1
