TIME	EVENT	NODES
137.30730144873252	O	n274
137.44428209975396	F	n274;1
