TIME	EVENT	NODES
114.23823393198508	O	n293
114.418033427831	S	n293;1;n307;2;n308;3
114.716632109647	S	n308;3;n311;4;n312;5
115.60507045488139	S	n307;2;n317;6;n318;7
116.97578663617372	L	n317;6
122.20096298192965	F	n318;7
122.20096298192965	F	n312;5
122.20096298192965	F	n311;4
