TIME	EVENT	NODES
137.32418198055308	O	n266
137.44428209975396	F	n266;1
