TIME	EVENT	NODES
137.34321961498983	O	n274
137.44428209975396	F	n274;1
