TIME	EVENT	NODES
114.29603850132953	O	n222
122.20096298192965	F	n222;1
