TIME	EVENT	NODES
137.3465871735812	O	n262
137.44428209975396	F	n262;1
