TIME	EVENT	NODES
137.361391079793	O	n275
137.44428209975396	F	n275;1
