TIME	EVENT	NODES
137.37878770678168	O	n277
137.44428209975396	F	n277;1
