TIME	EVENT	NODES
226.03847234579814	O	n90
280.88338111280893	E	n90;1
