TIME	EVENT	NODES
114.36960466336423	O	n295
122.20096298192965	F	n295;1
