TIME	EVENT	NODES
137.39450983598897	O	n238
137.44428209975396	F	n238;1
