TIME	EVENT	NODES
226.1099659339778	O	n78
226.3022639445042	E	n78;1
