TIME	EVENT	NODES
114.394257192588	O	n303
119.30590668260064	E	n303;1
