TIME	EVENT	NODES
137.42048124077806	O	n259
137.44428209975396	F	n259;1
