TIME	EVENT	NODES
114.41919497899019	O	n242
122.20096298192965	F	n242;1
