TIME	EVENT	NODES
137.42814249078918	O	n221
137.44428209975396	F	n221;1
