TIME	EVENT	NODES
114.43229618125116	O	n308
114.716632109647	S	n308;1;n311;2;n312;3
122.20096298192965	F	n312;3
122.20096298192965	F	n311;2
