TIME	EVENT	NODES
226.24746899986107	O	n89
231.2895298785254	E	n89;1
