TIME	EVENT	NODES
114.43912695834099	O	n238
122.20096298192965	F	n238;1
