TIME	EVENT	NODES
226.27323462151105	O	n48
234.24373681072984	I	n48;1
255.45002037984645	I	n48;1
270.50846597342445	E	n48;1
