TIME	EVENT	NODES
114.44309679866545	O	n272
115.65239317601123	E	n272;1
