TIME	EVENT	NODES
114.45858586567715	O	n297
115.46564284480102	S	n297;1;n315;2;n316;3
115.48133089873491	L	n315;2
116.26939695385052	S	n316;3;n321;4;n322;5
117.06138871140475	S	n322;5;n323;6;n324;7
118.365413928825	I	n321;4
122.20096298192965	F	n323;6
122.20096298192965	F	n324;7
122.20096298192965	F	n321;4
