TIME	EVENT	NODES
114.51819717219477	O	n242
122.20096298192965	F	n242;1
