TIME	EVENT	NODES
114.52931594571494	O	n125
122.20096298192965	F	n125;1
