TIME	EVENT	NODES
114.58912028675324	O	n272
115.65239317601123	E	n272;1
