TIME	EVENT	NODES
114.59597363646603	O	n281
122.20096298192965	F	n281;1
