TIME	EVENT	NODES
114.61389921770565	O	n286
120.96164925685498	E	n286;1
