TIME	EVENT	NODES
114.63016948186096	O	n272
115.65239317601123	E	n272;1
