TIME	EVENT	NODES
226.65989525209838	O	n90
241.40125603290733	I	n90;1
243.66865700957763	I	n90;1
251.990661041949	I	n90;1
274.0853903236676	I	n90;1
280.88338111280893	E	n90;1
