TIME	EVENT	NODES
226.66809741247562	O	n80
239.01003706129444	S	n80;1;n109;2;n110;3
245.69986336692665	L	n109;2
266.1154564092204	C	n110;3
287.5951517002605	S	n110;3;n187;4;n188;5
293.1267483817216	S	n188;5;n199;6;n200;7
293.90973519565694	S	n199;6;n203;8;n204;9
294.07914662793326	E	n200;7
305.8053411110323	S	n204;9;n227;10;n228;11
314.0104779853529	S	n227;10;n237;12;n238;13
316.5100147570523	I	n228;11
318.9566040063278	S	n203;8;n241;14;n242;15
323.82422672539843	C	n241;14
328.0414879216036	I	n241;14
328.7624769920032	C	n241;14
332.29643624393685	I	n241;14
335.6967060113735	S	n241;14;n261;16;n262;17
339.93593842694605	I	n187;4
339.96246034945096	S	n237;12;n273;18;n274;19
342.14203121606096	I	n187;4
342.27661759005707	I	n242;15
342.3523845263514	S	n228;11;n281;20;n282;21
344.0320992823837	I	n238;13
346.14184622948244	I	n281;20
350.1589038943262	C	n274;19
350.53960376877336	S	n262;17;n293;22;n294;23
355.7899662740194	E	n274;19
356.1164804556257	I	n242;15
356.3119546325315	E	n187;4
357.89470157457157	C	n242;15
359.16454116420584	E	n261;16
365.43190125744275	S	n273;18;n325;24;n326;25
368.33285918754166	F	n293;22
368.33285918754166	F	n242;15
368.33285918754166	F	n282;21
368.33285918754166	F	n325;24
368.33285918754166	F	n281;20
368.33285918754166	F	n326;25
368.33285918754166	F	n294;23
368.33285918754166	F	n238;13
