TIME	EVENT	NODES
226.67085548805903	O	n91
227.54637249049256	E	n91;1
