TIME	EVENT	NODES
114.72704434570755	O	n205
122.20096298192965	F	n205;1
