TIME	EVENT	NODES
114.72819082466455	O	n153
118.04279583462119	I	n153;1
122.20096298192965	F	n153;1
