TIME	EVENT	NODES
226.76484052721375	O	n55
238.066136604651	E	n55;1
