TIME	EVENT	NODES
114.74416380626367	O	n298
116.2534313834871	S	n298;1;n319;2;n320;3
117.05430937973127	E	n320;3
118.74383731052721	S	n319;2;n335;4;n336;5
119.46154143863095	E	n336;5
120.4792841858846	S	n335;4;n345;6;n346;7
121.69847158795108	S	n346;7;n351;8;n352;9
122.20096298192965	F	n345;6
122.20096298192965	F	n351;8
122.20096298192965	F	n352;9
