TIME	EVENT	NODES
114.84151543946291	O	n272
115.65239317601123	E	n272;1
