TIME	EVENT	NODES
226.97421543000695	O	n72
250.3995970955104	I	n72;1
254.31869674795763	S	n72;1;n137;2;n138;3
262.48313050699846	S	n137;2;n155;4;n156;5
263.09274546719297	I	n155;4
268.08312347105647	S	n138;3;n163;6;n164;7
277.8106349986983	E	n163;6
279.3689247604448	E	n164;7
280.0625275156425	L	n155;4
280.9346084359787	E	n156;5
