TIME	EVENT	NODES
227.0103318462831	O	n59
244.06563387428622	L	n59;1
