TIME	EVENT	NODES
114.90168155327956	O	n294
122.20096298192965	F	n294;1
