TIME	EVENT	NODES
114.99745851038917	O	n257
115.29971570919966	E	n257;1
