TIME	EVENT	NODES
115.14559905411188	O	n125
122.20096298192965	F	n125;1
