TIME	EVENT	NODES
227.42536607517468	O	n70
254.88871028939974	C	n70;1
256.74972332501403	S	n70;1;n145;2;n146;3
260.56934965996527	I	n145;2
262.53605317035283	I	n145;2
275.0960935428681	S	n146;3;n169;4;n170;5
275.8505257194636	S	n145;2;n173;6;n174;7
276.778106847264	S	n169;4;n177;8;n178;9
285.07219683971687	I	n177;8
289.7660671719976	S	n177;8;n191;10;n192;11
292.37117248442786	I	n174;7
292.56408620681617	S	n191;10;n197;12;n198;13
292.9795289022398	L	n170;5
295.7101501024865	E	n178;9
297.88510067996623	E	n197;12
298.7158569487639	I	n174;7
299.0408610164145	I	n192;11
309.21205838172443	S	n198;13;n231;14;n232;15
311.62135676022	I	n173;6
314.5087251124538	E	n173;6
316.27600896896894	E	n192;11
316.64521563171144	E	n174;7
317.30612004847615	S	n232;15;n239;16;n240;17
329.0576480711554	I	n239;16
335.14844581859495	S	n231;14;n259;18;n260;19
335.344790337857	C	n259;18
348.6720819320871	E	n240;17
348.7564267084988	E	n259;18
353.2844596425083	C	n239;16
364.2938925195476	I	n260;19
365.3354294195512	E	n260;19
365.6675909654996	S	n239;16;n327;20;n328;21
368.33285918754166	F	n327;20
368.33285918754166	F	n328;21
