TIME	EVENT	NODES
115.28779230692332	O	n257
115.29971570919966	E	n257;1
