TIME	EVENT	NODES
115.29932548919784	O	n283
122.20096298192965	F	n283;1
