TIME	EVENT	NODES
115.31423399788379	O	n306
117.58697504019528	I	n306;1
122.20096298192965	F	n306;1
