TIME	EVENT	NODES
115.35958074756452	O	n306
122.20096298192965	F	n306;1
