TIME	EVENT	NODES
227.61809833908285	O	n48
270.50846597342445	E	n48;1
