TIME	EVENT	NODES
227.61828858703265	O	n80
239.01003706129444	S	n80;1;n109;2;n110;3
250.3829332793927	T	n109;2;n109;4;n48;5
253.4331294787074	T	n109;4;n109;6;n123;7
254.59397657947247	S	n123;7;n139;8;n140;9
254.6981198211111	C	n48;5
255.08922900163986	E	n139;8
264.38835735634	I	n110;3
270.50846597342445	E	n48;5
274.0122479693564	I	n109;6
275.3394929136777	E	n140;9
287.5951517002605	S	n110;3;n187;10;n188;11
291.18623116279787	I	n187;10
293.1267483817216	S	n188;11;n199;12;n200;13
293.90973519565694	S	n199;12;n203;14;n204;15
294.07914662793326	E	n200;13
305.8053411110323	S	n204;15;n227;16;n228;17
309.43893912365365	I	n203;14
314.0104779853529	S	n227;16;n237;18;n238;19
315.342886568578	E	n109;6
315.65499238761805	C	n237;18
318.9566040063278	S	n203;14;n241;20;n242;21
325.1110398672218	I	n242;21
329.4145395433362	I	n228;17
333.92318052411156	I	n238;19
335.6967060113735	S	n241;20;n261;22;n262;23
336.3052319255452	D	n242;21;n242;24;n242;25
337.5997086988268	I	n261;22
339.96246034945096	S	n237;18;n273;26;n274;27
340.69882848688314	I	n242;24
340.69882848688314	I	n242;25
342.3523845263514	S	n228;17;n281;28;n282;29
343.2474931710021	I	n238;19
344.69190873165553	I	n242;25
344.69190873165553	I	n242;24
350.53960376877336	S	n262;23;n293;30;n294;31
354.59652076492245	C	n281;28
355.7899662740194	E	n274;27
356.3119546325315	E	n187;10
358.1134908457539	I	n273;26
359.16454116420584	E	n261;22
361.7701182449906	T	n242;25;n242;32;n288;33
363.5770629836266	I	n294;31
365.11615049092563	L	n282;29
365.43190125744275	S	n273;26;n325;34;n326;35
366.7388327891988	C	n238;19
368.33285918754166	F	n293;30
368.33285918754166	F	n242;24
368.33285918754166	F	n242;32
368.33285918754166	F	n288;33
368.33285918754166	F	n325;34
368.33285918754166	F	n281;28
368.33285918754166	F	n326;35
368.33285918754166	F	n294;31
368.33285918754166	F	n238;19
