TIME	EVENT	NODES
115.42008912945937	O	n264
122.20096298192965	F	n264;1
