TIME	EVENT	NODES
0	O	Root
0.0	S	Root;1;n1;2;n2;3
3.35634255505027	E	n1;2
6.689912718607442	S	n2;3;n3;4;n4;5
9.52089163317238	S	n4;5;n5;6;n6;7
10.888750871328412	S	n6;7;n7;8;n8;9
12.850090751700202	I	n5;6
16.661417086053657	S	n3;4;n9;10;n10;11
17.60396121115326	L	n8;9
17.681552081932402	E	n10;11
19.804852588614075	I	n5;6
20.91656235321423	I	n7;8
22.401872151706616	S	n9;10;n11;12;n12;13
22.41324765578705	E	n12;13
22.836236421711362	S	n7;8;n15;14;n16;15
23.67182323826393	E	n5;6
23.75857174384708	I	n15;14
26.485787909544978	S	n16;15;n19;16;n20;17
32.38286256948116	E	n15;14
32.800131426310806	S	n20;17;n25;18;n26;19
33.41488849387419	S	n19;16;n27;20;n28;21
34.804549942871546	S	n27;20;n29;22;n30;23
36.88128362876969	E	n11;12
36.881358768164496	E	n25;18
38.216568224791175	I	n29;22
42.943931074204656	E	n29;22
44.85245251234952	S	n26;19;n41;24;n42;25
47.70698057466062	I	n42;25
50.4187333920208	L	n41;24
52.02463412549945	I	n28;21
53.29780979945958	E	n28;21
55.73831808661641	S	n30;23;n57;26;n58;27
57.97964289262236	E	n42;25
59.65295875486497	E	n58;27
66.2736100429329	E	n57;26
