TIME	EVENT	NODES
115.49220558701354	O	n310
116.84554567344969	T	n310;1;n310;2;n317;3
120.53125479329535	S	n317;3;n347;4;n348;5
121.8287853204813	S	n348;5;n355;6;n356;7
122.20096298192965	F	n355;6
122.20096298192965	F	n347;4
122.20096298192965	F	n310;2
122.20096298192965	F	n356;7
