TIME	EVENT	NODES
115.54958195353514	O	n309
116.05912428552867	I	n309;1
119.25239936073368	L	n309;1
