TIME	EVENT	NODES
115.56536667661051	O	n265
118.22271826685676	E	n265;1
