TIME	EVENT	NODES
115.56914662709899	O	n314
120.02311420157007	I	n314;1
122.20096298192965	F	n314;1
