TIME	EVENT	NODES
115.56931014434495	O	n230
122.20096298192965	F	n230;1
