TIME	EVENT	NODES
227.70999249924398	O	n75
229.84074322147535	S	n75;1;n103;2;n104;3
231.4873273762302	I	n103;2
231.63956079747888	I	n103;2
240.4400248471713	S	n104;3;n111;4;n112;5
242.8941750001684	S	n103;2;n115;6;n116;7
244.65686309263035	S	n115;6;n117;8;n118;9
245.60380920404123	E	n118;9
246.37195941682745	I	n117;8
246.41896245296667	S	n116;7;n119;10;n120;11
251.3186136772485	S	n120;11;n129;12;n130;13
251.9600984783782	E	n129;12
254.1474396940903	S	n111;4;n135;14;n136;15
254.6017951755659	S	n119;10;n141;16;n142;17
259.19362679088636	S	n130;13;n151;18;n152;19
259.28999588796853	S	n141;16;n153;20;n154;21
261.5455228136473	E	n152;19
266.1400532075929	E	n151;18
267.6230845290778	E	n154;21
269.9568136455443	E	n136;15
272.6642742540097	I	n135;14
278.22074661243073	I	n135;14
278.4525291252385	E	n112;5
278.8778393829385	E	n117;8
294.27007287477545	S	n153;20;n205;22;n206;23
297.944722411288	S	n135;14;n213;24;n214;25
298.1283204238227	S	n206;23;n215;26;n216;27
298.29976918419663	L	n205;22
299.1473251872138	E	n214;25
301.7496501463424	E	n216;27
305.3065589137974	S	n213;24;n225;28;n226;29
312.1421772672062	E	n142;17
313.7143997426447	I	n225;28
314.8509672826997	T	n225;28;n225;30;n203;31
318.9566040063278	S	n203;31;n241;32;n242;33
324.2601856628277	E	n226;29
324.7848548775896	E	n225;30
325.6293534347267	I	n241;32
334.1513118068471	I	n215;26
335.6967060113735	S	n241;32;n261;34;n262;35
341.5385477573434	S	n215;26;n277;36;n278;37
350.53960376877336	S	n262;35;n293;38;n294;39
357.00694725701914	I	n278;37
357.03509385452315	I	n278;37
359.16454116420584	E	n261;34
362.8095195860939	I	n278;37
363.7179365725955	E	n277;36
368.31447095804504	I	n293;38
368.33285918754166	F	n293;38
368.33285918754166	F	n242;33
368.33285918754166	F	n294;39
368.33285918754166	F	n278;37
