TIME	EVENT	NODES
115.573413586812	O	n286
120.96164925685498	E	n286;1
