TIME	EVENT	NODES
227.74171999397663	O	n94
232.2598634713699	E	n94;1
