TIME	EVENT	NODES
115.60807612976005	O	n261
116.45204155339697	E	n261;1
