TIME	EVENT	NODES
115.62483765621161	O	n220
122.20096298192965	F	n220;1
