TIME	EVENT	NODES
227.81694075707753	O	n94
232.2598634713699	E	n94;1
