TIME	EVENT	NODES
115.63728210219804	O	n242
122.20096298192965	F	n242;1
