TIME	EVENT	NODES
115.64934305677801	O	n309
121.1154699736872	E	n309;1
