TIME	EVENT	NODES
115.65748084519244	O	n222
122.20096298192965	F	n222;1
