TIME	EVENT	NODES
115.7753299652896	O	n222
122.20096298192965	F	n222;1
