TIME	EVENT	NODES
115.78658712269888	O	n229
115.92249460212943	E	n229;1
