TIME	EVENT	NODES
0	O	Root
0.0	S	Root;1;n1;2;n2;3
1.6847187414567775	L	n1;2
5.974634452666472	L	n2;3
