TIME	EVENT	NODES
115.79618745820588	O	n220
122.20096298192965	F	n220;1
