TIME	EVENT	NODES
115.80303476206274	O	n299
119.5417768978418	E	n299;1
