TIME	EVENT	NODES
115.80714590375736	O	n282
116.08793483144474	E	n282;1
