TIME	EVENT	NODES
228.12929618070572	O	n90
280.88338111280893	E	n90;1
