TIME	EVENT	NODES
115.89300386520307	O	n265
118.22271826685676	E	n265;1
