TIME	EVENT	NODES
228.3297902273244	O	n90
280.88338111280893	E	n90;1
