TIME	EVENT	NODES
228.42305862335758	O	n97
232.09505500922094	I	n97;1
240.3331960884654	I	n97;1
249.03530572249304	S	n97;1;n123;2;n124;3
252.77141324569288	I	n123;2
254.59397657947247	S	n123;2;n139;4;n140;5
255.08922900163986	E	n139;4
256.53648627368875	C	n124;3
258.8150958922131	S	n124;3;n149;6;n150;7
269.15780145700126	L	n150;7
269.15780145700126	T	n149;6;n149;8;n150;9
275.3394929136777	E	n140;5
293.4401227103343	E	n150;9
313.2735372024965	E	n149;8
