TIME	EVENT	NODES
116.07931371846193	O	n222
121.99539642490345	I	n222;1
122.20096298192965	F	n222;1
