TIME	EVENT	NODES
116.08295316578949	O	n230
120.87745599801788	I	n230;1
122.20096298192965	F	n230;1
