TIME	EVENT	NODES
228.49884213352428	O	n98
265.53054853056784	I	n98;1
268.55959621947636	I	n98;1
274.4960588053123	I	n98;1
297.82959460464184	E	n98;1
