TIME	EVENT	NODES
228.6122832105315	O	n85
229.79413206743286	S	n85;1;n101;2;n102;3
230.22500167846212	E	n101;2
244.8146576614948	I	n102;3
253.10530453682208	S	n102;3;n133;4;n134;5
254.85733682858677	S	n134;5;n143;6;n144;7
271.8594746330195	C	n143;6
274.68520477779253	E	n143;6
276.551795131478	S	n144;7;n175;8;n176;9
285.76396366295205	E	n176;9
290.4363268478046	S	n133;4;n193;10;n194;11
293.87416262241237	S	n194;11;n201;12;n202;13
296.4430408222861	E	n175;8
297.20756264263844	S	n193;10;n209;14;n210;15
303.4377349768546	S	n209;14;n223;16;n224;17
304.2203770817196	L	n210;15
305.99025340734033	E	n202;13
310.74626732789005	S	n224;17;n233;18;n234;19
312.06673550701987	S	n201;12;n235;20;n236;21
321.78135305229097	E	n235;20
322.6630115581117	S	n233;18;n245;22;n246;23
327.68708843484586	S	n223;16;n251;24;n252;25
327.7061319217303	L	n236;21
331.2818213198716	T	n251;24;n251;26;n221;27
332.7702155235861	L	n246;23
334.9897297167016	S	n251;26;n257;28;n258;29
336.72505210805224	I	n234;19
338.89935941368094	E	n245;22
339.3823888528622	C	n258;29
344.02040770953147	S	n258;29;n283;30;n284;31
346.5990500281604	S	n283;30;n287;32;n288;33
347.2822820908067	I	n234;19
353.2274467652559	S	n284;31;n297;34;n298;35
354.0800902342207	L	n252;25
363.075024305492	C	n297;34
368.33285918754166	F	n287;32
368.33285918754166	F	n257;28
368.33285918754166	F	n288;33
368.33285918754166	F	n234;19
368.33285918754166	F	n221;27
368.33285918754166	F	n297;34
368.33285918754166	F	n298;35
