TIME	EVENT	NODES
116.22023751672921	O	n125
122.20096298192965	F	n125;1
