TIME	EVENT	NODES
116.24460468033274	O	n177
117.8756931867764	L	n177;1
