TIME	EVENT	NODES
228.6874321467338	O	n86
232.48838269568571	C	n86;1
245.85340359938476	E	n86;1
