TIME	EVENT	NODES
116.32073671658966	O	n322
117.06138871140475	S	n322;1;n323;2;n324;3
117.97052292375346	C	n323;2
121.64523002163011	D	n323;2;n323;4;n323;5
122.20096298192965	F	n323;4
122.20096298192965	F	n323;5
122.20096298192965	F	n324;3
