TIME	EVENT	NODES
116.32467682581103	O	n303
119.30590668260064	E	n303;1
