TIME	EVENT	NODES
116.33312115989293	O	n222
122.20096298192965	F	n222;1
