TIME	EVENT	NODES
116.47217429484526	O	n205
122.20096298192965	F	n205;1
