TIME	EVENT	NODES
116.49246190834559	O	n281
122.20096298192965	F	n281;1
