TIME	EVENT	NODES
229.14646798198592	O	n89
231.2895298785254	E	n89;1
