TIME	EVENT	NODES
229.17034134864545	O	n94
232.2598634713699	E	n94;1
