TIME	EVENT	NODES
116.56589277595265	O	n288
122.20096298192965	F	n288;1
