TIME	EVENT	NODES
116.58460858325394	O	n280
120.63792244376722	I	n280;1
121.43476404403538	E	n280;1
