TIME	EVENT	NODES
116.61414921051166	O	n319
118.74383731052721	S	n319;1;n335;2;n336;3
119.46154143863095	E	n336;3
120.4792841858846	S	n335;2;n345;4;n346;5
121.69847158795108	S	n346;5;n351;6;n352;7
122.20096298192965	F	n345;4
122.20096298192965	F	n351;6
122.20096298192965	F	n352;7
