TIME	EVENT	NODES
116.66056210528023	O	n299
119.5417768978418	E	n299;1
