TIME	EVENT	NODES
116.67958025292134	O	n238
122.20096298192965	F	n238;1
