TIME	EVENT	NODES
116.69276930290535	O	n322
117.06138871140475	S	n322;1;n323;2;n324;3
122.20096298192965	F	n323;2
122.20096298192965	F	n324;3
