TIME	EVENT	NODES
116.69676910052137	O	n299
119.5417768978418	E	n299;1
