TIME	EVENT	NODES
116.71189802367272	O	n125
122.20096298192965	F	n125;1
