TIME	EVENT	NODES
229.49320126505802	O	n88
232.8439288366906	E	n88;1
