TIME	EVENT	NODES
229.52329128452288	O	n75
229.72007167495016	I	n75;1
229.84074322147535	S	n75;1;n103;2;n104;3
240.4400248471713	S	n104;3;n111;4;n112;5
241.24184303043123	C	n111;4
242.8941750001684	S	n103;2;n115;6;n116;7
244.0059300492854	I	n111;4
244.65686309263035	S	n115;6;n117;8;n118;9
245.60380920404123	E	n118;9
246.41896245296667	S	n116;7;n119;10;n120;11
251.3186136772485	S	n120;11;n129;12;n130;13
251.9600984783782	E	n129;12
254.1474396940903	S	n111;4;n135;14;n136;15
254.6017951755659	S	n119;10;n141;16;n142;17
254.79937370277932	I	n142;17
258.50167178262166	I	n112;5
259.19362679088636	S	n130;13;n151;18;n152;19
259.28999588796853	S	n141;16;n153;20;n154;21
261.5455228136473	E	n152;19
264.3097041709433	I	n151;18
265.58135254289846	C	n153;20
266.1400532075929	E	n151;18
267.6230845290778	E	n154;21
269.9568136455443	E	n136;15
278.4525291252385	E	n112;5
278.8778393829385	E	n117;8
293.81245103616766	I	n153;20
294.27007287477545	S	n153;20;n205;22;n206;23
296.6905409069995	I	n142;17
297.45537010852803	I	n206;23
297.944722411288	S	n135;14;n213;24;n214;25
298.1283204238227	S	n206;23;n215;26;n216;27
299.1473251872138	E	n214;25
301.7496501463424	E	n216;27
305.3065589137974	S	n213;24;n225;28;n226;29
311.26912813080975	I	n142;17
312.1421772672062	E	n142;17
315.6515759337434	T	n205;22;n205;30;n218;31
324.2601856628277	E	n226;29
324.7848548775896	E	n225;28
327.1046107185982	E	n218;31
332.4217714342379	I	n205;30
341.5385477573434	S	n215;26;n277;32;n278;33
345.2038610055	C	n277;32
353.9504502431209	I	n205;30
355.18942024603274	I	n277;32
362.9834098450889	T	n278;33;n278;34;n257;35
363.7179365725955	E	n277;32
363.72092949357767	S	n205;30;n313;36;n314;37
368.33285918754166	F	n257;35
368.33285918754166	F	n314;37
368.33285918754166	F	n313;36
368.33285918754166	F	n278;34
