TIME	EVENT	NODES
116.80175787743478	O	n281
122.20096298192965	F	n281;1
