TIME	EVENT	NODES
116.81706550725355	O	n311
122.20096298192965	F	n311;1
