TIME	EVENT	NODES
116.82845131779494	O	n315
121.29324096149196	L	n315;1
