TIME	EVENT	NODES
116.84621340576585	O	n318
122.20096298192965	F	n318;1
