TIME	EVENT	NODES
229.75119244093113	O	n98
231.68911564962357	I	n98;1
272.6767349114643	I	n98;1
297.82959460464184	E	n98;1
