TIME	EVENT	NODES
116.86638179053904	O	n320
117.05430937973127	E	n320;1
