TIME	EVENT	NODES
116.90659706314683	O	n264
119.21480693592167	I	n264;1
122.20096298192965	F	n264;1
