TIME	EVENT	NODES
116.92188030597816	O	n295
122.20096298192965	F	n295;1
