TIME	EVENT	NODES
230.01315485777724	O	n95
257.6973407888458	I	n95;1
271.5541373875477	S	n95;1;n167;2;n168;3
273.5956418150226	I	n167;2
278.37777927242377	S	n168;3;n179;4;n180;5
278.6214938342557	E	n167;2
282.56958360049487	E	n179;4
283.239487778665	L	n180;5
