TIME	EVENT	NODES
116.9805345177977	O	n153
122.20096298192965	F	n153;1
