TIME	EVENT	NODES
230.06503004703464	O	n72
254.31869674795763	S	n72;1;n137;2;n138;3
262.48313050699846	S	n137;2;n155;4;n156;5
268.08312347105647	S	n138;3;n163;6;n164;7
271.88422677689215	I	n164;7
275.9551602459879	T	n163;6;n163;8;n132;9
276.1142291509775	I	n132;9
277.8106349986983	E	n163;8
279.3689247604448	E	n164;7
280.9346084359787	E	n156;5
283.2115830316551	I	n155;4
288.5496408940298	S	n132;9;n189;10;n190;11
295.1261213416176	L	n189;10
297.2325938618031	S	n190;11;n211;12;n212;13
302.77518792485097	S	n155;4;n221;14;n222;15
314.3193370741534	E	n222;15
319.68754966807904	T	n212;13;n212;16;n225;17
323.451126983794	S	n211;12;n247;18;n248;19
324.7848548775896	E	n225;17
326.9299560409181	S	n248;19;n249;20;n250;21
329.49614869881907	I	n212;16
334.64198406508626	S	n249;20;n255;22;n256;23
338.51097831531484	S	n247;18;n269;24;n270;25
338.52571564702345	I	n255;22
346.1636126815071	I	n256;23
351.3681074054671	E	n270;25
351.37042779145395	E	n255;22
356.5243775902817	S	n250;21;n303;26;n304;27
359.43466135079467	S	n269;24;n307;28;n308;29
361.5846487715456	C	n307;28
364.14479088522387	E	n212;16
364.49514583717956	S	n304;27;n319;30;n320;31
364.90321670979955	I	n221;14
365.0168302374957	S	n256;23;n323;32;n324;33
368.1525611161385	S	n324;33;n331;34;n332;35
368.33285918754166	F	n307;28
368.33285918754166	F	n303;26
368.33285918754166	F	n308;29
368.33285918754166	F	n331;34
368.33285918754166	F	n323;32
368.33285918754166	F	n320;31
368.33285918754166	F	n332;35
368.33285918754166	F	n221;14
368.33285918754166	F	n319;30
