TIME	EVENT	NODES
117.03734522410576	O	n304
119.93146279771446	S	n304;1;n339;2;n340;3
120.21808579207978	I	n340;3
121.85255750893415	S	n339;2;n357;4;n358;5
122.20096298192965	F	n357;4
122.20096298192965	F	n358;5
122.20096298192965	F	n340;3
