TIME	EVENT	NODES
230.09633783892676	O	n88
232.8439288366906	E	n88;1
