TIME	EVENT	NODES
230.10609374961052	O	n86
242.86877533986458	C	n86;1
245.85340359938476	E	n86;1
