TIME	EVENT	NODES
230.12015891757483	O	n64
248.88117897606477	E	n64;1
