TIME	EVENT	NODES
117.11919177218726	O	n295
118.03194333175576	I	n295;1
122.20096298192965	F	n295;1
