TIME	EVENT	NODES
117.16637513818905	O	n288
122.20096298192965	F	n288;1
