TIME	EVENT	NODES
230.31059894578746	O	n88
232.8439288366906	E	n88;1
