TIME	EVENT	NODES
117.17886774065843	O	n250
122.20096298192965	F	n250;1
