TIME	EVENT	NODES
230.3233890313669	O	n93
235.21800336502477	I	n93;1
246.16854577151358	C	n93;1
263.1946935408616	S	n93;1;n157;2;n158;3
271.0359830191678	S	n158;3;n165;4;n166;5
273.5466976810097	I	n157;2
279.7564914733015	I	n166;5
281.86281336619095	S	n157;2;n181;6;n182;7
282.55051638797346	I	n181;6
284.6975458644293	T	n165;4;n165;8;n98;9
285.4416840523201	D	n181;6;n181;10;n181;11
294.9318948761014	I	n181;10
294.9318948761014	I	n181;11
297.3759122122873	E	n182;7
297.82959460464184	E	n98;9
300.66408360617874	S	n165;8;n217;12;n218;13
301.39480262224913	S	n217;12;n219;14;n220;15
309.22719658015154	E	n220;15
313.31681944729553	I	n218;13
320.538851553549	L	n218;13
322.23550031039156	S	n219;14;n243;16;n244;17
325.62016585225894	E	n166;5
326.9191915703628	E	n181;11
326.9191915703628	E	n181;10
336.27194991669535	S	n243;16;n265;18;n266;19
337.9466629699342	E	n266;19
341.33115661516354	T	n244;17;n244;20;n275;21
342.1802606471801	I	n244;20
348.7700363029201	S	n275;21;n291;22;n292;23
353.87267477400144	C	n291;22
355.0583586205711	S	n292;23;n299;24;n300;25
355.5973070728412	I	n244;20
357.83898267386695	E	n265;18
368.33285918754166	F	n291;22
368.33285918754166	F	n300;25
368.33285918754166	F	n299;24
368.33285918754166	F	n244;20
