TIME	EVENT	NODES
117.18555060768104	O	n288
122.20096298192965	F	n288;1
