TIME	EVENT	NODES
117.27028920735356	O	n288
122.20096298192965	F	n288;1
