TIME	EVENT	NODES
117.29378573287556	O	n153
120.13379642561178	I	n153;1
122.20096298192965	F	n153;1
