TIME	EVENT	NODES
230.48451674716324	O	n98
230.65288688659555	I	n98;1
288.8363289232313	I	n98;1
297.82959460464184	E	n98;1
