TIME	EVENT	NODES
117.30665863536527	O	n286
117.5971028527852	I	n286;1
120.96164925685498	E	n286;1
