TIME	EVENT	NODES
117.31417361496119	O	n295
122.20096298192965	F	n295;1
