TIME	EVENT	NODES
230.60581241641307	O	n94
232.2598634713699	E	n94;1
