TIME	EVENT	NODES
117.38176602639783	O	n311
122.20096298192965	F	n311;1
