TIME	EVENT	NODES
230.63885566737932	O	n64
248.88117897606477	E	n64;1
