TIME	EVENT	NODES
117.40436715596218	O	n305
122.20096298192965	F	n305;1
