TIME	EVENT	NODES
230.73650084743937	O	n92
247.5804061507611	L	n92;1
