TIME	EVENT	NODES
117.44010384750831	O	n205
122.20096298192965	F	n205;1
