TIME	EVENT	NODES
117.44080842416511	O	n250
122.20096298192965	F	n250;1
