TIME	EVENT	NODES
117.4526373477823	O	n246
120.08725737012921	S	n246;1;n341;2;n342;3
120.40004223119416	I	n342;3
122.20096298192965	F	n341;2
122.20096298192965	F	n342;3
