TIME	EVENT	NODES
230.74284630934878	O	n48
239.56091183761322	I	n48;1
270.50846597342445	E	n48;1
