TIME	EVENT	NODES
117.47122574181418	O	n286
120.96164925685498	E	n286;1
