TIME	EVENT	NODES
117.49050479419553	O	n323
122.20096298192965	F	n323;1
