TIME	EVENT	NODES
230.8230974167149	O	n104
240.4400248471713	S	n104;1;n111;2;n112;3
254.1474396940903	S	n111;2;n135;4;n136;5
269.9568136455443	E	n136;5
278.4525291252385	E	n112;3
297.944722411288	S	n135;4;n213;6;n214;7
299.1473251872138	E	n214;7
305.3065589137974	S	n213;6;n225;8;n226;9
306.80643730059336	D	n225;8;n225;10;n225;11
309.6732302886044	I	n225;10
309.6732302886044	I	n225;11
324.2601856628277	E	n226;9
324.7848548775896	E	n225;11
324.7848548775896	E	n225;10
