TIME	EVENT	NODES
117.49273023512372	O	n311
122.20096298192965	F	n311;1
