TIME	EVENT	NODES
117.52482532025914	O	n317
120.53125479329535	S	n317;1;n347;2;n348;3
121.8287853204813	S	n348;3;n355;4;n356;5
122.20096298192965	F	n355;4
122.20096298192965	F	n347;2
122.20096298192965	F	n356;5
