TIME	EVENT	NODES
117.55062502299066	O	n306
121.96652993444214	L	n306;1
