TIME	EVENT	NODES
117.62861249325529	O	n265
118.22271826685676	E	n265;1
