TIME	EVENT	NODES
117.64235031766509	O	n321
122.20096298192965	F	n321;1
