TIME	EVENT	NODES
117.65836608772307	O	n312
122.20096298192965	F	n312;1
