TIME	EVENT	NODES
231.10660883179406	O	n98
238.02907914059432	C	n98;1
245.95912467579168	C	n98;1
281.8392032275333	I	n98;1
297.82959460464184	E	n98;1
