TIME	EVENT	NODES
117.70206420340376	O	n309
121.1154699736872	E	n309;1
