TIME	EVENT	NODES
117.7074793993709	O	n315
122.20096298192965	F	n315;1
