TIME	EVENT	NODES
117.79545484696644	O	n314
122.20096298192965	F	n314;1
