TIME	EVENT	NODES
117.80381124418676	O	n250
122.20096298192965	F	n250;1
