TIME	EVENT	NODES
231.52528807941877	O	n103
242.8941750001684	S	n103;1;n115;2;n116;3
244.65686309263035	S	n115;2;n117;4;n118;5
244.8966978203986	L	n118;5
244.8966978203986	T	n116;3;n116;6;n118;7
245.60380920404123	E	n118;7
246.41896245296667	S	n116;6;n119;8;n120;9
251.3186136772485	S	n120;9;n129;10;n130;11
251.9600984783782	E	n129;10
254.6017951755659	S	n119;8;n141;12;n142;13
259.19362679088636	S	n130;11;n151;14;n152;15
259.28999588796853	S	n141;12;n153;16;n154;17
259.3591873894666	C	n152;15
261.5455228136473	E	n152;15
266.1400532075929	E	n151;14
267.6230845290778	E	n154;17
273.24907439067175	D	n117;4;n117;18;n117;19
273.9982196760803	I	n153;16
278.8778393829385	E	n117;18
278.8778393829385	E	n117;19
282.75405864832305	I	n142;13
294.27007287477545	S	n153;16;n205;20;n206;21
296.0416557417461	I	n205;20
297.72169964150066	I	n205;20
298.1283204238227	S	n206;21;n215;22;n216;23
301.7496501463424	E	n216;23
312.1421772672062	E	n142;13
341.5385477573434	S	n215;22;n277;24;n278;25
348.95415832744766	I	n205;20
363.7179365725955	E	n277;24
363.72092949357767	S	n205;20;n313;26;n314;27
368.33285918754166	F	n314;27
368.33285918754166	F	n313;26
368.33285918754166	F	n278;25
