TIME	EVENT	NODES
117.84349366839999	O	n222
122.20096298192965	F	n222;1
