TIME	EVENT	NODES
117.84370435115059	O	n265
118.22271826685676	E	n265;1
