TIME	EVENT	NODES
117.85642957601807	O	n318
118.04149644636851	C	n318;1
121.92353374976862	I	n318;1
122.20096298192965	F	n318;1
