TIME	EVENT	NODES
231.63015808546433	O	n64
248.88117897606477	E	n64;1
