TIME	EVENT	NODES
117.86513036947666	O	n318
122.20096298192965	F	n318;1
