TIME	EVENT	NODES
117.87987385508214	O	n294
122.20096298192965	F	n294;1
