TIME	EVENT	NODES
117.94659575441	O	n321
122.20096298192965	F	n321;1
