TIME	EVENT	NODES
231.69628294023494	O	n93
263.1946935408616	S	n93;1;n157;2;n158;3
263.69986438401844	I	n158;3
267.7015662124904	I	n157;2
271.0359830191678	S	n158;3;n165;4;n166;5
279.7564914733015	I	n166;5
281.86281336619095	S	n157;2;n181;6;n182;7
297.3759122122873	E	n182;7
300.66408360617874	S	n165;4;n217;8;n218;9
301.39480262224913	S	n217;8;n219;10;n220;11
301.74428833868313	I	n181;6
309.22719658015154	E	n220;11
313.31681944729553	I	n218;9
313.4910097305208	T	n181;6;n181;12;n222;13
314.3193370741534	E	n222;13
318.2141576081634	D	n219;10;n219;14;n219;15
322.23550031039156	S	n219;14;n243;16;n244;17
322.23550031039156	S	n219;15;n243;18;n244;19
325.62016585225894	E	n166;5
326.9191915703628	E	n181;12
327.1046107185982	E	n218;9
330.2225419637538	T	n244;19;n244;20;n245;21
336.27194991669535	S	n243;16;n265;22;n266;23
336.27194991669535	S	n243;18;n265;24;n266;25
337.9466629699342	E	n266;23
337.9466629699342	E	n266;25
338.89935941368094	E	n245;21
342.1802606471801	I	n244;17
342.1802606471801	I	n244;20
351.4042925438749	D	n244;20;n244;26;n244;27
355.5973070728412	I	n244;26
355.5973070728412	I	n244;27
355.5973070728412	I	n244;17
356.30074869644585	L	n265;22
357.83898267386695	E	n265;24
368.33285918754166	F	n244;17
368.33285918754166	F	n244;27
368.33285918754166	F	n244;26
