TIME	EVENT	NODES
117.95402620859315	O	n306
122.20096298192965	F	n306;1
