TIME	EVENT	NODES
231.72619217498038	O	n59
239.33049058622979	I	n59;1
251.91737397158224	S	n59;1;n131;2;n132;3
257.3864776681059	C	n131;2
263.40949260383604	I	n131;2
264.256074713361	S	n131;2;n159;4;n160;5
283.003644560383	E	n160;5
288.5496408940298	S	n132;3;n189;6;n190;7
291.8490966475494	C	n159;4
293.8847744126867	I	n189;6
297.2325938618031	S	n190;7;n211;8;n212;9
306.18779637717876	E	n189;6
320.06015787817074	I	n212;9
323.451126983794	S	n211;8;n247;10;n248;11
325.29157350610575	I	n248;11
326.9299560409181	S	n248;11;n249;12;n250;13
328.00164525430046	I	n212;9
328.2146319613769	S	n159;4;n253;14;n254;15
332.6720917460163	I	n247;10
333.2750946372042	L	n253;14
334.64198406508626	S	n249;12;n255;16;n256;17
334.72733984980283	I	n255;16
335.0434936816748	D	n250;13;n250;18;n250;19
335.0680365865061	I	n247;10
335.92113620132585	S	n254;15;n263;20;n264;21
337.13665116689884	I	n212;9
338.51097831531484	S	n247;10;n269;22;n270;23
339.658731161582	S	n264;21;n271;24;n272;25
340.2618297049165	I	n263;20
346.59888132766895	I	n271;24
349.9630337493715	T	n256;17;n256;26;n292;27
351.3681074054671	E	n270;23
351.37042779145395	E	n255;16
355.0583586205711	S	n292;27;n299;28;n300;29
356.0711790543566	L	n272;25
356.5243775902817	S	n250;18;n303;30;n304;31
356.5243775902817	S	n250;19;n303;32;n304;33
357.03729943714654	I	n256;26
359.43466135079467	S	n269;22;n307;34;n308;35
363.80279247087776	L	n303;30
363.80279247087776	T	n256;26;n256;36;n303;37
364.14479088522387	E	n212;9
364.49514583717956	S	n304;31;n319;38;n320;39
364.49514583717956	S	n304;33;n319;40;n320;41
365.0168302374957	S	n256;36;n323;42;n324;43
365.0417268907298	E	n263;20
367.4795232075442	C	n271;24
368.1525611161385	S	n324;43;n331;44;n332;45
368.33285918754166	F	n300;29
368.33285918754166	F	n307;34
368.33285918754166	F	n299;28
368.33285918754166	F	n303;37
368.33285918754166	F	n303;32
368.33285918754166	F	n271;24
368.33285918754166	F	n308;35
368.33285918754166	F	n331;44
368.33285918754166	F	n323;42
368.33285918754166	F	n320;39
368.33285918754166	F	n320;41
368.33285918754166	F	n332;45
368.33285918754166	F	n319;38
368.33285918754166	F	n319;40
