TIME	EVENT	NODES
118.00893221158272	O	n305
122.20096298192965	F	n305;1
