TIME	EVENT	NODES
118.00913643190421	O	n323
119.92707716518038	L	n323;1
