TIME	EVENT	NODES
118.05104185697347	O	n318
122.20096298192965	F	n318;1
