TIME	EVENT	NODES
231.92148342347545	O	n97
247.23804400459426	I	n97;1
249.03530572249304	S	n97;1;n123;2;n124;3
253.9370210396302	I	n123;2
254.59397657947247	S	n123;2;n139;4;n140;5
255.08922900163986	E	n139;4
258.8150958922131	S	n124;3;n149;6;n150;7
275.3394929136777	E	n140;5
284.97623700463294	I	n150;7
289.4007324668549	I	n150;7
291.9483556449611	L	n150;7
306.49787422900107	L	n149;6
