TIME	EVENT	NODES
118.05331672953885	O	n311
122.20096298192965	F	n311;1
