TIME	EVENT	NODES
231.93727735279515	O	n100
240.6015620950032	S	n100;1;n113;2;n114;3
251.44714285352464	I	n113;2
260.0079447944091	E	n114;3
267.5279429889421	L	n113;2
