TIME	EVENT	NODES
118.12281804587263	O	n203
118.63591561020323	S	n203;1;n333;2;n334;3
120.48892574056441	T	n334;3;n334;4;n329;5
122.20096298192965	F	n333;2
122.20096298192965	F	n329;5
122.20096298192965	F	n334;4
