TIME	EVENT	NODES
118.14225697832744	O	n326
118.30904250839599	S	n326;1;n331;2;n332;3
119.31936433578085	S	n331;2;n337;4;n338;5
120.51874884326112	E	n332;3
120.73016418531006	S	n338;5;n349;6;n350;7
122.20096298192965	F	n349;6
122.20096298192965	F	n350;7
122.20096298192965	F	n337;4
