TIME	EVENT	NODES
232.14584631076968	O	n93
240.98810624728387	C	n93;1
263.1946935408616	S	n93;1;n157;2;n158;3
271.0359830191678	S	n158;3;n165;4;n166;5
273.43276638810516	C	n166;5
276.38468060991283	D	n166;5;n166;6;n166;7
281.86281336619095	S	n157;2;n181;8;n182;9
297.3759122122873	E	n182;9
300.66408360617874	S	n165;4;n217;10;n218;11
301.39480262224913	S	n217;10;n219;12;n220;13
309.22719658015154	E	n220;13
311.78627102588234	I	n219;12
321.6486536371694	C	n166;7
322.23550031039156	S	n219;12;n243;14;n244;15
323.10723440454956	I	n218;11
325.43707776390954	I	n166;7
325.62016585225894	E	n166;6
325.62016585225894	E	n166;7
326.9191915703628	E	n181;8
327.1046107185982	E	n218;11
336.27194991669535	S	n243;14;n265;16;n266;17
337.0122876984376	I	n265;16
337.9466629699342	E	n266;17
357.83898267386695	E	n265;16
368.33285918754166	F	n244;15
