TIME	EVENT	NODES
118.15321676011081	O	n309
121.1154699736872	E	n309;1
