TIME	EVENT	NODES
118.22296916003485	O	n153
122.20096298192965	F	n153;1
