TIME	EVENT	NODES
232.2288489181695	O	n98
288.8363289232313	I	n98;1
297.82959460464184	E	n98;1
