TIME	EVENT	NODES
232.23323267148788	O	n55
238.066136604651	E	n55;1
