TIME	EVENT	NODES
232.2459739936706	O	n80
239.01003706129444	S	n80;1;n109;2;n110;3
243.15501979395995	I	n109;2
246.46146398233907	I	n110;3
266.87766849007875	D	n109;2;n109;4;n109;5
269.2685165526619	I	n109;4
269.2685165526619	I	n109;5
285.27978079195947	I	n110;3
287.5951517002605	S	n110;3;n187;6;n188;7
291.55748136058077	L	n187;6
293.1267483817216	S	n188;7;n199;8;n200;9
293.90973519565694	S	n199;8;n203;10;n204;11
294.07914662793326	E	n200;9
294.9001397689014	L	n109;4
300.1604382936829	I	n109;5
305.8053411110323	S	n204;11;n227;12;n228;13
313.2467660912808	I	n227;12
314.0104779853529	S	n227;12;n237;14;n238;15
315.342886568578	E	n109;5
318.9566040063278	S	n203;10;n241;16;n242;17
319.10652424728346	I	n241;16
320.01234973923897	I	n242;17
335.6967060113735	S	n241;16;n261;18;n262;19
337.8906019160399	C	n242;17
339.96246034945096	S	n237;14;n273;20;n274;21
342.01531290336425	I	n273;20
342.3523845263514	S	n228;13;n281;22;n282;23
342.6466276670215	L	n274;21
348.7885287499841	I	n261;18
350.53960376877336	S	n262;19;n293;24;n294;25
351.66224212533507	I	n282;23
353.6543878143171	I	n238;15
357.7238543956617	I	n242;17
359.16454116420584	E	n261;18
361.92006925349176	I	n242;17
365.43190125744275	S	n273;20;n325;26;n326;27
368.33285918754166	F	n293;24
368.33285918754166	F	n242;17
368.33285918754166	F	n282;23
368.33285918754166	F	n325;26
368.33285918754166	F	n281;22
368.33285918754166	F	n326;27
368.33285918754166	F	n294;25
368.33285918754166	F	n238;15
