TIME	EVENT	NODES
118.25953971975258	O	n286
120.96164925685498	E	n286;1
