TIME	EVENT	NODES
118.29650466696384	O	n220
122.20096298192965	F	n220;1
