TIME	EVENT	NODES
118.34024959984633	O	n283
122.20096298192965	F	n283;1
