TIME	EVENT	NODES
118.37299767016921	O	n286
120.96164925685498	E	n286;1
