TIME	EVENT	NODES
232.6642789043494	O	n48
252.185040265389	I	n48;1
260.535811291168	L	n48;1
