TIME	EVENT	NODES
118.39015338698523	O	n312
122.20096298192965	F	n312;1
