TIME	EVENT	NODES
118.3916557198677	O	n327
122.20096298192965	F	n327;1
