TIME	EVENT	NODES
118.47115557259801	O	n294
122.20096298192965	F	n294;1
