TIME	EVENT	NODES
118.49742435302679	O	n125
122.20096298192965	F	n125;1
