TIME	EVENT	NODES
118.5350116614548	O	n306
122.20096298192965	F	n306;1
