TIME	EVENT	NODES
232.90710439443086	O	n100
240.6015620950032	S	n100;1;n113;2;n114;3
255.68507660648734	I	n113;2
260.0079447944091	E	n114;3
276.06674945851347	E	n113;2
