TIME	EVENT	NODES
118.64581342428355	O	n280
121.43476404403538	E	n280;1
