TIME	EVENT	NODES
118.65620831300606	O	n315
122.20096298192965	F	n315;1
