TIME	EVENT	NODES
232.99707941856695	O	n97
249.03530572249304	S	n97;1;n123;2;n124;3
254.59397657947247	S	n123;2;n139;4;n140;5
255.08922900163986	E	n139;4
258.8150958922131	S	n124;3;n149;6;n150;7
263.5573497021682	I	n149;6
275.3394929136777	E	n140;5
276.1901383707441	I	n150;7
289.64074894978205	L	n149;6
293.4401227103343	E	n150;7
