TIME	EVENT	NODES
118.68231034671435	O	n309
121.1154699736872	E	n309;1
