TIME	EVENT	NODES
118.69047084653008	O	n309
121.1154699736872	E	n309;1
