TIME	EVENT	NODES
233.00750739407522	O	n86
245.85340359938476	E	n86;1
