TIME	EVENT	NODES
118.69775878211242	O	n264
122.20096298192965	F	n264;1
