TIME	EVENT	NODES
118.7025362502903	O	n312
122.20096298192965	F	n312;1
