TIME	EVENT	NODES
233.1614470895707	O	n100
240.6015620950032	S	n100;1;n113;2;n114;3
254.00526368215606	L	n114;3
260.46706076447066	I	n113;2
261.3679638589437	D	n113;2;n113;4;n113;5
262.5262919807363	I	n113;4
262.5262919807363	I	n113;5
276.06674945851347	E	n113;5
276.06674945851347	E	n113;4
