TIME	EVENT	NODES
233.17177244660175	O	n100
240.6015620950032	S	n100;1;n113;2;n114;3
254.4909054228647	I	n114;3
260.0079447944091	E	n114;3
276.06674945851347	E	n113;2
