TIME	EVENT	NODES
118.77859407306606	O	n333
122.20096298192965	F	n333;1
