TIME	EVENT	NODES
118.78406112015651	O	n318
122.20096298192965	F	n318;1
