TIME	EVENT	NODES
233.2604132548106	O	n96
233.55443944646427	S	n96;1;n105;2;n106;3
234.33591300111496	L	n106;3
285.3849096725638	I	n105;2
287.2898658895813	E	n105;2
