TIME	EVENT	NODES
118.89871392506022	O	n309
121.1154699736872	E	n309;1
