TIME	EVENT	NODES
118.9034510639043	O	n318
122.20096298192965	F	n318;1
