TIME	EVENT	NODES
118.95642694985796	O	n327
119.9168722804306	I	n327;1
122.20096298192965	F	n327;1
