TIME	EVENT	NODES
118.96896293392186	O	n264
122.20096298192965	F	n264;1
