TIME	EVENT	NODES
233.5334566242809	O	n97
240.3331960884654	I	n97;1
249.03530572249304	S	n97;1;n123;2;n124;3
254.59397657947247	S	n123;2;n139;4;n140;5
255.08922900163986	E	n139;4
258.8150958922131	S	n124;3;n149;6;n150;7
262.96224652130735	L	n150;7
275.3394929136777	E	n140;5
289.340328427515	L	n149;6
