TIME	EVENT	NODES
233.57774014663653	O	n98
237.40170014493938	I	n98;1
242.77880529517267	I	n98;1
297.82959460464184	E	n98;1
