TIME	EVENT	NODES
119.005562311861	O	n306
122.20096298192965	F	n306;1
