TIME	EVENT	NODES
233.57964205030376	O	n86
245.85340359938476	E	n86;1
