TIME	EVENT	NODES
119.03786135797439	O	n336
119.46154143863095	E	n336;1
