TIME	EVENT	NODES
119.03897778781455	O	n246
120.08725737012921	S	n246;1;n341;2;n342;3
121.22878990483409	I	n342;3
122.20096298192965	F	n341;2
122.20096298192965	F	n342;3
