TIME	EVENT	NODES
233.71646076314718	O	n72
250.3995970955104	I	n72;1
254.31869674795763	S	n72;1;n137;2;n138;3
262.48313050699846	S	n137;2;n155;4;n156;5
268.08312347105647	S	n138;3;n163;6;n164;7
277.8106349986983	E	n163;6
278.7790501985707	D	n164;7;n164;8;n164;9
279.3689247604448	E	n164;8
279.3689247604448	E	n164;9
280.9346084359787	E	n156;5
302.77518792485097	S	n155;4;n221;10;n222;11
314.3193370741534	E	n222;11
357.94628194029224	D	n221;10;n221;12;n221;13
368.33285918754166	F	n221;12
368.33285918754166	F	n221;13
