TIME	EVENT	NODES
119.11426967213835	O	n125
122.20096298192965	F	n125;1
