TIME	EVENT	NODES
233.7941323954688	O	n103
242.8941750001684	S	n103;1;n115;2;n116;3
244.65686309263035	S	n115;2;n117;4;n118;5
245.60380920404123	E	n118;5
246.41896245296667	S	n116;3;n119;6;n120;7
251.3186136772485	S	n120;7;n129;8;n130;9
251.75225515579757	I	n117;4
251.9600984783782	E	n129;8
253.52096429492067	I	n130;9
254.6017951755659	S	n119;6;n141;10;n142;11
259.19362679088636	S	n130;9;n151;12;n152;13
259.28999588796853	S	n141;10;n153;14;n154;15
261.5455228136473	E	n152;13
265.11385524362515	I	n117;4
266.1400532075929	E	n151;12
267.6230845290778	E	n154;15
278.8778393829385	E	n117;4
285.21319667898535	I	n142;11
294.27007287477545	S	n153;14;n205;16;n206;17
295.6436082535406	I	n205;16
296.7002483004989	C	n206;17
298.1283204238227	S	n206;17;n215;18;n216;19
301.7496501463424	E	n216;19
304.41879938238037	L	n205;16
312.1421772672062	E	n142;11
341.5385477573434	S	n215;18;n277;20;n278;21
363.7179365725955	E	n277;20
367.179064540445	I	n278;21
368.33285918754166	F	n278;21
