TIME	EVENT	NODES
119.12920013019222	O	n222
122.20096298192965	F	n222;1
