TIME	EVENT	NODES
119.15688223616881	O	n333
122.20096298192965	F	n333;1
