TIME	EVENT	NODES
119.15996696774542	O	n300
122.20096298192965	F	n300;1
