TIME	EVENT	NODES
119.1686957581822	O	n295
122.20096298192965	F	n295;1
