TIME	EVENT	NODES
119.19183097848271	O	n299
119.5417768978418	E	n299;1
