TIME	EVENT	NODES
119.20700272690797	O	n306
122.20096298192965	F	n306;1
