TIME	EVENT	NODES
119.2760600551608	O	n295
122.20096298192965	F	n295;1
