TIME	EVENT	NODES
119.30241523369871	O	n329
122.20096298192965	F	n329;1
