TIME	EVENT	NODES
119.31845184748478	O	n329
122.20096298192965	F	n329;1
