TIME	EVENT	NODES
119.31937962025219	O	n264
122.20096298192965	F	n264;1
