TIME	EVENT	NODES
119.3249585414287	O	n280
121.43476404403538	E	n280;1
