TIME	EVENT	NODES
119.33853386374533	O	n321
122.20096298192965	F	n321;1
