TIME	EVENT	NODES
234.18882195426485	O	n97
241.9939790754857	T	n97;1;n97;2;n103;3
242.8941750001684	S	n103;3;n115;4;n116;5
244.50426373200628	I	n97;2
244.65686309263035	S	n115;4;n117;6;n118;7
245.60380920404123	E	n118;7
246.41896245296667	S	n116;5;n119;8;n120;9
249.03530572249304	S	n97;2;n123;10;n124;11
250.93318544390644	I	n117;6
251.3186136772485	S	n120;9;n129;12;n130;13
251.9600984783782	E	n129;12
254.59397657947247	S	n123;10;n139;14;n140;15
254.6017951755659	S	n119;8;n141;16;n142;17
255.08922900163986	E	n139;14
258.8150958922131	S	n124;11;n149;18;n150;19
259.19362679088636	S	n130;13;n151;20;n152;21
259.23944721612725	I	n140;15
259.28999588796853	S	n141;16;n153;22;n154;23
261.5455228136473	E	n152;21
264.2185882097554	I	n153;22
264.7147449224346	L	n142;17
266.1400532075929	E	n151;20
267.6230845290778	E	n154;23
270.0571658387379	I	n117;6
275.3394929136777	E	n140;15
278.8778393829385	E	n117;6
283.04035896465365	I	n149;18
286.5116020830271	I	n149;18
293.4401227103343	E	n150;19
294.27007287477545	S	n153;22;n205;24;n206;25
298.1283204238227	S	n206;25;n215;26;n216;27
301.7496501463424	E	n216;27
313.2735372024965	E	n149;18
317.01114394872144	I	n205;24
321.1469855222914	T	n215;26;n215;28;n166;29
324.03863024861755	I	n205;24
325.62016585225894	E	n166;29
335.49216531930057	I	n205;24
341.5385477573434	S	n215;28;n277;30;n278;31
363.7179365725955	E	n277;30
363.72092949357767	S	n205;24;n313;32;n314;33
366.7948058668992	L	n278;31
368.33285918754166	F	n314;33
368.33285918754166	F	n313;32
