TIME	EVENT	NODES
119.35160602397399	O	n230
122.20096298192965	F	n230;1
