TIME	EVENT	NODES
119.45592319649434	O	n294
122.20096298192965	F	n294;1
