TIME	EVENT	NODES
119.46345183772429	O	n222
122.20096298192965	F	n222;1
