TIME	EVENT	NODES
119.47423287709738	O	n300
122.20096298192965	F	n300;1
