TIME	EVENT	NODES
119.52603316590844	O	n264
122.20096298192965	F	n264;1
