TIME	EVENT	NODES
119.52715391202948	O	n125
122.20096298192965	F	n125;1
