TIME	EVENT	NODES
234.42577867524307	O	n80
239.01003706129444	S	n80;1;n109;2;n110;3
248.16240165696144	C	n110;3
287.5951517002605	S	n110;3;n187;4;n188;5
292.5796157399562	I	n109;2
293.1267483817216	S	n188;5;n199;6;n200;7
293.90973519565694	S	n199;6;n203;8;n204;9
294.07914662793326	E	n200;7
299.12635350846284	I	n203;8
303.60001110028185	I	n109;2
305.8053411110323	S	n204;9;n227;10;n228;11
307.7672273975545	C	n203;8
309.2382295977097	I	n187;4
314.0104779853529	S	n227;10;n237;12;n238;13
315.342886568578	E	n109;2
318.9566040063278	S	n203;8;n241;14;n242;15
335.6967060113735	S	n241;14;n261;16;n262;17
336.978737933082	C	n237;12
339.87650526024197	D	n237;12;n237;18;n237;19
339.96246034945096	S	n237;18;n273;20;n274;21
339.96246034945096	S	n237;19;n273;22;n274;23
342.3523845263514	S	n228;11;n281;24;n282;25
343.49127319750636	I	n274;21
343.49127319750636	I	n274;23
344.42408867849366	I	n261;16
345.1385367105167	I	n274;23
345.1385367105167	I	n274;21
350.49923904468386	C	n282;25
350.53960376877336	S	n262;17;n293;26;n294;27
351.6588701753525	I	n293;26
354.5284912151958	I	n293;26
355.77721746336744	I	n274;23
355.7899662740194	E	n274;21
355.7899662740194	E	n274;23
356.1164804556257	I	n242;15
356.3119546325315	E	n187;4
356.61493375697324	I	n294;27
358.8375375509782	D	n273;22;n273;28;n273;29
359.16454116420584	E	n261;16
365.43190125744275	S	n273;20;n325;30;n326;31
365.43190125744275	S	n273;28;n325;32;n326;33
365.43190125744275	S	n273;29;n325;34;n326;35
366.70031686673866	I	n281;24
368.33285918754166	F	n293;26
368.33285918754166	F	n242;15
368.33285918754166	F	n282;25
368.33285918754166	F	n325;30
368.33285918754166	F	n325;32
368.33285918754166	F	n325;34
368.33285918754166	F	n281;24
368.33285918754166	F	n326;31
368.33285918754166	F	n326;33
368.33285918754166	F	n326;35
368.33285918754166	F	n294;27
368.33285918754166	F	n238;13
