TIME	EVENT	NODES
234.53754854488835	O	n90
280.88338111280893	E	n90;1
