TIME	EVENT	NODES
234.54035471482732	O	n105
272.50608633084494	I	n105;1
287.2898658895813	E	n105;1
