TIME	EVENT	NODES
234.60884107013163	O	n98
273.39914700703105	I	n98;1
297.82959460464184	E	n98;1
