TIME	EVENT	NODES
119.64366030076076	O	n281
122.20096298192965	F	n281;1
