TIME	EVENT	NODES
119.65489144768259	O	n323
122.20096298192965	F	n323;1
