TIME	EVENT	NODES
234.6390270119494	O	n72
239.88028048856364	I	n72;1
254.31869674795763	S	n72;1;n137;2;n138;3
262.48313050699846	S	n137;2;n155;4;n156;5
268.08312347105647	S	n138;3;n163;6;n164;7
275.53864215074265	I	n155;4
277.8106349986983	E	n163;6
279.3689247604448	E	n164;7
280.9346084359787	E	n156;5
302.77518792485097	S	n155;4;n221;8;n222;9
314.3193370741534	E	n222;9
332.25249161547407	I	n221;8
346.97599923489	T	n221;8;n221;10;n275;11
348.7700363029201	S	n275;11;n291;12;n292;13
355.0583586205711	S	n292;13;n299;14;n300;15
368.33285918754166	F	n291;12
368.33285918754166	F	n300;15
368.33285918754166	F	n299;14
368.33285918754166	F	n221;10
