TIME	EVENT	NODES
119.72249623738794	O	n205
122.20096298192965	F	n205;1
