TIME	EVENT	NODES
234.6447855742565	O	n103
242.8941750001684	S	n103;1;n115;2;n116;3
244.65686309263035	S	n115;2;n117;4;n118;5
245.60380920404123	E	n118;5
246.41896245296667	S	n116;3;n119;6;n120;7
251.3186136772485	S	n120;7;n129;8;n130;9
251.9600984783782	E	n129;8
254.6017951755659	S	n119;6;n141;10;n142;11
257.96943292643004	I	n117;4
259.19362679088636	S	n130;9;n151;12;n152;13
259.28999588796853	S	n141;10;n153;14;n154;15
261.5455228136473	E	n152;13
266.1400532075929	E	n151;12
266.9690673771357	T	n142;11;n142;16;n145;17
267.6230845290778	E	n154;15
275.8505257194636	S	n145;17;n173;18;n174;19
278.8778393829385	E	n117;4
287.04043807655796	C	n153;14
294.27007287477545	S	n153;14;n205;20;n206;21
297.2136403897841	L	n205;20
298.1283204238227	S	n206;21;n215;22;n216;23
298.59967805978044	I	n174;19
301.7496501463424	E	n216;23
308.8751788929166	I	n173;18
311.3049061127532	I	n142;16
312.1421772672062	E	n142;16
314.5087251124538	E	n173;18
316.64521563171144	E	n174;19
320.1160677117911	L	n215;22
