TIME	EVENT	NODES
119.78196243665342	O	n125
122.20096298192965	F	n125;1
