TIME	EVENT	NODES
119.8126262660934	O	n306
122.20096298192965	F	n306;1
