TIME	EVENT	NODES
119.84281758750424	O	n329
122.20096298192965	F	n329;1
