TIME	EVENT	NODES
119.84741478315703	O	n238
122.20096298192965	F	n238;1
