TIME	EVENT	NODES
234.84374567005182	O	n70
250.91924713203537	T	n70;1;n70;2;n126;3
256.74972332501403	S	n70;2;n145;4;n146;5
256.96114287753085	S	n126;3;n147;6;n148;7
262.43014142332055	E	n148;7
267.10488677751715	I	n145;4
271.0536409135748	I	n145;4
275.0960935428681	S	n146;5;n169;8;n170;9
275.8505257194636	S	n145;4;n173;10;n174;11
276.778106847264	S	n169;8;n177;12;n178;13
278.8843128897183	D	n178;13;n178;14;n178;15
281.33983152088666	I	n173;10
283.3629310829571	S	n147;6;n183;16;n184;17
284.52506393077937	I	n170;9
289.6835090370408	L	n177;12
293.6183387782659	E	n184;17
294.4523068991941	C	n173;10
294.85205953567214	I	n174;11
295.7101501024865	E	n178;14
295.7101501024865	E	n178;15
296.2684983299918	T	n173;10;n173;18;n197;19
296.42496988893606	I	n174;11
297.88510067996623	E	n197;19
299.86438373273126	I	n174;11
308.47786470125436	I	n170;9
314.5087251124538	E	n173;18
316.64521563171144	E	n174;11
319.0807165696878	D	n170;9;n170;20;n170;21
328.51162888162287	I	n170;20
328.51162888162287	I	n170;21
342.47328190227523	I	n183;16
349.00530575206363	E	n183;16
368.33285918754166	F	n170;21
368.33285918754166	F	n170;20
