TIME	EVENT	NODES
119.91758684318508	O	n242
122.20096298192965	F	n242;1
