TIME	EVENT	NODES
119.93793410822671	O	n153
122.20096298192965	F	n153;1
