TIME	EVENT	NODES
119.94338633584255	O	n286
120.96164925685498	E	n286;1
