TIME	EVENT	NODES
234.96644301183832	O	n90
252.42543918666047	C	n90;1
267.12237497990503	I	n90;1
270.1293840226324	I	n90;1
280.88338111280893	E	n90;1
