TIME	EVENT	NODES
119.943842797716	O	n323
122.20096298192965	F	n323;1
