TIME	EVENT	NODES
119.97431874417677	O	n283
122.20096298192965	F	n283;1
