TIME	EVENT	NODES
119.9761007769305	O	n292
122.20096298192965	F	n292;1
