TIME	EVENT	NODES
119.99015710495112	O	n324
122.20096298192965	F	n324;1
