TIME	EVENT	NODES
235.19067785913626	O	n90
242.5482193092636	D	n90;1;n90;2;n90;3
243.74441484977785	L	n90;2
257.7724107263833	I	n90;3
280.88338111280893	E	n90;3
