TIME	EVENT	NODES
120.05559744108636	O	n238
122.20096298192965	F	n238;1
