TIME	EVENT	NODES
120.06116259482681	O	n325
120.18954370458381	S	n325;1;n343;2;n344;3
122.20096298192965	F	n344;3
122.20096298192965	F	n343;2
