TIME	EVENT	NODES
120.07238133695459	O	n295
122.20096298192965	F	n295;1
