TIME	EVENT	NODES
120.10684246376522	O	n250
122.20096298192965	F	n250;1
