TIME	EVENT	NODES
235.37451804114653	O	n104
240.4400248471713	S	n104;1;n111;2;n112;3
254.1474396940903	S	n111;2;n135;4;n136;5
269.9568136455443	E	n136;5
278.4525291252385	E	n112;3
282.6275530108408	D	n135;4;n135;6;n135;7
290.515669204298	I	n135;6
290.515669204298	I	n135;7
297.944722411288	S	n135;7;n213;8;n214;9
297.944722411288	S	n135;6;n213;10;n214;11
298.23892104770476	I	n214;9
298.23892104770476	I	n214;11
299.1473251872138	E	n214;11
299.1473251872138	E	n214;9
304.09031358710325	C	n213;8
304.09031358710325	C	n213;10
305.3065589137974	S	n213;8;n225;12;n226;13
305.3065589137974	S	n213;10;n225;14;n226;15
324.2601856628277	E	n226;13
324.2601856628277	E	n226;15
324.7848548775896	E	n225;12
324.7848548775896	E	n225;14
