TIME	EVENT	NODES
120.13560109250184	O	n300
122.20096298192965	F	n300;1
