TIME	EVENT	NODES
120.13614942520837	O	n250
122.20096298192965	F	n250;1
