TIME	EVENT	NODES
235.47358541937683	O	n72
254.31869674795763	S	n72;1;n137;2;n138;3
262.48313050699846	S	n137;2;n155;4;n156;5
268.08312347105647	S	n138;3;n163;6;n164;7
277.8106349986983	E	n163;6
279.3689247604448	E	n164;7
280.9346084359787	E	n156;5
284.70892468164453	T	n155;4;n155;8;n182;9
297.3759122122873	E	n182;9
302.77518792485097	S	n155;8;n221;10;n222;11
302.9787402265449	I	n221;10
314.3193370741534	E	n222;11
318.50838932395743	T	n221;10;n221;12;n228;13
342.3523845263514	S	n228;13;n281;14;n282;15
346.14184622948244	I	n281;14
346.25933828589956	I	n221;12
350.408529119138	L	n221;12
357.9865160306485	I	n281;14
359.3829481848695	C	n281;14
368.33285918754166	F	n282;15
368.33285918754166	F	n281;14
