TIME	EVENT	NODES
120.1595128042721	O	n315
122.20096298192965	F	n315;1
