TIME	EVENT	NODES
120.16928647645237	O	n332
120.51874884326112	E	n332;1
