TIME	EVENT	NODES
120.17173781296427	O	n339
121.85255750893415	S	n339;1;n357;2;n358;3
122.20096298192965	F	n357;2
122.20096298192965	F	n358;3
