TIME	EVENT	NODES
120.24169545372193	O	n309
121.1154699736872	E	n309;1
