TIME	EVENT	NODES
120.3182661916133	O	n153
122.20096298192965	F	n153;1
