TIME	EVENT	NODES
120.37367127464196	O	n288
122.20096298192965	F	n288;1
