TIME	EVENT	NODES
120.41159519441236	O	n292
122.20096298192965	F	n292;1
