TIME	EVENT	NODES
120.42031066931796	O	n280
121.43476404403538	E	n280;1
