TIME	EVENT	NODES
235.85908938606588	O	n72
242.41980830596847	T	n72;1;n72;2;n98;3
254.31869674795763	S	n72;2;n137;4;n138;5
262.48313050699846	S	n137;4;n155;6;n156;7
264.039785269931	I	n155;6
268.08312347105647	S	n138;5;n163;8;n164;9
269.14641223590087	L	n164;9
272.22950821935103	I	n163;8
276.12876220158114	I	n98;3
277.13008547566386	I	n98;3
277.8106349986983	E	n163;8
280.9346084359787	E	n156;7
296.0156855054271	I	n98;3
297.82959460464184	E	n98;3
302.77518792485097	S	n155;6;n221;10;n222;11
314.3193370741534	E	n222;11
344.34016286681936	I	n221;10
368.33285918754166	F	n221;10
