TIME	EVENT	NODES
120.44243452307342	O	n323
122.20096298192965	F	n323;1
