TIME	EVENT	NODES
120.47314292348644	O	n250
122.20096298192965	F	n250;1
