TIME	EVENT	NODES
120.50326124250566	O	n323
122.20096298192965	F	n323;1
