TIME	EVENT	NODES
120.52435523859484	O	n310
122.20096298192965	F	n310;1
