TIME	EVENT	NODES
236.1616980568209	O	n72
241.28915143796317	I	n72;1
250.3995970955104	I	n72;1
254.31869674795763	S	n72;1;n137;2;n138;3
254.5598521901917	T	n138;3;n138;4;n93;5
256.4745407084961	C	n137;2
262.48313050699846	S	n137;2;n155;6;n156;7
263.1946935408616	S	n93;5;n157;8;n158;9
265.48018358793956	I	n157;8
268.08312347105647	S	n138;4;n163;10;n164;11
271.0359830191678	S	n158;9;n165;12;n166;13
277.8106349986983	E	n163;10
279.3689247604448	E	n164;11
280.9346084359787	E	n156;7
281.86281336619095	S	n157;8;n181;14;n182;15
285.8750454013584	I	n155;6
297.3759122122873	E	n182;15
300.66408360617874	S	n165;12;n217;16;n218;17
301.39480262224913	S	n217;16;n219;18;n220;19
302.77518792485097	S	n155;6;n221;20;n222;21
304.57540317938475	I	n219;18
309.07397215787313	C	n166;13
309.22719658015154	E	n220;19
311.0927644648807	I	n181;14
314.3193370741534	E	n222;21
322.23550031039156	S	n219;18;n243;22;n244;23
325.62016585225894	E	n166;13
325.69359225955196	I	n244;23
326.9191915703628	E	n181;14
326.9226621708812	I	n221;20
327.1046107185982	E	n218;17
332.54566848206804	I	n221;20
336.27194991669535	S	n243;22;n265;24;n266;25
337.9466629699342	E	n266;25
339.9518889346702	I	n244;23
342.60566257314053	I	n244;23
357.83898267386695	E	n265;24
368.33285918754166	F	n244;23
368.33285918754166	F	n221;20
