TIME	EVENT	NODES
236.18905247653674	O	n105
251.71595241767963	I	n105;1
255.53038883098895	I	n105;1
287.2898658895813	E	n105;1
