TIME	EVENT	NODES
120.54189455244016	O	n280
121.43476404403538	E	n280;1
