TIME	EVENT	NODES
120.56090699582018	O	n340
122.20096298192965	F	n340;1
