TIME	EVENT	NODES
236.2436221205758	O	n55
238.066136604651	E	n55;1
