TIME	EVENT	NODES
120.57340236042548	O	n222
122.20096298192965	F	n222;1
