TIME	EVENT	NODES
120.58937760726221	O	n338
120.73016418531006	S	n338;1;n349;2;n350;3
122.20096298192965	F	n349;2
122.20096298192965	F	n350;3
