TIME	EVENT	NODES
120.62295238817572	O	n222
122.20096298192965	F	n222;1
