TIME	EVENT	NODES
120.64524907345911	O	n205
122.20096298192965	F	n205;1
