TIME	EVENT	NODES
236.38511863272143	O	n72
247.2875698036164	I	n72;1
249.08968188310396	T	n72;1;n72;2;n98;3
254.31869674795763	S	n72;2;n137;4;n138;5
256.64231642783636	I	n98;3
262.48313050699846	S	n137;4;n155;6;n156;7
268.08312347105647	S	n138;5;n163;8;n164;9
273.1422561391772	I	n98;3
277.8106349986983	E	n163;8
279.3689247604448	E	n164;9
280.9346084359787	E	n156;7
285.4694107373424	I	n98;3
290.6276844912212	I	n98;3
296.65452715744607	I	n155;6
297.82959460464184	E	n98;3
302.77518792485097	S	n155;6;n221;10;n222;11
314.3193370741534	E	n222;11
332.54566848206804	I	n221;10
368.33285918754166	F	n221;10
