TIME	EVENT	NODES
120.71167757692405	O	n344
122.17471599906925	T	n344;1;n344;2;n295;3
122.20096298192965	F	n344;2
122.20096298192965	F	n295;3
