TIME	EVENT	NODES
120.74729666913375	O	n281
122.20096298192965	F	n281;1
