TIME	EVENT	NODES
120.75088211987244	O	n305
122.20096298192965	F	n305;1
