TIME	EVENT	NODES
236.54045981797174	O	n103
242.8941750001684	S	n103;1;n115;2;n116;3
244.5906480062366	T	n115;2;n115;4;n106;5
244.65686309263035	S	n115;4;n117;6;n118;7
245.60380920404123	E	n118;7
246.41896245296667	S	n116;3;n119;8;n120;9
247.89276809742267	S	n106;5;n121;10;n122;11
251.3186136772485	S	n120;9;n129;12;n130;13
251.9600984783782	E	n129;12
251.99459041075957	I	n121;10
254.6017951755659	S	n119;8;n141;14;n142;15
259.19362679088636	S	n130;13;n151;16;n152;17
259.28999588796853	S	n141;14;n153;18;n154;19
261.5455228136473	E	n152;17
261.6291738439399	E	n121;10
265.7856178693541	C	n151;16
266.1400532075929	E	n151;16
267.6230845290778	E	n154;19
273.5864034493894	E	n122;11
278.8778393829385	E	n117;6
292.3803926207224	I	n142;15
294.27007287477545	S	n153;18;n205;20;n206;21
298.1283204238227	S	n206;21;n215;22;n216;23
298.9326525077707	I	n205;20
300.9169903691109	L	n215;22
301.7496501463424	E	n216;23
312.1421772672062	E	n142;15
361.1041298929544	I	n205;20
363.72092949357767	S	n205;20;n313;24;n314;25
368.33285918754166	F	n314;25
368.33285918754166	F	n313;24
