TIME	EVENT	NODES
120.79290292414363	O	n205
122.20096298192965	F	n205;1
