TIME	EVENT	NODES
120.79320463865564	O	n315
122.20096298192965	F	n315;1
