TIME	EVENT	NODES
120.8001821135264	O	n222
122.20096298192965	F	n222;1
