TIME	EVENT	NODES
120.88149296319592	O	n349
122.20096298192965	F	n349;1
