TIME	EVENT	NODES
236.87167949711457	O	n103
242.8941750001684	S	n103;1;n115;2;n116;3
243.12133255890495	I	n115;2
244.65686309263035	S	n115;2;n117;4;n118;5
245.60380920404123	E	n118;5
246.41896245296667	S	n116;3;n119;6;n120;7
249.55599331741445	L	n120;7
254.6017951755659	S	n119;6;n141;8;n142;9
259.28999588796853	S	n141;8;n153;10;n154;11
267.6230845290778	E	n154;11
267.8717031232454	L	n117;4
286.813831769343	I	n153;10
287.8761542963033	C	n153;10
294.27007287477545	S	n153;10;n205;12;n206;13
294.5209955303295	I	n205;12
297.72169964150066	I	n205;12
298.1283204238227	S	n206;13;n215;14;n216;15
301.7496501463424	E	n216;15
312.1421772672062	E	n142;9
325.84198695008126	T	n215;14;n215;16;n223;17
327.68708843484586	S	n223;17;n251;18;n252;19
334.9897297167016	S	n251;18;n257;20;n258;21
341.5385477573434	S	n215;16;n277;22;n278;23
342.38119194688943	I	n205;12
342.7644487681259	C	n278;23
344.02040770953147	S	n258;21;n283;24;n284;25
345.66233697165126	C	n278;23
346.5990500281604	S	n283;24;n287;26;n288;27
348.95415832744766	I	n205;12
352.01238090931844	C	n205;12
353.2274467652559	S	n284;25;n297;28;n298;29
354.3125964831673	I	n278;23
356.820988870412	L	n257;20
363.2658265490463	I	n205;12
363.650942349637	I	n252;19
363.7179365725955	E	n277;22
363.72092949357767	S	n205;12;n313;30;n314;31
368.33285918754166	F	n287;26
368.33285918754166	F	n288;27
368.33285918754166	F	n314;31
368.33285918754166	F	n252;19
368.33285918754166	F	n297;28
368.33285918754166	F	n313;30
368.33285918754166	F	n278;23
368.33285918754166	F	n298;29
