TIME	EVENT	NODES
120.88789686856431	O	n250
122.20096298192965	F	n250;1
