TIME	EVENT	NODES
120.9169490036752	O	n283
122.20096298192965	F	n283;1
