TIME	EVENT	NODES
120.94120573042645	O	n242
122.20096298192965	F	n242;1
