TIME	EVENT	NODES
237.03895939749438	O	n80
239.01003706129444	S	n80;1;n109;2;n110;3
256.98187554476704	C	n110;3
284.32075833332897	I	n109;2
287.5951517002605	S	n110;3;n187;4;n188;5
290.4731524584938	C	n188;5
293.1267483817216	S	n188;5;n199;6;n200;7
293.90973519565694	S	n199;6;n203;8;n204;9
294.07914662793326	E	n200;7
303.58285983115945	I	n109;2
305.8053411110323	S	n204;9;n227;10;n228;11
314.0104779853529	S	n227;10;n237;12;n238;13
315.342886568578	E	n109;2
318.9566040063278	S	n203;8;n241;14;n242;15
327.35234377429856	I	n238;13
335.6633141866649	C	n241;14
335.6967060113735	S	n241;14;n261;16;n262;17
339.96246034945096	S	n237;12;n273;18;n274;19
340.6272460160968	I	n228;11
342.3523845263514	S	n228;11;n281;20;n282;21
350.53960376877336	S	n262;17;n293;22;n294;23
353.8348181886846	I	n282;21
355.7899662740194	E	n274;19
356.3119546325315	E	n187;4
359.16454116420584	E	n261;16
363.1998089283906	L	n242;15
364.55911162356415	I	n281;20
365.43190125744275	S	n273;18;n325;24;n326;25
366.1916889748353	I	n293;22
367.6245264366768	L	n325;24
368.33285918754166	F	n293;22
368.33285918754166	F	n282;21
368.33285918754166	F	n281;20
368.33285918754166	F	n326;25
368.33285918754166	F	n294;23
368.33285918754166	F	n238;13
