TIME	EVENT	NODES
120.98149400357633	O	n347
122.20096298192965	F	n347;1
