TIME	EVENT	NODES
237.07088209575141	O	n108
249.10861886800265	S	n108;1;n125;2;n126;3
249.78648125737294	I	n126;3
256.96114287753085	S	n126;3;n147;4;n148;5
262.43014142332055	E	n148;5
266.0496073842215	I	n147;4
275.11850929823515	S	n125;2;n171;6;n172;7
282.0361118140359	I	n171;6
283.3629310829571	S	n147;4;n183;8;n184;9
283.51024425513293	L	n183;8
293.6183387782659	E	n184;9
294.1998026308451	E	n171;6
312.397854141934	I	n172;7
313.62692292624814	I	n172;7
315.41472492191235	E	n172;7
