TIME	EVENT	NODES
237.109949183713	O	n98
237.40170014493938	I	n98;1
240.29232213502183	C	n98;1
297.82959460464184	E	n98;1
