TIME	EVENT	NODES
237.26719305714676	O	n108
249.10861886800265	S	n108;1;n125;2;n126;3
249.74650538680606	I	n126;3
256.96114287753085	S	n126;3;n147;4;n148;5
262.43014142332055	E	n148;5
267.47271868733907	I	n147;4
273.6147431206758	T	n125;2;n125;6;n156;7
275.11850929823515	S	n125;6;n171;8;n172;9
280.9346084359787	E	n156;7
283.3629310829571	S	n147;4;n183;10;n184;11
289.4110987171368	I	n183;10
291.78167094924135	I	n172;9
293.6183387782659	E	n184;11
294.1998026308451	E	n171;8
300.96404423612506	I	n183;10
315.41472492191235	E	n172;9
349.00530575206363	E	n183;10
