TIME	EVENT	NODES
121.02718790154823	O	n314
122.20096298192965	F	n314;1
