TIME	EVENT	NODES
121.04845554448455	O	n280
121.43476404403538	E	n280;1
