TIME	EVENT	NODES
121.0685920141705	O	n314
122.20096298192965	F	n314;1
