TIME	EVENT	NODES
121.130638611428	O	n264
122.20096298192965	F	n264;1
