TIME	EVENT	NODES
121.15162644788815	O	n281
122.20096298192965	F	n281;1
