TIME	EVENT	NODES
121.22269450839333	O	n300
122.20096298192965	F	n300;1
