TIME	EVENT	NODES
121.2334012642934	O	n220
122.20096298192965	F	n220;1
