TIME	EVENT	NODES
237.66201516939552	O	n80
239.01003706129444	S	n80;1;n109;2;n110;3
241.26512815375455	I	n110;3
250.994272339431	I	n110;3
255.3372325553856	I	n110;3
270.1126822299957	I	n109;2
287.5951517002605	S	n110;3;n187;4;n188;5
293.1267483817216	S	n188;5;n199;6;n200;7
293.90973519565694	S	n199;6;n203;8;n204;9
294.07914662793326	E	n200;7
298.03565143308685	I	n187;4
305.8053411110323	S	n204;9;n227;10;n228;11
310.8124349285221	I	n109;2
311.26614217015066	L	n228;11
314.0104779853529	S	n227;10;n237;12;n238;13
315.342886568578	E	n109;2
316.74271544605233	C	n237;12
318.9566040063278	S	n203;8;n241;14;n242;15
318.97246322206075	C	n187;4
325.0171602648206	L	n238;13
325.5834174403662	I	n241;14
332.9219242041404	I	n237;12
335.6967060113735	S	n241;14;n261;16;n262;17
339.96246034945096	S	n237;12;n273;18;n274;19
350.53960376877336	S	n262;17;n293;20;n294;21
355.7899662740194	E	n274;19
355.96840405347695	I	n293;20
356.3119546325315	E	n187;4
357.7238543956617	I	n242;15
358.1134908457539	I	n273;18
359.16454116420584	E	n261;16
365.43190125744275	S	n273;18;n325;22;n326;23
367.83393561371963	C	n293;20
368.33285918754166	F	n293;20
368.33285918754166	F	n242;15
368.33285918754166	F	n325;22
368.33285918754166	F	n326;23
368.33285918754166	F	n294;21
