TIME	EVENT	NODES
121.31937166224701	O	n340
122.20096298192965	F	n340;1
