TIME	EVENT	NODES
121.324514456184	O	n314
122.20096298192965	F	n314;1
