TIME	EVENT	NODES
121.3406660770415	O	n280
121.43476404403538	E	n280;1
