TIME	EVENT	NODES
121.38809866538881	O	n281
122.20096298192965	F	n281;1
