TIME	EVENT	NODES
121.38843388588148	O	n341
122.20096298192965	F	n341;1
