TIME	EVENT	NODES
237.89281673107533	O	n108
249.10861886800265	S	n108;1;n125;2;n126;3
253.11066366382545	L	n125;2
256.96114287753085	S	n126;3;n147;4;n148;5
262.43014142332055	E	n148;5
283.3629310829571	S	n147;4;n183;6;n184;7
291.79975985419793	C	n183;6
293.6183387782659	E	n184;7
313.1712336238768	C	n183;6
349.00530575206363	E	n183;6
