TIME	EVENT	NODES
121.41620939663947	O	n295
122.20096298192965	F	n295;1
