TIME	EVENT	NODES
238.0370946483691	O	n86
245.85340359938476	E	n86;1
