TIME	EVENT	NODES
121.486412306137	O	n288
122.20096298192965	F	n288;1
