TIME	EVENT	NODES
121.48762905060747	O	n334
122.20096298192965	F	n334;1
