TIME	EVENT	NODES
238.29075165524833	O	n97
249.03530572249304	S	n97;1;n123;2;n124;3
254.59397657947247	S	n123;2;n139;4;n140;5
255.08922900163986	E	n139;4
258.8150958922131	S	n124;3;n149;6;n150;7
263.6410559841429	I	n150;7
265.08620015399725	I	n150;7
275.3394929136777	E	n140;5
293.4401227103343	E	n150;7
311.8347526741749	D	n149;6;n149;8;n149;9
313.2735372024965	E	n149;8
313.2735372024965	E	n149;9
