TIME	EVENT	NODES
121.50241096106974	O	n311
122.20096298192965	F	n311;1
