TIME	EVENT	NODES
121.57535938215948	O	n345
122.20096298192965	F	n345;1
