TIME	EVENT	NODES
238.46434466580067	O	n90
280.88338111280893	E	n90;1
