TIME	EVENT	NODES
121.58630458203257	O	n314
122.20096298192965	F	n314;1
