TIME	EVENT	NODES
238.47195012216355	O	n106
241.25288951217672	I	n106;1
245.11158799498304	I	n106;1
245.82977478438764	C	n106;1
247.89276809742267	S	n106;1;n121;2;n122;3
261.6291738439399	E	n121;2
273.5864034493894	E	n122;3
