TIME	EVENT	NODES
121.68338056929122	O	n250
121.79023253863903	I	n250;1
122.20096298192965	F	n250;1
