TIME	EVENT	NODES
121.73055980075786	O	n333
122.20096298192965	F	n333;1
