TIME	EVENT	NODES
238.60564285913995	O	n90
280.88338111280893	E	n90;1
