TIME	EVENT	NODES
121.77336896851031	O	n344
122.20096298192965	F	n344;1
