TIME	EVENT	NODES
238.65628295477515	O	n105
287.2898658895813	E	n105;1
