TIME	EVENT	NODES
121.79843871780697	O	n306
122.20096298192965	F	n306;1
