TIME	EVENT	NODES
238.70321896204294	O	n103
242.8941750001684	S	n103;1;n115;2;n116;3
244.65686309263035	S	n115;2;n117;4;n118;5
245.60380920404123	E	n118;5
246.28179874176496	T	n117;4;n117;6;n112;7
246.41896245296667	S	n116;3;n119;8;n120;9
247.6711401542441	C	n112;7
250.77139820041413	T	n112;7;n112;10;n123;11
251.3186136772485	S	n120;9;n129;12;n130;13
251.9600984783782	E	n129;12
254.59397657947247	S	n123;11;n139;14;n140;15
254.6017951755659	S	n119;8;n141;16;n142;17
255.08922900163986	E	n139;14
259.19362679088636	S	n130;13;n151;18;n152;19
259.28999588796853	S	n141;16;n153;20;n154;21
261.5455228136473	E	n152;19
266.1400532075929	E	n151;18
266.5481188671294	I	n153;20
267.6230845290778	E	n154;21
275.3394929136777	E	n140;15
278.4525291252385	E	n112;10
278.8778393829385	E	n117;6
285.55882500825663	I	n142;17
286.99173575179867	I	n142;17
294.27007287477545	S	n153;20;n205;22;n206;23
298.1283204238227	S	n206;23;n215;24;n216;25
301.7496501463424	E	n216;25
312.1421772672062	E	n142;17
314.29816148053067	I	n215;24
319.2520186349729	I	n215;24
319.73591594476295	I	n215;24
322.3791723048414	I	n205;22
325.9192353456401	I	n205;22
333.0511118080684	I	n205;22
334.6431933887997	I	n215;24
341.5385477573434	S	n215;24;n277;26;n278;27
353.20232824488244	I	n278;27
363.7179365725955	E	n277;26
363.72092949357767	S	n205;22;n313;28;n314;29
368.33285918754166	F	n314;29
368.33285918754166	F	n313;28
368.33285918754166	F	n278;27
