TIME	EVENT	NODES
121.81846618112408	O	n294
122.20096298192965	F	n294;1
