TIME	EVENT	NODES
121.84171194751629	O	n355
122.20096298192965	F	n355;1
