TIME	EVENT	NODES
121.85394637990812	O	n347
122.20096298192965	F	n347;1
