TIME	EVENT	NODES
238.98892104426372	O	n105
245.68296587880613	T	n105;1;n105;2;n98;3
259.3671616551012	I	n98;3
286.83672236404226	I	n98;3
287.2898658895813	E	n105;2
297.82959460464184	E	n98;3
