TIME	EVENT	NODES
239.11449051528095	O	n48
250.52052704552958	I	n48;1
270.50846597342445	E	n48;1
