TIME	EVENT	NODES
121.91061967101513	O	n350
122.20096298192965	F	n350;1
