TIME	EVENT	NODES
121.91299961731866	O	n357
122.20096298192965	F	n357;1
