TIME	EVENT	NODES
121.91708216527906	O	n342
122.20096298192965	F	n342;1
