TIME	EVENT	NODES
121.93882483201767	O	n341
122.20096298192965	F	n341;1
