TIME	EVENT	NODES
121.96488584200485	O	n347
122.20096298192965	F	n347;1
