TIME	EVENT	NODES
121.97277374384088	O	n355
122.20096298192965	F	n355;1
