TIME	EVENT	NODES
239.34402779872823	O	n104
240.4400248471713	S	n104;1;n111;2;n112;3
252.3678420706318	I	n112;3
253.84072419334439	L	n112;3
254.1474396940903	S	n111;2;n135;4;n136;5
258.0057824292718	I	n136;5
269.9568136455443	E	n136;5
275.56603991363204	I	n135;4
293.47049923461185	L	n135;4
