TIME	EVENT	NODES
122.00116765507293	O	n329
122.20096298192965	F	n329;1
