TIME	EVENT	NODES
122.00515110404247	O	n355
122.20096298192965	F	n355;1
