TIME	EVENT	NODES
239.4698889019061	O	n86
245.85340359938476	E	n86;1
