TIME	EVENT	NODES
122.02708708663525	O	n292
122.20096298192965	F	n292;1
