TIME	EVENT	NODES
239.5474205094305	O	n106
247.89276809742267	S	n106;1;n121;2;n122;3
254.09550924189855	D	n121;2;n121;4;n121;5
254.25907691783124	I	n122;3
260.78837433756223	I	n122;3
261.6291738439399	E	n121;4
261.6291738439399	E	n121;5
273.5864034493894	E	n122;3
