TIME	EVENT	NODES
239.6726461938276	O	n105
287.2898658895813	E	n105;1
