TIME	EVENT	NODES
122.09002817673797	O	n356
122.20096298192965	F	n356;1
