TIME	EVENT	NODES
122.09306179983369	O	n315
122.20096298192965	F	n315;1
