TIME	EVENT	NODES
239.74528137094035	O	n48
255.45002037984645	I	n48;1
270.50846597342445	E	n48;1
