TIME	EVENT	NODES
122.1361452074709	O	n340
122.20096298192965	F	n340;1
