TIME	EVENT	NODES
122.13623887372074	O	n205
122.20096298192965	F	n205;1
