TIME	EVENT	NODES
122.14472711789368	O	n288
122.20096298192965	F	n288;1
