TIME	EVENT	NODES
122.148897755026	O	n295
122.20096298192965	F	n295;1
