TIME	EVENT	NODES
122.15773724783608	O	n292
122.20096298192965	F	n292;1
