TIME	EVENT	NODES
122.17822257002524	O	n350
122.20096298192965	F	n350;1
