TIME	EVENT	NODES
122.18834322588931	O	n324
122.20096298192965	F	n324;1
