TIME	EVENT	NODES
122.19239670220288	O	n351
122.20096298192965	F	n351;1
