TIME	EVENT	NODES
240.28949269151002	O	n107
247.013221302229	I	n107;1
266.80294771333917	S	n107;1;n161;2;n162;3
277.04604187489826	E	n161;2
278.4079847754584	I	n162;3
285.9456044299885	S	n162;3;n185;4;n186;5
292.01152244219134	S	n186;5;n195;6;n196;7
293.42092646505836	I	n185;4
296.7804733096652	S	n196;7;n207;8;n208;9
297.77429733878824	E	n208;9
298.5182981782411	E	n207;8
301.5187902891868	E	n195;6
306.7118637562414	E	n185;4
