TIME	EVENT	NODES
240.73673561957466	O	n93
255.72625907551063	I	n93;1
259.7441163954301	C	n93;1
263.1946935408616	S	n93;1;n157;2;n158;3
271.0359830191678	S	n158;3;n165;4;n166;5
279.49114061349326	I	n165;4
281.86281336619095	S	n157;2;n181;6;n182;7
293.3819402834793	I	n166;5
297.3759122122873	E	n182;7
300.66408360617874	S	n165;4;n217;8;n218;9
301.39480262224913	S	n217;8;n219;10;n220;11
309.22719658015154	E	n220;11
318.40176582549344	I	n166;5
322.23550031039156	S	n219;10;n243;12;n244;13
325.13853382706463	I	n243;12
325.62016585225894	E	n166;5
326.9191915703628	E	n181;6
327.1046107185982	E	n218;9
332.37589298349695	T	n243;12;n243;14;n247;15
336.27194991669535	S	n243;14;n265;16;n266;17
336.92018029233725	C	n247;15
337.9466629699342	E	n266;17
338.51097831531484	S	n247;15;n269;18;n270;19
342.56248968426416	D	n270;19;n270;20;n270;21
343.50189851422664	I	n269;18
351.3681074054671	E	n270;20
351.3681074054671	E	n270;21
357.83898267386695	E	n265;16
359.43466135079467	S	n269;18;n307;22;n308;23
368.33285918754166	F	n307;22
368.33285918754166	F	n308;23
368.33285918754166	F	n244;13
