TIME	EVENT	NODES
241.18522535955162	O	n112
248.29956891754577	I	n112;1
278.4525291252385	E	n112;1
