TIME	EVENT	NODES
241.3503332028966	O	n113
252.5355191402081	C	n113;1
276.06674945851347	E	n113;1
