TIME	EVENT	NODES
241.36860511468853	O	n98
248.94956779508917	I	n98;1
272.6767349114643	I	n98;1
297.82959460464184	E	n98;1
