TIME	EVENT	NODES
241.37228483753336	O	n109
287.11255834254723	I	n109;1
297.37266664979353	C	n109;1
315.342886568578	E	n109;1
