TIME	EVENT	NODES
241.52571064367416	O	n95
251.9077107995311	L	n95;1
