TIME	EVENT	NODES
241.65993168072563	O	n86
245.85340359938476	E	n86;1
