TIME	EVENT	NODES
241.86023486044112	O	n97
249.03530572249304	S	n97;1;n123;2;n124;3
253.8423025998657	I	n124;3
254.59397657947247	S	n123;2;n139;4;n140;5
255.08922900163986	E	n139;4
258.8150958922131	S	n124;3;n149;6;n150;7
260.1879067044522	C	n149;6
261.25653309177875	T	n140;5;n140;8;n107;9
266.80294771333917	S	n107;9;n161;10;n162;11
275.3394929136777	E	n140;8
277.04604187489826	E	n161;10
285.9456044299885	S	n162;11;n185;12;n186;13
292.01152244219134	S	n186;13;n195;14;n196;15
293.37876699433633	C	n150;7
293.4401227103343	E	n150;7
296.7804733096652	S	n196;15;n207;16;n208;17
297.77429733878824	E	n208;17
298.5182981782411	E	n207;16
301.5187902891868	E	n195;14
306.7118637562414	E	n185;12
313.2735372024965	E	n149;6
