TIME	EVENT	NODES
241.87461802807678	O	n109
242.77347252137545	I	n109;1
253.15745003244055	T	n109;1;n109;2;n98;3
257.30131921051986	I	n98;3
264.36258417355833	I	n109;2
297.6414356269503	I	n98;3
297.82959460464184	E	n98;3
311.4902871607717	I	n109;2
315.342886568578	E	n109;2
