TIME	EVENT	NODES
241.89099417356084	O	n105
253.75415877969002	I	n105;1
287.2898658895813	E	n105;1
