TIME	EVENT	NODES
242.30799273020185	O	n103
242.8941750001684	S	n103;1;n115;2;n116;3
244.65686309263035	S	n115;2;n117;4;n118;5
245.60380920404123	E	n118;5
246.41896245296667	S	n116;3;n119;6;n120;7
251.3186136772485	S	n120;7;n129;8;n130;9
251.9600984783782	E	n129;8
254.6017951755659	S	n119;6;n141;10;n142;11
255.06661588523932	C	n141;10
258.84605596706353	L	n130;9
259.28999588796853	S	n141;10;n153;12;n154;13
267.6230845290778	E	n154;13
276.0762388721249	D	n142;11;n142;14;n142;15
278.8778393829385	E	n117;4
294.27007287477545	S	n153;12;n205;16;n206;17
298.1283204238227	S	n206;17;n215;18;n216;19
298.14829283614495	I	n142;14
298.14829283614495	I	n142;15
301.7496501463424	E	n216;19
311.40582175818207	C	n205;16
312.1421772672062	E	n142;15
312.1421772672062	E	n142;14
317.95191712615843	I	n205;16
341.5385477573434	S	n215;18;n277;20;n278;21
363.2658265490463	I	n205;16
363.7179365725955	E	n277;20
363.72092949357767	S	n205;16;n313;22;n314;23
368.33285918754166	F	n314;23
368.33285918754166	F	n313;22
368.33285918754166	F	n278;21
