TIME	EVENT	NODES
242.58206884875503	O	n113
260.46706076447066	I	n113;1
276.06674945851347	E	n113;1
