TIME	EVENT	NODES
242.82709361596997	O	n64
248.88117897606477	E	n64;1
