TIME	EVENT	NODES
242.8826848269241	O	n110
287.5951517002605	S	n110;1;n187;2;n188;3
293.1267483817216	S	n188;3;n199;4;n200;5
293.90973519565694	S	n199;4;n203;6;n204;7
294.07914662793326	E	n200;5
304.93676620591935	I	n204;7
305.8053411110323	S	n204;7;n227;8;n228;9
314.0104779853529	S	n227;8;n237;10;n238;11
318.17434005950497	I	n203;6
318.9566040063278	S	n203;6;n241;12;n242;13
319.02038493647035	C	n242;13
333.4412720571643	L	n228;9
333.4412720571643	T	n237;10;n237;14;n228;15
333.92318052411156	I	n238;11
335.6967060113735	S	n241;12;n261;16;n262;17
337.23576958321206	I	n237;14
337.5997086988268	I	n261;16
339.96246034945096	S	n237;14;n273;18;n274;19
342.3523845263514	S	n228;15;n281;20;n282;21
343.89567566185224	I	n273;18
347.546487037587	I	n282;21
348.9168282256832	I	n274;19
350.53960376877336	S	n262;17;n293;22;n294;23
355.5357914892521	L	n238;11
355.7899662740194	E	n274;19
356.3119546325315	E	n187;2
359.16454116420584	E	n261;16
363.5770629836266	I	n294;23
365.43190125744275	S	n273;18;n325;24;n326;25
368.33285918754166	F	n293;22
368.33285918754166	F	n242;13
368.33285918754166	F	n282;21
368.33285918754166	F	n325;24
368.33285918754166	F	n281;20
368.33285918754166	F	n326;25
368.33285918754166	F	n294;23
