TIME	EVENT	NODES
242.9475474700415	O	n98
248.00363800233117	I	n98;1
259.11097680635106	I	n98;1
297.82959460464184	E	n98;1
