TIME	EVENT	NODES
242.96399810209564	O	n107
266.80294771333917	S	n107;1;n161;2;n162;3
277.04604187489826	E	n161;2
285.9456044299885	S	n162;3;n185;4;n186;5
288.5684836004067	L	n185;4
292.01152244219134	S	n186;5;n195;6;n196;7
293.7756060200263	I	n196;7
296.7804733096652	S	n196;7;n207;8;n208;9
297.77429733878824	E	n208;9
298.5182981782411	E	n207;8
301.5187902891868	E	n195;6
