TIME	EVENT	NODES
243.3942630441709	O	n72
250.3995970955104	I	n72;1
254.31869674795763	S	n72;1;n137;2;n138;3
256.23046355350994	I	n138;3
260.29547592938496	L	n138;3
262.48313050699846	S	n137;2;n155;4;n156;5
280.9346084359787	E	n156;5
286.12924565068954	I	n155;4
302.77518792485097	S	n155;4;n221;6;n222;7
314.3193370741534	E	n222;7
321.1416486729651	C	n221;6
336.16739765210116	I	n221;6
368.33285918754166	F	n221;6
