TIME	EVENT	NODES
243.76933342527303	O	n93
250.06886064269645	L	n93;1
