TIME	EVENT	NODES
244.2328145597456	O	n93
250.79671569474533	I	n93;1
263.1946935408616	S	n93;1;n157;2;n158;3
271.0359830191678	S	n158;3;n165;4;n166;5
272.87215818578557	L	n157;2
273.71967388452987	L	n166;5
300.66408360617874	S	n165;4;n217;6;n218;7
301.39480262224913	S	n217;6;n219;8;n220;9
304.091331967593	I	n218;7
309.22719658015154	E	n220;9
322.23550031039156	S	n219;8;n243;10;n244;11
326.19051008966494	I	n243;10
327.1046107185982	E	n218;7
329.119791828856	L	n244;11
336.27194991669535	S	n243;10;n265;12;n266;13
337.9466629699342	E	n266;13
357.83898267386695	E	n265;12
