TIME	EVENT	NODES
244.35448709968014	O	n108
249.10861886800265	S	n108;1;n125;2;n126;3
256.96114287753085	S	n126;3;n147;4;n148;5
262.43014142332055	E	n148;5
275.11850929823515	S	n125;2;n171;6;n172;7
283.3629310829571	S	n147;4;n183;8;n184;9
286.12678620495507	I	n183;8
290.83709071759057	I	n183;8
292.3248766007294	I	n172;7
293.6183387782659	E	n184;9
294.1998026308451	E	n171;6
310.74240362263777	I	n183;8
315.41472492191235	E	n172;7
323.99021968810547	I	n183;8
349.00530575206363	E	n183;8
