TIME	EVENT	NODES
0	O	Root
0.0	S	Root;1;n1;2;n2;3
1.1526049188520024	S	n1;2;n3;4;n4;5
2.066438074698346	I	n4;5
2.3539519390355648	L	n3;4
5.141119751129933	L	n4;5
18.751092189304654	I	n2;3
23.088420693705814	L	n2;3
