TIME	EVENT	NODES
244.74391609844776	O	n64
248.88117897606477	E	n64;1
