TIME	EVENT	NODES
244.80894237297662	O	n116
246.41896245296667	S	n116;1;n119;2;n120;3
250.70337279140162	C	n119;2
251.3186136772485	S	n120;3;n129;4;n130;5
251.9600984783782	E	n129;4
254.6017951755659	S	n119;2;n141;6;n142;7
259.19362679088636	S	n130;5;n151;8;n152;9
259.28999588796853	S	n141;6;n153;10;n154;11
261.5455228136473	E	n152;9
264.7175263002068	I	n154;11
266.1400532075929	E	n151;8
267.6230845290778	E	n154;11
267.7915201703977	I	n153;10
294.27007287477545	S	n153;10;n205;12;n206;13
296.3797093119182	I	n206;13
298.1283204238227	S	n206;13;n215;14;n216;15
300.95206856022423	I	n205;12
301.7496501463424	E	n216;15
312.1421772672062	E	n142;7
341.5385477573434	S	n215;14;n277;16;n278;17
343.8701302544165	T	n278;17;n278;18;n256;19
357.4458814823138	I	n277;16
363.7179365725955	E	n277;16
363.72092949357767	S	n205;12;n313;20;n314;21
365.0168302374957	S	n256;19;n323;22;n324;23
368.1525611161385	S	n324;23;n331;24;n332;25
368.33285918754166	F	n331;24
368.33285918754166	F	n323;22
368.33285918754166	F	n314;21
368.33285918754166	F	n332;25
368.33285918754166	F	n313;20
368.33285918754166	F	n278;18
