TIME	EVENT	NODES
245.0147469767873	O	n98
258.52095902897224	D	n98;1;n98;2;n98;3
265.66655545844696	T	n98;2;n98;4;n145;5
270.5044696248907	I	n98;4
270.5044696248907	I	n98;3
275.51157750852633	I	n145;5
275.8505257194636	S	n145;5;n173;6;n174;7
296.19267675483087	I	n174;7
297.82959460464184	E	n98;3
297.82959460464184	E	n98;4
308.53114082874686	C	n174;7
314.5087251124538	E	n173;6
316.64521563171144	E	n174;7
