TIME	EVENT	NODES
245.03655838443407	O	n111
254.1474396940903	S	n111;1;n135;2;n136;3
258.0057824292718	I	n136;3
261.5880782133278	C	n135;2
263.7536048737793	T	n136;3;n136;4;n125;5
269.24159961682966	I	n135;2
269.9568136455443	E	n136;4
275.11850929823515	S	n125;5;n171;6;n172;7
280.26282301315496	T	n171;6;n171;8;n132;9
283.8007029136752	I	n135;2
286.87130447622064	I	n135;2
288.5496408940298	S	n132;9;n189;10;n190;11
289.469309198771	D	n135;2;n135;12;n135;13
294.1998026308451	E	n171;8
297.2325938618031	S	n190;11;n211;14;n212;15
297.944722411288	S	n135;12;n213;16;n214;17
297.944722411288	S	n135;13;n213;18;n214;19
299.1473251872138	E	n214;17
299.1473251872138	E	n214;19
305.3065589137974	S	n213;16;n225;20;n226;21
305.3065589137974	S	n213;18;n225;22;n226;23
306.18779637717876	E	n189;10
308.87520082973424	I	n226;21
308.87520082973424	I	n226;23
315.41472492191235	E	n172;7
323.451126983794	S	n211;14;n247;24;n248;25
324.2601856628277	E	n226;23
324.2601856628277	E	n226;21
324.7848548775896	E	n225;20
324.7848548775896	E	n225;22
326.9299560409181	S	n248;25;n249;26;n250;27
334.64198406508626	S	n249;26;n255;28;n256;29
335.002099329863	C	n255;28
338.51097831531484	S	n247;24;n269;30;n270;31
339.91385648342515	I	n256;29
351.3681074054671	E	n270;31
351.37042779145395	E	n255;28
354.48991564528484	I	n256;29
356.5243775902817	S	n250;27;n303;32;n304;33
359.43466135079467	S	n269;30;n307;34;n308;35
363.0926023793757	I	n212;15
364.14479088522387	E	n212;15
364.49514583717956	S	n304;33;n319;36;n320;37
365.0168302374957	S	n256;29;n323;38;n324;39
368.1525611161385	S	n324;39;n331;40;n332;41
368.33285918754166	F	n307;34
368.33285918754166	F	n303;32
368.33285918754166	F	n308;35
368.33285918754166	F	n331;40
368.33285918754166	F	n323;38
368.33285918754166	F	n320;37
368.33285918754166	F	n332;41
368.33285918754166	F	n319;36
