TIME	EVENT	NODES
245.09896606999217	O	n102
253.10530453682208	S	n102;1;n133;2;n134;3
254.85733682858677	S	n134;3;n143;4;n144;5
255.3315871219244	L	n143;4
265.87155300597504	C	n144;5
272.7686652476631	I	n144;5
275.6592212750307	I	n144;5
276.551795131478	S	n144;5;n175;6;n176;7
285.76396366295205	E	n176;7
290.4363268478046	S	n133;2;n193;8;n194;9
293.87416262241237	S	n194;9;n201;10;n202;11
294.3057695661055	I	n201;10
294.6372728783922	L	n201;10
295.3017646490898	I	n175;6
296.4430408222861	E	n175;6
297.20756264263844	S	n193;8;n209;12;n210;13
303.4377349768546	S	n209;12;n223;14;n224;15
305.99025340734033	E	n202;11
307.88032930517045	S	n210;13;n229;16;n230;17
310.74626732789005	S	n224;15;n233;18;n234;19
315.9854916411813	I	n223;14
316.2540995139937	L	n229;16
321.8740377866864	I	n233;18
322.6630115581117	S	n233;18;n245;20;n246;21
325.2248277939108	I	n246;21
327.68708843484586	S	n223;14;n251;22;n252;23
334.7524303639043	I	n252;23
334.9897297167016	S	n251;22;n257;24;n258;25
338.89935941368094	E	n245;20
341.11177427463167	S	n246;21;n275;26;n276;27
342.5090384748172	I	n230;17
344.02040770953147	S	n258;25;n283;28;n284;29
345.3521557046193	C	n276;27
345.55860598523526	I	n230;17
346.5990500281604	S	n283;28;n287;30;n288;31
348.7700363029201	S	n275;26;n291;32;n292;33
349.4376752064634	L	n292;33
350.6247674253394	S	n276;27;n295;34;n296;35
353.2274467652559	S	n284;29;n297;36;n298;37
355.8778505990836	S	n295;34;n301;38;n302;39
357.1757291726746	S	n301;38;n305;40;n306;41
358.49850823277296	D	n297;36;n297;42;n297;43
360.66748199542366	E	n306;41
361.18696762514037	I	n252;23
362.72986348061613	L	n287;30
364.0086300239402	S	n305;40;n315;44;n316;45
364.8824680743981	S	n302;39;n321;46;n322;47
368.33285918754166	F	n316;45
368.33285918754166	F	n230;17
368.33285918754166	F	n322;47
368.33285918754166	F	n291;32
368.33285918754166	F	n296;35
368.33285918754166	F	n257;24
368.33285918754166	F	n288;31
368.33285918754166	F	n234;19
368.33285918754166	F	n252;23
368.33285918754166	F	n321;46
368.33285918754166	F	n297;42
368.33285918754166	F	n297;43
368.33285918754166	F	n315;44
368.33285918754166	F	n298;37
