TIME	EVENT	NODES
245.3638339886219	O	n98
265.9973534810225	I	n98;1
292.8100017076287	I	n98;1
297.82959460464184	E	n98;1
