TIME	EVENT	NODES
245.4410945845753	O	n112
260.7427769143917	I	n112;1
264.5074904813629	I	n112;1
274.4061015514309	I	n112;1
278.4525291252385	E	n112;1
