TIME	EVENT	NODES
245.48817923019095	O	n113
259.53852205218845	L	n113;1
