TIME	EVENT	NODES
245.81543691882138	O	n113
276.06674945851347	E	n113;1
