TIME	EVENT	NODES
245.8614208398896	O	n93
248.3801940543695	I	n93;1
263.1946935408616	S	n93;1;n157;2;n158;3
270.5271788092364	C	n157;2
271.0359830191678	S	n158;3;n165;4;n166;5
281.86281336619095	S	n157;2;n181;6;n182;7
288.47710925883644	T	n166;5;n166;8;n155;9
289.20713064490076	I	n155;9
289.33812268678196	C	n165;4
294.3056722745135	I	n182;7
296.9524522554403	L	n155;9
297.3759122122873	E	n182;7
300.66408360617874	S	n165;4;n217;10;n218;11
301.39480262224913	S	n217;10;n219;12;n220;13
305.5682140842044	C	n218;11
309.22719658015154	E	n220;13
309.8302498640802	L	n166;8
314.15106476849684	D	n181;6;n181;14;n181;15
322.23550031039156	S	n219;12;n243;16;n244;17
326.9191915703628	E	n181;14
326.9191915703628	E	n181;15
327.1046107185982	E	n218;11
336.27194991669535	S	n243;16;n265;18;n266;19
337.9466629699342	E	n266;19
357.83898267386695	E	n265;18
368.33285918754166	F	n244;17
