TIME	EVENT	NODES
245.90458601978168	O	n95
264.2917980167487	L	n95;1
