TIME	EVENT	NODES
246.11458670466604	O	n117
278.8778393829385	E	n117;1
