TIME	EVENT	NODES
246.40346914095983	O	n70
256.74972332501403	S	n70;1;n145;2;n146;3
263.0963746338575	L	n145;2
275.0960935428681	S	n146;3;n169;4;n170;5
276.778106847264	S	n169;4;n177;6;n178;7
289.08385499798777	I	n178;7
289.7660671719976	S	n177;6;n191;8;n192;9
292.56408620681617	S	n191;8;n197;10;n198;11
295.7101501024865	E	n178;7
297.88510067996623	E	n197;10
309.21205838172443	S	n198;11;n231;12;n232;13
309.79484254990143	T	n232;13;n232;14;n109;15
314.59205833384516	I	n192;9
315.342886568578	E	n109;15
316.27600896896894	E	n192;9
317.30612004847615	S	n232;14;n239;16;n240;17
327.5775811175793	L	n231;12
348.6720819320871	E	n240;17
354.1243629477875	I	n170;5
363.16062832909114	I	n170;5
365.6428319079988	C	n170;5
365.6675909654996	S	n239;16;n327;18;n328;19
368.33285918754166	F	n327;18
368.33285918754166	F	n328;19
368.33285918754166	F	n170;5
