TIME	EVENT	NODES
246.47955965797556	O	n113
266.0203887752973	I	n113;1
276.06674945851347	E	n113;1
