TIME	EVENT	NODES
246.4809103730127	O	n98
297.82959460464184	E	n98;1
