TIME	EVENT	NODES
246.54603061089819	O	n114
260.0079447944091	E	n114;1
