TIME	EVENT	NODES
246.578055050568	O	n90
265.90936845309363	I	n90;1
271.41461259537937	I	n90;1
272.57229929796847	I	n90;1
280.88338111280893	E	n90;1
