TIME	EVENT	NODES
246.59975734332744	O	n108
249.10861886800265	S	n108;1;n125;2;n126;3
256.96114287753085	S	n126;3;n147;4;n148;5
257.0678142361129	I	n125;2
262.43014142332055	E	n148;5
275.11850929823515	S	n125;2;n171;6;n172;7
283.3629310829571	S	n147;4;n183;8;n184;9
287.17354008134015	L	n183;8
293.35950579317387	I	n171;6
293.6183387782659	E	n184;9
294.1998026308451	E	n171;6
300.0634253043034	C	n172;7
315.41472492191235	E	n172;7
