TIME	EVENT	NODES
246.72782004646717	O	n102
253.10530453682208	S	n102;1;n133;2;n134;3
254.85733682858677	S	n134;3;n143;4;n144;5
274.68520477779253	E	n143;4
276.4360599702799	T	n133;2;n133;6;n164;7
276.551795131478	S	n144;5;n175;8;n176;9
276.9705052547547	I	n175;8
279.3689247604448	E	n164;7
279.58365097108805	I	n176;9
285.76396366295205	E	n176;9
290.4363268478046	S	n133;6;n193;10;n194;11
291.4104975382407	I	n193;10
293.87416262241237	S	n194;11;n201;12;n202;13
296.4430408222861	E	n175;8
297.20756264263844	S	n193;10;n209;14;n210;15
298.2571829970199	I	n209;14
303.4377349768546	S	n209;14;n223;16;n224;17
304.9949503740018	L	n224;17
305.5071952494322	I	n201;12
305.99025340734033	E	n202;13
307.88032930517045	S	n210;15;n229;18;n230;19
312.06673550701987	S	n201;12;n235;20;n236;21
314.06113268068987	I	n223;16
321.78135305229097	E	n235;20
326.9467123881711	I	n229;18
327.68708843484586	S	n223;16;n251;22;n252;23
331.02825248126715	E	n236;21
333.2543412695217	C	n230;19
334.9897297167016	S	n251;22;n257;24;n258;25
337.10932653973396	S	n229;18;n267;26;n268;27
337.7239660043723	I	n267;26
338.60724308394225	I	n257;24
342.1368897672253	S	n267;26;n279;28;n280;29
344.02040770953147	S	n258;25;n283;30;n284;31
345.8956360006333	I	n230;19
346.5471506808192	S	n280;29;n285;32;n286;33
346.5990500281604	S	n283;30;n287;34;n288;35
347.3589689447561	S	n268;27;n289;36;n290;37
353.2274467652559	S	n284;31;n297;38;n298;39
354.84560300095563	I	n230;19
358.92245431099155	I	n285;32
362.14507068748986	S	n289;36;n311;40;n312;41
362.93877184850265	E	n279;28
367.04990647478843	D	n285;32;n285;42;n285;43
368.33285918754166	F	n230;19
368.33285918754166	F	n287;34
368.33285918754166	F	n257;24
368.33285918754166	F	n288;35
368.33285918754166	F	n285;42
368.33285918754166	F	n285;43
368.33285918754166	F	n286;33
368.33285918754166	F	n312;41
368.33285918754166	F	n252;23
368.33285918754166	F	n311;40
368.33285918754166	F	n297;38
368.33285918754166	F	n290;37
368.33285918754166	F	n298;39
