TIME	EVENT	NODES
246.77626482255343	O	n90
272.9834952315784	L	n90;1
