TIME	EVENT	NODES
246.88329162803203	O	n59
251.91737397158224	S	n59;1;n131;2;n132;3
264.256074713361	S	n131;2;n159;4;n160;5
278.23088639788915	I	n159;4
283.003644560383	E	n160;5
288.5496408940298	S	n132;3;n189;6;n190;7
292.7057482211082	D	n189;6;n189;8;n189;9
296.24628872476427	I	n159;4
297.2325938618031	S	n190;7;n211;10;n212;11
300.2364266246502	I	n211;10
306.18779637717876	E	n189;8
306.18779637717876	E	n189;9
308.3899918224167	I	n211;10
323.451126983794	S	n211;10;n247;12;n248;13
326.9299560409181	S	n248;13;n249;14;n250;15
328.2146319613769	S	n159;4;n253;16;n254;17
334.64198406508626	S	n249;14;n255;18;n256;19
335.92113620132585	S	n254;17;n263;20;n264;21
338.51097831531484	S	n247;12;n269;22;n270;23
339.658731161582	S	n264;21;n271;24;n272;25
342.5990251400446	I	n272;25
345.71198993976384	E	n253;16
349.3201525423629	I	n271;24
351.3681074054671	E	n270;23
351.37042779145395	E	n255;18
351.5113361967628	I	n272;25
351.8219402101214	I	n263;20
352.126570567177	L	n256;19
354.109934969175	I	n271;24
356.5243775902817	S	n250;15;n303;26;n304;27
359.43466135079467	S	n269;22;n307;28;n308;29
361.7971077523211	S	n272;25;n309;30;n310;31
364.14479088522387	E	n212;11
364.39265661618424	S	n310;31;n317;32;n318;33
364.49514583717956	S	n304;27;n319;34;n320;35
365.0417268907298	E	n263;20
365.9406802548836	S	n318;33;n329;36;n330;37
368.33285918754166	F	n330;37
368.33285918754166	F	n307;28
368.33285918754166	F	n329;36
368.33285918754166	F	n303;26
368.33285918754166	F	n271;24
368.33285918754166	F	n308;29
368.33285918754166	F	n320;35
368.33285918754166	F	n317;32
368.33285918754166	F	n309;30
368.33285918754166	F	n319;34
