TIME	EVENT	NODES
247.04095555547858	O	n59
251.91737397158224	S	n59;1;n131;2;n132;3
259.6734213323331	L	n132;3
264.256074713361	S	n131;2;n159;4;n160;5
283.003644560383	E	n160;5
295.90695973177685	I	n159;4
313.23998780787304	I	n159;4
323.20251359115457	I	n159;4
328.2146319613769	S	n159;4;n253;6;n254;7
335.92113620132585	S	n254;7;n263;8;n264;9
339.658731161582	S	n264;9;n271;10;n272;11
341.07368590198985	I	n253;6
345.71198993976384	E	n253;6
349.4419708937245	T	n271;10;n271;12;n262;13
350.53960376877336	S	n262;13;n293;14;n294;15
356.40752609609893	I	n293;14
361.7971077523211	S	n272;11;n309;16;n310;17
362.4067647765323	C	n293;14
364.39265661618424	S	n310;17;n317;18;n318;19
365.0417268907298	E	n263;8
365.9406802548836	S	n318;19;n329;20;n330;21
368.053331038294	I	n293;14
368.33285918754166	F	n330;21
368.33285918754166	F	n293;14
368.33285918754166	F	n329;20
368.33285918754166	F	n271;12
368.33285918754166	F	n294;15
368.33285918754166	F	n317;18
368.33285918754166	F	n309;16
