TIME	EVENT	NODES
247.1474897884534	O	n111
254.1474396940903	S	n111;1;n135;2;n136;3
255.7499063789921	C	n135;2
263.06508583952467	I	n136;3
264.0186784986134	L	n136;3
272.6642742540097	I	n135;2
278.22074661243073	I	n135;2
297.944722411288	S	n135;2;n213;4;n214;5
299.1473251872138	E	n214;5
305.3065589137974	S	n213;4;n225;6;n226;7
309.5121877469359	I	n225;6
313.7143997426447	I	n225;6
324.0925674952562	T	n226;7;n226;8;n240;9
324.2601856628277	E	n226;8
324.7848548775896	E	n225;6
330.58438021545817	L	n240;9
