TIME	EVENT	NODES
247.20762026130947	O	n106
247.89276809742267	S	n106;1;n121;2;n122;3
251.54515335775184	C	n121;2
261.6291738439399	E	n121;2
273.5864034493894	E	n122;3
