TIME	EVENT	NODES
247.38206359430762	O	n113
276.06674945851347	E	n113;1
