TIME	EVENT	NODES
247.50173108366803	O	n59
251.91737397158224	S	n59;1;n131;2;n132;3
264.256074713361	S	n131;2;n159;4;n160;5
271.50744653129686	I	n160;5
275.732492800582	C	n132;3
283.003644560383	E	n160;5
288.5496408940298	S	n132;3;n189;6;n190;7
291.2783730672868	L	n190;7
306.18779637717876	E	n189;6
328.2146319613769	S	n159;4;n253;8;n254;9
335.92113620132585	S	n254;9;n263;10;n264;11
337.28314567426867	I	n253;8
339.658731161582	S	n264;11;n271;12;n272;13
345.1760185983719	I	n272;13
345.71198993976384	E	n253;8
355.61975007955635	I	n263;10
361.7971077523211	S	n272;13;n309;14;n310;15
364.39265661618424	S	n310;15;n317;16;n318;17
365.0417268907298	E	n263;10
365.9406802548836	S	n318;17;n329;18;n330;19
368.33285918754166	F	n330;19
368.33285918754166	F	n329;18
368.33285918754166	F	n271;12
368.33285918754166	F	n317;16
368.33285918754166	F	n309;14
