TIME	EVENT	NODES
247.52290550040453	O	n48
250.52052704552958	I	n48;1
270.50846597342445	E	n48;1
