TIME	EVENT	NODES
247.64890942764828	O	n102
253.10530453682208	S	n102;1;n133;2;n134;3
254.85733682858677	S	n134;3;n143;4;n144;5
274.68520477779253	E	n143;4
276.551795131478	S	n144;5;n175;6;n176;7
285.76396366295205	E	n176;7
290.4363268478046	S	n133;2;n193;8;n194;9
293.87416262241237	S	n194;9;n201;10;n202;11
296.4430408222861	E	n175;6
297.20756264263844	S	n193;8;n209;12;n210;13
303.4377349768546	S	n209;12;n223;14;n224;15
304.51956420720177	L	n210;13
305.99025340734033	E	n202;11
310.74626732789005	S	n224;15;n233;16;n234;17
312.06673550701987	S	n201;10;n235;18;n236;19
313.92994715805617	L	n236;19
321.78135305229097	E	n235;18
322.6630115581117	S	n233;16;n245;20;n246;21
327.68708843484586	S	n223;14;n251;22;n252;23
332.4186006408053	D	n245;20;n245;24;n245;25
334.9897297167016	S	n251;22;n257;26;n258;27
336.72505210805224	I	n234;17
338.89935941368094	E	n245;24
338.89935941368094	E	n245;25
339.3823888528622	C	n258;27
341.11177427463167	S	n246;21;n275;28;n276;29
344.02040770953147	S	n258;27;n283;30;n284;31
346.5990500281604	S	n283;30;n287;32;n288;33
347.2822820908067	I	n234;17
348.7700363029201	S	n275;28;n291;34;n292;35
350.6247674253394	S	n276;29;n295;36;n296;37
351.648383618003	C	n234;17
352.22055577728935	L	n284;31
355.0583586205711	S	n292;35;n299;38;n300;39
355.8778505990836	S	n295;36;n301;40;n302;41
356.7031946379901	I	n291;34
357.1757291726746	S	n301;40;n305;42;n306;43
358.4423648673075	I	n305;42
358.476553123328	I	n302;41
360.1807027249935	I	n299;38
360.66748199542366	E	n306;43
363.00126013746194	I	n296;37
364.0086300239402	S	n305;42;n315;44;n316;45
364.8824680743981	S	n302;41;n321;46;n322;47
368.33285918754166	F	n316;45
368.33285918754166	F	n322;47
368.33285918754166	F	n291;34
368.33285918754166	F	n300;39
368.33285918754166	F	n296;37
368.33285918754166	F	n287;32
368.33285918754166	F	n299;38
368.33285918754166	F	n257;26
368.33285918754166	F	n288;33
368.33285918754166	F	n234;17
368.33285918754166	F	n252;23
368.33285918754166	F	n321;46
368.33285918754166	F	n315;44
