TIME	EVENT	NODES
247.69546795627264	O	n120
251.3186136772485	S	n120;1;n129;2;n130;3
251.9600984783782	E	n129;2
259.19362679088636	S	n130;3;n151;4;n152;5
261.5455228136473	E	n152;5
266.1400532075929	E	n151;4
