TIME	EVENT	NODES
247.95340324670775	O	n110
255.3372325553856	I	n110;1
270.02573845514723	C	n110;1
271.82543135772505	C	n110;1
287.4035813661429	L	n110;1
