TIME	EVENT	NODES
248.1671164458647	O	n59
248.89190020772745	I	n59;1
251.91737397158224	S	n59;1;n131;2;n132;3
263.466644128342	C	n132;3
264.256074713361	S	n131;2;n159;4;n160;5
283.003644560383	E	n160;5
288.5496408940298	S	n132;3;n189;6;n190;7
297.2325938618031	S	n190;7;n211;8;n212;9
306.18779637717876	E	n189;6
313.23998780787304	I	n159;4
323.451126983794	S	n211;8;n247;10;n248;11
325.3357706177903	I	n247;10
326.9299560409181	S	n248;11;n249;12;n250;13
328.2146319613769	S	n159;4;n253;14;n254;15
332.8507289016223	C	n250;13
334.64198406508626	S	n249;12;n255;16;n256;17
335.92113620132585	S	n254;15;n263;18;n264;19
338.51097831531484	S	n247;10;n269;20;n270;21
339.658731161582	S	n264;19;n271;22;n272;23
344.962308388306	T	n269;20;n269;24;n230;25
345.1535838689457	C	n256;17
345.71198993976384	E	n253;14
346.5135930678274	I	n263;18
346.58679539121124	C	n250;13
351.1657778363669	L	n250;13
351.3681074054671	E	n270;21
351.37042779145395	E	n255;16
359.43466135079467	S	n269;24;n307;26;n308;27
361.656602038362	I	n230;25
361.7971077523211	S	n272;23;n309;28;n310;29
364.14479088522387	E	n212;9
364.39265661618424	S	n310;29;n317;30;n318;31
365.0168302374957	S	n256;17;n323;32;n324;33
365.0417268907298	E	n263;18
365.9406802548836	S	n318;31;n329;34;n330;35
368.1525611161385	S	n324;33;n331;36;n332;37
368.33285918754166	F	n230;25
368.33285918754166	F	n330;35
368.33285918754166	F	n307;26
368.33285918754166	F	n329;34
368.33285918754166	F	n271;22
368.33285918754166	F	n308;27
368.33285918754166	F	n331;36
368.33285918754166	F	n323;32
368.33285918754166	F	n332;37
368.33285918754166	F	n317;30
368.33285918754166	F	n309;28
