TIME	EVENT	NODES
248.22889611734308	O	n98
274.7140441527643	I	n98;1
297.82959460464184	E	n98;1
