TIME	EVENT	NODES
248.40047048529888	O	n117
257.96943292643004	I	n117;1
258.69700681698214	I	n117;1
278.8778393829385	E	n117;1
