TIME	EVENT	NODES
248.759721531333	O	n109
262.6780942890271	C	n109;1
306.1780150431906	T	n109;1;n109;2;n159;3
310.5727689972924	I	n159;3
315.342886568578	E	n109;2
321.67463551015385	L	n159;3
