TIME	EVENT	NODES
248.81189254672032	O	n117
278.8778393829385	E	n117;1
