TIME	EVENT	NODES
248.89042262521397	O	n97
249.03530572249304	S	n97;1;n123;2;n124;3
254.59397657947247	S	n123;2;n139;4;n140;5
255.08922900163986	E	n139;4
258.8150958922131	S	n124;3;n149;6;n150;7
269.77172764422386	I	n140;5
275.3394929136777	E	n140;5
277.42235307139066	I	n150;7
293.4401227103343	E	n150;7
306.28707960012633	C	n149;6
306.7848814733836	C	n149;6
313.2735372024965	E	n149;6
