TIME	EVENT	NODES
249.26412013306393	O	n70
256.74972332501403	S	n70;1;n145;2;n146;3
259.5492042641657	I	n146;3
260.56934965996527	I	n145;2
270.9963306201739	T	n145;2;n145;4;n142;5
275.0960935428681	S	n146;3;n169;6;n170;7
275.8505257194636	S	n145;4;n173;8;n174;9
276.03550950834824	C	n142;5
276.778106847264	S	n169;6;n177;10;n178;11
280.99150629356683	L	n174;9
283.05503349091083	I	n178;11
289.7660671719976	S	n177;10;n191;12;n192;13
292.56408620681617	S	n191;12;n197;14;n198;15
295.7101501024865	E	n178;11
297.88510067996623	E	n197;14
304.59655283781734	I	n170;7
309.21205838172443	S	n198;15;n231;16;n232;17
312.1421772672062	E	n142;5
314.5087251124538	E	n173;8
316.27600896896894	E	n192;13
317.30612004847615	S	n232;17;n239;18;n240;19
327.429696034387	T	n231;16;n231;20;n244;21
329.0576480711554	I	n239;18
331.4177529749128	I	n244;21
334.64664842325783	C	n231;20
335.14844581859495	S	n231;20;n259;22;n260;23
342.1768880931792	C	n260;23
348.6720819320871	E	n240;19
348.7564267084988	E	n259;22
362.29665565121337	I	n260;23
365.3354294195512	E	n260;23
365.6675909654996	S	n239;18;n327;24;n328;25
365.7277749547895	I	n170;7
368.33285918754166	F	n327;24
368.33285918754166	F	n328;25
368.33285918754166	F	n244;21
368.33285918754166	F	n170;7
