TIME	EVENT	NODES
249.28753582033386	O	n93
263.1946935408616	S	n93;1;n157;2;n158;3
263.69986438401844	I	n158;3
267.7015662124904	I	n157;2
271.0359830191678	S	n158;3;n165;4;n166;5
279.7564914733015	I	n166;5
281.86281336619095	S	n157;2;n181;6;n182;7
285.7043293143227	I	n182;7
291.98947823974174	D	n182;7;n182;8;n182;9
297.3759122122873	E	n182;8
297.3759122122873	E	n182;9
300.66408360617874	S	n165;4;n217;10;n218;11
301.39480262224913	S	n217;10;n219;12;n220;13
301.74428833868313	I	n181;6
309.22719658015154	E	n220;13
313.31681944729553	I	n218;11
319.1402541160818	L	n181;6
322.23550031039156	S	n219;12;n243;14;n244;15
325.62016585225894	E	n166;5
327.1046107185982	E	n218;11
330.4046317613272	I	n244;15
336.27194991669535	S	n243;14;n265;16;n266;17
337.9466629699342	E	n266;17
355.5973070728412	I	n244;15
357.83898267386695	E	n265;16
368.33285918754166	F	n244;15
