TIME	EVENT	NODES
249.3001590180148	O	n117
278.8778393829385	E	n117;1
