TIME	EVENT	NODES
249.46228359624448	O	n109
260.9893390917823	L	n109;1
