TIME	EVENT	NODES
249.6127301268539	O	n126
256.96114287753085	S	n126;1;n147;2;n148;3
262.43014142332055	E	n148;3
283.3629310829571	S	n147;2;n183;4;n184;5
290.83709071759057	I	n183;4
293.6183387782659	E	n184;5
321.21621173253254	D	n183;4;n183;6;n183;7
341.22554160763457	I	n183;6
341.22554160763457	I	n183;7
349.00530575206363	E	n183;7
349.00530575206363	E	n183;6
