TIME	EVENT	NODES
249.86508356343236	O	n72
254.31869674795763	S	n72;1;n137;2;n138;3
262.48313050699846	S	n137;2;n155;4;n156;5
268.08312347105647	S	n138;3;n163;6;n164;7
269.73326215894986	C	n156;5
277.8106349986983	E	n163;6
279.3689247604448	E	n164;7
280.9346084359787	E	n156;5
285.9724102996077	I	n155;4
291.1237352710234	C	n155;4
302.77518792485097	S	n155;4;n221;8;n222;9
314.02671165081205	I	n222;9
314.3193370741534	E	n222;9
346.25933828589956	I	n221;8
368.33285918754166	F	n221;8
