TIME	EVENT	NODES
0	O	Root
0.0	S	Root;1;n1;2;n2;3
3.35634255505027	E	n1;2
6.689912718607442	S	n2;3;n3;4;n4;5
8.477188072860308	I	n3;4
9.281853513123115	I	n3;4
9.52089163317238	S	n4;5;n5;6;n6;7
10.030149059680976	I	n5;6
10.888750871328412	S	n6;7;n7;8;n8;9
16.661417086053657	S	n3;4;n9;10;n10;11
17.681552081932402	E	n10;11
19.340408001803105	I	n7;8
19.649296808215432	L	n7;8
21.88675098865558	L	n8;9
22.401872151706616	S	n9;10;n11;12;n12;13
22.41324765578705	E	n12;13
23.67182323826393	E	n5;6
36.88128362876969	E	n11;12
