TIME	EVENT	NODES
250.0445134807458	O	n121
259.103570247542	I	n121;1
261.6291738439399	E	n121;1
