TIME	EVENT	NODES
250.12085520613618	O	n126
256.96114287753085	S	n126;1;n147;2;n148;3
258.53663938794836	I	n147;2
262.43014142332055	E	n148;3
283.3629310829571	S	n147;2;n183;4;n184;5
287.4717352429515	C	n183;4
293.6183387782659	E	n184;5
314.40912402173376	I	n183;4
334.2305763304967	C	n183;4
342.84933856543773	C	n183;4
349.00530575206363	E	n183;4
