TIME	EVENT	NODES
250.49995436692464	O	n111
254.1474396940903	S	n111;1;n135;2;n136;3
266.45930502294976	C	n136;3
269.9568136455443	E	n136;3
288.2373628162395	I	n135;2
297.944722411288	S	n135;2;n213;4;n214;5
299.1473251872138	E	n214;5
303.1142375070021	I	n213;4
305.3065589137974	S	n213;4;n225;6;n226;7
315.89733988408426	T	n226;7;n226;8;n215;9
322.0281126950584	C	n225;6
324.2601856628277	E	n226;8
324.7848548775896	E	n225;6
325.5034223219959	I	n215;9
341.5385477573434	S	n215;9;n277;10;n278;11
363.7179365725955	E	n277;10
368.33285918754166	F	n278;11
