TIME	EVENT	NODES
250.5097160754672	O	n114
260.0079447944091	E	n114;1
