TIME	EVENT	NODES
250.72001499587702	O	n72
254.31869674795763	S	n72;1;n137;2;n138;3
262.48313050699846	S	n137;2;n155;4;n156;5
268.08312347105647	S	n138;3;n163;6;n164;7
275.96365199704354	C	n156;5
276.55783973225476	T	n163;6;n163;8;n149;9
277.8106349986983	E	n163;8
279.3689247604448	E	n164;7
280.3019232744168	I	n155;4
280.9346084359787	E	n156;5
302.77518792485097	S	n155;4;n221;10;n222;11
303.53877460970455	I	n221;10
313.2735372024965	E	n149;9
314.3193370741534	E	n222;11
362.53516005322575	C	n221;10
368.33285918754166	F	n221;10
