TIME	EVENT	NODES
250.7786404021571	O	n114
260.0079447944091	E	n114;1
