TIME	EVENT	NODES
250.89205988460125	O	n112
278.4525291252385	E	n112;1
