TIME	EVENT	NODES
250.97592368422343	O	n123
254.59397657947247	S	n123;1;n139;2;n140;3
254.62663013254425	C	n140;3
255.08922900163986	E	n139;2
264.40234753428166	T	n140;3;n140;4;n142;5
275.3394929136777	E	n140;4
277.64833517440695	L	n142;5
