TIME	EVENT	NODES
251.0025186231109	O	n109
315.342886568578	E	n109;1
