TIME	EVENT	NODES
251.02313037825093	O	n123
254.59397657947247	S	n123;1;n139;2;n140;3
255.08922900163986	E	n139;2
271.0835631416541	I	n140;3
275.3394929136777	E	n140;3
