TIME	EVENT	NODES
251.09152976772532	O	n98
297.82959460464184	E	n98;1
