TIME	EVENT	NODES
251.10303138869887	O	n117
274.5406913627421	I	n117;1
278.8778393829385	E	n117;1
