TIME	EVENT	NODES
251.13603619545765	O	n112
278.4525291252385	E	n112;1
