TIME	EVENT	NODES
251.17280295003246	O	n109
254.36164614694636	L	n109;1
