TIME	EVENT	NODES
251.17853709489802	O	n70
256.74972332501403	S	n70;1;n145;2;n146;3
260.3293404082332	I	n146;3
271.95328983153865	L	n145;2
275.0960935428681	S	n146;3;n169;4;n170;5
276.778106847264	S	n169;4;n177;6;n178;7
282.2871086287533	T	n177;6;n177;8;n153;9
286.77323037004624	I	n177;8
289.7660671719976	S	n177;8;n191;10;n192;11
292.56408620681617	S	n191;10;n197;12;n198;13
294.27007287477545	S	n153;9;n205;14;n206;15
295.7101501024865	E	n178;7
297.88510067996623	E	n197;12
298.1283204238227	S	n206;15;n215;16;n216;17
298.63355436679757	I	n205;14
299.99230741572524	L	n205;14
301.7496501463424	E	n216;17
307.77654998560223	I	n215;16
309.21205838172443	S	n198;13;n231;18;n232;19
310.2255730730709	I	n192;11
314.58968981839314	I	n215;16
316.27600896896894	E	n192;11
317.30612004847615	S	n232;19;n239;20;n240;21
317.73729759582875	I	n231;18
317.74108057325515	C	n215;16
322.1452479374478	C	n215;16
322.83684043265714	I	n240;21
328.64237572644663	I	n231;18
333.38818638230185	I	n240;21
335.14844581859495	S	n231;18;n259;22;n260;23
341.5385477573434	S	n215;16;n277;24;n278;25
343.2821281611989	T	n277;24;n277;26;n268;27
346.81760462233945	C	n259;22
347.3589689447561	S	n268;27;n289;28;n290;29
348.6720819320871	E	n240;21
348.7564267084988	E	n259;22
349.99728144363627	I	n170;5
352.2266561815562	I	n260;23
352.4725270766655	L	n277;26
360.67992384506874	I	n260;23
362.14507068748986	S	n289;28;n311;30;n312;31
363.338696986293	C	n260;23
365.3354294195512	E	n260;23
365.6675909654996	S	n239;20;n327;32;n328;33
368.33285918754166	F	n327;32
368.33285918754166	F	n328;33
368.33285918754166	F	n312;31
368.33285918754166	F	n311;30
368.33285918754166	F	n170;5
368.33285918754166	F	n278;25
368.33285918754166	F	n290;29
