TIME	EVENT	NODES
251.1819525348638	O	n109
257.54258520829893	C	n109;1
285.8337987125108	I	n109;1
293.93541296060823	D	n109;1;n109;2;n109;3
315.342886568578	E	n109;2
315.342886568578	E	n109;3
