TIME	EVENT	NODES
251.19049670522566	O	n59
251.91737397158224	S	n59;1;n131;2;n132;3
264.256074713361	S	n131;2;n159;4;n160;5
283.003644560383	E	n160;5
288.5496408940298	S	n132;3;n189;6;n190;7
297.2325938618031	S	n190;7;n211;8;n212;9
297.7656367264482	T	n189;6;n189;10;n192;11
301.8448988820438	I	n211;8
306.18779637717876	E	n189;10
316.27600896896894	E	n192;11
323.451126983794	S	n211;8;n247;12;n248;13
326.9299560409181	S	n248;13;n249;14;n250;15
328.2146319613769	S	n159;4;n253;16;n254;17
334.6181003534228	I	n249;14
334.64198406508626	S	n249;14;n255;18;n256;19
335.92113620132585	S	n254;17;n263;20;n264;21
336.84708240516017	T	n255;18;n255;22;n245;23
338.2518407292744	I	n212;9
338.47438036673975	I	n263;20
338.51097831531484	S	n247;12;n269;24;n270;25
338.89935941368094	E	n245;23
339.658731161582	S	n264;21;n271;26;n272;27
344.65876038946266	I	n269;24
345.71198993976384	E	n253;16
345.8959700770509	D	n272;27;n272;28;n272;29
351.3681074054671	E	n270;25
351.37042779145395	E	n255;22
351.7148856468096	C	n250;15
356.5243775902817	S	n250;15;n303;30;n304;31
359.43466135079467	S	n269;24;n307;32;n308;33
361.7971077523211	S	n272;28;n309;34;n310;35
361.7971077523211	S	n272;29;n309;36;n310;37
362.48934096850184	I	n256;19
364.14479088522387	E	n212;9
364.39265661618424	S	n310;35;n317;38;n318;39
364.39265661618424	S	n310;37;n317;40;n318;41
364.49514583717956	S	n304;31;n319;42;n320;43
365.0168302374957	S	n256;19;n323;44;n324;45
365.0417268907298	E	n263;20
365.69468023008704	I	n317;38
365.69468023008704	I	n317;40
365.9406802548836	S	n318;39;n329;46;n330;47
365.9406802548836	S	n318;41;n329;48;n330;49
367.72497696206494	C	n323;44
368.1525611161385	S	n324;45;n331;50;n332;51
368.33285918754166	F	n330;47
368.33285918754166	F	n330;49
368.33285918754166	F	n307;32
368.33285918754166	F	n329;46
368.33285918754166	F	n329;48
368.33285918754166	F	n303;30
368.33285918754166	F	n271;26
368.33285918754166	F	n308;33
368.33285918754166	F	n331;50
368.33285918754166	F	n323;44
368.33285918754166	F	n320;43
368.33285918754166	F	n332;51
368.33285918754166	F	n317;40
368.33285918754166	F	n317;38
368.33285918754166	F	n309;34
368.33285918754166	F	n309;36
368.33285918754166	F	n319;42
