TIME	EVENT	NODES
251.26170863175375	O	n121
254.4218403376494	I	n121;1
257.631524108831	I	n121;1
261.6291738439399	E	n121;1
