TIME	EVENT	NODES
251.3640365826435	O	n109
298.1926800496932	I	n109;1
315.342886568578	E	n109;1
