TIME	EVENT	NODES
251.36409384044208	O	n122
251.49501345450588	L	n122;1
