TIME	EVENT	NODES
251.4754234741923	O	n122
253.3751118688877	L	n122;1
