TIME	EVENT	NODES
251.5238824833262	O	n128
251.5390235914055	E	n128;1
