TIME	EVENT	NODES
251.74653064532546	O	n109
274.53585879071835	C	n109;1
303.60001110028185	I	n109;1
315.342886568578	E	n109;1
