TIME	EVENT	NODES
251.75784360196042	O	n126
256.96114287753085	S	n126;1;n147;2;n148;3
262.43014142332055	E	n148;3
283.3629310829571	S	n147;2;n183;4;n184;5
293.6183387782659	E	n184;5
319.42834103291585	I	n183;4
344.36940847670206	L	n183;4
