TIME	EVENT	NODES
251.8353195378113	O	n129
251.9600984783782	E	n129;1
