TIME	EVENT	NODES
251.90069451514185	O	n98
281.66133310890575	I	n98;1
297.82959460464184	E	n98;1
