TIME	EVENT	NODES
251.96026266885758	O	n105
287.2898658895813	E	n105;1
