TIME	EVENT	NODES
252.10803613143435	O	n70
256.74972332501403	S	n70;1;n145;2;n146;3
258.1975901089886	T	n146;3;n146;4;n148;5
262.43014142332055	E	n148;5
271.65493254889077	I	n145;2
275.0960935428681	S	n146;4;n169;6;n170;7
275.8505257194636	S	n145;2;n173;8;n174;9
276.778106847264	S	n169;6;n177;10;n178;11
282.8422705596219	C	n170;7
289.4988755269345	I	n177;10
289.7660671719976	S	n177;10;n191;12;n192;13
290.359251687701	C	n174;9
290.69321126330374	I	n173;8
292.56408620681617	S	n191;12;n197;14;n198;15
295.7101501024865	E	n178;11
297.88510067996623	E	n197;14
309.21205838172443	S	n198;15;n231;16;n232;17
309.95254850276547	C	n231;16
314.5087251124538	E	n173;8
316.27600896896894	E	n192;13
316.64521563171144	E	n174;9
317.30612004847615	S	n232;17;n239;18;n240;19
321.6998445269163	I	n231;16
329.29817677326054	I	n231;16
335.14844581859495	S	n231;16;n259;20;n260;21
336.0428329172861	I	n239;18
348.6720819320871	E	n240;19
348.7564267084988	E	n259;20
349.99728144363627	I	n170;7
350.90136533230094	I	n239;18
365.3354294195512	E	n260;21
365.6675909654996	S	n239;18;n327;22;n328;23
368.33285918754166	F	n327;22
368.33285918754166	F	n328;23
368.33285918754166	F	n170;7
