TIME	EVENT	NODES
252.14206594243822	O	n130
256.73788517357525	I	n130;1
259.19362679088636	S	n130;1;n151;2;n152;3
261.5455228136473	E	n152;3
266.1400532075929	E	n151;2
