TIME	EVENT	NODES
252.29496585263712	O	n112
269.40416606733413	L	n112;1
