TIME	EVENT	NODES
252.3633245975029	O	n105
274.4040955749471	I	n105;1
287.2898658895813	E	n105;1
