TIME	EVENT	NODES
252.6013268763273	O	n125
275.11850929823515	S	n125;1;n171;2;n172;3
294.1998026308451	E	n171;2
305.27639649589406	I	n172;3
315.41472492191235	E	n172;3
