TIME	EVENT	NODES
252.82061718576554	O	n111
254.1474396940903	S	n111;1;n135;2;n136;3
269.9568136455443	E	n136;3
297.944722411288	S	n135;2;n213;4;n214;5
299.1473251872138	E	n214;5
305.3065589137974	S	n213;4;n225;6;n226;7
309.5121877469359	I	n225;6
313.7143997426447	I	n225;6
319.2478628703575	C	n225;6
324.2601856628277	E	n226;7
324.7848548775896	E	n225;6
