TIME	EVENT	NODES
252.86024242396778	O	n125
275.11850929823515	S	n125;1;n171;2;n172;3
294.1998026308451	E	n171;2
304.12449748808797	I	n172;3
312.6900343152534	I	n172;3
315.41472492191235	E	n172;3
