TIME	EVENT	NODES
252.95875682034796	O	n105
253.22577404435046	C	n105;1
261.5229739998466	I	n105;1
273.81119077843687	I	n105;1
287.2898658895813	E	n105;1
