TIME	EVENT	NODES
252.99736957820556	O	n131
264.256074713361	S	n131;1;n159;2;n160;3
282.28764477756255	I	n160;3
283.003644560383	E	n160;3
283.9223636563064	I	n159;2
328.2146319613769	S	n159;2;n253;4;n254;5
335.92113620132585	S	n254;5;n263;6;n264;7
339.658731161582	S	n264;7;n271;8;n272;9
345.71198993976384	E	n253;4
346.85843750161195	T	n272;9;n272;10;n261;11
359.16454116420584	E	n261;11
361.0298671832954	I	n263;6
361.7971077523211	S	n272;10;n309;12;n310;13
364.39265661618424	S	n310;13;n317;14;n318;15
365.0417268907298	E	n263;6
365.9406802548836	S	n318;15;n329;16;n330;17
368.33285918754166	F	n330;17
368.33285918754166	F	n329;16
368.33285918754166	F	n271;8
368.33285918754166	F	n317;14
368.33285918754166	F	n309;12
