TIME	EVENT	NODES
253.15003105133079	O	n95
257.94688015576287	I	n95;1
270.6639694216203	L	n95;1
