TIME	EVENT	NODES
253.20282720658477	O	n98
259.11097680635106	I	n98;1
292.16110524210245	I	n98;1
297.82959460464184	E	n98;1
