TIME	EVENT	NODES
253.22252614088032	O	n112
278.4525291252385	E	n112;1
