TIME	EVENT	NODES
253.29342586410107	O	n109
312.3019965130213	C	n109;1
315.342886568578	E	n109;1
