TIME	EVENT	NODES
253.41623724455886	O	n113
276.06674945851347	E	n113;1
