TIME	EVENT	NODES
253.43576885277068	O	n110
287.5951517002605	S	n110;1;n187;2;n188;3
290.76269704338074	I	n188;3
293.1267483817216	S	n188;3;n199;4;n200;5
293.90973519565694	S	n199;4;n203;6;n204;7
294.07914662793326	E	n200;5
297.2874954466066	I	n204;7
305.8053411110323	S	n204;7;n227;8;n228;9
306.93444916729953	I	n227;8
314.0104779853529	S	n227;8;n237;10;n238;11
318.9566040063278	S	n203;6;n241;12;n242;13
319.16437560926107	C	n242;13
328.94882087308673	L	n242;13
332.7977890569212	I	n187;2
335.6967060113735	S	n241;12;n261;14;n262;15
339.96246034945096	S	n237;10;n273;16;n274;17
342.31064348640473	L	n262;15
342.3523845263514	S	n228;9;n281;18;n282;19
355.7899662740194	E	n274;17
356.3119546325315	E	n187;2
359.16454116420584	E	n261;14
361.2666012399026	I	n281;18
361.7967567291923	I	n281;18
365.43190125744275	S	n273;16;n325;20;n326;21
368.33285918754166	F	n282;19
368.33285918754166	F	n325;20
368.33285918754166	F	n281;18
368.33285918754166	F	n326;21
368.33285918754166	F	n238;11
