TIME	EVENT	NODES
253.584772042027	O	n131
264.256074713361	S	n131;1;n159;2;n160;3
283.003644560383	E	n160;3
302.6199856124409	D	n159;2;n159;4;n159;5
304.00613900138944	L	n159;5
328.2146319613769	S	n159;4;n253;6;n254;7
329.92025849570484	L	n253;6
335.92113620132585	S	n254;7;n263;8;n264;9
339.658731161582	S	n264;9;n271;10;n272;11
361.7971077523211	S	n272;11;n309;12;n310;13
364.39265661618424	S	n310;13;n317;14;n318;15
365.0417268907298	E	n263;8
365.9406802548836	S	n318;15;n329;16;n330;17
368.33285918754166	F	n330;17
368.33285918754166	F	n329;16
368.33285918754166	F	n271;10
368.33285918754166	F	n317;14
368.33285918754166	F	n309;12
