TIME	EVENT	NODES
253.82713086315408	O	n125
275.11850929823515	S	n125;1;n171;2;n172;3
285.1436705293827	I	n172;3
294.1998026308451	E	n171;2
309.37661078339744	T	n172;3;n172;4;n183;5
309.4552019391726	I	n172;4
315.41472492191235	E	n172;4
349.00530575206363	E	n183;5
