TIME	EVENT	NODES
254.0876005215627	O	n130
257.3655183627727	I	n130;1
259.19362679088636	S	n130;1;n151;2;n152;3
261.5455228136473	E	n152;3
266.1400532075929	E	n151;2
