TIME	EVENT	NODES
254.12420629747808	O	n112
278.4525291252385	E	n112;1
