TIME	EVENT	NODES
254.17307518485742	O	n110
262.44473887232357	I	n110;1
285.27978079195947	I	n110;1
287.5951517002605	S	n110;1;n187;2;n188;3
291.7499085799322	L	n188;3
299.6765375660987	I	n187;2
331.4416730083357	I	n187;2
350.09767721780577	I	n187;2
356.3119546325315	E	n187;2
