TIME	EVENT	NODES
254.32862116922857	O	n131
264.256074713361	S	n131;1;n159;2;n160;3
272.19821393457755	T	n160;3;n160;4;n149;5
283.003644560383	E	n160;4
296.20818560616186	L	n149;5
327.7087622010434	I	n159;2
328.2146319613769	S	n159;2;n253;6;n254;7
335.92113620132585	S	n254;7;n263;8;n264;9
339.658731161582	S	n264;9;n271;10;n272;11
345.71198993976384	E	n253;6
347.6979410743456	I	n272;11
348.5397802328131	I	n263;8
352.38449085028276	I	n271;10
361.7971077523211	S	n272;11;n309;12;n310;13
362.972522205452	T	n263;8;n263;14;n296;15
364.39265661618424	S	n310;13;n317;16;n318;17
365.0417268907298	E	n263;14
365.9406802548836	S	n318;17;n329;18;n330;19
368.33285918754166	F	n330;19
368.33285918754166	F	n296;15
368.33285918754166	F	n329;18
368.33285918754166	F	n271;10
368.33285918754166	F	n317;16
368.33285918754166	F	n309;12
