TIME	EVENT	NODES
254.33615168969294	O	n126
256.96114287753085	S	n126;1;n147;2;n148;3
262.43014142332055	E	n148;3
276.6690772126056	I	n147;2
283.3629310829571	S	n147;2;n183;4;n184;5
293.6183387782659	E	n184;5
314.40912402173376	I	n183;4
349.00530575206363	E	n183;4
