TIME	EVENT	NODES
254.49749726626578	O	n48
254.83208219135275	I	n48;1
270.50846597342445	E	n48;1
