TIME	EVENT	NODES
0	O	Root
0.0	S	Root;1;n1;2;n2;3
3.2265121368497676	S	n2;3;n3;4;n4;5
5.53981145301248	I	n3;4
6.0891450189117755	S	n4;5;n5;6;n6;7
12.049627919615546	E	n1;2
13.371181122823028	L	n3;4
13.371181122823028	T	n6;7;n6;8;n3;9
21.332488924410328	I	n5;6
21.97559855298993	L	n3;9
41.7308661144652	E	n6;8
52.528232972525004	I	n5;6
65.22142532887267	I	n5;6
65.79458869924449	S	n5;6;n11;10;n12;11
76.73161289784156	I	n12;11
78.67196232775571	E	n11;10
80.59920766624008	E	n12;11
