TIME	EVENT	NODES
254.63446311663628	O	n107
256.27955084757036	T	n107;1;n107;2;n109;3
266.80294771333917	S	n107;2;n161;4;n162;5
277.04604187489826	E	n161;4
280.2536437944675	I	n109;3
285.9456044299885	S	n162;5;n185;6;n186;7
291.10245475600397	L	n109;3
292.01152244219134	S	n186;7;n195;8;n196;9
296.7804733096652	S	n196;9;n207;10;n208;11
297.77429733878824	E	n208;11
298.5182981782411	E	n207;10
301.5187902891868	E	n195;8
303.424735630872	I	n185;6
306.7118637562414	E	n185;6
