TIME	EVENT	NODES
254.6412067218865	O	n107
263.82768518607486	L	n107;1
