TIME	EVENT	NODES
254.6657844843235	O	n136
258.0057824292718	I	n136;1
269.9568136455443	E	n136;1
