TIME	EVENT	NODES
254.87663001108672	O	n98
263.119395375272	L	n98;1
