TIME	EVENT	NODES
254.96946045152256	O	n93
263.1946935408616	S	n93;1;n157;2;n158;3
271.0359830191678	S	n158;3;n165;4;n166;5
275.89296821285615	I	n157;2
281.86281336619095	S	n157;2;n181;6;n182;7
282.61255130363196	I	n182;7
297.3759122122873	E	n182;7
300.66408360617874	S	n165;4;n217;8;n218;9
301.39480262224913	S	n217;8;n219;10;n220;11
309.22719658015154	E	n220;11
322.23550031039156	S	n219;10;n243;12;n244;13
325.62016585225894	E	n166;5
326.9191915703628	E	n181;6
327.1046107185982	E	n218;9
327.4426543392507	L	n243;12
357.71741929565377	L	n244;13
