TIME	EVENT	NODES
255.00453589779966	O	n112
278.4525291252385	E	n112;1
