TIME	EVENT	NODES
255.11062970568497	O	n125
275.11850929823515	S	n125;1;n171;2;n172;3
286.5954195205231	L	n172;3
294.1998026308451	E	n171;2
