TIME	EVENT	NODES
255.1412422301067	O	n144
262.3096919246704	L	n144;1
