TIME	EVENT	NODES
255.16081465904202	O	n48
255.45002037984645	I	n48;1
270.50846597342445	E	n48;1
