TIME	EVENT	NODES
255.16159406535587	O	n113
267.66997942760406	I	n113;1
276.06674945851347	E	n113;1
