TIME	EVENT	NODES
255.2293097512712	O	n122
267.1022381300139	I	n122;1
273.5864034493894	E	n122;1
