TIME	EVENT	NODES
255.4348097750214	O	n137
262.48313050699846	S	n137;1;n155;2;n156;3
271.35555682050625	I	n155;2
275.7932439782328	I	n155;2
280.9346084359787	E	n156;3
291.2884687814964	I	n155;2
302.77518792485097	S	n155;2;n221;4;n222;5
314.3193370741534	E	n222;5
332.25249161547407	I	n221;4
365.6793466632052	I	n221;4
368.33285918754166	F	n221;4
