TIME	EVENT	NODES
255.51785479559192	O	n140
275.3394929136777	E	n140;1
