TIME	EVENT	NODES
255.6610903362663	O	n114
260.0079447944091	E	n114;1
