TIME	EVENT	NODES
255.91704316798797	O	n133
290.4363268478046	S	n133;1;n193;2;n194;3
293.87416262241237	S	n194;3;n201;4;n202;5
297.20756264263844	S	n193;2;n209;6;n210;7
303.4377349768546	S	n209;6;n223;8;n224;9
305.99025340734033	E	n202;5
307.88032930517045	S	n210;7;n229;10;n230;11
310.74626732789005	S	n224;9;n233;12;n234;13
312.06673550701987	S	n201;4;n235;14;n236;15
321.78135305229097	E	n235;14
322.2176285273803	I	n236;15
322.6630115581117	S	n233;12;n245;16;n246;17
327.68708843484586	S	n223;8;n251;18;n252;19
330.58014726999374	I	n234;13
331.02825248126715	E	n236;15
334.9897297167016	S	n251;18;n257;20;n258;21
335.63304149296033	T	n229;10;n229;22;n215;23
337.10932653973396	S	n229;22;n267;24;n268;25
338.89935941368094	E	n245;16
341.11177427463167	S	n246;17;n275;26;n276;27
341.5385477573434	S	n215;23;n277;28;n278;29
342.1368897672253	S	n267;24;n279;30;n280;31
343.09976702793995	I	n279;30
343.67229405651943	I	n268;25
344.02040770953147	S	n258;21;n283;32;n284;33
346.5471506808192	S	n280;31;n285;34;n286;35
346.5990500281604	S	n283;32;n287;36;n288;37
346.83839279591217	C	n285;34
347.02249129585607	L	n276;27
347.3589689447561	S	n268;25;n289;38;n290;39
348.7700363029201	S	n275;26;n291;40;n292;41
353.2274467652559	S	n284;33;n297;42;n298;43
354.41565723587587	I	n279;30
355.0583586205711	S	n292;41;n299;44;n300;45
362.14507068748986	S	n289;38;n311;46;n312;47
362.70202982056816	I	n257;20
362.93877184850265	E	n279;30
363.0972454732712	I	n297;42
363.7179365725955	E	n277;28
366.7061869323268	L	n288;37
368.33285918754166	F	n230;11
368.33285918754166	F	n291;40
368.33285918754166	F	n300;45
368.33285918754166	F	n287;36
368.33285918754166	F	n299;44
368.33285918754166	F	n257;20
368.33285918754166	F	n285;34
368.33285918754166	F	n286;35
368.33285918754166	F	n234;13
368.33285918754166	F	n312;47
368.33285918754166	F	n252;19
368.33285918754166	F	n311;46
368.33285918754166	F	n297;42
368.33285918754166	F	n278;29
368.33285918754166	F	n290;39
368.33285918754166	F	n298;43
