TIME	EVENT	NODES
255.9389692493973	O	n48
270.50846597342445	E	n48;1
