TIME	EVENT	NODES
256.1087514207994	O	n140
275.3394929136777	E	n140;1
