TIME	EVENT	NODES
256.16798729123957	O	n124
258.8150958922131	S	n124;1;n149;2;n150;3
275.2556380639959	I	n150;3
293.4401227103343	E	n150;3
296.01567618038945	I	n149;2
313.2735372024965	E	n149;2
