TIME	EVENT	NODES
256.1825515537104	O	n48
261.6400490855063	I	n48;1
270.50846597342445	E	n48;1
