TIME	EVENT	NODES
256.28705718267923	O	n124
258.8150958922131	S	n124;1;n149;2;n150;3
263.6410559841429	I	n150;3
271.38952539673613	I	n150;3
289.3190483944841	I	n150;3
289.8825973021316	I	n150;3
293.4401227103343	E	n150;3
293.86686907343665	I	n149;2
309.6511502869501	I	n149;2
313.2735372024965	E	n149;2
