TIME	EVENT	NODES
256.4017773800099	O	n137
262.48313050699846	S	n137;1;n155;2;n156;3
271.37272250617735	C	n155;2
278.25196049571355	D	n155;2;n155;4;n155;5
280.9346084359787	E	n156;3
290.95391741608375	I	n155;4
290.95391741608375	I	n155;5
302.77518792485097	S	n155;5;n221;6;n222;7
302.77518792485097	S	n155;4;n221;8;n222;9
303.20810982052006	I	n222;7
303.20810982052006	I	n222;9
314.3193370741534	E	n222;9
314.3193370741534	E	n222;7
368.33285918754166	F	n221;6
368.33285918754166	F	n221;8
