TIME	EVENT	NODES
256.49246690986024	O	n130
259.19362679088636	S	n130;1;n151;2;n152;3
261.5455228136473	E	n152;3
263.92184364584597	C	n151;2
266.1400532075929	E	n151;2
