TIME	EVENT	NODES
256.50619980257216	O	n125
275.11850929823515	S	n125;1;n171;2;n172;3
294.1998026308451	E	n171;2
306.55673533795715	I	n172;3
315.41472492191235	E	n172;3
