TIME	EVENT	NODES
256.68070811017924	O	n140
275.3394929136777	E	n140;1
