TIME	EVENT	NODES
256.6914076015735	O	n122
273.5864034493894	E	n122;1
