TIME	EVENT	NODES
256.85529947447503	O	n125
275.11850929823515	S	n125;1;n171;2;n172;3
287.9280170981064	C	n172;3
294.1998026308451	E	n171;2
315.41472492191235	E	n172;3
