TIME	EVENT	NODES
256.8710879786324	O	n48
270.50846597342445	E	n48;1
