TIME	EVENT	NODES
256.88444002144985	O	n131
264.256074713361	S	n131;1;n159;2;n160;3
283.003644560383	E	n160;3
288.23075352325174	I	n159;2
322.1445575152206	I	n159;2
328.2146319613769	S	n159;2;n253;4;n254;5
335.92113620132585	S	n254;5;n263;6;n264;7
339.53846034523434	I	n264;7
339.658731161582	S	n264;7;n271;8;n272;9
343.5449131705816	I	n253;4
345.71198993976384	E	n253;4
347.0387545264086	I	n271;8
350.8512121620162	L	n271;8
351.9748093801219	C	n263;6
354.722168354602	I	n272;9
361.7971077523211	S	n272;9;n309;10;n310;11
362.7405655335917	I	n310;11
364.39265661618424	S	n310;11;n317;12;n318;13
365.0417268907298	E	n263;6
365.9406802548836	S	n318;13;n329;14;n330;15
367.6200698741979	I	n317;12
368.33285918754166	F	n330;15
368.33285918754166	F	n329;14
368.33285918754166	F	n317;12
368.33285918754166	F	n309;10
