TIME	EVENT	NODES
256.9088132280239	O	n124
258.8150958922131	S	n124;1;n149;2;n150;3
263.5573497021682	I	n149;2
269.32649752913716	I	n149;2
276.1901383707441	I	n150;3
293.4401227103343	E	n150;3
313.2735372024965	E	n149;2
