TIME	EVENT	NODES
256.9317263223992	O	n143
274.68520477779253	E	n143;1
