TIME	EVENT	NODES
256.9884859999811	O	n135
293.1346120135327	I	n135;1
296.78304161741386	I	n135;1
297.944722411288	S	n135;1;n213;2;n214;3
299.1473251872138	E	n214;3
300.03691488650634	I	n213;2
305.3065589137974	S	n213;2;n225;4;n226;5
324.2601856628277	E	n226;5
324.7848548775896	E	n225;4
