TIME	EVENT	NODES
256.99443762801	O	n109
281.4262374795344	C	n109;1
300.1192741812321	I	n109;1
309.7019116144394	I	n109;1
315.342886568578	E	n109;1
