TIME	EVENT	NODES
257.1868119979126	O	n140
269.2103045928803	C	n140;1
269.77172764422386	I	n140;1
275.3394929136777	E	n140;1
