TIME	EVENT	NODES
257.3702197647971	O	n132
275.732492800582	C	n132;1
288.5496408940298	S	n132;1;n189;2;n190;3
293.45124256804536	T	n189;2;n189;4;n166;5
296.23182957985614	C	n190;3
297.2325938618031	S	n190;3;n211;6;n212;7
297.75738434801235	T	n166;5;n166;8;n109;9
300.1604382936829	I	n109;9
306.18779637717876	E	n189;4
315.342886568578	E	n109;9
316.428789421463	C	n166;8
322.35464186800226	T	n211;6;n211;10;n230;11
323.451126983794	S	n211;10;n247;12;n248;13
325.62016585225894	E	n166;8
326.9299560409181	S	n248;13;n249;14;n250;15
334.64198406508626	S	n249;14;n255;16;n256;17
337.1433252829026	I	n256;17
337.7421079806158	I	n247;12
338.51097831531484	S	n247;12;n269;18;n270;19
343.8699948420963	I	n255;16
351.3681074054671	E	n270;19
351.37042779145395	E	n255;16
356.5243775902817	S	n250;15;n303;20;n304;21
359.43466135079467	S	n269;18;n307;22;n308;23
361.78207696059627	I	n212;7
362.3993247982543	I	n256;17
364.14479088522387	E	n212;7
364.49514583717956	S	n304;21;n319;24;n320;25
365.0168302374957	S	n256;17;n323;26;n324;27
368.1525611161385	S	n324;27;n331;28;n332;29
368.33285918754166	F	n230;11
368.33285918754166	F	n307;22
368.33285918754166	F	n303;20
368.33285918754166	F	n308;23
368.33285918754166	F	n331;28
368.33285918754166	F	n323;26
368.33285918754166	F	n320;25
368.33285918754166	F	n332;29
368.33285918754166	F	n319;24
