TIME	EVENT	NODES
257.51737596636934	O	n112
260.7427769143917	I	n112;1
274.4061015514309	I	n112;1
278.4525291252385	E	n112;1
