TIME	EVENT	NODES
257.5301915573387	O	n121
261.6291738439399	E	n121;1
