TIME	EVENT	NODES
257.55558776787774	O	n144
276.551795131478	S	n144;1;n175;2;n176;3
285.76396366295205	E	n176;3
288.36586725968	I	n175;2
292.102125737594	I	n175;2
296.4430408222861	E	n175;2
