TIME	EVENT	NODES
257.6257516816822	O	n109
272.95807560479375	I	n109;1
274.66856588580606	C	n109;1
276.3125543421042	I	n109;1
284.32075833332897	I	n109;1
297.7488223928275	C	n109;1
300.1192741812321	I	n109;1
300.4838300153006	L	n109;1
