TIME	EVENT	NODES
257.646771575316	O	n124
258.8150958922131	S	n124;1;n149;2;n150;3
273.35834601568763	I	n150;3
278.8561264598974	I	n150;3
292.7919344236036	I	n150;3
293.4401227103343	E	n150;3
313.2735372024965	E	n149;2
