TIME	EVENT	NODES
257.68135926821697	O	n48
270.50846597342445	E	n48;1
