TIME	EVENT	NODES
257.78841414737985	O	n148
260.49893016720233	I	n148;1
262.43014142332055	E	n148;1
