TIME	EVENT	NODES
257.8701841692415	O	n114
260.0079447944091	E	n114;1
