TIME	EVENT	NODES
257.92960861224395	O	n148
262.43014142332055	E	n148;1
