TIME	EVENT	NODES
257.9552073466104	O	n138
261.8247307769047	I	n138;1
268.08312347105647	S	n138;1;n163;2;n164;3
277.8106349986983	E	n163;2
279.3689247604448	E	n164;3
