TIME	EVENT	NODES
257.98223806227395	O	n141
259.28999588796853	S	n141;1;n153;2;n154;3
267.6230845290778	E	n154;3
275.11134842985706	I	n153;2
294.27007287477545	S	n153;2;n205;4;n206;5
298.1283204238227	S	n206;5;n215;6;n216;7
301.7496501463424	E	n216;7
314.58968981839314	I	n215;6
320.1306508583624	I	n205;4
326.8714161083589	I	n215;6
327.4847826697247	I	n205;4
341.5385477573434	S	n215;6;n277;8;n278;9
343.82830710567515	L	n205;4
348.36472806148385	I	n277;8
353.06250389126325	L	n277;8
368.33285918754166	F	n278;9
