TIME	EVENT	NODES
257.98762860579467	O	n109
281.12635675815494	I	n109;1
303.4671951663379	D	n109;1;n109;2;n109;3
310.8124349285221	I	n109;2
310.8124349285221	I	n109;3
315.342886568578	E	n109;3
315.342886568578	E	n109;2
