TIME	EVENT	NODES
258.0310012271267	O	n110
264.38835735634	I	n110;1
281.983553772018	C	n110;1
287.5951517002605	S	n110;1;n187;2;n188;3
292.8716871641117	I	n188;3
293.1267483817216	S	n188;3;n199;4;n200;5
293.90973519565694	S	n199;4;n203;6;n204;7
294.07914662793326	E	n200;5
296.53388303438453	L	n203;6
305.8053411110323	S	n204;7;n227;8;n228;9
314.0104779853529	S	n227;8;n237;10;n238;11
329.06641205032196	I	n228;9
331.5651094110081	I	n238;11
339.96246034945096	S	n237;10;n273;12;n274;13
342.3523845263514	S	n228;9;n281;14;n282;15
349.35664243273163	C	n238;11
352.32944441421955	I	n282;15
355.68964542018165	I	n282;15
355.7899662740194	E	n274;13
356.3119546325315	E	n187;2
365.43190125744275	S	n273;12;n325;16;n326;17
368.33285918754166	F	n282;15
368.33285918754166	F	n325;16
368.33285918754166	F	n281;14
368.33285918754166	F	n326;17
368.33285918754166	F	n238;11
