TIME	EVENT	NODES
258.2032718196454	O	n105
261.0293366029997	L	n105;1
