TIME	EVENT	NODES
258.28653548929645	O	n98
297.82959460464184	E	n98;1
