TIME	EVENT	NODES
258.5615544401357	O	n110
287.5951517002605	S	n110;1;n187;2;n188;3
293.1267483817216	S	n188;3;n199;4;n200;5
293.90973519565694	S	n199;4;n203;6;n204;7
294.07914662793326	E	n200;5
305.8053411110323	S	n204;7;n227;8;n228;9
314.0104779853529	S	n227;8;n237;10;n238;11
318.4915631639015	C	n238;11
318.9566040063278	S	n203;6;n241;12;n242;13
320.6695683316483	I	n228;9
321.31870285152917	I	n187;2
329.28064368207356	L	n238;11
329.28064368207356	T	n242;13;n242;14;n238;15
335.6967060113735	S	n241;12;n261;16;n262;17
336.10970591268443	D	n238;15;n238;18;n238;19
336.8502780556365	I	n238;18
336.8502780556365	I	n238;19
339.96246034945096	S	n237;10;n273;20;n274;21
340.72480366098216	I	n261;16
342.3523845263514	S	n228;9;n281;22;n282;23
344.3493200999705	I	n187;2
350.53960376877336	S	n262;17;n293;24;n294;25
355.7899662740194	E	n274;21
356.3119546325315	E	n187;2
358.1134908457539	I	n273;20
359.16454116420584	E	n261;16
365.43190125744275	S	n273;20;n325;26;n326;27
366.2872714868515	C	n238;19
366.2872714868515	C	n238;18
368.33285918754166	F	n293;24
368.33285918754166	F	n242;14
368.33285918754166	F	n282;23
368.33285918754166	F	n325;26
368.33285918754166	F	n281;22
368.33285918754166	F	n326;27
368.33285918754166	F	n294;25
368.33285918754166	F	n238;19
368.33285918754166	F	n238;18
