TIME	EVENT	NODES
258.7164500983212	O	n147
283.3629310829571	S	n147;1;n183;2;n184;3
293.6183387782659	E	n184;3
319.42834103291585	I	n183;2
349.00530575206363	E	n183;2
