TIME	EVENT	NODES
258.79538574454176	O	n90
259.69528662074714	I	n90;1
264.1218818382455	I	n90;1
278.81668545212807	C	n90;1
280.88338111280893	E	n90;1
