TIME	EVENT	NODES
259.0820249927008	O	n143
274.68520477779253	E	n143;1
