TIME	EVENT	NODES
259.1403771608317	O	n143
274.68520477779253	E	n143;1
