TIME	EVENT	NODES
259.33006778819424	O	n112
271.2121778578123	C	n112;1
277.10048936035207	I	n112;1
278.4525291252385	E	n112;1
