TIME	EVENT	NODES
259.38466155733465	O	n109
315.342886568578	E	n109;1
