TIME	EVENT	NODES
259.40378840774935	O	n48
270.50846597342445	E	n48;1
