TIME	EVENT	NODES
259.4051355879954	O	n132
264.01698843597103	L	n132;1
