TIME	EVENT	NODES
259.50246863340993	O	n109
282.8000067471493	I	n109;1
292.16187798555933	I	n109;1
315.342886568578	E	n109;1
