TIME	EVENT	NODES
259.56213690529773	O	n48
270.50846597342445	E	n48;1
