TIME	EVENT	NODES
259.5998732084073	O	n125
275.11850929823515	S	n125;1;n171;2;n172;3
291.78167094924135	I	n172;3
294.1998026308451	E	n171;2
315.41472492191235	E	n172;3
