TIME	EVENT	NODES
259.6014177423499	O	n121
261.6291738439399	E	n121;1
