TIME	EVENT	NODES
0	O	Root
0.0	S	Root;1;n1;2;n2;3
2.129076521868262	I	n2;3
3.35634255505027	E	n1;2
5.519392352229755	L	n2;3
