TIME	EVENT	NODES
259.6935734225632	O	n150
293.4401227103343	E	n150;1
