TIME	EVENT	NODES
259.7374015812452	O	n131
264.256074713361	S	n131;1;n159;2;n160;3
279.6131188937911	I	n159;2
283.003644560383	E	n160;3
307.4616545155672	D	n159;2;n159;4;n159;5
328.2146319613769	S	n159;4;n253;6;n254;7
328.2146319613769	S	n159;5;n253;8;n254;9
328.41373205691355	L	n254;9
335.92113620132585	S	n254;7;n263;10;n264;11
339.658731161582	S	n264;11;n271;12;n272;13
343.7143655690512	I	n263;10
345.71198993976384	E	n253;6
345.71198993976384	E	n253;8
347.0387545264086	I	n271;12
361.7971077523211	S	n272;13;n309;14;n310;15
364.170481605139	I	n271;12
364.39265661618424	S	n310;15;n317;16;n318;17
365.0417268907298	E	n263;10
365.9406802548836	S	n318;17;n329;18;n330;19
367.6200698741979	I	n317;16
368.33285918754166	F	n330;19
368.33285918754166	F	n329;18
368.33285918754166	F	n271;12
368.33285918754166	F	n317;16
368.33285918754166	F	n309;14
