TIME	EVENT	NODES
259.76214308670137	O	n132
288.5496408940298	S	n132;1;n189;2;n190;3
296.93771160084015	C	n189;2
297.2325938618031	S	n190;3;n211;4;n212;5
306.18779637717876	E	n189;2
323.451126983794	S	n211;4;n247;6;n248;7
326.9299560409181	S	n248;7;n249;8;n250;9
334.64198406508626	S	n249;8;n255;10;n256;11
338.4930303131773	C	n255;10
338.51097831531484	S	n247;6;n269;12;n270;13
339.17828754879304	I	n250;9
343.93506237572296	I	n212;5
351.3681074054671	E	n270;13
351.37042779145395	E	n255;10
352.4768273187523	D	n256;11;n256;14;n256;15
353.07528120999166	I	n212;5
356.5243775902817	S	n250;9;n303;16;n304;17
359.43466135079467	S	n269;12;n307;18;n308;19
360.3872842936931	C	n308;19
364.0929435357269	C	n308;19
364.14479088522387	E	n212;5
364.49514583717956	S	n304;17;n319;20;n320;21
365.0168302374957	S	n256;14;n323;22;n324;23
365.0168302374957	S	n256;15;n323;24;n324;25
367.52516995158777	I	n320;21
368.1525611161385	S	n324;23;n331;26;n332;27
368.1525611161385	S	n324;25;n331;28;n332;29
368.33285918754166	F	n307;18
368.33285918754166	F	n303;16
368.33285918754166	F	n308;19
368.33285918754166	F	n331;26
368.33285918754166	F	n331;28
368.33285918754166	F	n323;22
368.33285918754166	F	n323;24
368.33285918754166	F	n320;21
368.33285918754166	F	n332;27
368.33285918754166	F	n332;29
368.33285918754166	F	n319;20
