TIME	EVENT	NODES
259.8781027648051	O	n148
262.43014142332055	E	n148;1
