TIME	EVENT	NODES
260.0492168530471	O	n152
261.5455228136473	E	n152;1
