TIME	EVENT	NODES
260.1073307429073	O	n122
266.85627042027414	I	n122;1
273.5864034493894	E	n122;1
