TIME	EVENT	NODES
260.20069706825103	O	n131
264.256074713361	S	n131;1;n159;2;n160;3
283.003644560383	E	n160;3
294.40027169822605	D	n159;2;n159;4;n159;5
328.2146319613769	S	n159;4;n253;6;n254;7
328.2146319613769	S	n159;5;n253;8;n254;9
335.92113620132585	S	n254;7;n263;10;n264;11
335.92113620132585	S	n254;9;n263;12;n264;13
339.658731161582	S	n264;11;n271;14;n272;15
339.658731161582	S	n264;13;n271;16;n272;17
345.71198993976384	E	n253;6
345.71198993976384	E	n253;8
354.72570883460617	I	n272;15
354.72570883460617	I	n272;17
361.7971077523211	S	n272;17;n309;18;n310;19
361.7971077523211	S	n272;15;n309;20;n310;21
364.39265661618424	S	n310;19;n317;22;n318;23
364.39265661618424	S	n310;21;n317;24;n318;25
365.0417268907298	E	n263;10
365.0417268907298	E	n263;12
365.9406802548836	S	n318;23;n329;26;n330;27
365.9406802548836	S	n318;25;n329;28;n330;29
366.7783321706037	I	n329;26
366.7783321706037	I	n329;28
368.33285918754166	F	n330;27
368.33285918754166	F	n330;29
368.33285918754166	F	n329;28
368.33285918754166	F	n329;26
368.33285918754166	F	n271;14
368.33285918754166	F	n271;16
368.33285918754166	F	n317;22
368.33285918754166	F	n317;24
368.33285918754166	F	n309;18
368.33285918754166	F	n309;20
