TIME	EVENT	NODES
260.2136283858378	O	n93
262.3644148766499	C	n93;1
263.1946935408616	S	n93;1;n157;2;n158;3
271.0359830191678	S	n158;3;n165;4;n166;5
279.7564914733015	I	n166;5
281.86281336619095	S	n157;2;n181;6;n182;7
285.7043293143227	I	n182;7
295.01789417715975	I	n182;7
297.3759122122873	E	n182;7
300.66408360617874	S	n165;4;n217;8;n218;9
301.39480262224913	S	n217;8;n219;10;n220;11
309.22719658015154	E	n220;11
312.61832003783127	L	n219;10
318.9685026416771	I	n181;6
325.62016585225894	E	n166;5
326.9191915703628	E	n181;6
327.1046107185982	E	n218;9
