TIME	EVENT	NODES
260.22247656254024	O	n98
263.75900844884376	I	n98;1
288.28014572124425	I	n98;1
294.0479177594702	C	n98;1
297.82959460464184	E	n98;1
