TIME	EVENT	NODES
260.3246830193775	O	n110
262.6703206566214	I	n110;1
286.5922201237074	I	n110;1
287.5951517002605	S	n110;1;n187;2;n188;3
293.1267483817216	S	n188;3;n199;4;n200;5
293.90973519565694	S	n199;4;n203;6;n204;7
294.07914662793326	E	n200;5
300.70643559843177	D	n203;6;n203;8;n203;9
305.8053411110323	S	n204;7;n227;10;n228;11
307.14769535416326	I	n187;2
309.2973914364648	I	n187;2
310.91900817624787	D	n187;2;n187;12;n187;13
314.0104779853529	S	n227;10;n237;14;n238;15
314.05841760646166	I	n203;8
314.05841760646166	I	n203;9
316.61645368616826	L	n187;12
318.9566040063278	S	n203;9;n241;16;n242;17
318.9566040063278	S	n203;8;n241;18;n242;19
319.6689926567723	I	n241;16
319.6689926567723	I	n241;18
320.72755322721935	I	n187;13
335.6967060113735	S	n241;18;n261;20;n262;21
335.6967060113735	S	n241;16;n261;22;n262;23
337.64120455736935	C	n238;15
339.96246034945096	S	n237;14;n273;24;n274;25
342.3523845263514	S	n228;11;n281;26;n282;27
350.53960376877336	S	n262;21;n293;28;n294;29
350.53960376877336	S	n262;23;n293;30;n294;31
352.6640134552425	I	n293;28
352.6640134552425	I	n293;30
353.53449304511173	I	n238;15
353.66053044746934	T	n294;31;n294;32;n296;33
355.7899662740194	E	n274;25
356.3119546325315	E	n187;13
359.16454116420584	E	n261;20
359.16454116420584	E	n261;22
365.43190125744275	S	n273;24;n325;34;n326;35
366.5045059920359	I	n282;27
368.33285918754166	F	n293;30
368.33285918754166	F	n293;28
368.33285918754166	F	n242;17
368.33285918754166	F	n242;19
368.33285918754166	F	n296;33
368.33285918754166	F	n282;27
368.33285918754166	F	n325;34
368.33285918754166	F	n281;26
368.33285918754166	F	n326;35
368.33285918754166	F	n294;29
368.33285918754166	F	n294;32
368.33285918754166	F	n238;15
