TIME	EVENT	NODES
260.34560754333455	O	n142
282.0782189142982	C	n142;1
286.99173575179867	I	n142;1
312.1421772672062	E	n142;1
