TIME	EVENT	NODES
260.4164555575695	O	n107
266.80294771333917	S	n107;1;n161;2;n162;3
277.04604187489826	E	n161;2
285.9456044299885	S	n162;3;n185;4;n186;5
292.01152244219134	S	n186;5;n195;6;n196;7
296.7804733096652	S	n196;7;n207;8;n208;9
297.77429733878824	E	n208;9
298.0855428401903	I	n195;6
298.5182981782411	E	n207;8
301.5187902891868	E	n195;6
303.521232254705	I	n185;4
306.7118637562414	E	n185;4
