TIME	EVENT	NODES
260.4382248481901	O	n125
274.5000127460795	I	n125;1
275.11850929823515	S	n125;1;n171;2;n172;3
282.0361118140359	I	n171;2
294.1998026308451	E	n171;2
313.62692292624814	I	n172;3
315.41472492191235	E	n172;3
