TIME	EVENT	NODES
260.50287560628493	O	n90
264.80551857542685	I	n90;1
264.8255190955252	I	n90;1
280.88338111280893	E	n90;1
