TIME	EVENT	NODES
260.53468798273144	O	n90
280.88338111280893	E	n90;1
