TIME	EVENT	NODES
260.7282329400015	O	n154
266.682466020511	L	n154;1
