TIME	EVENT	NODES
260.7296962722496	O	n151
266.1400532075929	E	n151;1
