TIME	EVENT	NODES
260.73668379667953	O	n140
275.3394929136777	E	n140;1
