TIME	EVENT	NODES
260.78398271965045	O	n113
276.06674945851347	E	n113;1
