TIME	EVENT	NODES
260.7949583499612	O	n113
276.06674945851347	E	n113;1
