TIME	EVENT	NODES
260.955849963909	O	n113
266.0203887752973	I	n113;1
276.06674945851347	E	n113;1
