TIME	EVENT	NODES
260.9722439638639	O	n136
266.82824546869915	D	n136;1;n136;2;n136;3
269.9568136455443	E	n136;2
269.9568136455443	E	n136;3
