TIME	EVENT	NODES
261.05884793232184	O	n105
264.87832820314367	I	n105;1
287.2898658895813	E	n105;1
