TIME	EVENT	NODES
261.0624484002704	O	n148
262.43014142332055	E	n148;1
