TIME	EVENT	NODES
261.1127869409119	O	n150
265.08620015399725	I	n150;1
271.38952539673613	I	n150;1
289.3190483944841	I	n150;1
293.4401227103343	E	n150;1
