TIME	EVENT	NODES
261.1228703835996	O	n142
312.1421772672062	E	n142;1
