TIME	EVENT	NODES
261.150352762286	O	n149
310.4335608452505	C	n149;1
313.2735372024965	E	n149;1
