TIME	EVENT	NODES
261.2237534837202	O	n98
297.82959460464184	E	n98;1
