TIME	EVENT	NODES
261.23991410818877	O	n142
292.3803926207224	I	n142;1
299.81614290698576	L	n142;1
