TIME	EVENT	NODES
261.2657337820286	O	n121
261.6291738439399	E	n121;1
