TIME	EVENT	NODES
261.35963956238913	O	n138
268.08312347105647	S	n138;1;n163;2;n164;3
272.5451054066414	I	n164;3
277.8106349986983	E	n163;2
279.3689247604448	E	n164;3
