TIME	EVENT	NODES
261.6139185171362	O	n110
262.44473887232357	I	n110;1
285.27978079195947	I	n110;1
287.5951517002605	S	n110;1;n187;2;n188;3
293.1267483817216	S	n188;3;n199;4;n200;5
293.90973519565694	S	n199;4;n203;6;n204;7
294.07914662793326	E	n200;5
299.6765375660987	I	n187;2
304.41565710603106	T	n187;2;n187;8;n223;9
305.8053411110323	S	n204;7;n227;10;n228;11
309.62950150827646	I	n223;9
314.0104779853529	S	n227;10;n237;12;n238;13
316.59770103245063	T	n238;13;n238;14;n221;15
318.9566040063278	S	n203;6;n241;16;n242;17
319.5211154476321	I	n242;17
327.68708843484586	S	n223;9;n251;18;n252;19
328.8826290752424	I	n241;16
331.4416730083357	I	n187;8
334.9897297167016	S	n251;18;n257;20;n258;21
335.6967060113735	S	n241;16;n261;22;n262;23
335.8913160342679	I	n228;11
339.96246034945096	S	n237;12;n273;24;n274;25
339.98019544685087	C	n221;15
342.3523845263514	S	n228;11;n281;26;n282;27
344.02040770953147	S	n258;21;n283;28;n284;29
345.2003141765761	I	n242;17
346.5990500281604	S	n283;28;n287;30;n288;31
347.701645545619	I	n262;23
348.351290359098	L	n252;19
348.351290359098	T	n274;25;n274;32;n252;33
348.7885287499841	I	n261;22
350.09767721780577	I	n187;8
350.53960376877336	S	n262;23;n293;34;n294;35
351.8804512407904	I	n281;26
353.2274467652559	S	n284;29;n297;36;n298;37
353.4262085420484	I	n298;37
353.97075415418846	L	n282;27
354.3142006073113	I	n298;37
355.7899662740194	E	n274;32
356.3119546325315	E	n187;8
356.40752609609893	I	n293;34
357.4889372606417	I	n221;15
359.16454116420584	E	n261;22
361.6919516242395	I	n288;31
365.43190125744275	S	n273;24;n325;38;n326;39
367.84071899234635	I	n257;20
368.33285918754166	F	n293;34
368.33285918754166	F	n242;17
368.33285918754166	F	n287;30
368.33285918754166	F	n257;20
368.33285918754166	F	n288;31
368.33285918754166	F	n325;38
368.33285918754166	F	n281;26
368.33285918754166	F	n326;39
368.33285918754166	F	n252;33
368.33285918754166	F	n294;35
368.33285918754166	F	n221;15
368.33285918754166	F	n297;36
368.33285918754166	F	n238;14
368.33285918754166	F	n298;37
