TIME	EVENT	NODES
261.76298125376456	O	n105
287.2898658895813	E	n105;1
