TIME	EVENT	NODES
261.8015616603161	O	n125
263.26101848495955	T	n125;1;n125;2;n138;3
268.08312347105647	S	n138;3;n163;4;n164;5
272.22950821935103	I	n163;4
275.11850929823515	S	n125;2;n171;6;n172;7
276.67741255602084	I	n163;4
277.8106349986983	E	n163;4
279.3689247604448	E	n164;5
289.24119983184767	I	n172;7
294.1998026308451	E	n171;6
299.83989484222417	L	n172;7
