TIME	EVENT	NODES
261.8458271755764	O	n112
278.4525291252385	E	n112;1
