TIME	EVENT	NODES
261.84771151555185	O	n93
263.1946935408616	S	n93;1;n157;2;n158;3
270.4287233672324	D	n157;2;n157;4;n157;5
271.0359830191678	S	n158;3;n165;6;n166;7
281.86281336619095	S	n157;4;n181;8;n182;9
281.86281336619095	S	n157;5;n181;10;n182;11
292.0498527361061	I	n182;9
292.0498527361061	I	n182;11
297.3759122122873	E	n182;11
297.3759122122873	E	n182;9
300.66408360617874	S	n165;6;n217;12;n218;13
301.39480262224913	S	n217;12;n219;14;n220;15
309.22719658015154	E	n220;15
311.1498210074172	L	n181;10
318.6707719295888	I	n219;14
319.2362453493611	I	n166;7
322.23550031039156	S	n219;14;n243;16;n244;17
324.1292764634471	I	n218;13
325.62016585225894	E	n166;7
326.9191915703628	E	n181;8
327.1046107185982	E	n218;13
329.36630108289705	I	n243;16
336.27194991669535	S	n243;16;n265;18;n266;19
337.9466629699342	E	n266;19
339.8575086757971	I	n265;18
343.2244835606076	I	n265;18
351.19872074547055	I	n265;18
357.83898267386695	E	n265;18
368.33285918754166	F	n244;17
