TIME	EVENT	NODES
261.87926315039437	O	n48
266.22039429507106	I	n48;1
270.50846597342445	E	n48;1
