TIME	EVENT	NODES
0	O	Root
0.0	S	Root;1;n1;2;n2;3
2.129076521868262	I	n2;3
2.5074782062324883	I	n2;3
3.35634255505027	E	n1;2
6.689912718607442	S	n2;3;n3;4;n4;5
8.477188072860308	I	n3;4
9.52089163317238	S	n4;5;n5;6;n6;7
10.888750871328412	S	n6;7;n7;8;n8;9
11.198438486860885	C	n7;8
12.840878538296447	C	n7;8
13.901110451430789	L	n8;9
16.661417086053657	S	n3;4;n9;10;n10;11
17.681552081932402	E	n10;11
22.401872151706616	S	n9;10;n11;12;n12;13
22.41324765578705	E	n12;13
22.836236421711362	S	n7;8;n15;14;n16;15
23.67182323826393	E	n5;6
25.881757428070863	I	n11;12
26.485787909544978	S	n16;15;n19;16;n20;17
31.621235070882683	L	n20;17
32.38286256948116	E	n15;14
33.41488849387419	S	n19;16;n27;18;n28;19
34.804549942871546	S	n27;18;n29;20;n30;21
36.88128362876969	E	n11;12
37.24046417989335	I	n28;19
39.65816600591598	C	n30;21
40.09096267705701	I	n29;20
40.56586663473691	I	n30;21
42.943931074204656	E	n29;20
46.037623632506545	I	n30;21
53.29780979945958	E	n28;19
55.73831808661641	S	n30;21;n57;22;n58;23
59.65295875486497	E	n58;23
66.2736100429329	E	n57;22
