TIME	EVENT	NODES
261.9103584542823	O	n142
312.1421772672062	E	n142;1
