TIME	EVENT	NODES
261.95628609877707	O	n145
275.8505257194636	S	n145;1;n173;2;n174;3
296.19267675483087	I	n174;3
304.0670751425533	L	n174;3
305.51369417671424	C	n173;2
314.5087251124538	E	n173;2
