TIME	EVENT	NODES
262.0279179020283	O	n112
278.4525291252385	E	n112;1
