TIME	EVENT	NODES
262.10411979795583	O	n90
280.88338111280893	E	n90;1
