TIME	EVENT	NODES
262.15121640858337	O	n143
268.2048186027074	I	n143;1
274.68520477779253	E	n143;1
