TIME	EVENT	NODES
0	O	Root
0.0	S	Root;1;n1;2;n2;3
1.1526049188520024	S	n1;2;n3;4;n4;5
1.3656145773877395	L	n3;4
7.566795314525711	S	n4;5;n7;6;n8;7
9.937342596589726	E	n7;6
22.909819856367786	S	n8;7;n13;8;n14;9
26.256835295663688	E	n2;3
26.84276481692311	S	n14;9;n17;10;n18;11
30.407447078502262	S	n17;10;n21;12;n22;13
35.92070569340266	S	n21;12;n25;14;n26;15
38.13198542719755	E	n22;13
39.04702059247166	E	n13;8
40.759074860237476	E	n25;14
42.012799395780256	E	n26;15
42.357769946350246	S	n18;11;n31;16;n32;17
46.694210788673075	E	n32;17
50.79591476008908	S	n31;16;n39;18;n40;19
52.618978043968546	S	n39;18;n47;20;n48;21
55.45651211006114	E	n47;20
55.67829085889805	I	n48;21
57.543332345617	I	n48;21
58.30047483794531	S	n40;19;n59;22;n60;23
58.94799355594872	S	n60;23;n61;24;n62;25
59.5579516206426	S	n62;25;n63;26;n64;27
61.254313095266134	E	n48;21
61.79334272908475	I	n63;26
65.13921464734916	E	n59;22
67.79713360797955	S	n61;24;n81;28;n82;29
69.50333777943767	E	n64;27
69.708668487013	E	n81;28
73.06969448986186	S	n82;29;n95;30;n96;31
74.75708131456398	E	n95;30
77.82875716052023	E	n96;31
77.87291920469795	S	n63;26;n111;32;n112;33
80.13789888595848	S	n112;33;n121;34;n122;35
81.73847465891842	I	n121;34
82.78572273690858	L	n122;35
86.0006184609162	E	n121;34
86.51037182362073	S	n111;32;n147;36;n148;37
89.53953138554083	S	n147;36;n163;38;n164;39
91.44039855751173	S	n164;39;n177;40;n178;41
91.9252527843899	S	n148;37;n183;42;n184;43
93.34880801811472	E	n183;42
93.64609162057884	E	n178;41
114.18324510306947	S	n184;43;n303;44;n304;45
114.41278485366259	S	n163;38;n305;46;n306;47
114.56942734076019	I	n306;47
118.21581233262908	S	n177;40;n327;48;n328;49
118.26466469545224	S	n328;49;n329;50;n330;51
118.47077703579865	D	n327;48;n327;52;n327;53
119.30590668260064	E	n303;44
119.52163573422068	C	n304;45
119.93146279771446	S	n304;45;n339;54;n340;55
121.7585378305599	S	n330;51;n353;56;n354;57
121.85255750893415	S	n339;54;n357;58;n358;59
122.20096298192965	F	n327;52
122.20096298192965	F	n327;53
122.20096298192965	F	n357;58
122.20096298192965	F	n329;50
122.20096298192965	F	n358;59
122.20096298192965	F	n306;47
122.20096298192965	F	n340;55
122.20096298192965	F	n354;57
122.20096298192965	F	n353;56
122.20096298192965	F	n305;46
