TIME	EVENT	NODES
262.2417282039498	O	n137
262.48313050699846	S	n137;1;n155;2;n156;3
264.039785269931	I	n155;2
280.9346084359787	E	n156;3
302.77518792485097	S	n155;2;n221;4;n222;5
314.3193370741534	E	n222;5
351.9965240141016	L	n221;4
