TIME	EVENT	NODES
262.2893988183603	O	n154
267.6230845290778	E	n154;1
