TIME	EVENT	NODES
262.31351393446874	O	n146
275.0960935428681	S	n146;1;n169;2;n170;3
276.778106847264	S	n169;2;n177;4;n178;5
289.7660671719976	S	n177;4;n191;6;n192;7
290.45040419777115	I	n191;6
292.56408620681617	S	n191;6;n197;8;n198;9
295.7101501024865	E	n178;5
297.88510067996623	E	n197;8
303.6621884096646	I	n198;9
309.21205838172443	S	n198;9;n231;10;n232;11
316.27600896896894	E	n192;7
317.30612004847615	S	n232;11;n239;12;n240;13
320.14686286222064	I	n239;12
320.4505502575036	L	n170;3
335.14844581859495	S	n231;10;n259;14;n260;15
345.1460535150422	T	n239;12;n239;16;n284;17
348.6720819320871	E	n240;13
348.7564267084988	E	n259;14
353.2274467652559	S	n284;17;n297;18;n298;19
365.3354294195512	E	n260;15
365.6675909654996	S	n239;16;n327;20;n328;21
368.33285918754166	F	n327;20
368.33285918754166	F	n328;21
368.33285918754166	F	n297;18
368.33285918754166	F	n298;19
