TIME	EVENT	NODES
262.36930665116176	O	n149
293.72241632000254	D	n149;1;n149;2;n149;3
313.2735372024965	E	n149;2
313.2735372024965	E	n149;3
