TIME	EVENT	NODES
262.65384594890287	O	n125
275.11850929823515	S	n125;1;n171;2;n172;3
289.24119983184767	I	n172;3
294.1998026308451	E	n171;2
315.41472492191235	E	n172;3
