TIME	EVENT	NODES
262.9768166648338	O	n155
270.1216362770407	L	n155;1
