TIME	EVENT	NODES
263.15662602359265	O	n109
284.32075833332897	I	n109;1
296.64567367242086	I	n109;1
303.58285983115945	I	n109;1
315.342886568578	E	n109;1
