TIME	EVENT	NODES
263.1655939249581	O	n142
294.98002378823384	I	n142;1
300.65473566933446	C	n142;1
312.1421772672062	E	n142;1
