TIME	EVENT	NODES
263.32664128904275	O	n122
273.5864034493894	E	n122;1
