TIME	EVENT	NODES
263.61099984268895	O	n145
275.51157750852633	I	n145;1
275.8505257194636	S	n145;1;n173;2;n174;3
296.19267675483087	I	n174;3
308.53114082874686	C	n174;3
314.5087251124538	E	n173;2
316.64521563171144	E	n174;3
