TIME	EVENT	NODES
263.67201421243203	O	n155
271.73143208399296	I	n155;1
284.82736883888657	T	n155;1;n155;2;n142;3
285.8750454013584	I	n155;2
302.77518792485097	S	n155;2;n221;4;n222;5
312.1421772672062	E	n142;3
314.3193370741534	E	n222;5
326.9226621708812	I	n221;4
368.33285918754166	F	n221;4
