TIME	EVENT	NODES
263.72022470435144	O	n151
266.1400532075929	E	n151;1
