TIME	EVENT	NODES
263.87378412439784	O	n150
271.2742870207934	I	n150;1
293.4401227103343	E	n150;1
