TIME	EVENT	NODES
264.03155778534966	O	n156
280.9346084359787	E	n156;1
