TIME	EVENT	NODES
264.17054567078594	O	n110
287.5951517002605	S	n110;1;n187;2;n188;3
292.9330647801304	I	n188;3
293.1267483817216	S	n188;3;n199;4;n200;5
293.90973519565694	S	n199;4;n203;6;n204;7
294.07914662793326	E	n200;5
301.5565231812561	D	n204;7;n204;8;n204;9
305.8053411110323	S	n204;8;n227;10;n228;11
305.8053411110323	S	n204;9;n227;12;n228;13
314.0104779853529	S	n227;10;n237;14;n238;15
314.0104779853529	S	n227;12;n237;16;n238;17
317.45950214462965	D	n228;11;n228;18;n228;19
318.9566040063278	S	n203;6;n241;20;n242;21
322.86229227065553	T	n241;20;n241;22;n215;23
328.8360771614432	D	n187;2;n187;24;n187;25
335.6388043054754	I	n228;18
335.6388043054754	I	n228;19
335.6388043054754	I	n228;13
335.6967060113735	S	n241;22;n261;26;n262;27
339.96246034945096	S	n237;14;n273;28;n274;29
339.96246034945096	S	n237;16;n273;30;n274;31
341.5385477573434	S	n215;23;n277;32;n278;33
342.3523845263514	S	n228;13;n281;34;n282;35
342.3523845263514	S	n228;19;n281;36;n282;37
342.3523845263514	S	n228;18;n281;38;n282;39
343.2341849094522	I	n273;28
343.2341849094522	I	n273;30
350.4257782975836	T	n187;25;n187;40;n285;41
350.53960376877336	S	n262;27;n293;42;n294;43
352.6567968703379	I	n278;33
354.4370570462506	C	n261;26
355.7899662740194	E	n274;29
355.7899662740194	E	n274;31
356.1698681383509	I	n273;30
356.1698681383509	I	n273;28
356.3119546325315	E	n187;24
356.3119546325315	E	n187;40
359.16454116420584	E	n261;26
363.7179365725955	E	n277;32
365.43190125744275	S	n273;28;n325;44;n326;45
365.43190125744275	S	n273;30;n325;46;n326;47
368.33285918754166	F	n293;42
368.33285918754166	F	n242;21
368.33285918754166	F	n282;35
368.33285918754166	F	n282;37
368.33285918754166	F	n282;39
368.33285918754166	F	n285;41
368.33285918754166	F	n325;44
368.33285918754166	F	n325;46
368.33285918754166	F	n281;34
368.33285918754166	F	n281;36
368.33285918754166	F	n281;38
368.33285918754166	F	n326;45
368.33285918754166	F	n326;47
368.33285918754166	F	n294;43
368.33285918754166	F	n238;15
368.33285918754166	F	n238;17
368.33285918754166	F	n278;33
