TIME	EVENT	NODES
264.3574173124459	O	n90
265.90936845309363	I	n90;1
280.88338111280893	E	n90;1
