TIME	EVENT	NODES
264.3609777243967	O	n110
267.2525985068454	C	n110;1
287.5951517002605	S	n110;1;n187;2;n188;3
293.1267483817216	S	n188;3;n199;4;n200;5
293.90973519565694	S	n199;4;n203;6;n204;7
294.07914662793326	E	n200;5
299.12635350846284	I	n203;6
302.9072864079218	I	n204;7
305.8053411110323	S	n204;7;n227;8;n228;9
309.6512143468929	I	n203;6
313.6158096097139	T	n227;8;n227;10;n174;11
314.0104779853529	S	n227;10;n237;12;n238;13
316.64521563171144	E	n174;11
317.93148972518173	I	n238;13
318.9566040063278	S	n203;6;n241;14;n242;15
322.19857367656425	C	n228;9
324.2877732099755	I	n241;14
335.6967060113735	S	n241;14;n261;16;n262;17
339.15758412012457	I	n228;9
339.96246034945096	S	n237;12;n273;18;n274;19
342.3523845263514	S	n228;9;n281;20;n282;21
350.53960376877336	S	n262;17;n293;22;n294;23
353.4372043484831	D	n238;13;n238;24;n238;25
355.7899662740194	E	n274;19
356.07738728640095	I	n293;22
356.3119546325315	E	n187;2
358.1019261902247	I	n282;21
359.16454116420584	E	n261;16
365.43190125744275	S	n273;18;n325;26;n326;27
368.33285918754166	F	n293;22
368.33285918754166	F	n242;15
368.33285918754166	F	n282;21
368.33285918754166	F	n325;26
368.33285918754166	F	n281;20
368.33285918754166	F	n326;27
368.33285918754166	F	n294;23
368.33285918754166	F	n238;24
368.33285918754166	F	n238;25
