TIME	EVENT	NODES
264.4540373437658	O	n110
272.04554835274547	I	n110;1
287.5951517002605	S	n110;1;n187;2;n188;3
293.1267483817216	S	n188;3;n199;4;n200;5
293.90973519565694	S	n199;4;n203;6;n204;7
294.07914662793326	E	n200;5
305.8053411110323	S	n204;7;n227;8;n228;9
309.2382295977097	I	n187;2
309.81139135065024	L	n187;2
314.0104779853529	S	n227;8;n237;10;n238;11
318.52742293397984	I	n238;11
318.9566040063278	S	n203;6;n241;12;n242;13
320.3551688144806	I	n238;11
323.1713101597072	I	n238;11
325.6293534347267	I	n241;12
333.4126196802527	I	n242;13
335.6967060113735	S	n241;12;n261;14;n262;15
339.96246034945096	S	n237;10;n273;16;n274;17
342.3523845263514	S	n228;9;n281;18;n282;19
347.8337856826181	I	n282;19
349.06057630293674	I	n282;19
350.53960376877336	S	n262;15;n293;20;n294;21
353.58190020231007	I	n274;17
354.3818768721614	D	n282;19;n282;22;n282;23
355.7899662740194	E	n274;17
359.16454116420584	E	n261;14
365.43190125744275	S	n273;16;n325;24;n326;25
367.9102891074892	L	n294;21
368.31447095804504	I	n293;20
368.33285918754166	F	n293;20
368.33285918754166	F	n242;13
368.33285918754166	F	n282;22
368.33285918754166	F	n282;23
368.33285918754166	F	n325;24
368.33285918754166	F	n281;18
368.33285918754166	F	n326;25
368.33285918754166	F	n238;11
