TIME	EVENT	NODES
264.6699387947064	O	n147
267.6245282540734	C	n147;1
283.3629310829571	S	n147;1;n183;2;n184;3
293.6183387782659	E	n184;3
349.00530575206363	E	n183;2
