TIME	EVENT	NODES
264.6860192520376	O	n145
275.8505257194636	S	n145;1;n173;2;n174;3
314.5087251124538	E	n173;2
314.56677070579497	C	n174;3
316.64521563171144	E	n174;3
