TIME	EVENT	NODES
264.81060770153624	O	n113
276.06674945851347	E	n113;1
