TIME	EVENT	NODES
264.93251042028686	O	n48
270.50846597342445	E	n48;1
