TIME	EVENT	NODES
264.9743184772909	O	n160
283.003644560383	E	n160;1
