TIME	EVENT	NODES
265.1081744978481	O	n132
288.5496408940298	S	n132;1;n189;2;n190;3
297.2325938618031	S	n190;3;n211;4;n212;5
298.85705834438744	I	n212;5
300.2403538732895	I	n211;4
301.37631581860853	I	n189;2
306.18779637717876	E	n189;2
307.7461403907632	I	n212;5
313.58165396800086	L	n212;5
319.6549463062246	I	n211;4
323.451126983794	S	n211;4;n247;6;n248;7
326.9299560409181	S	n248;7;n249;8;n250;9
329.5211119898251	I	n247;6
334.64198406508626	S	n249;8;n255;10;n256;11
338.51097831531484	S	n247;6;n269;12;n270;13
341.42458351916866	L	n270;13
347.28885906787144	L	n256;11
351.37042779145395	E	n255;10
356.5243775902817	S	n250;9;n303;14;n304;15
359.43466135079467	S	n269;12;n307;16;n308;17
364.49514583717956	S	n304;15;n319;18;n320;19
365.09717519556403	L	n307;16
368.33285918754166	F	n303;14
368.33285918754166	F	n308;17
368.33285918754166	F	n320;19
368.33285918754166	F	n319;18
