TIME	EVENT	NODES
265.17082499938994	O	n147
283.3629310829571	S	n147;1;n183;2;n184;3
289.3978406023278	I	n183;2
293.6183387782659	E	n184;3
343.4326273894308	L	n183;2
