TIME	EVENT	NODES
265.17256511592876	O	n143
274.68520477779253	E	n143;1
