TIME	EVENT	NODES
265.231940698849	O	n136
269.9568136455443	E	n136;1
