TIME	EVENT	NODES
265.2439786854204	O	n98
297.82959460464184	E	n98;1
