TIME	EVENT	NODES
265.4987768013274	O	n154
267.6230845290778	E	n154;1
