TIME	EVENT	NODES
265.57415461664345	O	n142
312.1421772672062	E	n142;1
