TIME	EVENT	NODES
265.5886944521098	O	n160
277.5835063620079	I	n160;1
283.003644560383	E	n160;1
