TIME	EVENT	NODES
265.6806917491566	O	n158
265.9372447128438	C	n158;1
271.0359830191678	S	n158;1;n165;2;n166;3
275.1353549583017	D	n165;2;n165;4;n165;5
275.9722922828658	I	n166;3
300.66408360617874	S	n165;4;n217;6;n218;7
300.66408360617874	S	n165;5;n217;8;n218;9
301.39480262224913	S	n217;6;n219;10;n220;11
301.39480262224913	S	n217;8;n219;12;n220;13
304.59240768711754	I	n220;11
304.59240768711754	I	n220;13
304.73569908895183	I	n166;3
309.22719658015154	E	n220;13
309.22719658015154	E	n220;11
310.1432436940517	T	n219;12;n219;14;n205;15
313.31681944729553	I	n218;7
313.31681944729553	I	n218;9
320.5338553102374	I	n218;9
320.5338553102374	I	n218;7
322.23550031039156	S	n219;10;n243;16;n244;17
322.23550031039156	S	n219;14;n243;18;n244;19
325.62016585225894	E	n166;3
327.1046107185982	E	n218;7
327.1046107185982	E	n218;9
334.807225300297	C	n244;17
334.807225300297	C	n244;19
336.27194991669535	S	n243;16;n265;20;n266;21
336.27194991669535	S	n243;18;n265;22;n266;23
337.9466629699342	E	n266;21
337.9466629699342	E	n266;23
339.4599313157495	T	n244;19;n244;24;n212;25
353.9504502431209	I	n205;15
357.83898267386695	E	n265;20
357.83898267386695	E	n265;22
361.78207696059627	I	n212;25
363.2658265490463	I	n205;15
363.72092949357767	S	n205;15;n313;26;n314;27
364.14479088522387	E	n212;25
368.33285918754166	F	n314;27
368.33285918754166	F	n244;17
368.33285918754166	F	n244;24
368.33285918754166	F	n313;26
