TIME	EVENT	NODES
265.7036859012185	O	n122
273.5864034493894	E	n122;1
