TIME	EVENT	NODES
265.72081933017233	O	n132
275.732492800582	C	n132;1
288.5496408940298	S	n132;1;n189;2;n190;3
297.2325938618031	S	n190;3;n211;4;n212;5
306.18779637717876	E	n189;2
314.50985298016207	L	n212;5
314.50985298016207	T	n211;4;n211;6;n212;7
323.451126983794	S	n211;6;n247;8;n248;9
326.9299560409181	S	n248;9;n249;10;n250;11
334.2888998425085	I	n249;10
334.64198406508626	S	n249;10;n255;12;n256;13
335.0933314354611	C	n247;8
338.51097831531484	S	n247;8;n269;14;n270;15
351.3681074054671	E	n270;15
351.37042779145395	E	n255;12
354.63903082168116	I	n256;13
355.2340176315972	L	n250;11
357.73703977262153	L	n256;13
357.73703977262153	T	n269;14;n269;16;n256;17
359.43466135079467	S	n269;16;n307;18;n308;19
364.14479088522387	E	n212;7
365.0168302374957	S	n256;17;n323;20;n324;21
368.1525611161385	S	n324;21;n331;22;n332;23
368.33285918754166	F	n307;18
368.33285918754166	F	n308;19
368.33285918754166	F	n331;22
368.33285918754166	F	n323;20
368.33285918754166	F	n332;23
