TIME	EVENT	NODES
265.73102170163935	O	n112
278.4525291252385	E	n112;1
