TIME	EVENT	NODES
265.73848721139467	O	n150
284.7135445772938	C	n150;1
293.4401227103343	E	n150;1
