TIME	EVENT	NODES
265.83710971883727	O	n117
269.0497820318499	I	n117;1
269.9370396978376	C	n117;1
278.8778393829385	E	n117;1
