TIME	EVENT	NODES
265.85036049469704	O	n109
293.91362109021225	C	n109;1
298.1926800496932	I	n109;1
315.342886568578	E	n109;1
