TIME	EVENT	NODES
265.91832907651064	O	n107
266.80294771333917	S	n107;1;n161;2;n162;3
277.04604187489826	E	n161;2
285.9456044299885	S	n162;3;n185;4;n186;5
287.0173436281919	L	n186;5
306.7118637562414	E	n185;4
