TIME	EVENT	NODES
265.92464076029523	O	n109
281.4262374795344	C	n109;1
288.31364760559023	I	n109;1
300.1192741812321	I	n109;1
315.342886568578	E	n109;1
