TIME	EVENT	NODES
266.0626628768673	O	n135
297.944722411288	S	n135;1;n213;2;n214;3
298.92639761438437	L	n213;2
299.1473251872138	E	n214;3
