TIME	EVENT	NODES
266.24015642003957	O	n156
268.9757322304239	I	n156;1
280.9346084359787	E	n156;1
