TIME	EVENT	NODES
266.36693281664117	O	n154
267.6230845290778	E	n154;1
