TIME	EVENT	NODES
266.54159254711277	O	n122
273.5864034493894	E	n122;1
