TIME	EVENT	NODES
266.72619716439334	O	n112
277.0788868920483	L	n112;1
