TIME	EVENT	NODES
266.758302116556	O	n135
280.21642484521755	C	n135;1
284.9144828639513	T	n135;1;n135;2;n153;3
294.27007287477545	S	n153;3;n205;4;n206;5
296.0201901621806	C	n206;5
296.3797093119182	I	n206;5
297.944722411288	S	n135;2;n213;6;n214;7
298.1283204238227	S	n206;5;n215;8;n216;9
299.1473251872138	E	n214;7
301.2279348884563	I	n215;8
301.7496501463424	E	n216;9
305.3065589137974	S	n213;6;n225;10;n226;11
307.9868710844081	I	n205;4
320.6392245007466	C	n226;11
324.2601856628277	E	n226;11
324.7848548775896	E	n225;10
335.67439712659336	I	n205;4
336.3502677553224	C	n215;8
341.5385477573434	S	n215;8;n277;12;n278;13
363.7179365725955	E	n277;12
363.72092949357767	S	n205;4;n313;14;n314;15
368.33285918754166	F	n314;15
368.33285918754166	F	n313;14
368.33285918754166	F	n278;13
