TIME	EVENT	NODES
266.80137275373806	O	n113
276.06674945851347	E	n113;1
