TIME	EVENT	NODES
266.90950887143146	O	n48
267.57563004741246	I	n48;1
270.50846597342445	E	n48;1
