TIME	EVENT	NODES
266.9770361524597	O	n112
278.4525291252385	E	n112;1
