TIME	EVENT	NODES
267.1154367379587	O	n122
273.5864034493894	E	n122;1
