TIME	EVENT	NODES
267.1265017188728	O	n110
287.5951517002605	S	n110;1;n187;2;n188;3
293.1267483817216	S	n188;3;n199;4;n200;5
293.90973519565694	S	n199;4;n203;6;n204;7
294.07914662793326	E	n200;5
305.8053411110323	S	n204;7;n227;8;n228;9
307.23674239794343	L	n187;2
314.0104779853529	S	n227;8;n237;10;n238;11
318.9566040063278	S	n203;6;n241;12;n242;13
325.1110398672218	I	n242;13
333.50236304916103	I	n242;13
335.6967060113735	S	n241;12;n261;14;n262;15
339.96246034945096	S	n237;10;n273;16;n274;17
340.69882848688314	I	n242;13
342.3523845263514	S	n228;9;n281;18;n282;19
345.97680327617286	C	n261;14
350.53960376877336	S	n262;15;n293;20;n294;21
355.7899662740194	E	n274;17
355.8134817630635	I	n293;20
357.90097986696526	I	n238;11
359.16454116420584	E	n261;14
363.2856869179176	C	n273;16
363.5770629836266	I	n294;21
365.43190125744275	S	n273;16;n325;22;n326;23
368.33285918754166	F	n293;20
368.33285918754166	F	n242;13
368.33285918754166	F	n282;19
368.33285918754166	F	n325;22
368.33285918754166	F	n281;18
368.33285918754166	F	n326;23
368.33285918754166	F	n294;21
368.33285918754166	F	n238;11
