TIME	EVENT	NODES
267.19055572490555	O	n149
313.2735372024965	E	n149;1
