TIME	EVENT	NODES
267.2417140909631	O	n48
270.50846597342445	E	n48;1
