TIME	EVENT	NODES
267.3448741369536	O	n142
270.8057966152165	I	n142;1
312.1421772672062	E	n142;1
