TIME	EVENT	NODES
267.45824893519864	O	n112
278.4525291252385	E	n112;1
