TIME	EVENT	NODES
267.5652634843328	O	n48
270.50846597342445	E	n48;1
