TIME	EVENT	NODES
267.61192459314054	O	n147
283.3629310829571	S	n147;1;n183;2;n184;3
293.6183387782659	E	n184;3
340.8161266967447	I	n183;2
348.83788713809764	I	n183;2
349.00530575206363	E	n183;2
