TIME	EVENT	NODES
267.70477327500663	O	n90
280.88338111280893	E	n90;1
