TIME	EVENT	NODES
267.707276206468	O	n157
281.86281336619095	S	n157;1;n181;2;n182;3
287.8669456522898	I	n181;2
297.3759122122873	E	n182;3
323.92171485804465	I	n181;2
326.9191915703628	E	n181;2
