TIME	EVENT	NODES
267.72198343534626	O	n142
292.3803926207224	I	n142;1
312.1421772672062	E	n142;1
