TIME	EVENT	NODES
267.7519451664743	O	n138
268.08312347105647	S	n138;1;n163;2;n164;3
277.8106349986983	E	n163;2
279.3689247604448	E	n164;3
