TIME	EVENT	NODES
267.8396290265482	O	n161
277.04604187489826	E	n161;1
