TIME	EVENT	NODES
267.8792535667663	O	n153
287.0419933286788	I	n153;1
294.27007287477545	S	n153;1;n205;2;n206;3
298.1283204238227	S	n206;3;n215;4;n216;5
301.54184050378154	T	n205;2;n205;6;n192;7
301.7496501463424	E	n216;5
304.3069170805054	T	n215;4;n215;8;n202;9
305.99025340734033	E	n202;9
312.48727317663236	L	n192;7
341.5385477573434	S	n215;8;n277;10;n278;11
348.5226666188372	I	n277;10
363.7179365725955	E	n277;10
363.72092949357767	S	n205;6;n313;12;n314;13
368.33285918754166	F	n314;13
368.33285918754166	F	n313;12
368.33285918754166	F	n278;11
