TIME	EVENT	NODES
267.8968437828628	O	n153
274.95748138538676	I	n153;1
294.27007287477545	S	n153;1;n205;2;n206;3
296.3797093119182	I	n206;3
298.1283204238227	S	n206;3;n215;4;n216;5
300.95206856022423	I	n205;2
301.7496501463424	E	n216;5
341.5385477573434	S	n215;4;n277;6;n278;7
357.4458814823138	I	n277;6
363.7179365725955	E	n277;6
363.72092949357767	S	n205;2;n313;8;n314;9
368.33285918754166	F	n314;9
368.33285918754166	F	n313;8
368.33285918754166	F	n278;7
