TIME	EVENT	NODES
267.9583162485801	O	n112
278.4525291252385	E	n112;1
