TIME	EVENT	NODES
267.99995962556034	O	n90
274.0853903236676	I	n90;1
280.88338111280893	E	n90;1
