TIME	EVENT	NODES
268.05978544160916	O	n112
278.4525291252385	E	n112;1
