TIME	EVENT	NODES
268.1518656855645	O	n135
276.5207660810357	I	n135;1
297.944722411288	S	n135;1;n213;2;n214;3
299.1473251872138	E	n214;3
305.3065589137974	S	n213;2;n225;4;n226;5
319.39484196609544	L	n225;4
324.2601856628277	E	n226;5
