TIME	EVENT	NODES
268.20787481791	O	n125
275.11850929823515	S	n125;1;n171;2;n172;3
276.6816189504988	I	n172;3
292.23503915276	I	n172;3
294.1998026308451	E	n171;2
311.899174546639	I	n172;3
315.41472492191235	E	n172;3
