TIME	EVENT	NODES
268.26700432415595	O	n161
268.98986207781553	D	n161;1;n161;2;n161;3
274.5544805173899	I	n161;2
274.5544805173899	I	n161;3
277.04604187489826	E	n161;3
277.04604187489826	E	n161;2
