TIME	EVENT	NODES
268.267139806733	O	n112
271.32814931217933	T	n112;1;n112;2;n153;3
278.4525291252385	E	n112;2
294.27007287477545	S	n153;3;n205;4;n206;5
298.1283204238227	S	n206;5;n215;6;n216;7
301.7496501463424	E	n216;7
314.69462178430973	I	n205;4
341.5385477573434	S	n215;6;n277;8;n278;9
363.7179365725955	E	n277;8
363.72092949357767	S	n205;4;n313;10;n314;11
368.33285918754166	F	n314;11
368.33285918754166	F	n313;10
368.33285918754166	F	n278;9
