TIME	EVENT	NODES
268.7113885117781	O	n133
290.4363268478046	S	n133;1;n193;2;n194;3
293.87416262241237	S	n194;3;n201;4;n202;5
297.20756264263844	S	n193;2;n209;6;n210;7
303.4377349768546	S	n209;6;n223;8;n224;9
305.99025340734033	E	n202;5
307.88032930517045	S	n210;7;n229;10;n230;11
310.74626732789005	S	n224;9;n233;12;n234;13
311.16915775792904	D	n201;4;n201;14;n201;15
312.06673550701987	S	n201;14;n235;16;n236;17
312.06673550701987	S	n201;15;n235;18;n236;19
317.8055333807246	T	n230;11;n230;20;n159;21
321.78135305229097	E	n235;16
321.78135305229097	E	n235;18
322.2176285273803	I	n236;17
322.2176285273803	I	n236;19
322.6630115581117	S	n233;12;n245;22;n246;23
323.20251359115457	I	n159;21
327.68708843484586	S	n223;8;n251;24;n252;25
328.2146319613769	S	n159;21;n253;26;n254;27
331.02825248126715	E	n236;19
331.02825248126715	E	n236;17
331.33754564209744	I	n246;23
332.36480411544613	L	n246;23
334.9897297167016	S	n251;24;n257;28;n258;29
335.92113620132585	S	n254;27;n263;30;n264;31
337.10932653973396	S	n229;10;n267;32;n268;33
338.89935941368094	E	n245;22
339.658731161582	S	n264;31;n271;34;n272;35
340.84795066835494	I	n230;20
342.1368897672253	S	n267;32;n279;36;n280;37
343.3073747525614	C	n263;30
344.02040770953147	S	n258;29;n283;38;n284;39
345.71198993976384	E	n253;26
346.5471506808192	S	n280;37;n285;40;n286;41
346.5990500281604	S	n283;38;n287;42;n288;43
347.3589689447561	S	n268;33;n289;44;n290;45
348.55592170869176	D	n286;41;n286;46;n286;47
349.57170886525773	I	n289;44
352.4281577943353	C	n285;40
352.5832729975322	I	n284;39
352.69868807270086	T	n252;25;n252;48;n187;49
353.2274467652559	S	n284;39;n297;50;n298;51
356.3119546325315	E	n187;49
357.4941939998209	C	n290;45
361.7971077523211	S	n272;35;n309;52;n310;53
362.14507068748986	S	n289;44;n311;54;n312;55
362.6437142984574	L	n285;40
362.93877184850265	E	n279;36
364.39265661618424	S	n310;53;n317;56;n318;57
365.0417268907298	E	n263;30
365.9406802548836	S	n318;57;n329;58;n330;59
366.90972397541697	I	n312;55
368.33285918754166	F	n230;20
368.33285918754166	F	n330;59
368.33285918754166	F	n287;42
368.33285918754166	F	n329;58
368.33285918754166	F	n271;34
368.33285918754166	F	n257;28
368.33285918754166	F	n288;43
368.33285918754166	F	n286;46
368.33285918754166	F	n286;47
368.33285918754166	F	n234;13
368.33285918754166	F	n312;55
368.33285918754166	F	n252;48
368.33285918754166	F	n311;54
368.33285918754166	F	n317;56
368.33285918754166	F	n297;50
368.33285918754166	F	n309;52
368.33285918754166	F	n290;45
368.33285918754166	F	n298;51
