TIME	EVENT	NODES
268.7728341907112	O	n149
302.67345615312456	I	n149;1
313.2735372024965	E	n149;1
