TIME	EVENT	NODES
268.77832255628044	O	n140
275.3394929136777	E	n140;1
