TIME	EVENT	NODES
268.93842756900693	O	n160
283.003644560383	E	n160;1
