TIME	EVENT	NODES
269.0487658929576	O	n150
293.4401227103343	E	n150;1
