TIME	EVENT	NODES
269.0816830260087	O	n150
289.9592669918354	I	n150;1
293.4401227103343	E	n150;1
