TIME	EVENT	NODES
269.0852290358988	O	n105
287.2898658895813	E	n105;1
