TIME	EVENT	NODES
269.1231475593141	O	n113
276.06674945851347	E	n113;1
