TIME	EVENT	NODES
269.1517560587556	O	n159
274.72906307636543	L	n159;1
