TIME	EVENT	NODES
269.30207157599614	O	n142
275.6057308782318	L	n142;1
