TIME	EVENT	NODES
269.3424412431793	O	n117
278.8778393829385	E	n117;1
