TIME	EVENT	NODES
269.4513477098544	O	n149
275.2873386789943	I	n149;1
294.89710151868275	I	n149;1
296.01567618038945	I	n149;1
313.2735372024965	E	n149;1
