TIME	EVENT	NODES
269.45739682433634	O	n159
303.54675415101605	L	n159;1
