TIME	EVENT	NODES
269.5118455684773	O	n140
275.3394929136777	E	n140;1
