TIME	EVENT	NODES
269.5694185945991	O	n105
274.4040955749471	I	n105;1
287.2898658895813	E	n105;1
