TIME	EVENT	NODES
269.5900445620355	O	n136
269.9568136455443	E	n136;1
