TIME	EVENT	NODES
269.63028510416524	O	n140
270.74062295672854	I	n140;1
275.3394929136777	E	n140;1
