TIME	EVENT	NODES
269.6575020815438	O	n98
297.82959460464184	E	n98;1
