TIME	EVENT	NODES
269.74413140156554	O	n164
279.3689247604448	E	n164;1
