TIME	EVENT	NODES
269.8002709612961	O	n162
285.22681745836377	I	n162;1
285.9456044299885	S	n162;1;n185;2;n186;3
292.01152244219134	S	n186;3;n195;4;n196;5
296.6873821835734	D	n196;5;n196;6;n196;7
296.7804733096652	S	n196;6;n207;8;n208;9
296.7804733096652	S	n196;7;n207;10;n208;11
297.16980619578186	I	n207;8
297.16980619578186	I	n207;10
297.4326451761768	L	n185;2
297.77429733878824	E	n208;9
297.77429733878824	E	n208;11
298.5182981782411	E	n207;10
298.5182981782411	E	n207;8
301.5187902891868	E	n195;4
