TIME	EVENT	NODES
269.82598786718523	O	n132
279.1801481933748	I	n132;1
288.5496408940298	S	n132;1;n189;2;n190;3
293.84871180215634	C	n189;2
297.2325938618031	S	n190;3;n211;4;n212;5
306.18779637717876	E	n189;2
309.5793837774951	D	n211;4;n211;6;n211;7
312.8379486029335	I	n212;5
323.451126983794	S	n211;6;n247;8;n248;9
323.451126983794	S	n211;7;n247;10;n248;11
326.9299560409181	S	n248;9;n249;12;n250;13
326.9299560409181	S	n248;11;n249;14;n250;15
334.64198406508626	S	n249;12;n255;16;n256;17
334.64198406508626	S	n249;14;n255;18;n256;19
338.4338878390365	I	n250;13
338.4338878390365	I	n250;15
338.51097831531484	S	n247;8;n269;20;n270;21
338.51097831531484	S	n247;10;n269;22;n270;23
347.5875821495234	L	n270;21
350.84666288717875	D	n255;18;n255;24;n255;25
351.3681074054671	E	n270;23
351.37042779145395	E	n255;16
351.37042779145395	E	n255;24
351.37042779145395	E	n255;25
351.85771485095927	T	n256;17;n256;26;n293;27
356.5243775902817	S	n250;15;n303;28;n304;29
356.5243775902817	S	n250;13;n303;30;n304;31
359.43466135079467	S	n269;20;n307;32;n308;33
359.43466135079467	S	n269;22;n307;34;n308;35
361.35287650703305	I	n307;32
361.35287650703305	I	n307;34
364.14479088522387	E	n212;5
364.49514583717956	S	n304;29;n319;36;n320;37
364.49514583717956	S	n304;31;n319;38;n320;39
365.0168302374957	S	n256;26;n323;40;n324;41
365.0168302374957	S	n256;19;n323;42;n324;43
366.69308672471305	I	n308;33
366.69308672471305	I	n308;35
368.1525611161385	S	n324;41;n331;44;n332;45
368.1525611161385	S	n324;43;n331;46;n332;47
368.33285918754166	F	n293;27
368.33285918754166	F	n307;34
368.33285918754166	F	n307;32
368.33285918754166	F	n303;28
368.33285918754166	F	n303;30
368.33285918754166	F	n308;35
368.33285918754166	F	n308;33
368.33285918754166	F	n331;44
368.33285918754166	F	n331;46
368.33285918754166	F	n323;40
368.33285918754166	F	n323;42
368.33285918754166	F	n320;37
368.33285918754166	F	n320;39
368.33285918754166	F	n332;45
368.33285918754166	F	n332;47
368.33285918754166	F	n319;36
368.33285918754166	F	n319;38
