TIME	EVENT	NODES
269.9135952275136	O	n112
278.4525291252385	E	n112;1
