TIME	EVENT	NODES
270.02378841568793	O	n155
277.214686293654	T	n155;1;n155;2;n171;3
286.83142644459707	L	n155;2
294.1998026308451	E	n171;3
