TIME	EVENT	NODES
270.0590722012578	O	n149
310.90400275168736	I	n149;1
313.2735372024965	E	n149;1
