TIME	EVENT	NODES
270.17328925567057	O	n161
277.04604187489826	E	n161;1
