TIME	EVENT	NODES
270.24596358163495	O	n156
280.3839776552577	C	n156;1
280.9346084359787	E	n156;1
