TIME	EVENT	NODES
270.4370333959412	O	n98
297.82959460464184	E	n98;1
