TIME	EVENT	NODES
270.4598911301825	O	n163
277.8106349986983	E	n163;1
