TIME	EVENT	NODES
270.4608117071036	O	n147
283.3629310829571	S	n147;1;n183;2;n184;3
293.6183387782659	E	n184;3
322.1566387679308	T	n183;2;n183;4;n242;5
329.52217279108385	I	n242;5
336.09098720180936	T	n183;4;n183;6;n261;7
343.8796643279133	L	n242;5
349.00530575206363	E	n183;6
355.69190527382386	I	n261;7
359.16454116420584	E	n261;7
