TIME	EVENT	NODES
270.584197434548	O	n125
275.11850929823515	S	n125;1;n171;2;n172;3
284.91552687050813	I	n172;3
294.1998026308451	E	n171;2
312.6900343152534	I	n172;3
315.41472492191235	E	n172;3
