TIME	EVENT	NODES
270.6835787679951	O	n95
271.5541373875477	S	n95;1;n167;2;n168;3
278.37777927242377	S	n168;3;n179;4;n180;5
278.6214938342557	E	n167;2
281.3492364521308	I	n179;4
282.56958360049487	E	n179;4
288.22331310386767	T	n180;5;n180;6;n171;7
292.321064504694	E	n180;6
294.1998026308451	E	n171;7
