TIME	EVENT	NODES
270.72753795190783	O	n159
290.5154231613829	I	n159;1
303.00770855028355	L	n159;1
