TIME	EVENT	NODES
270.7316886100292	O	n161
277.04604187489826	E	n161;1
