TIME	EVENT	NODES
270.7409106515898	O	n109
287.11255834254723	I	n109;1
315.342886568578	E	n109;1
