TIME	EVENT	NODES
270.7466591823106	O	n142
312.1421772672062	E	n142;1
