TIME	EVENT	NODES
270.7743079818467	O	n110
287.5951517002605	S	n110;1;n187;2;n188;3
292.9330647801304	I	n188;3
293.1267483817216	S	n188;3;n199;4;n200;5
293.90973519565694	S	n199;4;n203;6;n204;7
294.07914662793326	E	n200;5
294.1398472275502	I	n187;2
305.8053411110323	S	n204;7;n227;8;n228;9
307.2570456667183	L	n187;2
314.0104779853529	S	n227;8;n237;10;n238;11
316.8093160848777	I	n237;10
317.67467928320224	I	n238;11
318.9566040063278	S	n203;6;n241;12;n242;13
320.5080337134392	I	n238;11
335.6967060113735	S	n241;12;n261;14;n262;15
339.96246034945096	S	n237;10;n273;16;n274;17
342.3523845263514	S	n228;9;n281;18;n282;19
350.53960376877336	S	n262;15;n293;20;n294;21
354.3594229455014	I	n273;16
355.7899662740194	E	n274;17
359.16454116420584	E	n261;14
359.18869197525214	L	n281;18
365.43190125744275	S	n273;16;n325;22;n326;23
367.24367461959343	T	n326;23;n326;24;n290;25
368.33285918754166	F	n293;20
368.33285918754166	F	n242;13
368.33285918754166	F	n282;19
368.33285918754166	F	n325;22
368.33285918754166	F	n326;24
368.33285918754166	F	n294;21
368.33285918754166	F	n238;11
368.33285918754166	F	n290;25
