TIME	EVENT	NODES
270.7943463596969	O	n112
278.4525291252385	E	n112;1
