TIME	EVENT	NODES
270.87594298969566	O	n163
271.0174046970441	I	n163;1
277.8106349986983	E	n163;1
