TIME	EVENT	NODES
270.98055621257714	O	n149
275.9762124573574	C	n149;1
313.2735372024965	E	n149;1
