TIME	EVENT	NODES
271.0674077917635	O	n112
278.4525291252385	E	n112;1
