TIME	EVENT	NODES
271.1937090012069	O	n143
274.68520477779253	E	n143;1
