TIME	EVENT	NODES
271.25281404319134	O	n156
280.9346084359787	E	n156;1
