TIME	EVENT	NODES
271.44956629762123	O	n90
280.88338111280893	E	n90;1
