TIME	EVENT	NODES
271.5394579768899	O	n163
277.8106349986983	E	n163;1
