TIME	EVENT	NODES
271.58145162305937	O	n161
277.04604187489826	E	n161;1
