TIME	EVENT	NODES
271.5851255415104	O	n117
278.8778393829385	E	n117;1
