TIME	EVENT	NODES
271.61280255886857	O	n133
290.4363268478046	S	n133;1;n193;2;n194;3
293.87416262241237	S	n194;3;n201;4;n202;5
297.20756264263844	S	n193;2;n209;6;n210;7
298.2571829970199	I	n209;6
303.4377349768546	S	n209;6;n223;8;n224;9
305.93633870414726	I	n201;4
305.99025340734033	E	n202;5
307.88032930517045	S	n210;7;n229;10;n230;11
308.3190789674297	L	n230;11
310.74626732789005	S	n224;9;n233;12;n234;13
312.06673550701987	S	n201;4;n235;14;n236;15
312.9793180677668	L	n229;10
313.7772499471615	I	n234;13
314.06113268068987	I	n223;8
315.7431404145997	I	n235;14
321.78135305229097	E	n235;14
322.6630115581117	S	n233;12;n245;16;n246;17
326.60653806436784	I	n246;17
327.68708843484586	S	n223;8;n251;18;n252;19
330.02416111818764	I	n251;18
331.00625293024535	I	n251;18
331.02825248126715	E	n236;15
334.9897297167016	S	n251;18;n257;20;n258;21
338.89935941368094	E	n245;16
339.5464971940684	I	n258;21
341.11177427463167	S	n246;17;n275;22;n276;23
341.173611070319	L	n258;21
348.7700363029201	S	n275;22;n291;24;n292;25
349.9021513207982	I	n276;23
350.6247674253394	S	n276;23;n295;26;n296;27
355.0583586205711	S	n292;25;n299;28;n300;29
355.8778505990836	S	n295;26;n301;30;n302;31
356.8582720636401	L	n291;24
357.1757291726746	S	n301;30;n305;32;n306;33
357.49147811231995	I	n299;28
359.98719328822017	I	n299;28
360.66748199542366	E	n306;33
364.0086300239402	S	n305;32;n315;34;n316;35
364.1699775277031	I	n257;20
364.8824680743981	S	n302;31;n321;36;n322;37
368.33285918754166	F	n316;35
368.33285918754166	F	n322;37
368.33285918754166	F	n300;29
368.33285918754166	F	n296;27
368.33285918754166	F	n299;28
368.33285918754166	F	n257;20
368.33285918754166	F	n234;13
368.33285918754166	F	n252;19
368.33285918754166	F	n321;36
368.33285918754166	F	n315;34
