TIME	EVENT	NODES
271.74891442004673	O	n90
280.88338111280893	E	n90;1
