TIME	EVENT	NODES
271.79018147947164	O	n160
283.003644560383	E	n160;1
