TIME	EVENT	NODES
271.9142909861071	O	n113
276.06674945851347	E	n113;1
