TIME	EVENT	NODES
271.94197424805805	O	n146
275.0960935428681	S	n146;1;n169;2;n170;3
276.778106847264	S	n169;2;n177;4;n178;5
289.7660671719976	S	n177;4;n191;6;n192;7
291.3896816741386	I	n170;3
292.56408620681617	S	n191;6;n197;8;n198;9
294.5469941600685	I	n192;7
295.7101501024865	E	n178;5
297.88510067996623	E	n197;8
303.6621884096646	I	n198;9
305.04658158750726	I	n198;9
309.21205838172443	S	n198;9;n231;10;n232;11
316.27600896896894	E	n192;7
316.36290904867076	I	n170;3
317.30612004847615	S	n232;11;n239;12;n240;13
320.14686286222064	I	n239;12
335.14844581859495	S	n231;10;n259;14;n260;15
348.6720819320871	E	n240;13
348.7564267084988	E	n259;14
361.4399316431469	T	n260;15;n260;16;n285;17
365.3354294195512	E	n260;16
365.6675909654996	S	n239;12;n327;18;n328;19
368.33285918754166	F	n327;18
368.33285918754166	F	n285;17
368.33285918754166	F	n328;19
368.33285918754166	F	n170;3
