TIME	EVENT	NODES
272.3562026977305	O	n149
286.5116020830271	I	n149;1
313.2735372024965	E	n149;1
