TIME	EVENT	NODES
272.3988172754197	O	n164
279.3689247604448	E	n164;1
