TIME	EVENT	NODES
272.5806230172589	O	n149
276.30208427479647	L	n149;1
