TIME	EVENT	NODES
272.63334502639486	O	n112
278.4525291252385	E	n112;1
