TIME	EVENT	NODES
272.91689097828186	O	n166
284.7867619777752	I	n166;1
325.62016585225894	E	n166;1
