TIME	EVENT	NODES
273.0059294036806	O	n159
282.70585986369395	I	n159;1
315.38647305772037	D	n159;1;n159;2;n159;3
328.2146319613769	S	n159;2;n253;4;n254;5
328.2146319613769	S	n159;3;n253;6;n254;7
335.92113620132585	S	n254;5;n263;8;n264;9
335.92113620132585	S	n254;7;n263;10;n264;11
339.658731161582	S	n264;9;n271;12;n272;13
339.658731161582	S	n264;11;n271;14;n272;15
345.71198993976384	E	n253;4
345.71198993976384	E	n253;6
346.59888132766895	I	n271;12
346.59888132766895	I	n271;14
352.38669880176633	C	n271;14
361.7971077523211	S	n272;13;n309;16;n310;17
361.7971077523211	S	n272;15;n309;18;n310;19
363.81841997894	I	n271;14
364.39265661618424	S	n310;17;n317;20;n318;21
364.39265661618424	S	n310;19;n317;22;n318;23
365.0417268907298	E	n263;8
365.0417268907298	E	n263;10
365.9406802548836	S	n318;21;n329;24;n330;25
365.9406802548836	S	n318;23;n329;26;n330;27
368.33285918754166	F	n330;25
368.33285918754166	F	n330;27
368.33285918754166	F	n329;24
368.33285918754166	F	n329;26
368.33285918754166	F	n271;12
368.33285918754166	F	n271;14
368.33285918754166	F	n317;20
368.33285918754166	F	n317;22
368.33285918754166	F	n309;16
368.33285918754166	F	n309;18
