TIME	EVENT	NODES
273.0924981327051	O	n132
288.5496408940298	S	n132;1;n189;2;n190;3
297.2325938618031	S	n190;3;n211;4;n212;5
300.2364266246502	I	n211;4
306.18779637717876	E	n189;2
309.0861526051908	I	n211;4
323.451126983794	S	n211;4;n247;6;n248;7
323.5768600109391	I	n248;7
326.9299560409181	S	n248;7;n249;8;n250;9
327.01660806456476	I	n247;6
331.3293022629171	I	n250;9
334.64198406508626	S	n249;8;n255;10;n256;11
335.86723977866075	D	n212;5;n212;12;n212;13
338.51097831531484	S	n247;6;n269;14;n270;15
339.17849729676647	L	n270;15
349.63651575009936	L	n269;14
351.37042779145395	E	n255;10
354.2806444729707	I	n250;9
356.5243775902817	S	n250;9;n303;16;n304;17
362.6952339851356	I	n303;16
363.93153272386894	C	n304;17
364.14479088522387	E	n212;12
364.14479088522387	E	n212;13
364.49514583717956	S	n304;17;n319;18;n320;19
365.0168302374957	S	n256;11;n323;20;n324;21
367.3823909983052	I	n303;16
368.1525611161385	S	n324;21;n331;22;n332;23
368.33285918754166	F	n303;16
368.33285918754166	F	n331;22
368.33285918754166	F	n323;20
368.33285918754166	F	n320;19
368.33285918754166	F	n332;23
368.33285918754166	F	n319;18
