TIME	EVENT	NODES
273.16233715720176	O	n105
287.2898658895813	E	n105;1
