TIME	EVENT	NODES
273.68950116492977	O	n142
296.6905409069995	I	n142;1
311.26912813080975	I	n142;1
312.1421772672062	E	n142;1
