TIME	EVENT	NODES
273.7819256566465	O	n156
280.9346084359787	E	n156;1
