TIME	EVENT	NODES
273.81560181758033	O	n161
277.04604187489826	E	n161;1
