TIME	EVENT	NODES
273.8307593001473	O	n164
279.3689247604448	E	n164;1
