TIME	EVENT	NODES
273.84617869181477	O	n161
277.04604187489826	E	n161;1
