TIME	EVENT	NODES
273.8721057300338	O	n142
312.1421772672062	E	n142;1
