TIME	EVENT	NODES
273.9524541364018	O	n132
288.5496408940298	S	n132;1;n189;2;n190;3
293.1703909485229	L	n190;3
296.92614713944516	T	n189;2;n189;4;n202;5
305.99025340734033	E	n202;5
306.18779637717876	E	n189;4
