TIME	EVENT	NODES
274.02961410813344	O	n156
280.9346084359787	E	n156;1
