TIME	EVENT	NODES
274.07671703497823	O	n146
275.0960935428681	S	n146;1;n169;2;n170;3
276.778106847264	S	n169;2;n177;4;n178;5
289.7660671719976	S	n177;4;n191;6;n192;7
290.9778871890762	T	n178;5;n178;8;n150;9
292.56408620681617	S	n191;6;n197;10;n198;11
293.4401227103343	E	n150;9
295.7101501024865	E	n178;8
296.4052823082351	I	n170;3
297.88510067996623	E	n197;10
306.17494541398025	L	n198;11
312.19602682234694	C	n192;7
316.27600896896894	E	n192;7
368.33285918754166	F	n170;3
