TIME	EVENT	NODES
274.1022181807673	O	n110
274.43083047763656	I	n110;1
287.5951517002605	S	n110;1;n187;2;n188;3
293.1267483817216	S	n188;3;n199;4;n200;5
293.90973519565694	S	n199;4;n203;6;n204;7
294.07914662793326	E	n200;5
305.8053411110323	S	n204;7;n227;8;n228;9
314.0104779853529	S	n227;8;n237;10;n238;11
317.61670469273764	D	n228;9;n228;12;n228;13
318.9566040063278	S	n203;6;n241;14;n242;15
326.59708559788425	C	n237;10
327.35234377429856	I	n238;11
333.32555224845487	I	n237;10
335.6967060113735	S	n241;14;n261;16;n262;17
339.96246034945096	S	n237;10;n273;18;n274;19
342.3523845263514	S	n228;12;n281;20;n282;21
342.3523845263514	S	n228;13;n281;22;n282;23
349.3197392933823	D	n282;23;n282;24;n282;25
350.53960376877336	S	n262;17;n293;26;n294;27
351.6588701753525	I	n293;26
352.59782028814953	I	n238;11
353.58190020231007	I	n274;19
353.8348181886846	I	n282;21
353.8348181886846	I	n282;24
353.8348181886846	I	n282;25
355.7410719444203	I	n274;19
355.7899662740194	E	n274;19
356.1164804556257	I	n242;15
356.3119546325315	E	n187;2
359.16454116420584	E	n261;16
360.6480810272026	C	n273;18
365.43190125744275	S	n273;18;n325;28;n326;29
368.33285918754166	F	n293;26
368.33285918754166	F	n242;15
368.33285918754166	F	n282;25
368.33285918754166	F	n282;24
368.33285918754166	F	n282;21
368.33285918754166	F	n325;28
368.33285918754166	F	n281;20
368.33285918754166	F	n281;22
368.33285918754166	F	n326;29
368.33285918754166	F	n294;27
368.33285918754166	F	n238;11
