TIME	EVENT	NODES
274.2724379879348	O	n142
285.21319667898535	I	n142;1
312.1421772672062	E	n142;1
