TIME	EVENT	NODES
274.5881104809064	O	n143
274.68520477779253	E	n143;1
