TIME	EVENT	NODES
274.69623153533644	O	n150
282.32204768203707	I	n150;1
293.4401227103343	E	n150;1
