TIME	EVENT	NODES
274.71036328837977	O	n146
275.0960935428681	S	n146;1;n169;2;n170;3
276.778106847264	S	n169;2;n177;4;n178;5
289.7660671719976	S	n177;4;n191;6;n192;7
292.56408620681617	S	n191;6;n197;8;n198;9
292.8317503331822	I	n197;8
293.479819766743	I	n170;3
295.7101501024865	E	n178;5
297.88510067996623	E	n197;8
309.21205838172443	S	n198;9;n231;10;n232;11
316.27600896896894	E	n192;7
317.30612004847615	S	n232;11;n239;12;n240;13
330.11242097769923	I	n239;12
333.4175509769916	C	n231;10
335.14844581859495	S	n231;10;n259;14;n260;15
335.21348913329416	C	n259;14
338.0759428056221	I	n260;15
346.1320591331966	I	n239;12
348.6720819320871	E	n240;13
348.7564267084988	E	n259;14
362.29665565121337	I	n260;15
365.3354294195512	E	n260;15
365.6675909654996	S	n239;12;n327;16;n328;17
366.4168162493551	T	n328;17;n328;18;n282;19
368.33285918754166	F	n282;19
368.33285918754166	F	n327;16
368.33285918754166	F	n328;18
368.33285918754166	F	n170;3
