TIME	EVENT	NODES
274.7200083522281	O	n160
283.003644560383	E	n160;1
