TIME	EVENT	NODES
274.7522999609032	O	n98
297.82959460464184	E	n98;1
