TIME	EVENT	NODES
274.93053036166236	O	n165
300.66408360617874	S	n165;1;n217;2;n218;3
301.39480262224913	S	n217;2;n219;4;n220;5
309.22719658015154	E	n220;5
313.31681944729553	I	n218;3
322.23550031039156	S	n219;4;n243;6;n244;7
325.6764007846782	L	n244;7
327.1046107185982	E	n218;3
336.27194991669535	S	n243;6;n265;8;n266;9
337.9466629699342	E	n266;9
357.83898267386695	E	n265;8
