TIME	EVENT	NODES
275.1383701577784	O	n165
282.785852448243	I	n165;1
288.5093374234066	I	n165;1
300.66408360617874	S	n165;1;n217;2;n218;3
301.39480262224913	S	n217;2;n219;4;n220;5
309.22719658015154	E	n220;5
310.95089261530495	I	n219;4
322.23550031039156	S	n219;4;n243;6;n244;7
325.12213362400695	I	n218;3
326.4412417846996	I	n218;3
327.1046107185982	E	n218;3
331.4177529749128	I	n244;7
336.27194991669535	S	n243;6;n265;8;n266;9
337.9466629699342	E	n266;9
357.83898267386695	E	n265;8
368.33285918754166	F	n244;7
