TIME	EVENT	NODES
275.3090424315781	O	n112
278.4525291252385	E	n112;1
