TIME	EVENT	NODES
275.36188988807027	O	n109
315.342886568578	E	n109;1
