TIME	EVENT	NODES
275.37351461265007	O	n142
283.3681352200588	T	n142;1;n142;2;n135;3
286.99173575179867	I	n142;2
297.944722411288	S	n135;3;n213;4;n214;5
299.1473251872138	E	n214;5
305.3065589137974	S	n213;4;n225;6;n226;7
309.6732302886044	I	n225;6
312.1421772672062	E	n142;2
324.2601856628277	E	n226;7
324.7848548775896	E	n225;6
