TIME	EVENT	NODES
275.54022902392444	O	n149
313.2735372024965	E	n149;1
