TIME	EVENT	NODES
275.5531730385679	O	n109
315.342886568578	E	n109;1
