TIME	EVENT	NODES
275.5936479668184	O	n110
284.0337159750186	C	n110;1
287.5951517002605	S	n110;1;n187;2;n188;3
291.0152438381609	C	n188;3
293.1267483817216	S	n188;3;n199;4;n200;5
293.90973519565694	S	n199;4;n203;6;n204;7
294.07914662793326	E	n200;5
299.7732788274449	C	n204;7
305.8053411110323	S	n204;7;n227;8;n228;9
314.0104779853529	S	n227;8;n237;10;n238;11
314.1866133436823	D	n203;6;n203;12;n203;13
318.9566040063278	S	n203;12;n241;14;n242;15
318.9566040063278	S	n203;13;n241;16;n242;17
319.6689926567723	I	n241;14
319.6689926567723	I	n241;16
323.31892506307753	D	n241;16;n241;18;n241;19
328.86130810667396	I	n237;10
330.2917930594482	I	n237;10
335.60155855690687	L	n228;9
335.60155855690687	T	n238;11;n238;20;n228;21
335.6967060113735	S	n241;18;n261;22;n262;23
335.6967060113735	S	n241;19;n261;24;n262;25
335.6967060113735	S	n241;14;n261;26;n262;27
339.96246034945096	S	n237;10;n273;28;n274;29
341.18147171562265	I	n261;22
341.18147171562265	I	n261;24
341.18147171562265	I	n261;26
342.3523845263514	S	n228;21;n281;30;n282;31
345.81626860807586	I	n281;30
350.53960376877336	S	n262;23;n293;32;n294;33
350.53960376877336	S	n262;25;n293;34;n294;35
350.53960376877336	S	n262;27;n293;36;n294;37
351.85047477880437	I	n274;29
352.6640134552425	I	n293;32
355.7899662740194	E	n274;29
356.3119546325315	E	n187;2
356.6455827229194	I	n281;30
359.16454116420584	E	n261;26
359.16454116420584	E	n261;24
359.16454116420584	E	n261;22
365.43190125744275	S	n273;28;n325;38;n326;39
366.80960383901817	T	n294;35;n294;40;n311;41
368.33285918754166	F	n293;32
368.33285918754166	F	n293;34
368.33285918754166	F	n293;36
368.33285918754166	F	n242;15
368.33285918754166	F	n242;17
368.33285918754166	F	n282;31
368.33285918754166	F	n325;38
368.33285918754166	F	n281;30
368.33285918754166	F	n326;39
368.33285918754166	F	n311;41
368.33285918754166	F	n294;33
368.33285918754166	F	n294;40
368.33285918754166	F	n294;37
368.33285918754166	F	n238;20
