TIME	EVENT	NODES
275.6917014572898	O	n90
280.88338111280893	E	n90;1
