TIME	EVENT	NODES
275.9322175627424	O	n110
287.5951517002605	S	n110;1;n187;2;n188;3
293.1267483817216	S	n188;3;n199;4;n200;5
293.90973519565694	S	n199;4;n203;6;n204;7
294.07914662793326	E	n200;5
304.73461633262735	D	n203;6;n203;8;n203;9
305.5137319596221	I	n203;8
305.5137319596221	I	n203;9
305.8053411110323	S	n204;7;n227;10;n228;11
314.0104779853529	S	n227;10;n237;12;n238;13
316.7790855782712	C	n203;8
318.9566040063278	S	n203;8;n241;14;n242;15
318.9566040063278	S	n203;9;n241;16;n242;17
320.48563238404563	T	n237;12;n237;18;n205;19
322.37375396554893	L	n241;16
322.82121759829084	I	n187;2
323.9011308238118	I	n187;2
324.5636905729938	I	n238;13
328.32712732217635	L	n237;18
335.6967060113735	S	n241;14;n261;20;n262;21
342.3523845263514	S	n228;11;n281;22;n282;23
348.16100515276077	C	n187;2
350.53960376877336	S	n262;21;n293;24;n294;25
352.74517641283745	I	n282;23
356.3119546325315	E	n187;2
359.16454116420584	E	n261;20
363.72092949357767	S	n205;19;n313;26;n314;27
368.33285918754166	F	n293;24
368.33285918754166	F	n242;15
368.33285918754166	F	n242;17
368.33285918754166	F	n282;23
368.33285918754166	F	n281;22
368.33285918754166	F	n314;27
368.33285918754166	F	n294;25
368.33285918754166	F	n238;13
368.33285918754166	F	n313;26
