TIME	EVENT	NODES
275.9677635543359	O	n90
280.88338111280893	E	n90;1
