TIME	EVENT	NODES
276.0316915302849	O	n160
283.003644560383	E	n160;1
