TIME	EVENT	NODES
276.12359170008637	O	n149
291.4592829737655	I	n149;1
308.8373681364126	T	n149;1;n149;2;n225;3
313.2735372024965	E	n149;2
324.7848548775896	E	n225;3
