TIME	EVENT	NODES
276.1673682926064	O	n90
280.88338111280893	E	n90;1
