TIME	EVENT	NODES
276.222880115165	O	n173
290.69321126330374	I	n173;1
293.14296125663776	I	n173;1
314.5087251124538	E	n173;1
