TIME	EVENT	NODES
276.2346887595571	O	n166
325.62016585225894	E	n166;1
