TIME	EVENT	NODES
276.27284851442204	O	n142
312.1421772672062	E	n142;1
