TIME	EVENT	NODES
276.2796114621318	O	n167
278.6214938342557	E	n167;1
