TIME	EVENT	NODES
276.3170405738716	O	n149
309.6511502869501	I	n149;1
311.96882895987267	C	n149;1
313.2735372024965	E	n149;1
