TIME	EVENT	NODES
276.3703105242479	O	n112
278.4525291252385	E	n112;1
