TIME	EVENT	NODES
276.37195002208	O	n105
287.2898658895813	E	n105;1
