TIME	EVENT	NODES
276.38376853178016	O	n161
277.04604187489826	E	n161;1
