TIME	EVENT	NODES
276.4230996921988	O	n174
286.92085894109823	L	n174;1
