TIME	EVENT	NODES
276.5686086693409	O	n173
314.5087251124538	E	n173;1
