TIME	EVENT	NODES
276.6020102662612	O	n170
367.0727444889898	C	n170;1
368.33285918754166	F	n170;1
