TIME	EVENT	NODES
276.60725172234226	O	n90
280.88338111280893	E	n90;1
