TIME	EVENT	NODES
276.6593909899523	O	n171
294.1998026308451	E	n171;1
