TIME	EVENT	NODES
276.7001308841987	O	n110
283.87816820239607	I	n110;1
287.5951517002605	S	n110;1;n187;2;n188;3
293.1267483817216	S	n188;3;n199;4;n200;5
293.90973519565694	S	n199;4;n203;6;n204;7
294.07914662793326	E	n200;5
299.12635350846284	I	n203;6
299.960508275328	C	n187;2
305.8053411110323	S	n204;7;n227;8;n228;9
314.0104779853529	S	n227;8;n237;10;n238;11
317.93148972518173	I	n238;11
318.9566040063278	S	n203;6;n241;12;n242;13
322.8520774562684	D	n241;12;n241;14;n241;15
324.2877732099755	I	n241;14
324.2877732099755	I	n241;15
325.93063745434966	I	n237;10
329.06641205032196	I	n228;9
330.2221475965039	C	n237;10
330.7056449204702	I	n241;15
330.7056449204702	I	n241;14
331.5651094110081	I	n238;11
335.6967060113735	S	n241;14;n261;16;n262;17
335.6967060113735	S	n241;15;n261;18;n262;19
339.96246034945096	S	n237;10;n273;20;n274;21
342.3523845263514	S	n228;9;n281;22;n282;23
342.5098246380464	T	n261;18;n261;24;n253;25
345.71198993976384	E	n253;25
348.91891388804095	L	n282;23
350.53960376877336	S	n262;17;n293;26;n294;27
350.53960376877336	S	n262;19;n293;28;n294;29
355.52133653736706	L	n274;21
355.52133653736706	T	n261;24;n261;30;n274;31
355.7899662740194	E	n274;31
356.3119546325315	E	n187;2
359.16454116420584	E	n261;16
359.16454116420584	E	n261;30
365.43190125744275	S	n273;20;n325;32;n326;33
365.63394948672277	I	n325;32
367.28502234346956	I	n325;32
368.1202744279893	I	n325;32
368.33285918754166	F	n293;26
368.33285918754166	F	n293;28
368.33285918754166	F	n242;13
368.33285918754166	F	n325;32
368.33285918754166	F	n281;22
368.33285918754166	F	n326;33
368.33285918754166	F	n294;27
368.33285918754166	F	n294;29
368.33285918754166	F	n238;11
