TIME	EVENT	NODES
276.78394457693213	O	n112
278.4525291252385	E	n112;1
