TIME	EVENT	NODES
276.83995273969657	O	n155
297.6480802541768	T	n155;1;n155;2;n165;3
300.66408360617874	S	n165;3;n217;4;n218;5
301.0730309445993	L	n218;5
301.39480262224913	S	n217;4;n219;6;n220;7
302.77518792485097	S	n155;2;n221;8;n222;9
303.53877460970455	I	n221;8
304.4426077074402	C	n219;6
309.22719658015154	E	n220;7
314.3193370741534	E	n222;9
316.3396481149163	T	n221;8;n221;10;n205;11
322.23550031039156	S	n219;6;n243;12;n244;13
323.5331372371163	I	n244;13
331.68211643985154	L	n205;11
333.2243139310976	I	n221;10
336.27194991669535	S	n243;12;n265;14;n266;15
337.9466629699342	E	n266;15
357.83898267386695	E	n265;14
368.33285918754166	F	n244;13
368.33285918754166	F	n221;10
