TIME	EVENT	NODES
276.8972594474444	O	n112
278.4525291252385	E	n112;1
