TIME	EVENT	NODES
276.89899627578313	O	n162
285.9456044299885	S	n162;1;n185;2;n186;3
289.07551608741403	I	n185;2
290.1144956338183	T	n185;2;n185;4;n189;5
292.01152244219134	S	n186;3;n195;6;n196;7
294.70662069344394	C	n196;7
296.7804733096652	S	n196;7;n207;8;n208;9
297.75972403085404	I	n195;6
297.77429733878824	E	n208;9
298.5182981782411	E	n207;8
301.37631581860853	I	n189;5
301.5187902891868	E	n195;6
306.18779637717876	E	n189;5
306.7118637562414	E	n185;4
