TIME	EVENT	NODES
276.95088085153066	O	n110
285.27978079195947	I	n110;1
287.5951517002605	S	n110;1;n187;2;n188;3
289.5029761562176	T	n188;3;n188;4;n166;5
293.1267483817216	S	n188;4;n199;6;n200;7
293.90973519565694	S	n199;6;n203;8;n204;9
294.07914662793326	E	n200;7
296.1755008745984	L	n187;2
298.02056703483083	D	n203;8;n203;10;n203;11
300.93287723676025	L	n203;11
305.8053411110323	S	n204;9;n227;12;n228;13
314.0104779853529	S	n227;12;n237;14;n238;15
318.9566040063278	S	n203;10;n241;16;n242;17
325.62016585225894	E	n166;5
335.6967060113735	S	n241;16;n261;18;n262;19
335.8913160342679	I	n228;13
339.96246034945096	S	n237;14;n273;20;n274;21
342.3523845263514	S	n228;13;n281;22;n282;23
346.3018021962096	I	n282;23
347.701645545619	I	n262;19
348.7885287499841	I	n261;18
350.53960376877336	S	n262;19;n293;24;n294;25
355.7899662740194	E	n274;21
356.40752609609893	I	n293;24
359.16454116420584	E	n261;18
362.8178541993036	C	n273;20
365.43190125744275	S	n273;20;n325;26;n326;27
367.8253034397492	D	n242;17;n242;28;n242;29
368.33285918754166	F	n293;24
368.33285918754166	F	n242;28
368.33285918754166	F	n242;29
368.33285918754166	F	n282;23
368.33285918754166	F	n325;26
368.33285918754166	F	n281;22
368.33285918754166	F	n326;27
368.33285918754166	F	n294;25
368.33285918754166	F	n238;15
