TIME	EVENT	NODES
276.9663125033521	O	n168
278.37777927242377	S	n168;1;n179;2;n180;3
282.56958360049487	E	n179;2
283.10812510945766	I	n180;3
292.321064504694	E	n180;3
