TIME	EVENT	NODES
277.0011947043402	O	n149
291.32010124709296	T	n149;1;n149;2;n178;3
291.36375155482557	D	n178;3;n178;4;n178;5
295.7101501024865	E	n178;4
295.7101501024865	E	n178;5
313.2735372024965	E	n149;2
