TIME	EVENT	NODES
277.06607095070683	O	n166
325.62016585225894	E	n166;1
