TIME	EVENT	NODES
277.0839770150957	O	n174
316.64521563171144	E	n174;1
