TIME	EVENT	NODES
0	O	Root
0.0	S	Root;1;n1;2;n2;3
3.2265121368497676	S	n2;3;n3;4;n4;5
6.0891450189117755	S	n4;5;n5;6;n6;7
12.049627919615546	E	n1;2
14.311598460761413	I	n6;7
30.337553612540763	S	n3;4;n7;8;n8;9
31.62433779796184	I	n5;6
32.95586798859281	I	n7;8
41.7308661144652	E	n6;7
41.97577286437637	L	n8;9
53.78596739840771	I	n7;8
65.79458869924449	S	n5;6;n11;10;n12;11
66.78019019114733	I	n7;8
78.67196232775571	E	n11;10
80.59920766624008	E	n12;11
81.89526744403872	I	n7;8
109.95472843649425	I	n7;8
137.9439774111534	I	n7;8
146.63083566607898	L	n7;8
