TIME	EVENT	NODES
277.14488579768755	O	n142
285.21319667898535	I	n142;1
312.1421772672062	E	n142;1
