TIME	EVENT	NODES
277.25831810537255	O	n98
297.82959460464184	E	n98;1
