TIME	EVENT	NODES
277.30764722576873	O	n105
287.2898658895813	E	n105;1
