TIME	EVENT	NODES
277.5105897576963	O	n132
288.5496408940298	S	n132;1;n189;2;n190;3
297.2325938618031	S	n190;3;n211;4;n212;5
300.5613171342933	D	n212;5;n212;6;n212;7
306.18779637717876	E	n189;2
323.451126983794	S	n211;4;n247;8;n248;9
326.9299560409181	S	n248;9;n249;10;n250;11
334.64198406508626	S	n249;10;n255;12;n256;13
334.7626009179464	L	n212;6
337.7421079806158	I	n247;8
338.51097831531484	S	n247;8;n269;14;n270;15
340.78693961608474	D	n270;15;n270;16;n270;17
351.3681074054671	E	n270;16
351.3681074054671	E	n270;17
351.37042779145395	E	n255;12
356.5243775902817	S	n250;11;n303;18;n304;19
359.43466135079467	S	n269;14;n307;20;n308;21
361.78207696059627	I	n212;7
362.3993247982543	I	n256;13
364.14479088522387	E	n212;7
364.49514583717956	S	n304;19;n319;22;n320;23
365.0168302374957	S	n256;13;n323;24;n324;25
368.1525611161385	S	n324;25;n331;26;n332;27
368.33285918754166	F	n307;20
368.33285918754166	F	n303;18
368.33285918754166	F	n308;21
368.33285918754166	F	n331;26
368.33285918754166	F	n323;24
368.33285918754166	F	n320;23
368.33285918754166	F	n332;27
368.33285918754166	F	n319;22
