TIME	EVENT	NODES
277.52905020721784	O	n98
297.82959460464184	E	n98;1
