TIME	EVENT	NODES
277.53538032351423	O	n153
294.27007287477545	S	n153;1;n205;2;n206;3
298.1283204238227	S	n206;3;n215;4;n216;5
301.7496501463424	E	n216;5
314.58968981839314	I	n215;4
320.1306508583624	I	n205;2
327.4847826697247	I	n205;2
341.5385477573434	S	n215;4;n277;6;n278;7
345.71141013065096	L	n277;6
354.04208744621985	D	n205;2;n205;8;n205;9
363.72092949357767	S	n205;8;n313;10;n314;11
363.72092949357767	S	n205;9;n313;12;n314;13
368.33285918754166	F	n314;11
368.33285918754166	F	n314;13
368.33285918754166	F	n313;10
368.33285918754166	F	n313;12
368.33285918754166	F	n278;7
