TIME	EVENT	NODES
277.5489978404417	O	n117
278.8778393829385	E	n117;1
