TIME	EVENT	NODES
277.6493710725826	O	n172
277.8566769040187	I	n172;1
315.41472492191235	E	n172;1
