TIME	EVENT	NODES
277.6494071477929	O	n175
287.442983712723	T	n175;1;n175;2;n166;3
296.4430408222861	E	n175;2
325.62016585225894	E	n166;3
