TIME	EVENT	NODES
277.6689686579028	O	n112
278.4525291252385	E	n112;1
