TIME	EVENT	NODES
277.84053462015225	O	n157
279.84654300724833	I	n157;1
281.86281336619095	S	n157;1;n181;2;n182;3
297.3759122122873	E	n182;3
311.0927644648807	I	n181;2
326.9191915703628	E	n181;2
