TIME	EVENT	NODES
277.8863349751151	O	n175
296.4430408222861	E	n175;1
