TIME	EVENT	NODES
277.9328262642623	O	n150
289.4007324668549	I	n150;1
293.4401227103343	E	n150;1
