TIME	EVENT	NODES
277.93523091635035	O	n109
292.16187798555933	I	n109;1
315.342886568578	E	n109;1
