TIME	EVENT	NODES
277.98534714408817	O	n150
293.4401227103343	E	n150;1
