TIME	EVENT	NODES
278.06222059359897	O	n174
293.9148645197091	I	n174;1
316.64521563171144	E	n174;1
