TIME	EVENT	NODES
278.1234556507503	O	n160
280.3499750718744	C	n160;1
283.003644560383	E	n160;1
