TIME	EVENT	NODES
278.17856998241535	O	n171
294.1998026308451	E	n171;1
