TIME	EVENT	NODES
278.2152717499041	O	n164
279.3689247604448	E	n164;1
