TIME	EVENT	NODES
278.29548093883295	O	n170
293.479819766743	I	n170;1
368.33285918754166	F	n170;1
