TIME	EVENT	NODES
278.3551807495638	O	n166
279.7564914733015	I	n166;1
325.62016585225894	E	n166;1
