TIME	EVENT	NODES
278.58536812213066	O	n171
294.1998026308451	E	n171;1
