TIME	EVENT	NODES
278.59169053282267	O	n176
285.76396366295205	E	n176;1
