TIME	EVENT	NODES
278.6201530803695	O	n173
314.5087251124538	E	n173;1
