TIME	EVENT	NODES
278.7362246027535	O	n133
290.4363268478046	S	n133;1;n193;2;n194;3
293.87416262241237	S	n194;3;n201;4;n202;5
297.20756264263844	S	n193;2;n209;6;n210;7
303.4377349768546	S	n209;6;n223;8;n224;9
305.99025340734033	E	n202;5
307.88032930517045	S	n210;7;n229;10;n230;11
309.42073242192873	I	n224;9
310.74626732789005	S	n224;9;n233;12;n234;13
312.06673550701987	S	n201;4;n235;14;n236;15
319.76832715857324	I	n235;14
321.78135305229097	E	n235;14
322.6630115581117	S	n233;12;n245;16;n246;17
327.68708843484586	S	n223;8;n251;18;n252;19
331.02825248126715	E	n236;15
331.5681487178229	I	n252;19
334.9897297167016	S	n251;18;n257;20;n258;21
337.10932653973396	S	n229;10;n267;22;n268;23
338.89935941368094	E	n245;16
341.11177427463167	S	n246;17;n275;24;n276;25
341.43531669552476	I	n252;19
342.1368897672253	S	n267;22;n279;26;n280;27
342.91108023498384	I	n280;27
344.02040770953147	S	n258;21;n283;28;n284;29
346.5471506808192	S	n280;27;n285;30;n286;31
346.5990500281604	S	n283;28;n287;32;n288;33
347.3589689447561	S	n268;23;n289;34;n290;35
348.3893663698283	L	n257;20
348.3893663698283	T	n288;33;n288;36;n257;37
348.7700363029201	S	n275;24;n291;38;n292;39
350.6247674253394	S	n276;25;n295;40;n296;41
351.53764296611564	L	n279;26
352.5180459264048	I	n289;34
352.79290496622485	I	n295;40
353.2274467652559	S	n284;29;n297;42;n298;43
354.84560300095563	I	n230;11
355.0583586205711	S	n292;39;n299;44;n300;45
355.8778505990836	S	n295;40;n301;46;n302;47
357.1757291726746	S	n301;46;n305;48;n306;49
360.3422745028397	C	n300;45
360.66748199542366	E	n306;49
362.14507068748986	S	n289;34;n311;50;n312;51
364.0086300239402	S	n305;48;n315;52;n316;53
364.40907063903575	I	n234;13
364.43243593341106	I	n286;31
364.8824680743981	S	n302;47;n321;54;n322;55
364.8974047490148	I	n298;43
366.9098366367591	I	n288;36
367.55353322747044	I	n230;11
368.33285918754166	F	n316;53
368.33285918754166	F	n230;11
368.33285918754166	F	n322;55
368.33285918754166	F	n291;38
368.33285918754166	F	n300;45
368.33285918754166	F	n296;41
368.33285918754166	F	n287;32
368.33285918754166	F	n299;44
368.33285918754166	F	n257;37
368.33285918754166	F	n288;36
368.33285918754166	F	n285;30
368.33285918754166	F	n286;31
368.33285918754166	F	n234;13
368.33285918754166	F	n312;51
368.33285918754166	F	n252;19
368.33285918754166	F	n311;50
368.33285918754166	F	n321;54
368.33285918754166	F	n297;42
368.33285918754166	F	n290;35
368.33285918754166	F	n315;52
368.33285918754166	F	n298;43
