TIME	EVENT	NODES
278.8566253824343	O	n150
293.4401227103343	E	n150;1
