TIME	EVENT	NODES
0	O	Root
0.0	S	Root;1;n1;2;n2;3
1.1526049188520024	S	n1;2;n3;4;n4;5
4.484958026479743	S	n3;4;n5;6;n6;7
5.070681651816388	E	n5;6
7.566795314525711	S	n4;5;n7;8;n8;9
9.937342596589726	E	n7;8
18.010842820539494	S	n6;7;n9;10;n10;11
18.72525087632603	C	n2;3
20.239990944317555	S	n9;10;n11;12;n12;13
22.321333856383625	E	n11;12
22.909819856367786	S	n8;9;n13;14;n14;15
24.41824382283007	S	n12;13;n15;16;n16;17
25.275904007085455	L	n14;15
25.86298051660454	E	n15;16
25.994083955967792	L	n10;11
26.256835295663688	E	n2;3
27.04655144454366	E	n16;17
39.04702059247166	E	n13;14
