TIME	EVENT	NODES
279.25888333240556	O	n173
314.5087251124538	E	n173;1
