TIME	EVENT	NODES
279.2992447441181	O	n156
280.9346084359787	E	n156;1
