TIME	EVENT	NODES
279.6505464029269	O	n149
313.2735372024965	E	n149;1
