TIME	EVENT	NODES
280.2552772916033	O	n90
280.88338111280893	E	n90;1
