TIME	EVENT	NODES
280.3300361028467	O	n105
287.2898658895813	E	n105;1
