TIME	EVENT	NODES
280.39459135621877	O	n147
283.3629310829571	S	n147;1;n183;2;n184;3
293.6183387782659	E	n184;3
304.9142397230572	I	n183;2
349.00530575206363	E	n183;2
