TIME	EVENT	NODES
280.4108224443959	O	n180
292.321064504694	E	n180;1
