TIME	EVENT	NODES
280.44865616030813	O	n159
282.70585986369395	I	n159;1
316.17773053748544	L	n159;1
