TIME	EVENT	NODES
280.5714218298969	O	n159
320.95715525056033	I	n159;1
328.1612413143132	L	n159;1
