TIME	EVENT	NODES
280.58263427660836	O	n142
291.8827863494842	I	n142;1
293.811878171657	L	n142;1
