TIME	EVENT	NODES
280.58305132160547	O	n166
290.05697103609276	I	n166;1
293.3819402834793	I	n166;1
318.40176582549344	I	n166;1
325.62016585225894	E	n166;1
