TIME	EVENT	NODES
280.6219757814873	O	n174
292.37117248442786	I	n174;1
298.7158569487639	I	n174;1
316.64521563171144	E	n174;1
