TIME	EVENT	NODES
280.7892384660107	O	n109
315.342886568578	E	n109;1
