TIME	EVENT	NODES
280.7900007984949	O	n173
312.8159574334193	C	n173;1
314.5087251124538	E	n173;1
