TIME	EVENT	NODES
280.8414118831351	O	n173
314.5087251124538	E	n173;1
