TIME	EVENT	NODES
280.8667321923325	O	n165
300.66408360617874	S	n165;1;n217;2;n218;3
301.39480262224913	S	n217;2;n219;4;n220;5
309.22719658015154	E	n220;5
309.9627003382464	I	n219;4
316.9380724622402	I	n219;4
322.23550031039156	S	n219;4;n243;6;n244;7
327.1046107185982	E	n218;3
333.4517098064388	I	n244;7
336.27194991669535	S	n243;6;n265;8;n266;9
337.4581155652351	I	n244;7
337.9466629699342	E	n266;9
342.121941400088	I	n244;7
357.83898267386695	E	n265;8
368.33285918754166	F	n244;7
