TIME	EVENT	NODES
281.0463422423004	O	n105
287.2898658895813	E	n105;1
