TIME	EVENT	NODES
281.0568374502194	O	n180
281.11541794328764	I	n180;1
287.7166975512618	I	n180;1
292.321064504694	E	n180;1
