TIME	EVENT	NODES
281.145222396339	O	n174
286.79505674664404	C	n174;1
298.59967805978044	I	n174;1
316.64521563171144	E	n174;1
