TIME	EVENT	NODES
281.17004352436203	O	n159
286.40797346766334	L	n159;1
