TIME	EVENT	NODES
281.60331484677016	O	n98
297.82959460464184	E	n98;1
