TIME	EVENT	NODES
281.6211983810587	O	n166
301.2084090987562	C	n166;1
325.62016585225894	E	n166;1
