TIME	EVENT	NODES
281.6618267086958	O	n174
316.64521563171144	E	n174;1
