TIME	EVENT	NODES
281.7461275613715	O	n153
294.27007287477545	S	n153;1;n205;2;n206;3
298.1283204238227	S	n206;3;n215;4;n216;5
301.7496501463424	E	n216;5
311.0581398351409	I	n215;4
317.5420988904436	I	n205;2
341.5385477573434	S	n215;4;n277;6;n278;7
342.8523752487584	I	n205;2
350.1336863331988	I	n205;2
361.847175486363	I	n278;7
363.7179365725955	E	n277;6
363.72092949357767	S	n205;2;n313;8;n314;9
368.33285918754166	F	n314;9
368.33285918754166	F	n313;8
368.33285918754166	F	n278;7
