TIME	EVENT	NODES
281.74665960086804	O	n179
282.56958360049487	E	n179;1
