TIME	EVENT	NODES
0	O	Root
0.0	S	Root;1;n1;2;n2;3
3.35634255505027	E	n1;2
6.689912718607442	S	n2;3;n3;4;n4;5
9.52089163317238	S	n4;5;n5;6;n6;7
10.888750871328412	S	n6;7;n7;8;n8;9
12.729289426867297	L	n7;8
12.729289426867297	T	n3;4;n3;10;n7;11
16.661417086053657	S	n3;10;n9;12;n10;13
17.681552081932402	E	n10;13
19.665825888425452	L	n7;11
20.92649958733434	I	n5;6
22.401872151706616	S	n9;12;n11;14;n12;15
22.41324765578705	E	n12;15
22.590498145432377	S	n8;9;n13;16;n14;17
23.021778876448593	S	n13;16;n17;18;n18;19
23.309087423211405	E	n18;19
23.67182323826393	E	n5;6
29.034297600007672	I	n17;18
29.746783029605652	S	n17;18;n21;20;n22;21
30.85807005283699	E	n14;17
31.49007846860047	S	n22;21;n23;22;n24;23
33.3266154078909	E	n24;23
35.18763541247925	S	n23;22;n31;24;n32;25
35.678876359008704	S	n32;25;n33;26;n34;27
36.88128362876969	E	n11;14
37.43449429937737	E	n33;26
42.16982539729144	S	n21;20;n35;28;n36;29
42.932085337062354	S	n35;28;n37;30;n38;31
43.96599703156712	S	n38;31;n39;32;n40;33
45.829514390972626	S	n40;33;n43;34;n44;35
46.54911121911787	S	n43;34;n45;36;n46;37
46.684750265085036	E	n39;32
46.87578296073487	S	n36;29;n47;38;n48;39
47.034496220930585	S	n46;37;n49;40;n50;41
47.20567624080078	E	n37;30
47.6395298760472	E	n44;35
47.801935550276376	E	n34;27
48.84808828274464	D	n49;40;n49;42;n49;43
48.913423218412746	S	n45;36;n51;44;n52;45
49.62449324731363	L	n48;39
51.65188497381932	E	n51;44
51.66779848799393	I	n50;41
52.00683670020086	E	n31;24
54.22525593253356	S	n49;42;n53;46;n54;47
54.22525593253356	S	n49;43;n53;48;n54;49
54.86457311440032	S	n54;47;n55;50;n56;51
54.86457311440032	S	n54;49;n55;52;n56;53
56.27158308445796	E	n56;51
56.27158308445796	E	n56;53
58.8528404549742	E	n50;41
62.97092314859309	L	n52;45
69.27734310787434	I	n55;50
69.27734310787434	I	n55;52
69.3614836110607	S	n47;38;n71;54;n72;55
70.88343313549224	E	n72;55
71.89828452143536	E	n55;52
71.89828452143536	E	n55;50
74.41436690001827	E	n53;46
74.41436690001827	E	n53;48
80.57463946636354	S	n71;54;n83;56;n84;57
83.36154141654652	I	n83;56
86.60669252253648	E	n83;56
91.78210615836441	S	n84;57;n103;58;n104;59
101.95642972344521	I	n104;59
102.82426853750586	E	n103;58
106.57096831231419	E	n104;59
