TIME	EVENT	NODES
282.03935240247154	O	n175
296.4430408222861	E	n175;1
