TIME	EVENT	NODES
282.1717560528725	O	n175
295.3017646490898	I	n175;1
296.4430408222861	E	n175;1
