TIME	EVENT	NODES
282.2484516730973	O	n178
295.7101501024865	E	n178;1
