TIME	EVENT	NODES
282.36270919715884	O	n142
293.61350771062746	I	n142;1
312.1421772672062	E	n142;1
