TIME	EVENT	NODES
282.4762344086038	O	n180
287.7166975512618	I	n180;1
292.321064504694	E	n180;1
