TIME	EVENT	NODES
282.7724143399574	O	n178
295.7101501024865	E	n178;1
