TIME	EVENT	NODES
282.79995186215706	O	n153
294.27007287477545	S	n153;1;n205;2;n206;3
298.1283204238227	S	n206;3;n215;4;n216;5
301.7496501463424	E	n216;5
317.01114394872144	I	n205;2
335.86056617815103	I	n215;4
341.5385477573434	S	n215;4;n277;6;n278;7
363.7179365725955	E	n277;6
363.72092949357767	S	n205;2;n313;8;n314;9
368.33285918754166	F	n314;9
368.33285918754166	F	n313;8
368.33285918754166	F	n278;7
