TIME	EVENT	NODES
282.8275989265629	O	n174
316.64521563171144	E	n174;1
