TIME	EVENT	NODES
282.96948200561593	O	n105
287.2898658895813	E	n105;1
