TIME	EVENT	NODES
283.3323734263514	O	n165
293.7773658077286	L	n165;1
