TIME	EVENT	NODES
283.43901643932884	O	n182
297.3759122122873	E	n182;1
