TIME	EVENT	NODES
0	O	Root
0.0	S	Root;1;n1;2;n2;3
3.2265121368497676	S	n2;3;n3;4;n4;5
6.0891450189117755	S	n4;5;n5;6;n6;7
11.441003896231868	I	n5;6
12.049627919615546	E	n1;2
15.30133088048336	I	n5;6
26.144125455219765	I	n3;4
26.56495904492506	L	n5;6
28.57420541727926	L	n3;4
41.7308661144652	E	n6;7
