TIME	EVENT	NODES
283.4716390991259	O	n175
286.4360426055309	I	n175;1
296.4430408222861	E	n175;1
