TIME	EVENT	NODES
283.6734338892184	O	n171
286.9439452214206	I	n171;1
294.1998026308451	E	n171;1
