TIME	EVENT	NODES
283.7167194539021	O	n132
288.5496408940298	S	n132;1;n189;2;n190;3
297.2325938618031	S	n190;3;n211;4;n212;5
306.18779637717876	E	n189;2
323.451126983794	S	n211;4;n247;6;n248;7
325.3357706177903	I	n247;6
326.9299560409181	S	n248;7;n249;8;n250;9
329.85295735282716	L	n247;6
334.64198406508626	S	n249;8;n255;10;n256;11
334.7541284059964	I	n256;11
349.71198621842126	I	n250;9
351.37042779145395	E	n255;10
356.5243775902817	S	n250;9;n303;12;n304;13
364.14479088522387	E	n212;5
364.49514583717956	S	n304;13;n319;14;n320;15
365.0168302374957	S	n256;11;n323;16;n324;17
368.1525611161385	S	n324;17;n331;18;n332;19
368.33285918754166	F	n303;12
368.33285918754166	F	n331;18
368.33285918754166	F	n323;16
368.33285918754166	F	n320;15
368.33285918754166	F	n332;19
368.33285918754166	F	n319;14
