TIME	EVENT	NODES
283.76948100271125	O	n183
340.8161266967447	I	n183;1
349.00530575206363	E	n183;1
