TIME	EVENT	NODES
283.81308239317076	O	n182
297.3759122122873	E	n182;1
