TIME	EVENT	NODES
283.8296837378768	O	n170
327.46235987910876	C	n170;1
351.8685117733998	D	n170;1;n170;2;n170;3
353.6120352862298	L	n170;2
366.2276009869937	I	n170;3
368.33285918754166	F	n170;3
