TIME	EVENT	NODES
284.0077600076744	O	n109
315.342886568578	E	n109;1
