TIME	EVENT	NODES
284.05967984146685	O	n183
285.2875136288877	T	n183;1;n183;2;n155;3
302.77518792485097	S	n155;3;n221;4;n222;5
306.85666003995203	C	n183;2
308.9147122218565	I	n183;2
314.3193370741534	E	n222;5
315.0020697358671	C	n183;2
318.1528104283688	I	n183;2
331.6933454148605	I	n221;4
349.00530575206363	E	n183;2
368.33285918754166	F	n221;4
