TIME	EVENT	NODES
284.06923200757706	O	n171
294.1998026308451	E	n171;1
