TIME	EVENT	NODES
284.0757147136137	O	n155
302.77518792485097	S	n155;1;n221;2;n222;3
314.3193370741534	E	n222;3
318.8413108844077	L	n221;2
