TIME	EVENT	NODES
284.0864398146332	O	n165
289.590973267854	I	n165;1
295.0476796358419	I	n165;1
300.66408360617874	S	n165;1;n217;2;n218;3
301.39480262224913	S	n217;2;n219;4;n220;5
303.0958480499783	L	n220;5
322.23550031039156	S	n219;4;n243;6;n244;7
327.1046107185982	E	n218;3
327.90952689222627	I	n244;7
336.27194991669535	S	n243;6;n265;8;n266;9
337.9466629699342	E	n266;9
357.83898267386695	E	n265;8
368.33285918754166	F	n244;7
