TIME	EVENT	NODES
284.19612591200666	O	n170
293.479819766743	I	n170;1
368.33285918754166	F	n170;1
