TIME	EVENT	NODES
284.22249701449147	O	n178
295.7101501024865	E	n178;1
