TIME	EVENT	NODES
284.2874020763589	O	n173
314.5087251124538	E	n173;1
