TIME	EVENT	NODES
284.31710089308575	O	n149
286.5116020830271	I	n149;1
313.2735372024965	E	n149;1
