TIME	EVENT	NODES
284.4250008220606	O	n105
287.2898658895813	E	n105;1
