TIME	EVENT	NODES
284.45662411359103	O	n170
366.5756815559571	L	n170;1
