TIME	EVENT	NODES
284.47011463196156	O	n166
314.2508623239558	L	n166;1
