TIME	EVENT	NODES
284.52163467821043	O	n176
285.76396366295205	E	n176;1
