TIME	EVENT	NODES
284.6850387067991	O	n175
296.4430408222861	E	n175;1
