TIME	EVENT	NODES
284.688137354134	O	n109
300.1192741812321	I	n109;1
309.7019116144394	I	n109;1
315.342886568578	E	n109;1
