TIME	EVENT	NODES
284.8338917695702	O	n180
292.321064504694	E	n180;1
