TIME	EVENT	NODES
285.0065935835522	O	n172
315.41472492191235	E	n172;1
