TIME	EVENT	NODES
285.08426744448013	O	n170
368.33285918754166	F	n170;1
