TIME	EVENT	NODES
285.1052311610265	O	n135
297.944722411288	S	n135;1;n213;2;n214;3
299.1473251872138	E	n214;3
305.3065589137974	S	n213;2;n225;4;n226;5
311.2710482385296	C	n225;4
321.51576122400246	C	n226;5
324.2601856628277	E	n226;5
324.7848548775896	E	n225;4
