TIME	EVENT	NODES
285.1204288450311	O	n177
289.7660671719976	S	n177;1;n191;2;n192;3
292.56408620681617	S	n191;2;n197;4;n198;5
292.8317503331822	I	n197;4
297.36863060039184	C	n192;3
297.88510067996623	E	n197;4
309.21205838172443	S	n198;5;n231;6;n232;7
316.27600896896894	E	n192;3
317.30612004847615	S	n232;7;n239;8;n240;9
330.11242097769923	I	n239;8
333.4175509769916	C	n231;6
335.14844581859495	S	n231;6;n259;10;n260;11
335.21348913329416	C	n259;10
338.0759428056221	I	n260;11
346.1320591331966	I	n239;8
348.6720819320871	E	n240;9
348.7564267084988	E	n259;10
352.1258606854692	T	n260;11;n260;12;n272;13
361.7971077523211	S	n272;13;n309;14;n310;15
362.29665565121337	I	n260;12
364.39265661618424	S	n310;15;n317;16;n318;17
365.3354294195512	E	n260;12
365.6675909654996	S	n239;8;n327;18;n328;19
365.9406802548836	S	n318;17;n329;20;n330;21
366.2827036284338	I	n329;20
368.33285918754166	F	n330;21
368.33285918754166	F	n329;20
368.33285918754166	F	n327;18
368.33285918754166	F	n328;19
368.33285918754166	F	n317;16
368.33285918754166	F	n309;14
