TIME	EVENT	NODES
285.1721420688605	O	n182
297.3759122122873	E	n182;1
