TIME	EVENT	NODES
285.20771237152746	O	n175
296.4430408222861	E	n175;1
