TIME	EVENT	NODES
285.37139995495824	O	n171
294.1998026308451	E	n171;1
