TIME	EVENT	NODES
285.4259235891166	O	n183
308.9147122218565	I	n183;1
349.00530575206363	E	n183;1
