TIME	EVENT	NODES
285.43772828385477	O	n135
287.1048767761926	C	n135;1
297.944722411288	S	n135;1;n213;2;n214;3
299.1473251872138	E	n214;3
305.3065589137974	S	n213;2;n225;4;n226;5
306.86023894738764	I	n225;4
324.2601856628277	E	n226;5
324.7848548775896	E	n225;4
