TIME	EVENT	NODES
285.67566028410346	O	n109
315.342886568578	E	n109;1
