TIME	EVENT	NODES
285.8068725164182	O	n105
287.2898658895813	E	n105;1
