TIME	EVENT	NODES
285.95871525547756	O	n165
300.66408360617874	S	n165;1;n217;2;n218;3
301.39480262224913	S	n217;2;n219;4;n220;5
309.22719658015154	E	n220;5
309.9627003382464	I	n219;4
315.69292468641737	D	n219;4;n219;6;n219;7
316.9380724622402	I	n219;6
316.9380724622402	I	n219;7
322.23550031039156	S	n219;7;n243;8;n244;9
322.23550031039156	S	n219;6;n243;10;n244;11
327.1046107185982	E	n218;3
336.27194991669535	S	n243;8;n265;12;n266;13
336.27194991669535	S	n243;10;n265;14;n266;15
337.9466629699342	E	n266;13
337.9466629699342	E	n266;15
357.83898267386695	E	n265;12
357.83898267386695	E	n265;14
368.33285918754166	F	n244;9
368.33285918754166	F	n244;11
