TIME	EVENT	NODES
285.98670040966	O	n150
293.4401227103343	E	n150;1
