TIME	EVENT	NODES
286.14734630074685	O	n150
292.7919344236036	I	n150;1
293.4401227103343	E	n150;1
