TIME	EVENT	NODES
286.15617826316947	O	n165
300.66408360617874	S	n165;1;n217;2;n218;3
301.39480262224913	S	n217;2;n219;4;n220;5
303.4011533498921	I	n219;4
309.22719658015154	E	n220;5
322.23550031039156	S	n219;4;n243;6;n244;7
327.1046107185982	E	n218;3
327.6115435143866	T	n243;6;n243;8;n246;9
336.27194991669535	S	n243;8;n265;10;n266;11
337.9466629699342	E	n266;11
341.11177427463167	S	n246;9;n275;12;n276;13
348.7700363029201	S	n275;12;n291;14;n292;15
350.6247674253394	S	n276;13;n295;16;n296;17
352.79290496622485	I	n295;16
355.0583586205711	S	n292;15;n299;18;n300;19
355.8778505990836	S	n295;16;n301;20;n302;21
357.1757291726746	S	n301;20;n305;22;n306;23
357.83898267386695	E	n265;10
360.66748199542366	E	n306;23
363.84651975903165	T	n299;18;n299;24;n234;25
364.0086300239402	S	n305;22;n315;26;n316;27
364.8824680743981	S	n302;21;n321;28;n322;29
368.33285918754166	F	n316;27
368.33285918754166	F	n322;29
368.33285918754166	F	n291;14
368.33285918754166	F	n300;19
368.33285918754166	F	n296;17
368.33285918754166	F	n299;24
368.33285918754166	F	n234;25
368.33285918754166	F	n244;7
368.33285918754166	F	n321;28
368.33285918754166	F	n315;26
