TIME	EVENT	NODES
286.2009575833746	O	n183
286.49043054157164	I	n183;1
289.3978406023278	I	n183;1
298.15421627143604	T	n183;1;n183;2;n166;3
301.72522518890486	C	n183;2
325.62016585225894	E	n166;3
349.00530575206363	E	n183;2
