TIME	EVENT	NODES
286.23087449838766	O	n182
290.33249324894035	C	n182;1
297.3759122122873	E	n182;1
