TIME	EVENT	NODES
286.31571316898794	O	n184
293.6183387782659	E	n184;1
