TIME	EVENT	NODES
286.3570970273205	O	n184
293.6183387782659	E	n184;1
