TIME	EVENT	NODES
286.3847072903967	O	n171
294.1998026308451	E	n171;1
