TIME	EVENT	NODES
286.49336125413583	O	n172
306.7988922672719	C	n172;1
315.41472492191235	E	n172;1
