TIME	EVENT	NODES
286.51672727984095	O	n166
325.62016585225894	E	n166;1
