TIME	EVENT	NODES
286.520273038209	O	n174
316.64521563171144	E	n174;1
