TIME	EVENT	NODES
286.70079379503574	O	n184
293.6183387782659	E	n184;1
