TIME	EVENT	NODES
286.77012859732815	O	n153
294.27007287477545	S	n153;1;n205;2;n206;3
298.1283204238227	S	n206;3;n215;4;n216;5
300.40814513330866	D	n215;4;n215;6;n215;7
301.7496501463424	E	n216;5
317.01114394872144	I	n205;2
333.9111136689038	T	n215;7;n215;8;n253;9
335.86056617815103	I	n215;6
335.86056617815103	I	n215;8
339.78271633629834	I	n215;8
339.78271633629834	I	n215;6
341.5385477573434	S	n215;6;n277;10;n278;11
341.5385477573434	S	n215;8;n277;12;n278;13
345.71198993976384	E	n253;9
354.3125964831673	I	n278;11
354.3125964831673	I	n278;13
355.3288244660336	T	n277;12;n277;14;n244;15
363.7179365725955	E	n277;10
363.7179365725955	E	n277;14
363.72092949357767	S	n205;2;n313;16;n314;17
368.33285918754166	F	n314;17
368.33285918754166	F	n244;15
368.33285918754166	F	n313;16
368.33285918754166	F	n278;13
368.33285918754166	F	n278;11
