TIME	EVENT	NODES
286.81804745298433	O	n181
326.9191915703628	E	n181;1
