TIME	EVENT	NODES
286.90999714127946	O	n181
307.81288821557	I	n181;1
314.03007346861784	C	n181;1
319.1754351244329	I	n181;1
320.3205586077693	L	n181;1
