TIME	EVENT	NODES
286.9142536289077	O	n180
292.321064504694	E	n180;1
