TIME	EVENT	NODES
286.9433798788223	O	n186
292.01152244219134	S	n186;1;n195;2;n196;3
292.73150486255037	L	n195;2
296.7804733096652	S	n196;3;n207;4;n208;5
297.77429733878824	E	n208;5
298.5182981782411	E	n207;4
