TIME	EVENT	NODES
286.9598005771918	O	n98
297.82959460464184	E	n98;1
