TIME	EVENT	NODES
287.33809021792194	O	n180
292.321064504694	E	n180;1
