TIME	EVENT	NODES
287.34103393535537	O	n132
288.5496408940298	S	n132;1;n189;2;n190;3
293.0007597507766	I	n190;3
297.2325938618031	S	n190;3;n211;4;n212;5
304.1687387822147	C	n212;5
306.18779637717876	E	n189;2
313.09632380204846	I	n211;4
313.8739730795652	I	n212;5
323.451126983794	S	n211;4;n247;6;n248;7
326.9299560409181	S	n248;7;n249;8;n250;9
334.64198406508626	S	n249;8;n255;10;n256;11
338.51097831531484	S	n247;6;n269;12;n270;13
339.70389927988145	I	n270;13
348.6348418780299	I	n250;9
351.2328262617702	L	n256;11
351.3681074054671	E	n270;13
351.37042779145395	E	n255;10
356.5243775902817	S	n250;9;n303;14;n304;15
359.43466135079467	S	n269;12;n307;16;n308;17
361.30733293107687	I	n303;14
362.1612348108644	C	n307;16
364.14479088522387	E	n212;5
364.49514583717956	S	n304;15;n319;18;n320;19
365.98661258872363	I	n307;16
366.87707269419224	C	n307;16
368.33285918754166	F	n307;16
368.33285918754166	F	n303;14
368.33285918754166	F	n308;17
368.33285918754166	F	n320;19
368.33285918754166	F	n319;18
