TIME	EVENT	NODES
287.3447248554732	O	n178
289.3819757589155	D	n178;1;n178;2;n178;3
295.7101501024865	E	n178;2
295.7101501024865	E	n178;3
