TIME	EVENT	NODES
287.3850220635423	O	n150
293.4401227103343	E	n150;1
