TIME	EVENT	NODES
287.46222641149814	O	n175
296.4430408222861	E	n175;1
