TIME	EVENT	NODES
287.6542204399166	O	n109
297.5894289360694	C	n109;1
315.342886568578	E	n109;1
