TIME	EVENT	NODES
287.6560245392929	O	n172
312.397854141934	I	n172;1
315.41472492191235	E	n172;1
