TIME	EVENT	NODES
287.6655139939733	O	n171
294.1998026308451	E	n171;1
