TIME	EVENT	NODES
287.68543598629543	O	n166
300.01700680902974	L	n166;1
