TIME	EVENT	NODES
287.7329700358947	O	n150
293.4401227103343	E	n150;1
