TIME	EVENT	NODES
287.8827870663533	O	n142
312.1421772672062	E	n142;1
