TIME	EVENT	NODES
287.9536182358851	O	n132
288.5496408940298	S	n132;1;n189;2;n190;3
297.2325938618031	S	n190;3;n211;4;n212;5
306.18779637717876	E	n189;2
309.0439263618414	C	n211;4
323.19347810724383	I	n211;4
323.451126983794	S	n211;4;n247;6;n248;7
326.9299560409181	S	n248;7;n249;8;n250;9
334.64198406508626	S	n249;8;n255;10;n256;11
338.51097831531484	S	n247;6;n269;12;n270;13
342.35845278650993	L	n269;12
351.3681074054671	E	n270;13
351.37042779145395	E	n255;10
356.5243775902817	S	n250;9;n303;14;n304;15
362.6952339851356	I	n303;14
364.14479088522387	E	n212;5
364.49514583717956	S	n304;15;n319;16;n320;17
365.0168302374957	S	n256;11;n323;18;n324;19
366.11053489386865	I	n320;17
368.1525611161385	S	n324;19;n331;20;n332;21
368.33285918754166	F	n303;14
368.33285918754166	F	n331;20
368.33285918754166	F	n323;18
368.33285918754166	F	n320;17
368.33285918754166	F	n332;21
368.33285918754166	F	n319;16
