TIME	EVENT	NODES
288.0830402611708	O	n188
293.1267483817216	S	n188;1;n199;2;n200;3
293.90973519565694	S	n199;2;n203;4;n204;5
294.07914662793326	E	n200;3
304.6986694467625	T	n204;5;n204;6;n224;7
305.8053411110323	S	n204;6;n227;8;n228;9
310.74626732789005	S	n224;7;n233;10;n234;11
311.4086067017468	I	n233;10
312.47355044843994	T	n228;9;n228;12;n230;13
313.7112396121104	I	n233;10
314.0104779853529	S	n227;8;n237;14;n238;15
318.9566040063278	S	n203;4;n241;16;n242;17
319.28685046725246	L	n241;16
322.6630115581117	S	n233;10;n245;18;n246;19
324.44028976703606	I	n237;14
325.30405886878134	I	n234;11
338.89935941368094	E	n245;18
339.96246034945096	S	n237;14;n273;20;n274;21
341.11177427463167	S	n246;19;n275;22;n276;23
342.3523845263514	S	n228;12;n281;24;n282;25
347.5812638323755	C	n282;25
348.7700363029201	S	n275;22;n291;26;n292;27
350.6247674253394	S	n276;23;n295;28;n296;29
355.0583586205711	S	n292;27;n299;30;n300;31
355.7899662740194	E	n274;21
355.8778505990836	S	n295;28;n301;32;n302;33
356.0103954964657	I	n238;15
357.1757291726746	S	n301;32;n305;34;n306;35
360.66748199542366	E	n306;35
364.0086300239402	S	n305;34;n315;36;n316;37
364.8824680743981	S	n302;33;n321;38;n322;39
365.43190125744275	S	n273;20;n325;40;n326;41
368.33285918754166	F	n316;37
368.33285918754166	F	n230;13
368.33285918754166	F	n322;39
368.33285918754166	F	n291;26
368.33285918754166	F	n300;31
368.33285918754166	F	n242;17
368.33285918754166	F	n296;29
368.33285918754166	F	n282;25
368.33285918754166	F	n299;30
368.33285918754166	F	n234;11
368.33285918754166	F	n325;40
368.33285918754166	F	n281;24
368.33285918754166	F	n326;41
368.33285918754166	F	n321;38
368.33285918754166	F	n238;15
368.33285918754166	F	n315;36
