TIME	EVENT	NODES
288.11991580956067	O	n188
293.1267483817216	S	n188;1;n199;2;n200;3
293.90973519565694	S	n199;2;n203;4;n204;5
294.07914662793326	E	n200;3
300.43375163520864	I	n204;5
305.8053411110323	S	n204;5;n227;6;n228;7
314.0104779853529	S	n227;6;n237;8;n238;9
318.9566040063278	S	n203;4;n241;10;n242;11
333.32555224845487	I	n237;8
333.4126196802527	I	n242;11
335.6967060113735	S	n241;10;n261;12;n262;13
339.96246034945096	S	n237;8;n273;14;n274;15
342.3523845263514	S	n228;7;n281;16;n282;17
350.53960376877336	S	n262;13;n293;18;n294;19
352.8895484925078	C	n294;19
353.58190020231007	I	n274;15
354.88791389680375	I	n293;18
355.7410719444203	I	n274;15
355.7899662740194	E	n274;15
359.16454116420584	E	n261;12
365.43190125744275	S	n273;14;n325;20;n326;21
366.11232055212906	I	n282;17
368.33285918754166	F	n293;18
368.33285918754166	F	n242;11
368.33285918754166	F	n282;17
368.33285918754166	F	n325;20
368.33285918754166	F	n281;16
368.33285918754166	F	n326;21
368.33285918754166	F	n294;19
368.33285918754166	F	n238;9
