TIME	EVENT	NODES
288.1793823012413	O	n98
297.82959460464184	E	n98;1
