TIME	EVENT	NODES
288.19175473916647	O	n109
315.342886568578	E	n109;1
