TIME	EVENT	NODES
288.39638148962916	O	n173
314.5087251124538	E	n173;1
