TIME	EVENT	NODES
288.4007415069489	O	n166
325.62016585225894	E	n166;1
