TIME	EVENT	NODES
288.6386839660844	O	n166
289.14131105343387	I	n166;1
325.62016585225894	E	n166;1
