TIME	EVENT	NODES
288.94389842359715	O	n187
297.9569166892555	D	n187;1;n187;2;n187;3
356.3119546325315	E	n187;2
356.3119546325315	E	n187;3
