TIME	EVENT	NODES
289.24273729697154	O	n187
322.82121759829084	I	n187;1
328.9733127475145	C	n187;1
356.3119546325315	E	n187;1
