TIME	EVENT	NODES
289.30843508863256	O	n149
310.90400275168736	I	n149;1
313.2735372024965	E	n149;1
