TIME	EVENT	NODES
289.37758543811475	O	n173
292.6422803856445	I	n173;1
296.05683809453643	I	n173;1
314.5087251124538	E	n173;1
