TIME	EVENT	NODES
289.38486276139764	O	n181
303.7028684693965	I	n181;1
305.82426579240615	C	n181;1
326.9191915703628	E	n181;1
