TIME	EVENT	NODES
289.46457839723786	O	n172
315.41472492191235	E	n172;1
