TIME	EVENT	NODES
289.4902746657169	O	n174
316.64521563171144	E	n174;1
