TIME	EVENT	NODES
289.51825180126446	O	n180
292.321064504694	E	n180;1
