TIME	EVENT	NODES
289.57637643542495	O	n187
311.4054079876577	T	n187;1;n187;2;n142;3
311.54642781062864	I	n142;3
312.1421772672062	E	n142;3
356.3119546325315	E	n187;2
