TIME	EVENT	NODES
0	O	Root
0.0	S	Root;1;n1;2;n2;3
3.35634255505027	E	n1;2
6.689912718607442	S	n2;3;n3;4;n4;5
7.113112016231669	L	n4;5
9.273167904798058	L	n3;4
