TIME	EVENT	NODES
289.63338443470406	O	n181
304.47686452413643	I	n181;1
326.9191915703628	E	n181;1
