TIME	EVENT	NODES
289.6399129039128	O	n184
293.6183387782659	E	n184;1
