TIME	EVENT	NODES
289.64252897667245	O	n173
303.25763774720906	I	n173;1
314.5087251124538	E	n173;1
