TIME	EVENT	NODES
289.66058026802045	O	n149
313.2735372024965	E	n149;1
