TIME	EVENT	NODES
289.73393644422686	O	n172
292.19088031513166	L	n172;1
