TIME	EVENT	NODES
289.7473629037498	O	n109
300.1192741812321	I	n109;1
304.0435320818028	I	n109;1
315.342886568578	E	n109;1
