TIME	EVENT	NODES
289.9543390710678	O	n181
306.348915890556	I	n181;1
326.9191915703628	E	n181;1
