TIME	EVENT	NODES
289.9572395326925	O	n183
335.33749306322994	I	n183;1
345.2647461189189	C	n183;1
349.00530575206363	E	n183;1
