TIME	EVENT	NODES
289.974445668425	O	n178
295.7101501024865	E	n178;1
