TIME	EVENT	NODES
290.0170624833369	O	n165
293.5471910609531	L	n165;1
