TIME	EVENT	NODES
290.16623672524713	O	n109
300.1192741812321	I	n109;1
315.342886568578	E	n109;1
