TIME	EVENT	NODES
290.248051715066	O	n135
291.69836909203474	T	n135;1;n135;2;n178;3
295.7101501024865	E	n178;3
297.944722411288	S	n135;2;n213;4;n214;5
299.1473251872138	E	n214;5
305.3065589137974	S	n213;4;n225;6;n226;7
306.86023894738764	I	n225;6
313.38516920049074	T	n225;6;n225;8;n229;9
314.57015340722717	L	n226;7
324.7848548775896	E	n225;8
337.10932653973396	S	n229;9;n267;10;n268;11
342.1368897672253	S	n267;10;n279;12;n280;13
346.5471506808192	S	n280;13;n285;14;n286;15
347.3589689447561	S	n268;11;n289;16;n290;17
347.7115929971018	C	n290;17
361.3964330336565	I	n285;14
362.0334837027092	I	n279;12
362.14507068748986	S	n289;16;n311;18;n312;19
362.26761791208935	T	n286;15;n286;20;n281;21
362.93877184850265	E	n279;12
366.974803021334	C	n290;17
368.33285918754166	F	n285;14
368.33285918754166	F	n286;20
368.33285918754166	F	n281;21
368.33285918754166	F	n312;19
368.33285918754166	F	n311;18
368.33285918754166	F	n290;17
