TIME	EVENT	NODES
290.38835255294805	O	n175
296.4430408222861	E	n175;1
