TIME	EVENT	NODES
290.3906788202769	O	n155
302.77518792485097	S	n155;1;n221;2;n222;3
303.4941901512903	L	n221;2
314.3193370741534	E	n222;3
