TIME	EVENT	NODES
290.5788803239187	O	n155
296.28324328218525	L	n155;1
