TIME	EVENT	NODES
290.58691597423956	O	n185
306.7118637562414	E	n185;1
