TIME	EVENT	NODES
290.6217124990664	O	n166
303.76247256826	L	n166;1
