TIME	EVENT	NODES
290.6310043329807	O	n189
294.22822653249784	L	n189;1
