TIME	EVENT	NODES
290.6476554150864	O	n178
291.17979161421545	I	n178;1
295.7101501024865	E	n178;1
