TIME	EVENT	NODES
290.7318814246839	O	n193
297.20756264263844	S	n193;1;n209;2;n210;3
303.4377349768546	S	n209;2;n223;4;n224;5
306.18023408300985	I	n210;3
307.88032930517045	S	n210;3;n229;6;n230;7
310.74626732789005	S	n224;5;n233;8;n234;9
315.4853083272417	I	n223;4
322.6630115581117	S	n233;8;n245;10;n246;11
327.68708843484586	S	n223;4;n251;12;n252;13
328.2133597375522	C	n230;7
334.7026586801482	C	n230;7
334.9897297167016	S	n251;12;n257;14;n258;15
335.11543073313703	I	n234;9
337.10932653973396	S	n229;6;n267;16;n268;17
337.2940771166482	I	n234;9
338.3269303782835	I	n268;17
338.7078923695338	I	n257;14
338.89935941368094	E	n245;10
341.11177427463167	S	n246;11;n275;18;n276;19
342.1368897672253	S	n267;16;n279;20;n280;21
344.02040770953147	S	n258;15;n283;22;n284;23
345.08649500709276	I	n230;7
346.5471506808192	S	n280;21;n285;24;n286;25
346.5990500281604	S	n283;22;n287;26;n288;27
347.3589689447561	S	n268;17;n289;28;n290;29
347.86985841660527	C	n230;7
348.7700363029201	S	n275;18;n291;30;n292;31
349.957186808274	I	n279;20
350.6247674253394	S	n276;19;n295;32;n296;33
353.2274467652559	S	n284;23;n297;34;n298;35
354.2620014122282	I	n252;13
355.0583586205711	S	n292;31;n299;36;n300;37
355.8778505990836	S	n295;32;n301;38;n302;39
357.1757291726746	S	n301;38;n305;40;n306;41
357.4253382505859	I	n298;35
358.79314317270934	C	n234;9
360.66748199542366	E	n306;41
362.14507068748986	S	n289;28;n311;42;n312;43
362.5399087110203	I	n312;43
362.93877184850265	E	n279;20
364.0086300239402	S	n305;40;n315;44;n316;45
364.7240259875497	I	n286;25
364.8824680743981	S	n302;39;n321;46;n322;47
365.63034157978524	I	n288;27
365.7826539338723	I	n300;37
366.9776763134701	I	n234;9
367.7339843655573	I	n315;44
368.33285918754166	F	n316;45
368.33285918754166	F	n230;7
368.33285918754166	F	n322;47
368.33285918754166	F	n291;30
368.33285918754166	F	n300;37
368.33285918754166	F	n296;33
368.33285918754166	F	n287;26
368.33285918754166	F	n299;36
368.33285918754166	F	n257;14
368.33285918754166	F	n288;27
368.33285918754166	F	n285;24
368.33285918754166	F	n286;25
368.33285918754166	F	n234;9
368.33285918754166	F	n312;43
368.33285918754166	F	n252;13
368.33285918754166	F	n311;42
368.33285918754166	F	n321;46
368.33285918754166	F	n297;34
368.33285918754166	F	n290;29
368.33285918754166	F	n315;44
368.33285918754166	F	n298;35
