TIME	EVENT	NODES
290.7642694180068	O	n183
328.4218610612857	I	n183;1
339.3757785404551	I	n183;1
349.00530575206363	E	n183;1
