TIME	EVENT	NODES
290.7714032847316	O	n172
315.41472492191235	E	n172;1
