TIME	EVENT	NODES
291.07663515108374	O	n174
306.2727049150454	I	n174;1
316.64521563171144	E	n174;1
