TIME	EVENT	NODES
291.24265118438524	O	n150
293.4401227103343	E	n150;1
