TIME	EVENT	NODES
291.3644824243001	O	n171
294.1998026308451	E	n171;1
