TIME	EVENT	NODES
291.3894607768763	O	n194
293.87416262241237	S	n194;1;n201;2;n202;3
305.99025340734033	E	n202;3
312.06673550701987	S	n201;2;n235;4;n236;5
321.78135305229097	E	n235;4
330.79169416732014	I	n236;5
331.02825248126715	E	n236;5
