TIME	EVENT	NODES
291.5495570056584	O	n171
294.1998026308451	E	n171;1
