TIME	EVENT	NODES
291.560705609721	O	n159
320.95715525056033	I	n159;1
328.2146319613769	S	n159;1;n253;2;n254;3
335.92113620132585	S	n254;3;n263;4;n264;5
339.658731161582	S	n264;5;n271;6;n272;7
343.5449131705816	I	n253;2
345.71198993976384	E	n253;2
352.24239685384305	L	n271;6
352.75030345886904	I	n263;4
355.76729188430835	L	n272;7
358.9147540240558	L	n263;4
