TIME	EVENT	NODES
291.83675135694267	O	n183
320.40248356127535	L	n183;1
