TIME	EVENT	NODES
0	O	Root
0.0	S	Root;1;n1;2;n2;3
3.35634255505027	E	n1;2
5.707881935492964	I	n2;3
6.689912718607442	S	n2;3;n3;4;n4;5
6.855229375589008	L	n4;5
16.661417086053657	S	n3;4;n9;6;n10;7
17.681552081932402	E	n10;7
22.401872151706616	S	n9;6;n11;8;n12;9
22.41324765578705	E	n12;9
29.80304320389591	T	n11;8;n11;10;n22;11
31.49007846860047	S	n22;11;n23;12;n24;13
33.3266154078909	E	n24;13
35.18763541247925	S	n23;12;n31;14;n32;15
35.678876359008704	S	n32;15;n33;16;n34;17
36.88128362876969	E	n11;10
37.43449429937737	E	n33;16
47.801935550276376	E	n34;17
52.00683670020086	E	n31;14
