TIME	EVENT	NODES
291.94875960443716	O	n178
295.7101501024865	E	n178;1
