TIME	EVENT	NODES
292.0263291050534	O	n173
314.5087251124538	E	n173;1
