TIME	EVENT	NODES
292.08968199169215	O	n181
303.7028684693965	I	n181;1
326.9191915703628	E	n181;1
