TIME	EVENT	NODES
292.10107135474027	O	n190
297.2325938618031	S	n190;1;n211;2;n212;3
299.9685071798732	L	n212;3
323.451126983794	S	n211;2;n247;4;n248;5
325.3357706177903	I	n247;4
326.9299560409181	S	n248;5;n249;6;n250;7
331.859911803089	L	n247;4
334.64198406508626	S	n249;6;n255;8;n256;9
334.7541284059964	I	n256;9
349.71198621842126	I	n250;7
351.37042779145395	E	n255;8
356.5243775902817	S	n250;7;n303;10;n304;11
364.49514583717956	S	n304;11;n319;12;n320;13
365.0168302374957	S	n256;9;n323;14;n324;15
368.1525611161385	S	n324;15;n331;16;n332;17
368.33285918754166	F	n303;10
368.33285918754166	F	n331;16
368.33285918754166	F	n323;14
368.33285918754166	F	n320;13
368.33285918754166	F	n332;17
368.33285918754166	F	n319;12
