TIME	EVENT	NODES
292.1431584653465	O	n195
301.5187902891868	E	n195;1
