TIME	EVENT	NODES
292.3685265677429	O	n159
328.2146319613769	S	n159;1;n253;2;n254;3
335.92113620132585	S	n254;3;n263;4;n264;5
336.7374966618031	T	n253;2;n253;6;n246;7
338.47438036673975	I	n263;4
339.658731161582	S	n264;5;n271;8;n272;9
340.6599317988695	T	n272;9;n272;10;n183;11
341.11177427463167	S	n246;7;n275;12;n276;13
341.22308298766313	I	n263;4
345.71198993976384	E	n253;6
348.7700363029201	S	n275;12;n291;14;n292;15
349.00530575206363	E	n183;11
350.5272873886594	C	n272;10
350.6247674253394	S	n276;13;n295;16;n296;17
350.96403437463357	L	n291;14
355.0583586205711	S	n292;15;n299;18;n300;19
355.8778505990836	S	n295;16;n301;20;n302;21
357.1757291726746	S	n301;20;n305;22;n306;23
360.66748199542366	E	n306;23
361.7971077523211	S	n272;10;n309;24;n310;25
364.0086300239402	S	n305;22;n315;26;n316;27
364.39265661618424	S	n310;25;n317;28;n318;29
364.8824680743981	S	n302;21;n321;30;n322;31
365.0417268907298	E	n263;4
365.9406802548836	S	n318;29;n329;32;n330;33
367.0571810705961	L	n315;26
368.33285918754166	F	n316;27
368.33285918754166	F	n322;31
368.33285918754166	F	n330;33
368.33285918754166	F	n300;19
368.33285918754166	F	n296;17
368.33285918754166	F	n299;18
368.33285918754166	F	n329;32
368.33285918754166	F	n271;8
368.33285918754166	F	n317;28
368.33285918754166	F	n321;30
368.33285918754166	F	n309;24
