TIME	EVENT	NODES
292.37190290724385	O	n192
297.4809194935266	I	n192;1
316.27600896896894	E	n192;1
