TIME	EVENT	NODES
292.5503261284049	O	n193
297.20756264263844	S	n193;1;n209;2;n210;3
303.4377349768546	S	n209;2;n223;4;n224;5
307.88032930517045	S	n210;3;n229;6;n230;7
309.84709924536753	L	n223;4
310.74626732789005	S	n224;5;n233;8;n234;9
312.58669992758786	I	n230;7
321.43661401840086	I	n230;7
322.6630115581117	S	n233;8;n245;10;n246;11
337.10932653973396	S	n229;6;n267;12;n268;13
338.89935941368094	E	n245;10
339.93947883868316	I	n267;12
341.11177427463167	S	n246;11;n275;14;n276;15
342.1368897672253	S	n267;12;n279;16;n280;17
344.5564253769247	L	n279;16
346.5471506808192	S	n280;17;n285;18;n286;19
347.3589689447561	S	n268;13;n289;20;n290;21
348.7700363029201	S	n275;14;n291;22;n292;23
349.3660955090637	I	n276;15
349.4335884891479	I	n290;21
350.6247674253394	S	n276;15;n295;24;n296;25
350.8098782433217	I	n292;23
351.15222679706704	I	n296;25
355.0583586205711	S	n292;23;n299;26;n300;27
355.8778505990836	S	n295;24;n301;28;n302;29
357.1757291726746	S	n301;28;n305;30;n306;31
360.66748199542366	E	n306;31
361.31037070516487	C	n291;22
362.14507068748986	S	n289;20;n311;32;n312;33
364.0086300239402	S	n305;30;n315;34;n316;35
364.8824680743981	S	n302;29;n321;36;n322;37
368.33285918754166	F	n316;35
368.33285918754166	F	n230;7
368.33285918754166	F	n322;37
368.33285918754166	F	n291;22
368.33285918754166	F	n300;27
368.33285918754166	F	n296;25
368.33285918754166	F	n299;26
368.33285918754166	F	n285;18
368.33285918754166	F	n286;19
368.33285918754166	F	n234;9
368.33285918754166	F	n312;33
368.33285918754166	F	n311;32
368.33285918754166	F	n321;36
368.33285918754166	F	n290;21
368.33285918754166	F	n315;34
