TIME	EVENT	NODES
292.8931189495265	O	n172
313.62692292624814	I	n172;1
313.67305800661234	L	n172;1
