TIME	EVENT	NODES
292.8986347990939	O	n109
298.1926800496932	I	n109;1
305.39733918643526	D	n109;1;n109;2;n109;3
315.342886568578	E	n109;2
315.342886568578	E	n109;3
