TIME	EVENT	NODES
293.09004498410866	O	n171
294.1998026308451	E	n171;1
