TIME	EVENT	NODES
293.11998632597624	O	n98
297.82959460464184	E	n98;1
