TIME	EVENT	NODES
293.17767610330253	O	n183
319.42834103291585	I	n183;1
338.88137665606513	I	n183;1
349.00530575206363	E	n183;1
