TIME	EVENT	NODES
293.19246408228884	O	n166
311.4794703388531	L	n166;1
