TIME	EVENT	NODES
293.3969729346241	O	n175
296.4430408222861	E	n175;1
