TIME	EVENT	NODES
293.40040419637234	O	n174
316.64521563171144	E	n174;1
