TIME	EVENT	NODES
293.4526535932353	O	n166
325.62016585225894	E	n166;1
