TIME	EVENT	NODES
293.481973072353	O	n183
340.8161266967447	I	n183;1
349.00530575206363	E	n183;1
