TIME	EVENT	NODES
293.7105919165113	O	n172
306.8316886145128	T	n172;1;n172;2;n187;3
315.41472492191235	E	n172;2
350.09767721780577	I	n187;3
354.0411856531257	C	n187;3
356.3119546325315	E	n187;3
