TIME	EVENT	NODES
293.7648613490992	O	n171
294.1998026308451	E	n171;1
