TIME	EVENT	NODES
293.8744052246039	O	n202
305.99025340734033	E	n202;1
