TIME	EVENT	NODES
293.8845693078197	O	n185
306.7118637562414	E	n185;1
