TIME	EVENT	NODES
293.9969054153639	O	n182
297.3759122122873	E	n182;1
