TIME	EVENT	NODES
294.0047064044748	O	n202
295.37320975815743	C	n202;1
305.99025340734033	E	n202;1
