TIME	EVENT	NODES
294.2283522604996	O	n98
297.82959460464184	E	n98;1
