TIME	EVENT	NODES
294.33955749904715	O	n175
296.4430408222861	E	n175;1
