TIME	EVENT	NODES
294.3621590588023	O	n182
297.3759122122873	E	n182;1
