TIME	EVENT	NODES
294.3800461390929	O	n183
313.0390457515118	I	n183;1
342.47328190227523	I	n183;1
349.00530575206363	E	n183;1
