TIME	EVENT	NODES
294.48274317341753	O	n149
309.6511502869501	I	n149;1
309.98277068461186	C	n149;1
313.2735372024965	E	n149;1
