TIME	EVENT	NODES
294.57209183107176	O	n166
325.62016585225894	E	n166;1
