TIME	EVENT	NODES
294.7290853121379	O	n192
311.75100321649603	C	n192;1
316.27600896896894	E	n192;1
