TIME	EVENT	NODES
294.8019113177269	O	n155
302.77518792485097	S	n155;1;n221;2;n222;3
314.02671165081205	I	n222;3
314.3193370741534	E	n222;3
345.14659520695454	C	n221;2
346.8347044409321	I	n221;2
368.33285918754166	F	n221;2
