TIME	EVENT	NODES
294.85991288500077	O	n174
315.00993904701704	C	n174;1
316.64521563171144	E	n174;1
