TIME	EVENT	NODES
294.9497144821099	O	n175
296.4430408222861	E	n175;1
