TIME	EVENT	NODES
295.0352313766504	O	n166
325.62016585225894	E	n166;1
