TIME	EVENT	NODES
295.0909395182107	O	n166
325.62016585225894	E	n166;1
