TIME	EVENT	NODES
295.2128001719553	O	n142
312.1421772672062	E	n142;1
