TIME	EVENT	NODES
295.2217630839714	O	n142
312.1421772672062	E	n142;1
