TIME	EVENT	NODES
295.25852287480694	O	n183
349.00530575206363	E	n183;1
