TIME	EVENT	NODES
295.3857868178561	O	n187
356.3119546325315	E	n187;1
