TIME	EVENT	NODES
295.39260630064797	O	n155
302.77518792485097	S	n155;1;n221;2;n222;3
314.3193370741534	E	n222;3
319.16567633690715	T	n221;2;n221;4;n235;5
321.78135305229097	E	n235;5
339.98019544685087	C	n221;4
357.4889372606417	I	n221;4
368.33285918754166	F	n221;4
