TIME	EVENT	NODES
295.53591138935474	O	n192
316.27600896896894	E	n192;1
