TIME	EVENT	NODES
295.556595355652	O	n205
326.57004497221766	I	n205;1
337.14193272302686	I	n205;1
363.72092949357767	S	n205;1;n313;2;n314;3
368.33285918754166	F	n314;3
368.33285918754166	F	n313;2
