TIME	EVENT	NODES
295.6278952232855	O	n159
328.2146319613769	S	n159;1;n253;2;n254;3
335.92113620132585	S	n254;3;n263;4;n264;5
339.658731161582	S	n264;5;n271;6;n272;7
345.71198993976384	E	n253;2
361.7971077523211	S	n272;7;n309;8;n310;9
362.9051525391463	L	n271;6
364.39265661618424	S	n310;9;n317;10;n318;11
364.73579634898056	L	n263;4
364.73579634898056	T	n317;10;n317;12;n263;13
365.0417268907298	E	n263;13
365.9406802548836	S	n318;11;n329;14;n330;15
368.33285918754166	F	n330;15
368.33285918754166	F	n329;14
368.33285918754166	F	n317;12
368.33285918754166	F	n309;8
