TIME	EVENT	NODES
295.6691650588683	O	n206
298.1283204238227	S	n206;1;n215;2;n216;3
301.7496501463424	E	n216;3
334.1513118068471	I	n215;2
341.5385477573434	S	n215;2;n277;4;n278;5
360.5166611485704	C	n278;5
363.7179365725955	E	n277;4
368.33285918754166	F	n278;5
