TIME	EVENT	NODES
295.68176291981865	O	n170
322.1258865311287	C	n170;1
322.47159510758735	I	n170;1
347.3847510417978	C	n170;1
367.8010989310961	I	n170;1
368.33285918754166	F	n170;1
