TIME	EVENT	NODES
295.8612191238899	O	n170
308.47786470125436	I	n170;1
330.73795343493657	C	n170;1
368.33285918754166	F	n170;1
