TIME	EVENT	NODES
295.8660943438364	O	n159
301.1423104738547	I	n159;1
316.4516395498499	I	n159;1
328.2146319613769	S	n159;1;n253;2;n254;3
333.45336034819775	L	n254;3
343.5449131705816	I	n253;2
345.71198993976384	E	n253;2
