TIME	EVENT	NODES
295.91268874675524	O	n183
318.47996669480716	T	n183;1;n183;2;n236;3
319.42834103291585	I	n183;2
322.1593011436468	I	n236;3
329.29324362247183	I	n236;3
331.02825248126715	E	n236;3
338.88137665606513	I	n183;2
349.00530575206363	E	n183;2
