TIME	EVENT	NODES
295.9976574631599	O	n187
317.22835491261617	I	n187;1
338.3734922041718	I	n187;1
356.3119546325315	E	n187;1
