TIME	EVENT	NODES
296.4992388148888	O	n109
315.342886568578	E	n109;1
