TIME	EVENT	NODES
296.87808657878094	O	n174
305.96583679747476	I	n174;1
316.64521563171144	E	n174;1
