TIME	EVENT	NODES
296.93954166711745	O	n192
316.27600896896894	E	n192;1
