TIME	EVENT	NODES
297.18319911680675	O	n165
300.66408360617874	S	n165;1;n217;2;n218;3
301.39480262224913	S	n217;2;n219;4;n220;5
309.22719658015154	E	n220;5
318.4562673515494	I	n219;4
322.23550031039156	S	n219;4;n243;6;n244;7
325.03262760292375	I	n243;6
327.1046107185982	E	n218;3
333.1694336167502	I	n244;7
336.27194991669535	S	n243;6;n265;8;n266;9
337.0122876984376	I	n265;8
337.9466629699342	E	n266;9
346.4777560092869	I	n265;8
357.83898267386695	E	n265;8
367.161600549236	I	n244;7
368.33285918754166	F	n244;7
