TIME	EVENT	NODES
297.5208049988293	O	n185
304.7334105560414	I	n185;1
306.7118637562414	E	n185;1
