TIME	EVENT	NODES
297.8985773313153	O	n210
307.88032930517045	S	n210;1;n229;2;n230;3
309.1812349804011	L	n229;2
334.9453818069963	I	n230;3
368.33285918754166	F	n230;3
