TIME	EVENT	NODES
298.09254964903465	O	n159
320.50181715174443	I	n159;1
328.2146319613769	S	n159;1;n253;2;n254;3
328.4360717556349	I	n253;2
335.92113620132585	S	n254;3;n263;4;n264;5
339.658731161582	S	n264;5;n271;6;n272;7
340.20057986553655	I	n271;6
342.34481668106974	C	n263;4
345.71198993976384	E	n253;2
346.5135930678274	I	n263;4
347.7834043879967	L	n263;4
360.64093809484024	I	n272;7
360.70415443038803	I	n271;6
360.8065026312082	I	n271;6
361.7971077523211	S	n272;7;n309;8;n310;9
364.39265661618424	S	n310;9;n317;10;n318;11
364.80113026547707	I	n271;6
365.9406802548836	S	n318;11;n329;12;n330;13
368.33285918754166	F	n330;13
368.33285918754166	F	n329;12
368.33285918754166	F	n271;6
368.33285918754166	F	n317;10
368.33285918754166	F	n309;8
