TIME	EVENT	NODES
298.23729120067117	O	n202
305.99025340734033	E	n202;1
