TIME	EVENT	NODES
298.3026511236074	O	n181
326.9191915703628	E	n181;1
