TIME	EVENT	NODES
298.3633576210612	O	n209
303.4377349768546	S	n209;1;n223;2;n224;3
310.74626732789005	S	n224;3;n233;4;n234;5
322.6630115581117	S	n233;4;n245;6;n246;7
327.68708843484586	S	n223;2;n251;8;n252;9
330.3942369490295	D	n246;7;n246;10;n246;11
334.9897297167016	S	n251;8;n257;12;n258;13
336.72505210805224	I	n234;5
337.60301199997303	I	n246;10
337.60301199997303	I	n246;11
338.89935941368094	E	n245;6
341.11177427463167	S	n246;11;n275;14;n276;15
341.11177427463167	S	n246;10;n275;16;n276;17
342.03284790324665	C	n252;9
344.02040770953147	S	n258;13;n283;18;n284;19
345.2816350563994	I	n275;14
346.5990500281604	S	n283;18;n287;20;n288;21
347.2822820908067	I	n234;5
347.87984062837245	I	n252;9
348.7700363029201	S	n275;14;n291;22;n292;23
348.7700363029201	S	n275;16;n291;24;n292;25
350.2570496373739	I	n288;21
350.6247674253394	S	n276;15;n295;26;n296;27
350.6247674253394	S	n276;17;n295;28;n296;29
350.6592869910209	C	n288;21
352.9535084128624	L	n296;29
352.98872743587134	C	n284;19
353.2274467652559	S	n284;19;n297;30;n298;31
354.6824709442995	I	n288;21
355.0583586205711	S	n292;23;n299;32;n300;33
355.0583586205711	S	n292;25;n299;34;n300;35
355.8778505990836	S	n295;26;n301;36;n302;37
355.8778505990836	S	n295;28;n301;38;n302;39
357.1757291726746	S	n301;36;n305;40;n306;41
357.1757291726746	S	n301;38;n305;42;n306;43
358.4423648673075	I	n305;40
358.4423648673075	I	n305;42
358.476553123328	I	n302;37
358.476553123328	I	n302;39
360.1807027249935	I	n299;32
360.1807027249935	I	n299;34
360.66748199542366	E	n306;41
360.66748199542366	E	n306;43
363.00126013746194	I	n296;27
363.0972454732712	I	n297;30
364.0086300239402	S	n305;42;n315;44;n316;45
364.0086300239402	S	n305;40;n315;46;n316;47
364.8824680743981	S	n302;39;n321;48;n322;49
364.8824680743981	S	n302;37;n321;50;n322;51
368.33285918754166	F	n316;45
368.33285918754166	F	n316;47
368.33285918754166	F	n322;49
368.33285918754166	F	n322;51
368.33285918754166	F	n291;22
368.33285918754166	F	n291;24
368.33285918754166	F	n300;33
368.33285918754166	F	n300;35
368.33285918754166	F	n296;27
368.33285918754166	F	n287;20
368.33285918754166	F	n299;34
368.33285918754166	F	n299;32
368.33285918754166	F	n257;12
368.33285918754166	F	n288;21
368.33285918754166	F	n234;5
368.33285918754166	F	n252;9
368.33285918754166	F	n321;48
368.33285918754166	F	n321;50
368.33285918754166	F	n297;30
368.33285918754166	F	n315;44
368.33285918754166	F	n315;46
368.33285918754166	F	n298;31
