TIME	EVENT	NODES
298.4409243227482	O	n209
303.4377349768546	S	n209;1;n223;2;n224;3
305.0876363174165	I	n224;3
310.74626732789005	S	n224;3;n233;4;n234;5
322.6630115581117	S	n233;4;n245;6;n246;7
327.68708843484586	S	n223;2;n251;8;n252;9
334.9897297167016	S	n251;8;n257;10;n258;11
337.28905422972474	I	n258;11
338.89935941368094	E	n245;6
341.11177427463167	S	n246;7;n275;12;n276;13
344.02040770953147	S	n258;11;n283;14;n284;15
345.21544751952655	I	n276;13
346.5990500281604	S	n283;14;n287;16;n288;17
348.7700363029201	S	n275;12;n291;18;n292;19
349.9021513207982	I	n276;13
350.6247674253394	S	n276;13;n295;20;n296;21
352.333321988538	I	n234;5
353.2274467652559	S	n284;15;n297;22;n298;23
353.6640717531348	D	n287;16;n287;24;n287;25
354.5886986173118	L	n291;18
355.0583586205711	S	n292;19;n299;26;n300;27
355.8778505990836	S	n295;20;n301;28;n302;29
356.75859928837997	I	n296;21
357.1757291726746	S	n301;28;n305;30;n306;31
358.3461387225454	I	n287;24
358.3461387225454	I	n287;25
358.41669862993365	I	n257;10
360.66748199542366	E	n306;31
363.1267371845983	I	n252;9
363.5947219206022	I	n296;21
364.0086300239402	S	n305;30;n315;32;n316;33
364.8824680743981	S	n302;29;n321;34;n322;35
366.7882306562053	I	n234;5
368.33285918754166	F	n316;33
368.33285918754166	F	n322;35
368.33285918754166	F	n300;27
368.33285918754166	F	n296;21
368.33285918754166	F	n287;25
368.33285918754166	F	n287;24
368.33285918754166	F	n299;26
368.33285918754166	F	n257;10
368.33285918754166	F	n288;17
368.33285918754166	F	n234;5
368.33285918754166	F	n252;9
368.33285918754166	F	n321;34
368.33285918754166	F	n297;22
368.33285918754166	F	n315;32
368.33285918754166	F	n298;23
