TIME	EVENT	NODES
298.48634293125065	O	n207
298.5182981782411	E	n207;1
