TIME	EVENT	NODES
298.5219134488824	O	n192
316.27600896896894	E	n192;1
