TIME	EVENT	NODES
298.5305973307554	O	n204
305.8053411110323	S	n204;1;n227;2;n228;3
314.0104779853529	S	n227;2;n237;4;n238;5
316.3868405773346	I	n237;4
318.0668090208932	I	n237;4
320.6695683316483	I	n228;3
332.4833490770733	L	n237;4
342.3523845263514	S	n228;3;n281;6;n282;7
368.33285918754166	F	n282;7
368.33285918754166	F	n281;6
368.33285918754166	F	n238;5
