TIME	EVENT	NODES
298.5539343488406	O	n211
323.451126983794	S	n211;1;n247;2;n248;3
326.9299560409181	S	n248;3;n249;4;n250;5
334.64198406508626	S	n249;4;n255;6;n256;7
338.51097831531484	S	n247;2;n269;8;n270;9
343.2947920528147	I	n250;5
347.7055695851359	T	n250;5;n250;10;n238;11
349.3635532814616	I	n256;7
349.43205673328066	I	n256;7
350.01881680023104	I	n256;7
351.3681074054671	E	n270;9
351.37042779145395	E	n255;6
356.5243775902817	S	n250;10;n303;12;n304;13
359.43466135079467	S	n269;8;n307;14;n308;15
364.49514583717956	S	n304;13;n319;16;n320;17
365.0168302374957	S	n256;7;n323;18;n324;19
368.1525611161385	S	n324;19;n331;20;n332;21
368.33285918754166	F	n307;14
368.33285918754166	F	n303;12
368.33285918754166	F	n308;15
368.33285918754166	F	n331;20
368.33285918754166	F	n323;18
368.33285918754166	F	n320;17
368.33285918754166	F	n332;21
368.33285918754166	F	n238;11
368.33285918754166	F	n319;16
