TIME	EVENT	NODES
298.59756278105573	O	n109
315.342886568578	E	n109;1
