TIME	EVENT	NODES
298.68559918597833	O	n213
300.03691488650634	I	n213;1
302.6481743463873	L	n213;1
