TIME	EVENT	NODES
298.70776641570114	O	n142
312.1421772672062	E	n142;1
