TIME	EVENT	NODES
298.73627061114496	O	n212
319.7014967309578	I	n212;1
364.14479088522387	E	n212;1
