TIME	EVENT	NODES
298.7973728571649	O	n174
316.64521563171144	E	n174;1
