TIME	EVENT	NODES
298.8026927418725	O	n195
301.5187902891868	E	n195;1
