TIME	EVENT	NODES
298.8499971863078	O	n214
299.1473251872138	E	n214;1
