TIME	EVENT	NODES
298.9033536359111	O	n173
314.5087251124538	E	n173;1
