TIME	EVENT	NODES
298.94248927285736	O	n142
312.1421772672062	E	n142;1
