TIME	EVENT	NODES
299.052553465202	O	n204
305.8053411110323	S	n204;1;n227;2;n228;3
314.0104779853529	S	n227;2;n237;4;n238;5
316.5100147570523	I	n228;3
326.4303918344149	C	n237;4
339.54563367502413	D	n237;4;n237;6;n237;7
339.96246034945096	S	n237;6;n273;8;n274;9
339.96246034945096	S	n237;7;n273;10;n274;11
342.3523845263514	S	n228;3;n281;12;n282;13
344.0320992823837	I	n238;5
346.14184622948244	I	n281;12
355.7899662740194	E	n274;9
355.7899662740194	E	n274;11
357.9865160306485	I	n281;12
359.3829481848695	C	n281;12
365.43190125744275	S	n273;8;n325;14;n326;15
365.43190125744275	S	n273;10;n325;16;n326;17
368.33285918754166	F	n282;13
368.33285918754166	F	n325;14
368.33285918754166	F	n325;16
368.33285918754166	F	n281;12
368.33285918754166	F	n326;15
368.33285918754166	F	n326;17
368.33285918754166	F	n238;5
