TIME	EVENT	NODES
299.0879626330507	O	n216
301.7496501463424	E	n216;1
