TIME	EVENT	NODES
299.09766276027153	O	n212
306.2428786826289	L	n212;1
