TIME	EVENT	NODES
299.1542394890738	O	n212
300.86864897136945	T	n212;1;n212;2;n216;3
301.7496501463424	E	n216;3
364.14479088522387	E	n212;2
