TIME	EVENT	NODES
0	O	Root
0.0	S	Root;1;n1;2;n2;3
3.2265121368497676	S	n2;3;n3;4;n4;5
6.0891450189117755	S	n4;5;n5;6;n6;7
10.073239417423075	I	n3;4
11.91449411353405	L	n3;4
12.049627919615546	E	n1;2
32.537001915924364	T	n5;6;n5;8;n8;9
37.53496181330595	I	n8;9
41.7308661144652	E	n6;7
46.478728420132114	S	n8;9;n9;10;n10;11
52.88222514029217	L	n9;10
65.79458869924449	S	n5;8;n11;12;n12;13
76.83040379162496	S	n10;11;n13;14;n14;15
78.67196232775571	E	n11;12
80.59920766624008	E	n12;13
80.65664055191147	S	n14;15;n15;16;n16;17
90.03849608767848	E	n15;16
90.74528338734476	E	n16;17
100.0082568610545	S	n13;14;n17;18;n18;19
106.49364849808238	I	n18;19
111.66586617081315	S	n18;19;n21;20;n22;21
114.93196343695357	C	n21;20
116.15159170983529	L	n17;18
131.05163357451565	E	n21;20
137.33366044182898	S	n22;21;n25;22;n26;23
142.7155834077547	E	n25;22
149.3238145096331	S	n26;23;n29;24;n30;25
150.84222171296392	E	n30;25
219.26985568488456	I	n29;24
224.34369207996875	S	n29;24;n91;26;n92;27
227.54637249049256	E	n91;26
242.0849829849916	I	n92;27
251.1517682979901	S	n92;27;n127;28;n128;29
251.5390235914055	E	n128;29
252.87678478256842	E	n127;28
