TIME	EVENT	NODES
299.2071110903197	O	n149
313.2735372024965	E	n149;1
