TIME	EVENT	NODES
299.23565256974774	O	n155
302.77518792485097	S	n155;1;n221;2;n222;3
305.1151352936626	L	n222;3
368.33285918754166	F	n221;2
