TIME	EVENT	NODES
299.24499402688735	O	n185
306.7118637562414	E	n185;1
