TIME	EVENT	NODES
299.3456855483642	O	n142
312.1421772672062	E	n142;1
