TIME	EVENT	NODES
299.61903192181876	O	n165
300.4008788083446	L	n165;1
