TIME	EVENT	NODES
299.69755424422596	O	n213
305.3065589137974	S	n213;1;n225;2;n226;3
324.2601856628277	E	n226;3
324.7848548775896	E	n225;2
