TIME	EVENT	NODES
299.7166140532098	O	n173
314.5087251124538	E	n173;1
