TIME	EVENT	NODES
299.73144531213467	O	n183
349.00530575206363	E	n183;1
