TIME	EVENT	NODES
299.8304410483587	O	n204
305.8053411110323	S	n204;1;n227;2;n228;3
314.0104779853529	S	n227;2;n237;4;n238;5
318.52742293397984	I	n238;5
320.3551688144806	I	n238;5
339.96246034945096	S	n237;4;n273;6;n274;7
342.3523845263514	S	n228;3;n281;8;n282;9
345.10105420790416	C	n273;6
347.8337856826181	I	n282;9
353.58190020231007	I	n274;7
353.8774299414704	I	n273;6
355.7899662740194	E	n274;7
365.43190125744275	S	n273;6;n325;10;n326;11
365.63394948672277	I	n325;10
367.28502234346956	I	n325;10
368.1202744279893	I	n325;10
368.33285918754166	F	n282;9
368.33285918754166	F	n325;10
368.33285918754166	F	n281;8
368.33285918754166	F	n326;11
368.33285918754166	F	n238;5
