TIME	EVENT	NODES
300.01698965028345	O	n195
301.5187902891868	E	n195;1
