TIME	EVENT	NODES
300.1863127221209	O	n192
316.27600896896894	E	n192;1
