TIME	EVENT	NODES
300.31756885137946	O	n187
345.9090609463214	L	n187;1
