TIME	EVENT	NODES
300.32342473004974	O	n142
312.1421772672062	E	n142;1
