TIME	EVENT	NODES
300.35066136360444	O	n210
307.88032930517045	S	n210;1;n229;2;n230;3
312.9901659316627	I	n230;3
319.05309034294646	I	n229;2
326.66494927406694	L	n230;3
337.10932653973396	S	n229;2;n267;4;n268;5
338.767783708216	I	n268;5
342.1368897672253	S	n267;4;n279;6;n280;7
346.5471506808192	S	n280;7;n285;8;n286;9
347.3589689447561	S	n268;5;n289;10;n290;11
350.7582055282678	I	n286;9
358.6980084274748	I	n289;10
362.14507068748986	S	n289;10;n311;12;n312;13
362.93877184850265	E	n279;6
366.8510468779315	C	n285;8
368.33285918754166	F	n285;8
368.33285918754166	F	n286;9
368.33285918754166	F	n312;13
368.33285918754166	F	n311;12
368.33285918754166	F	n290;11
