TIME	EVENT	NODES
300.4242167933592	O	n181
326.9191915703628	E	n181;1
