TIME	EVENT	NODES
300.51737054593275	O	n202
305.99025340734033	E	n202;1
