TIME	EVENT	NODES
300.6081382731137	O	n204
305.8053411110323	S	n204;1;n227;2;n228;3
314.0104779853529	S	n227;2;n237;4;n238;5
338.5705466550783	C	n238;5
339.96246034945096	S	n237;4;n273;6;n274;7
342.3523845263514	S	n228;3;n281;8;n282;9
343.18497084029303	I	n274;7
344.0994321426368	I	n238;5
355.7899662740194	E	n274;7
359.9067616438676	L	n238;5
365.43190125744275	S	n273;6;n325;10;n326;11
368.33285918754166	F	n282;9
368.33285918754166	F	n325;10
368.33285918754166	F	n281;8
368.33285918754166	F	n326;11
