TIME	EVENT	NODES
300.6763005272521	O	n204
305.8053411110323	S	n204;1;n227;2;n228;3
314.0104779853529	S	n227;2;n237;4;n238;5
317.9701256899267	C	n228;3
339.96246034945096	S	n237;4;n273;6;n274;7
342.3523845263514	S	n228;3;n281;8;n282;9
346.3595351297647	I	n282;9
351.75146674314504	I	n238;5
351.85047477880437	I	n274;7
355.7899662740194	E	n274;7
356.8794825038169	I	n238;5
361.29493306456135	C	n281;8
365.43190125744275	S	n273;6;n325;10;n326;11
368.33285918754166	F	n282;9
368.33285918754166	F	n325;10
368.33285918754166	F	n281;8
368.33285918754166	F	n326;11
368.33285918754166	F	n238;5
