TIME	EVENT	NODES
300.70847223662884	O	n201
303.1093581660646	I	n201;1
312.06673550701987	S	n201;1;n235;2;n236;3
320.3130396214195	L	n235;2
331.02825248126715	E	n236;3
