TIME	EVENT	NODES
300.737469548912	O	n216
301.7496501463424	E	n216;1
