TIME	EVENT	NODES
300.7971322987453	O	n185
306.7118637562414	E	n185;1
