TIME	EVENT	NODES
300.82900721922965	O	n195
301.5187902891868	E	n195;1
