TIME	EVENT	NODES
300.93471548139485	O	n195
301.5187902891868	E	n195;1
