TIME	EVENT	NODES
300.95814810916335	O	n192
316.27600896896894	E	n192;1
