TIME	EVENT	NODES
301.27891544351456	O	n155
301.46087240205134	I	n155;1
302.77518792485097	S	n155;1;n221;2;n222;3
311.54021095248527	T	n222;3;n222;4;n231;5
314.3193370741534	E	n222;4
318.2756335606385	I	n221;2
323.80030071974306	T	n221;2;n221;6;n237;7
324.44028976703606	I	n237;7
335.14844581859495	S	n231;5;n259;8;n260;9
338.6014466163177	C	n259;8
339.96246034945096	S	n237;7;n273;10;n274;11
341.8523665731976	L	n259;8
355.7899662740194	E	n274;11
365.3354294195512	E	n260;9
365.43190125744275	S	n273;10;n325;12;n326;13
368.33285918754166	F	n325;12
368.33285918754166	F	n326;13
368.33285918754166	F	n221;6
