TIME	EVENT	NODES
301.3293895865591	O	n187
312.1365438328029	C	n187;1
356.3119546325315	E	n187;1
