TIME	EVENT	NODES
301.3470665743139	O	n174
316.64521563171144	E	n174;1
