TIME	EVENT	NODES
301.6870184981241	O	n185
306.7118637562414	E	n185;1
