TIME	EVENT	NODES
301.8096041556726	O	n170
349.99728144363627	I	n170;1
368.33285918754166	F	n170;1
