TIME	EVENT	NODES
301.97492588015103	O	n172
315.41472492191235	E	n172;1
