TIME	EVENT	NODES
302.05108998075804	O	n149
313.2735372024965	E	n149;1
