TIME	EVENT	NODES
302.1621780542606	O	n155
302.77518792485097	S	n155;1;n221;2;n222;3
314.3193370741534	E	n222;3
334.177225787515	L	n221;2
