TIME	EVENT	NODES
302.1896423991222	O	n185
306.7118637562414	E	n185;1
