TIME	EVENT	NODES
302.397120538824	O	n172
315.41472492191235	E	n172;1
