TIME	EVENT	NODES
302.48547138481877	O	n109
304.0435320818028	I	n109;1
315.342886568578	E	n109;1
