TIME	EVENT	NODES
302.5154335548747	O	n218
327.1046107185982	E	n218;1
