TIME	EVENT	NODES
302.5164324422432	O	n198
309.21205838172443	S	n198;1;n231;2;n232;3
314.1458393412537	I	n231;2
317.30612004847615	S	n232;3;n239;4;n240;5
331.57266048626957	I	n231;2
333.9835129984656	I	n239;4
335.14844581859495	S	n231;2;n259;6;n260;7
336.48660234690794	C	n260;7
348.6720819320871	E	n240;5
348.7564267084988	E	n259;6
365.3354294195512	E	n260;7
365.6675909654996	S	n239;4;n327;8;n328;9
368.33285918754166	F	n327;8
368.33285918754166	F	n328;9
