TIME	EVENT	NODES
302.53194854857446	O	n220
309.22719658015154	E	n220;1
