TIME	EVENT	NODES
302.542854195971	O	n170
312.7587999642027	I	n170;1
354.11788126470606	I	n170;1
368.33285918754166	F	n170;1
