TIME	EVENT	NODES
302.71941837747147	O	n205
339.7658923254064	I	n205;1
339.9246394823701	D	n205;1;n205;2;n205;3
358.17908687158666	I	n205;2
358.17908687158666	I	n205;3
363.72092949357767	S	n205;3;n313;4;n314;5
363.72092949357767	S	n205;2;n313;6;n314;7
368.33285918754166	F	n314;5
368.33285918754166	F	n314;7
368.33285918754166	F	n313;4
368.33285918754166	F	n313;6
