TIME	EVENT	NODES
302.840318930938	O	n209
303.4377349768546	S	n209;1;n223;2;n224;3
310.74626732789005	S	n224;3;n233;4;n234;5
311.8765909137566	C	n233;4
322.6630115581117	S	n233;4;n245;6;n246;7
327.68708843484586	S	n223;2;n251;8;n252;9
330.57018046207565	T	n245;6;n245;10;n215;11
332.4102912177123	T	n246;7;n246;12;n237;13
332.49121349648993	I	n252;9
334.9897297167016	S	n251;8;n257;14;n258;15
335.3312473826141	I	n258;15
338.89935941368094	E	n245;10
339.5639087260698	I	n257;14
339.96246034945096	S	n237;13;n273;16;n274;17
341.11177427463167	S	n246;12;n275;18;n276;19
341.5385477573434	S	n215;11;n277;20;n278;21
344.02040770953147	S	n258;15;n283;22;n284;23
346.5990500281604	S	n283;22;n287;24;n288;25
346.66405234335855	I	n275;18
348.7700363029201	S	n275;18;n291;26;n292;27
350.6247674253394	S	n276;19;n295;28;n296;29
351.1447795125167	I	n234;5
352.33879296373124	I	n291;26
353.2274467652559	S	n284;23;n297;30;n298;31
355.0583586205711	S	n292;27;n299;32;n300;33
355.7899662740194	E	n274;17
355.8778505990836	S	n295;28;n301;34;n302;35
356.8402215538495	I	n297;30
357.1757291726746	S	n301;34;n305;36;n306;37
358.1134908457539	I	n273;16
359.61907147954616	T	n257;14;n257;38;n239;39
360.28718874899863	I	n252;9
360.66748199542366	E	n306;37
362.6015711570035	I	n300;33
363.00126013746194	I	n296;29
363.7179365725955	E	n277;20
364.0086300239402	S	n305;36;n315;40;n316;41
364.8824680743981	S	n302;35;n321;42;n322;43
365.43190125744275	S	n273;16;n325;44;n326;45
365.6675909654996	S	n239;39;n327;46;n328;47
366.424718646982	I	n296;29
367.1130175490286	L	n316;41
367.9652338482892	I	n322;43
368.33285918754166	F	n322;43
368.33285918754166	F	n291;26
368.33285918754166	F	n300;33
368.33285918754166	F	n296;29
368.33285918754166	F	n287;24
368.33285918754166	F	n299;32
368.33285918754166	F	n257;38
368.33285918754166	F	n288;25
368.33285918754166	F	n327;46
368.33285918754166	F	n234;5
368.33285918754166	F	n325;44
368.33285918754166	F	n328;47
368.33285918754166	F	n326;45
368.33285918754166	F	n252;9
368.33285918754166	F	n321;42
368.33285918754166	F	n297;30
368.33285918754166	F	n278;21
368.33285918754166	F	n315;40
368.33285918754166	F	n298;31
