TIME	EVENT	NODES
303.06740744023404	O	n209
303.4377349768546	S	n209;1;n223;2;n224;3
310.74626732789005	S	n224;3;n233;4;n234;5
316.3784728802602	I	n233;4
321.05499035910316	L	n233;4
321.05499035910316	T	n223;2;n223;6;n233;7
322.6630115581117	S	n233;7;n245;8;n246;9
327.68708843484586	S	n223;6;n251;10;n252;11
334.9897297167016	S	n251;10;n257;12;n258;13
336.20260250311674	I	n252;11
338.89935941368094	E	n245;8
341.11177427463167	S	n246;9;n275;14;n276;15
344.02040770953147	S	n258;13;n283;16;n284;17
346.5990500281604	S	n283;16;n287;18;n288;19
348.7700363029201	S	n275;14;n291;20;n292;21
350.6247674253394	S	n276;15;n295;22;n296;23
353.2274467652559	S	n284;17;n297;24;n298;25
354.7611561717557	I	n298;25
355.0583586205711	S	n292;21;n299;26;n300;27
355.76134057165547	L	n287;18
355.8778505990836	S	n295;22;n301;28;n302;29
357.1757291726746	S	n301;28;n305;30;n306;31
360.66748199542366	E	n306;31
361.08696859282776	I	n296;23
362.29069445787525	I	n252;11
363.93679565524724	I	n299;26
364.0086300239402	S	n305;30;n315;32;n316;33
364.7313862501904	C	n297;24
364.8824680743981	S	n302;29;n321;34;n322;35
366.28617395488055	I	n315;32
368.33285918754166	F	n316;33
368.33285918754166	F	n322;35
368.33285918754166	F	n291;20
368.33285918754166	F	n300;27
368.33285918754166	F	n296;23
368.33285918754166	F	n299;26
368.33285918754166	F	n257;12
368.33285918754166	F	n288;19
368.33285918754166	F	n234;5
368.33285918754166	F	n252;11
368.33285918754166	F	n321;34
368.33285918754166	F	n297;24
368.33285918754166	F	n315;32
368.33285918754166	F	n298;25
