TIME	EVENT	NODES
303.12156925988296	O	n209
303.4377349768546	S	n209;1;n223;2;n224;3
305.17660988704654	C	n224;3
309.62950150827646	I	n223;2
310.74626732789005	S	n224;3;n233;4;n234;5
317.0272496109841	I	n223;2
322.6630115581117	S	n233;4;n245;6;n246;7
327.68708843484586	S	n223;2;n251;8;n252;9
328.17691039324285	C	n245;6
329.7478520069139	I	n251;8
334.4492344731582	I	n251;8
334.9897297167016	S	n251;8;n257;10;n258;11
338.89935941368094	E	n245;6
341.11177427463167	S	n246;7;n275;12;n276;13
342.4304737286627	L	n275;12
344.02040770953147	S	n258;11;n283;14;n284;15
346.5990500281604	S	n283;14;n287;16;n288;17
346.80602851036576	C	n234;5
350.6247674253394	S	n276;13;n295;18;n296;19
351.90375032716395	L	n234;5
353.2274467652559	S	n284;15;n297;20;n298;21
353.4262085420484	I	n298;21
355.0477201065147	L	n287;16
355.8778505990836	S	n295;18;n301;22;n302;23
357.1757291726746	S	n301;22;n305;24;n306;25
360.66748199542366	E	n306;25
360.97040658234357	L	n252;9
361.6919516242395	I	n288;17
364.0086300239402	S	n305;24;n315;26;n316;27
364.8824680743981	S	n302;23;n321;28;n322;29
367.84071899234635	I	n257;10
368.1607319530991	I	n322;29
368.33285918754166	F	n316;27
368.33285918754166	F	n322;29
368.33285918754166	F	n296;19
368.33285918754166	F	n257;10
368.33285918754166	F	n288;17
368.33285918754166	F	n321;28
368.33285918754166	F	n297;20
368.33285918754166	F	n315;26
368.33285918754166	F	n298;21
