TIME	EVENT	NODES
303.14165577904896	O	n212
342.82258060386664	C	n212;1
363.0926023793757	I	n212;1
364.14479088522387	E	n212;1
