TIME	EVENT	NODES
303.42573210691427	O	n172
315.41472492191235	E	n172;1
