TIME	EVENT	NODES
303.73617143464674	O	n198
309.21205838172443	S	n198;1;n231;2;n232;3
317.30612004847615	S	n232;3;n239;4;n240;5
318.05249440589677	T	n231;2;n231;6;n225;7
324.7848548775896	E	n225;7
335.14844581859495	S	n231;6;n259;8;n260;9
345.542782614695	I	n259;8
348.6720819320871	E	n240;5
348.7564267084988	E	n259;8
365.3354294195512	E	n260;9
365.6675909654996	S	n239;4;n327;10;n328;11
368.33285918754166	F	n327;10
368.33285918754166	F	n328;11
