TIME	EVENT	NODES
303.86666074776764	O	n189
306.18779637717876	E	n189;1
