TIME	EVENT	NODES
303.9414665949165	O	n210
307.88032930517045	S	n210;1;n229;2;n230;3
313.63379990667624	C	n229;2
322.5831865211286	I	n230;3
337.10932653973396	S	n229;2;n267;4;n268;5
342.1368897672253	S	n267;4;n279;6;n280;7
346.5471506808192	S	n280;7;n285;8;n286;9
347.3589689447561	S	n268;5;n289;10;n290;11
347.4712096819992	C	n279;6
358.2350230760392	I	n279;6
362.14507068748986	S	n289;10;n311;12;n312;13
362.5399087110203	I	n312;13
362.93877184850265	E	n279;6
364.9993554908918	I	n290;11
368.33285918754166	F	n230;3
368.33285918754166	F	n285;8
368.33285918754166	F	n286;9
368.33285918754166	F	n312;13
368.33285918754166	F	n311;12
368.33285918754166	F	n290;11
