TIME	EVENT	NODES
303.9964555165514	O	n221
347.28871863097237	C	n221;1
368.33285918754166	F	n221;1
