TIME	EVENT	NODES
304.22517483616167	O	n174
305.9477080415157	I	n174;1
316.64521563171144	E	n174;1
