TIME	EVENT	NODES
304.23186503148287	O	n212
364.14479088522387	E	n212;1
