TIME	EVENT	NODES
304.3158725827852	O	n189
306.18779637717876	E	n189;1
