TIME	EVENT	NODES
304.34061992986017	O	n185
306.7118637562414	E	n185;1
