TIME	EVENT	NODES
304.35018862965285	O	n192
316.27600896896894	E	n192;1
