TIME	EVENT	NODES
304.35966302173176	O	n204
305.8053411110323	S	n204;1;n227;2;n228;3
309.9043329916773	I	n228;3
314.0104779853529	S	n227;2;n237;4;n238;5
319.7230516938198	I	n228;3
338.47433047653976	L	n237;4
342.3523845263514	S	n228;3;n281;6;n282;7
364.7690552260169	I	n238;5
368.33285918754166	F	n282;7
368.33285918754166	F	n281;6
368.33285918754166	F	n238;5
