TIME	EVENT	NODES
304.5821651927735	O	n173
314.5087251124538	E	n173;1
