TIME	EVENT	NODES
304.5858600761116	O	n187
356.3119546325315	E	n187;1
