TIME	EVENT	NODES
304.8063873259408	O	n210
305.048697496217	C	n210;1
307.88032930517045	S	n210;1;n229;2;n230;3
319.3467246108068	T	n229;2;n229;4;n223;5
327.68708843484586	S	n223;5;n251;6;n252;7
329.1137658134585	C	n251;6
334.9897297167016	S	n251;6;n257;8;n258;9
337.10932653973396	S	n229;4;n267;10;n268;11
339.5464971940684	I	n258;9
341.49203242126964	I	n258;9
342.1368897672253	S	n267;10;n279;12;n280;13
342.5090384748172	I	n230;3
344.02040770953147	S	n258;9;n283;14;n284;15
345.55860598523526	I	n230;3
346.5471506808192	S	n280;13;n285;16;n286;17
346.5990500281604	S	n283;14;n287;18;n288;19
347.3589689447561	S	n268;11;n289;20;n290;21
347.8158541646623	I	n286;17
350.9266597001156	I	n287;18
351.4241517169433	C	n290;21
353.2274467652559	S	n284;15;n297;22;n298;23
353.6845061022417	C	n257;8
356.733638452834	I	n290;21
359.51188297899733	I	n298;23
359.8189844183879	I	n288;19
362.14507068748986	S	n289;20;n311;24;n312;25
362.93877184850265	E	n279;12
368.33285918754166	F	n230;3
368.33285918754166	F	n287;18
368.33285918754166	F	n257;8
368.33285918754166	F	n288;19
368.33285918754166	F	n285;16
368.33285918754166	F	n286;17
368.33285918754166	F	n312;25
368.33285918754166	F	n252;7
368.33285918754166	F	n311;24
368.33285918754166	F	n297;22
368.33285918754166	F	n290;21
368.33285918754166	F	n298;23
