TIME	EVENT	NODES
304.8739888900441	O	n172
313.4160177863175	I	n172;1
315.41472492191235	E	n172;1
