TIME	EVENT	NODES
304.9298111481597	O	n222
314.3193370741534	E	n222;1
