TIME	EVENT	NODES
305.00748649614656	O	n205
317.95191712615843	I	n205;1
332.4217714342379	I	n205;1
343.5240240687387	D	n205;1;n205;2;n205;3
353.9504502431209	I	n205;2
353.9504502431209	I	n205;3
363.72092949357767	S	n205;3;n313;4;n314;5
363.72092949357767	S	n205;2;n313;6;n314;7
368.33285918754166	F	n314;5
368.33285918754166	F	n314;7
368.33285918754166	F	n313;4
368.33285918754166	F	n313;6
