TIME	EVENT	NODES
305.1062835964141	O	n210
307.88032930517045	S	n210;1;n229;2;n230;3
328.1700724890811	D	n229;2;n229;4;n229;5
337.10932653973396	S	n229;4;n267;6;n268;7
337.10932653973396	S	n229;5;n267;8;n268;9
342.1368897672253	S	n267;6;n279;10;n280;11
342.1368897672253	S	n267;8;n279;12;n280;13
346.5471506808192	S	n280;11;n285;14;n286;15
346.5471506808192	S	n280;13;n285;16;n286;17
347.3589689447561	S	n268;7;n289;18;n290;19
347.3589689447561	S	n268;9;n289;20;n290;21
348.54749982900495	T	n290;19;n290;22;n187;23
356.3119546325315	E	n187;23
357.168200377421	I	n285;14
357.168200377421	I	n285;16
359.618262008642	L	n285;14
360.3343947466643	I	n279;10
360.3343947466643	I	n279;12
362.14507068748986	S	n289;18;n311;24;n312;25
362.14507068748986	S	n289;20;n311;26;n312;27
362.93877184850265	E	n279;12
362.93877184850265	E	n279;10
364.6439747194028	C	n290;22
368.33285918754166	F	n230;3
368.33285918754166	F	n285;16
368.33285918754166	F	n286;15
368.33285918754166	F	n286;17
368.33285918754166	F	n312;25
368.33285918754166	F	n312;27
368.33285918754166	F	n311;24
368.33285918754166	F	n311;26
368.33285918754166	F	n290;21
368.33285918754166	F	n290;22
