TIME	EVENT	NODES
305.1141276001844	O	n221
318.2756335606385	I	n221;1
366.22525132497327	T	n221;1;n221;2;n296;3
368.33285918754166	F	n296;3
368.33285918754166	F	n221;2
