TIME	EVENT	NODES
305.1360486366556	O	n174
316.64521563171144	E	n174;1
