TIME	EVENT	NODES
305.15595484700214	O	n173
314.5087251124538	E	n173;1
