TIME	EVENT	NODES
305.21770037422147	O	n220
305.728733924016	I	n220;1
309.22719658015154	E	n220;1
