TIME	EVENT	NODES
305.3395125588086	O	n220
309.22719658015154	E	n220;1
