TIME	EVENT	NODES
305.40650924099384	O	n204
305.8053411110323	S	n204;1;n227;2;n228;3
314.0104779853529	S	n227;2;n237;4;n238;5
316.8093160848777	I	n237;4
333.7474312178079	I	n228;3
339.96246034945096	S	n237;4;n273;6;n274;7
342.3523845263514	S	n228;3;n281;8;n282;9
354.3594229455014	I	n273;6
355.7899662740194	E	n274;7
361.2567081903156	T	n238;5;n238;10;n297;11
365.43190125744275	S	n273;6;n325;12;n326;13
368.33285918754166	F	n282;9
368.33285918754166	F	n325;12
368.33285918754166	F	n281;8
368.33285918754166	F	n326;13
368.33285918754166	F	n297;11
368.33285918754166	F	n238;10
