TIME	EVENT	NODES
305.4490375234935	O	n172
315.41472492191235	E	n172;1
