TIME	EVENT	NODES
305.4935404162897	O	n174
316.64521563171144	E	n174;1
