TIME	EVENT	NODES
305.54282424329017	O	n220
309.22719658015154	E	n220;1
