TIME	EVENT	NODES
305.60291145222845	O	n223
327.68708843484586	S	n223;1;n251;2;n252;3
334.9897297167016	S	n251;2;n257;4;n258;5
337.77073275074224	C	n257;4
344.02040770953147	S	n258;5;n283;6;n284;7
345.8034557319484	L	n284;7
346.5990500281604	S	n283;6;n287;8;n288;9
361.18696762514037	I	n252;3
368.33285918754166	F	n287;8
368.33285918754166	F	n257;4
368.33285918754166	F	n288;9
368.33285918754166	F	n252;3
