TIME	EVENT	NODES
305.6302854519189	O	n221
324.3706918529103	I	n221;1
345.7184559972384	I	n221;1
368.33285918754166	F	n221;1
