TIME	EVENT	NODES
305.6601664384866	O	n173
314.5087251124538	E	n173;1
