TIME	EVENT	NODES
305.7158236267377	O	n166
325.4737104638525	I	n166;1
325.62016585225894	E	n166;1
