TIME	EVENT	NODES
305.7877917532013	O	n173
314.5087251124538	E	n173;1
