TIME	EVENT	NODES
306.05483645108967	O	n219
309.9627003382464	I	n219;1
316.9380724622402	I	n219;1
322.23550031039156	S	n219;1;n243;2;n244;3
333.4517098064388	I	n244;3
336.27194991669535	S	n243;2;n265;4;n266;5
337.4581155652351	I	n244;3
337.9466629699342	E	n266;5
342.121941400088	I	n244;3
357.83898267386695	E	n265;4
368.33285918754166	F	n244;3
