TIME	EVENT	NODES
306.1395809860847	O	n201
308.3264954988448	T	n201;1;n201;2;n170;3
312.06673550701987	S	n201;2;n235;4;n236;5
319.9319030619593	I	n236;5
321.78135305229097	E	n235;4
331.02825248126715	E	n236;5
368.33285918754166	F	n170;3
