TIME	EVENT	NODES
306.31468569640293	O	n223
321.6653154140737	T	n223;1;n223;2;n187;3
327.68708843484586	S	n223;2;n251;4;n252;5
332.49121349648993	I	n252;5
334.9897297167016	S	n251;4;n257;6;n258;7
339.5639087260698	I	n257;6
344.02040770953147	S	n258;7;n283;8;n284;9
346.5990500281604	S	n283;8;n287;10;n288;11
351.5459965891329	T	n187;3;n187;12;n261;13
353.2274467652559	S	n284;9;n297;14;n298;15
355.0556808865474	I	n252;5
356.3119546325315	E	n187;12
359.16454116420584	E	n261;13
360.28718874899863	I	n252;5
367.3204747679716	I	n287;10
368.33285918754166	F	n287;10
368.33285918754166	F	n257;6
368.33285918754166	F	n288;11
368.33285918754166	F	n252;5
368.33285918754166	F	n297;14
368.33285918754166	F	n298;15
