TIME	EVENT	NODES
306.33551198746756	O	n222
312.0385214820608	C	n222;1
314.3193370741534	E	n222;1
