TIME	EVENT	NODES
306.53914582797995	O	n210
307.88032930517045	S	n210;1;n229;2;n230;3
315.26446368432846	C	n230;3
337.10932653973396	S	n229;2;n267;4;n268;5
342.1368897672253	S	n267;4;n279;6;n280;7
342.5090384748172	I	n230;3
346.5471506808192	S	n280;7;n285;8;n286;9
347.3589689447561	S	n268;5;n289;10;n290;11
348.9401928940762	I	n285;8
362.14507068748986	S	n289;10;n311;12;n312;13
362.93877184850265	E	n279;6
363.73692454397434	C	n286;9
364.0168808052893	I	n312;13
368.33285918754166	F	n230;3
368.33285918754166	F	n285;8
368.33285918754166	F	n286;9
368.33285918754166	F	n312;13
368.33285918754166	F	n311;12
368.33285918754166	F	n290;11
