TIME	EVENT	NODES
306.68047835510373	O	n222
314.3193370741534	E	n222;1
