TIME	EVENT	NODES
306.76398672242516	O	n219
322.23550031039156	S	n219;1;n243;2;n244;3
331.32367886526066	D	n243;2;n243;4;n243;5
332.5604159398751	D	n244;3;n244;6;n244;7
336.27194991669535	S	n243;4;n265;8;n266;9
336.27194991669535	S	n243;5;n265;10;n266;11
337.9466629699342	E	n266;9
337.9466629699342	E	n266;11
357.83898267386695	E	n265;8
357.83898267386695	E	n265;10
368.33285918754166	F	n244;6
368.33285918754166	F	n244;7
