TIME	EVENT	NODES
306.8253115649079	O	n149
313.2735372024965	E	n149;1
