TIME	EVENT	NODES
307.11658364565875	O	n149
313.2735372024965	E	n149;1
