TIME	EVENT	NODES
0	O	Root
0.0	S	Root;1;n1;2;n2;3
1.1526049188520024	S	n1;2;n3;4;n4;5
4.484958026479743	S	n3;4;n5;6;n6;7
5.070681651816388	E	n5;6
7.566795314525711	S	n4;5;n7;8;n8;9
9.937342596589726	E	n7;8
13.495568640650367	L	n2;3
13.495568640650367	T	n8;9;n8;10;n2;11
18.010842820539494	S	n6;7;n9;12;n10;13
20.239990944317555	S	n9;12;n11;14;n12;15
22.053885647687174	I	n11;14
22.321333856383625	E	n11;14
22.693172996630356	L	n10;13
22.909819856367786	S	n8;10;n13;16;n14;17
24.41824382283007	S	n12;15;n15;18;n16;19
25.86298051660454	E	n15;18
26.256835295663688	E	n2;11
26.84276481692311	S	n14;17;n17;20;n18;21
27.04655144454366	E	n16;19
30.407447078502262	S	n17;20;n21;22;n22;23
30.44638332844865	I	n18;21
31.420242550195347	C	n21;22
34.2168488794402	C	n18;21
34.921607100391746	C	n22;23
35.92070569340266	S	n21;22;n25;24;n26;25
38.13198542719755	E	n22;23
39.04702059247166	E	n13;16
40.759074860237476	E	n25;24
41.52313104173014	L	n18;21
42.012799395780256	E	n26;25
