TIME	EVENT	NODES
307.38777366847194	O	n225
324.7848548775896	E	n225;1
