TIME	EVENT	NODES
307.4618518956077	O	n222
314.3193370741534	E	n222;1
