TIME	EVENT	NODES
307.5801749074047	O	n210
307.88032930517045	S	n210;1;n229;2;n230;3
337.10932653973396	S	n229;2;n267;4;n268;5
342.1368897672253	S	n267;4;n279;6;n280;7
346.5471506808192	S	n280;7;n285;8;n286;9
347.3589689447561	S	n268;5;n289;10;n290;11
347.8957003169544	C	n279;6
349.3637280478884	I	n289;10
349.65079560628845	I	n286;9
355.00835519866064	I	n286;9
357.8272554601683	I	n289;10
358.68438779725983	I	n279;6
360.2772019770016	C	n279;6
362.14507068748986	S	n289;10;n311;12;n312;13
362.2337437457794	L	n230;3
362.93877184850265	E	n279;6
368.33285918754166	F	n285;8
368.33285918754166	F	n286;9
368.33285918754166	F	n312;13
368.33285918754166	F	n311;12
368.33285918754166	F	n290;11
