TIME	EVENT	NODES
307.63568628500445	O	n219
317.6990979495008	D	n219;1;n219;2;n219;3
318.4562673515494	I	n219;2
318.4562673515494	I	n219;3
322.23550031039156	S	n219;3;n243;4;n244;5
322.23550031039156	S	n219;2;n243;6;n244;7
336.27194991669535	S	n243;4;n265;8;n266;9
336.27194991669535	S	n243;6;n265;10;n266;11
337.0122876984376	I	n265;8
337.0122876984376	I	n265;10
337.9466629699342	E	n266;9
337.9466629699342	E	n266;11
343.6784792185438	I	n244;5
343.6784792185438	I	n244;7
357.83898267386695	E	n265;10
357.83898267386695	E	n265;8
368.33285918754166	F	n244;7
368.33285918754166	F	n244;5
