TIME	EVENT	NODES
0	O	Root
0.0	S	Root;1;n1;2;n2;3
3.35634255505027	E	n1;2
6.689912718607442	S	n2;3;n3;4;n4;5
9.52089163317238	S	n4;5;n5;6;n6;7
10.888750871328412	S	n6;7;n7;8;n8;9
11.881425491689571	I	n7;8
14.018630317379895	I	n3;4
16.661417086053657	S	n3;4;n9;10;n10;11
17.681552081932402	E	n10;11
22.401872151706616	S	n9;10;n11;12;n12;13
22.41324765578705	E	n12;13
22.55313214740337	D	n5;6;n5;14;n5;15
22.590498145432377	S	n8;9;n13;16;n14;17
22.836236421711362	S	n7;8;n15;18;n16;19
23.021778876448593	S	n13;16;n17;20;n18;21
23.309087423211405	E	n18;21
23.67182323826393	E	n5;14
23.67182323826393	E	n5;15
25.06258313560527	I	n17;20
26.485787909544978	S	n16;19;n19;22;n20;23
29.746783029605652	S	n17;20;n21;24;n22;25
30.85807005283699	E	n14;17
31.247062379812565	L	n20;23
31.49007846860047	S	n22;25;n23;26;n24;27
31.737956568972965	I	n24;27
32.38286256948116	E	n15;18
33.3266154078909	E	n24;27
33.41488849387419	S	n19;22;n27;28;n28;29
34.804549942871546	S	n27;28;n29;30;n30;31
35.18763541247925	S	n23;26;n31;32;n32;33
35.678876359008704	S	n32;33;n33;34;n34;35
36.88128362876969	E	n11;12
37.43449429937737	E	n33;34
38.32535214593611	I	n29;30
41.52321484299192	I	n30;31
42.16982539729144	S	n21;24;n35;36;n36;37
42.932085337062354	S	n35;36;n37;38;n38;39
42.943931074204656	E	n29;30
43.186387533418184	I	n31;32
43.96599703156712	S	n38;39;n39;40;n40;41
45.829514390972626	S	n40;41;n43;42;n44;43
46.54911121911787	S	n43;42;n45;44;n46;45
46.684750265085036	E	n39;40
46.87578296073487	S	n36;37;n47;46;n48;47
47.034496220930585	S	n46;45;n49;48;n50;49
47.20567624080078	E	n37;38
47.6395298760472	E	n44;43
47.801935550276376	E	n34;35
48.913423218412746	S	n45;44;n51;50;n52;51
51.65188497381932	E	n51;50
52.00683670020086	E	n31;32
52.01805464761573	I	n30;31
53.061527475696025	I	n28;29
53.29780979945958	E	n28;29
54.22525593253356	S	n49;48;n53;52;n54;53
54.86457311440032	S	n54;53;n55;54;n56;55
55.73831808661641	S	n30;31;n57;56;n58;57
56.27158308445796	E	n56;55
57.23402616228817	E	n48;47
58.149188891132745	L	n52;51
58.8528404549742	E	n50;49
59.65295875486497	E	n58;57
66.03919748848978	I	n53;52
66.2736100429329	E	n57;56
69.3614836110607	S	n47;46;n71;58;n72;59
70.72385427150455	I	n71;58
70.88343313549224	E	n72;59
71.89828452143536	E	n55;54
74.41436690001827	E	n53;52
80.57463946636354	S	n71;58;n83;60;n84;61
86.60669252253648	E	n83;60
91.78210615836441	S	n84;61;n103;62;n104;63
98.03385717562367	I	n104;63
102.82426853750586	E	n103;62
106.57096831231419	E	n104;63
