TIME	EVENT	NODES
307.80797509112836	O	n212
364.14479088522387	E	n212;1
