TIME	EVENT	NODES
307.8183701364231	O	n173
308.8751788929166	I	n173;1
312.67570361825574	L	n173;1
