TIME	EVENT	NODES
307.9814455170023	O	n183
349.00530575206363	E	n183;1
