TIME	EVENT	NODES
308.179308032653	O	n149
313.2735372024965	E	n149;1
