TIME	EVENT	NODES
308.24991337439866	O	n198
309.21205838172443	S	n198;1;n231;2;n232;3
317.30612004847615	S	n232;3;n239;4;n240;5
323.6804071069024	L	n240;5
335.14844581859495	S	n231;2;n259;6;n260;7
337.0698899638276	I	n259;6
337.7665531624568	I	n239;4
340.55911664297986	I	n239;4
341.10003260752393	T	n259;6;n259;8;n230;9
345.08649500709276	I	n230;9
348.7564267084988	E	n259;8
354.9920260472761	I	n230;9
362.343288240554	I	n260;7
365.3354294195512	E	n260;7
365.6675909654996	S	n239;4;n327;10;n328;11
367.38182193948694	I	n230;9
368.33285918754166	F	n230;9
368.33285918754166	F	n327;10
368.33285918754166	F	n328;11
