TIME	EVENT	NODES
0	O	Root
0.0	S	Root;1;n1;2;n2;3
1.1526049188520024	S	n1;2;n3;4;n4;5
4.2676844176631255	I	n2;3
4.484958026479743	S	n3;4;n5;6;n6;7
5.070681651816388	E	n5;6
7.566795314525711	S	n4;5;n7;8;n8;9
9.720859232986394	L	n6;7
9.937342596589726	E	n7;8
22.909819856367786	S	n8;9;n13;10;n14;11
26.256835295663688	E	n2;3
26.84276481692311	S	n14;11;n17;12;n18;13
30.407447078502262	S	n17;12;n21;14;n22;15
30.44638332844865	I	n18;13
31.420242550195347	C	n21;14
33.80207526834144	T	n13;10;n13;16;n19;17
34.2168488794402	C	n18;13
34.921607100391746	C	n22;15
35.92070569340266	S	n21;14;n25;18;n26;19
38.047705087906124	I	n19;17
38.13198542719755	E	n22;15
39.04702059247166	E	n13;16
40.759074860237476	E	n25;18
42.012799395780256	E	n26;19
42.357769946350246	S	n18;13;n31;20;n32;21
43.33863519184878	I	n32;21
44.77884411935749	S	n19;17;n35;22;n36;23
45.481795147722195	S	n36;23;n37;24;n38;25
46.694210788673075	E	n32;21
46.89441621440418	E	n38;25
50.79591476008908	S	n31;20;n39;26;n40;27
52.618978043968546	S	n39;26;n47;28;n48;29
53.380444639804644	E	n35;22
53.9262251160511	S	n37;24;n51;30;n52;31
54.592708267342836	S	n52;31;n53;32;n54;33
55.45651211006114	E	n47;28
55.60566347939696	L	n40;27
56.70432307676037	L	n54;33
57.543332345617	I	n48;29
58.95736936245238	C	n48;29
59.887658247674416	C	n51;30
61.254313095266134	E	n48;29
63.55096011226192	E	n53;32
64.96591152733993	S	n51;30;n73;34;n74;35
65.69497400279168	S	n74;35;n77;36;n78;37
69.36748751985498	E	n77;36
76.75087355783961	S	n73;34;n107;38;n108;39
77.75930424173875	I	n107;38
79.22755505538495	S	n108;39;n113;40;n114;41
80.3895646593219	E	n78;37
82.84074056886857	S	n113;40;n127;42;n128;43
87.1911954645398	E	n114;41
90.79568255560412	E	n107;38
91.0242900867634	S	n127;42;n169;44;n170;45
91.30366151326021	I	n169;44
91.54856848753883	S	n170;45;n181;46;n182;47
92.33494976870058	E	n182;47
96.83861240646377	E	n169;44
99.10789388249582	E	n128;43
105.6882236071226	I	n181;46
107.07038824181652	S	n181;46;n253;48;n254;49
113.76517703328658	S	n254;49;n301;50;n302;51
113.98118132905664	E	n301;50
114.59513604545869	S	n302;51;n309;52;n310;53
117.64931390587152	E	n253;48
121.1154699736872	E	n309;52
122.20096298192965	F	n310;53
