TIME	EVENT	NODES
308.6796932150476	O	n174
316.64521563171144	E	n174;1
