TIME	EVENT	NODES
308.8163099605708	O	n172
315.41472492191235	E	n172;1
