TIME	EVENT	NODES
308.92325514140543	O	n220
309.22719658015154	E	n220;1
