TIME	EVENT	NODES
309.0363955888248	O	n174
309.59629528706216	L	n174;1
