TIME	EVENT	NODES
309.05022955891945	O	n142
312.1421772672062	E	n142;1
