TIME	EVENT	NODES
309.1814555434755	O	n227
314.0104779853529	S	n227;1;n237;2;n238;3
324.4182933676462	C	n237;2
339.96246034945096	S	n237;2;n273;4;n274;5
353.3542655042282	I	n273;4
354.8954343814023	I	n273;4
355.7899662740194	E	n274;5
364.7690552260169	I	n238;3
365.43190125744275	S	n273;4;n325;6;n326;7
368.33285918754166	F	n325;6
368.33285918754166	F	n326;7
368.33285918754166	F	n238;3
