TIME	EVENT	NODES
309.1919831205549	O	n181
326.9191915703628	E	n181;1
