TIME	EVENT	NODES
309.44949075050596	O	n174
316.64521563171144	E	n174;1
