TIME	EVENT	NODES
309.5560517033101	O	n215
341.5385477573434	S	n215;1;n277;2;n278;3
354.16412728399195	D	n278;3;n278;4;n278;5
363.7179365725955	E	n277;2
368.33285918754166	F	n278;4
368.33285918754166	F	n278;5
