TIME	EVENT	NODES
309.56849044285997	O	n228
325.82469182182166	C	n228;1
342.3523845263514	S	n228;1;n281;2;n282;3
342.39045053885417	I	n282;3
347.546487037587	I	n282;3
356.6480451330372	L	n281;2
368.33285918754166	F	n282;3
