TIME	EVENT	NODES
309.6284971954244	O	n212
364.14479088522387	E	n212;1
