TIME	EVENT	NODES
309.65867848886614	O	n183
346.48277361515915	I	n183;1
349.00530575206363	E	n183;1
