TIME	EVENT	NODES
309.69036021128073	O	n109
315.342886568578	E	n109;1
