TIME	EVENT	NODES
309.76989745102395	O	n225
324.7848548775896	E	n225;1
