TIME	EVENT	NODES
309.8499262220749	O	n166
325.62016585225894	E	n166;1
