TIME	EVENT	NODES
309.89660796311006	O	n183
314.40912402173376	I	n183;1
349.00530575206363	E	n183;1
