TIME	EVENT	NODES
309.93924416040994	O	n172
315.41472492191235	E	n172;1
