TIME	EVENT	NODES
310.01405385323943	O	n173
312.46180237817094	T	n173;1;n173;2;n223;3
314.5087251124538	E	n173;2
327.68708843484586	S	n223;3;n251;4;n252;5
334.9897297167016	S	n251;4;n257;6;n258;7
344.02040770953147	S	n258;7;n283;8;n284;9
346.5990500281604	S	n283;8;n287;10;n288;11
353.2274467652559	S	n284;9;n297;12;n298;13
353.39818423078464	I	n288;11
367.5250314592831	C	n288;11
368.33285918754166	F	n287;10
368.33285918754166	F	n257;6
368.33285918754166	F	n288;11
368.33285918754166	F	n252;5
368.33285918754166	F	n297;12
368.33285918754166	F	n298;13
