TIME	EVENT	NODES
310.05381592702975	O	n228
340.6272460160968	I	n228;1
342.3523845263514	S	n228;1;n281;2;n282;3
353.8348181886846	I	n282;3
368.33285918754166	F	n282;3
368.33285918754166	F	n281;2
