TIME	EVENT	NODES
310.085783915577	O	n219
322.23550031039156	S	n219;1;n243;2;n244;3
333.66920208831374	L	n243;2
342.60566257314053	I	n244;3
368.33285918754166	F	n244;3
