TIME	EVENT	NODES
310.11942885551446	O	n231
329.66967225361697	I	n231;1
335.14844581859495	S	n231;1;n259;2;n260;3
336.29564571859504	I	n260;3
348.7564267084988	E	n259;2
351.4549700340385	I	n260;3
365.3354294195512	E	n260;3
