TIME	EVENT	NODES
310.25504546461184	O	n173
314.5087251124538	E	n173;1
