TIME	EVENT	NODES
310.26658704506417	O	n230
334.9453818069963	I	n230;1
342.5090384748172	I	n230;1
345.55860598523526	I	n230;1
368.33285918754166	F	n230;1
