TIME	EVENT	NODES
310.4927329770403	O	n187
331.8500708822202	I	n187;1
356.3119546325315	E	n187;1
