TIME	EVENT	NODES
310.5066604625038	O	n149
313.2735372024965	E	n149;1
