TIME	EVENT	NODES
310.87051440207983	O	n225
324.7848548775896	E	n225;1
