TIME	EVENT	NODES
311.0480274095409	O	n109
315.342886568578	E	n109;1
