TIME	EVENT	NODES
311.18726149611047	O	n109
315.342886568578	E	n109;1
