TIME	EVENT	NODES
311.39628764855104	O	n109
315.342886568578	E	n109;1
