TIME	EVENT	NODES
311.59492589184566	O	n181
326.9191915703628	E	n181;1
