TIME	EVENT	NODES
311.68058304591074	O	n226
320.4043488790624	I	n226;1
324.2601856628277	E	n226;1
