TIME	EVENT	NODES
311.89829830058085	O	n170
328.51162888162287	I	n170;1
359.57454426294186	I	n170;1
366.32074924166494	C	n170;1
368.33285918754166	F	n170;1
