TIME	EVENT	NODES
311.93309466484044	O	n166
325.62016585225894	E	n166;1
