TIME	EVENT	NODES
312.0718329154355	O	n172
315.41472492191235	E	n172;1
