TIME	EVENT	NODES
312.3682597644102	O	n234
313.7772499471615	I	n234;1
368.33285918754166	F	n234;1
