TIME	EVENT	NODES
312.36847157354754	O	n109
315.342886568578	E	n109;1
