TIME	EVENT	NODES
312.41216730124387	O	n226
324.2601856628277	E	n226;1
