TIME	EVENT	NODES
312.52316058654066	O	n232
315.8723369884732	I	n232;1
317.30612004847615	S	n232;1;n239;2;n240;3
318.8312819596412	I	n240;3
329.787269424648	I	n240;3
337.6229436817955	I	n240;3
340.55911664297986	I	n239;2
347.6497953599601	L	n240;3
360.41265537771505	I	n239;2
364.79215553309297	I	n239;2
365.6675909654996	S	n239;2;n327;4;n328;5
368.33285918754166	F	n327;4
368.33285918754166	F	n328;5
