TIME	EVENT	NODES
312.6795081934106	O	n232
317.30612004847615	S	n232;1;n239;2;n240;3
318.84610593215643	L	n239;2
320.9279935764596	D	n240;3;n240;4;n240;5
348.6720819320871	E	n240;4
348.6720819320871	E	n240;5
