TIME	EVENT	NODES
312.7070629450835	O	n225
324.7848548775896	E	n225;1
