TIME	EVENT	NODES
312.7070908467112	O	n149
313.2735372024965	E	n149;1
