TIME	EVENT	NODES
312.77707469701755	O	n218
327.1046107185982	E	n218;1
