TIME	EVENT	NODES
312.88575920307034	O	n228
342.3523845263514	S	n228;1;n281;2;n282;3
350.135204328402	C	n282;3
353.8348181886846	I	n282;3
368.33285918754166	F	n282;3
368.33285918754166	F	n281;2
