TIME	EVENT	NODES
312.97947783472824	O	n225
320.94830683185387	I	n225;1
322.1667929875746	I	n225;1
324.7848548775896	E	n225;1
