TIME	EVENT	NODES
313.2008853384876	O	n212
364.14479088522387	E	n212;1
