TIME	EVENT	NODES
313.350216583479	O	n172
315.41472492191235	E	n172;1
