TIME	EVENT	NODES
313.3580471541264	O	n109
315.342886568578	E	n109;1
