TIME	EVENT	NODES
313.4540013080431	O	n232
317.30612004847615	S	n232;1;n239;2;n240;3
332.60043887373007	I	n240;3
348.6720819320871	E	n240;3
365.6675909654996	S	n239;2;n327;4;n328;5
368.33285918754166	F	n327;4
368.33285918754166	F	n328;5
