TIME	EVENT	NODES
313.4644023718713	O	n235
321.78135305229097	E	n235;1
