TIME	EVENT	NODES
0.08111086658541741	O	n1
0.11428202715204365	E	n1;1
