TIME	EVENT	NODES
0.11197835186706565	O	n9
0.1969107897114663	E	n9;1
