TIME	EVENT	NODES
0.18538482428952976	O	n14
0.2671518695686604	S	n14;1;n23;2;n24;3
0.27745213159000687	S	n24;3;n27;4;n28;5
0.2799238517383474	E	n23;2
0.32904946939963037	E	n28;5
0.3312970553039297	S	n27;4;n39;6;n40;7
0.38527024566626544	S	n40;7;n55;8;n56;9
0.39572310287152684	E	n56;9
0.40776133334394826	E	n39;6
0.4614636471342297	S	n55;8;n81;10;n82;11
0.5513937295836269	S	n81;10;n93;12;n94;13
0.5572075351753035	S	n93;12;n97;14;n98;15
0.5745225296406941	S	n94;13;n99;16;n100;17
0.5986568889414171	E	n100;17
0.6049905299992304	E	n82;11
0.6633287276540377	E	n99;16
0.701079093030748	E	n98;15
0.7217302559461122	S	n97;14;n147;18;n148;19
0.7452002798513975	S	n147;18;n163;20;n164;21
0.7661198686804508	S	n148;19;n171;22;n172;23
0.766363326772698	S	n164;21;n173;24;n174;25
0.7774381661020539	E	n172;23
0.7938852446541661	S	n174;25;n193;26;n194;27
0.8090622353839811	S	n171;22;n205;28;n206;29
0.8261291493880141	E	n163;20
0.8483051838783444	E	n194;27
0.8516895988276718	E	n205;28
0.8562890836890564	S	n193;26;n225;30;n226;31
0.8595667981202416	E	n173;24
0.8744851348059081	E	n225;30
0.8886476591442899	S	n206;29;n237;32;n238;33
0.8931383056426142	E	n237;32
0.915456583677902	S	n226;31;n249;34;n250;35
0.9163002425948975	E	n238;33
0.9275903159912018	E	n249;34
0.9805992605924941	E	n250;35
