TIME	EVENT	NODES
0.23766717195168605	O	n18
0.23892462888085989	E	n18;1
