TIME	EVENT	NODES
0.2431059018518328	O	n12
0.32090036940607464	S	n12;1;n33;2;n34;3
0.38805050801579005	E	n34;3
0.42854301057533273	S	n33;2;n73;4;n74;5
0.4956791982998115	E	n74;5
0.6575623711300396	E	n73;4
