TIME	EVENT	NODES
0.3986501248605278	O	n60
0.4423483705727157	S	n60;1;n77;2;n78;3
0.477908856756897	E	n78;3
0.4927173369477565	E	n77;2
