TIME	EVENT	NODES
0.468478894224741	O	n78
0.477908856756897	E	n78;1
