TIME	EVENT	NODES
0.49973230301338933	O	n80
0.5554720027437821	S	n80;1;n95;2;n96;3
0.6297818420944018	E	n96;3
0.8152598931994061	S	n95;2;n207;4;n208;5
0.833616160872077	E	n208;5
0.8497501771795928	E	n207;4
