TIME	EVENT	NODES
0.6064815374035057	O	n96
0.6297818420944018	E	n96;1
