TIME	EVENT	NODES
0.6102354622483369	O	n105
0.7109290296217277	E	n105;1
