TIME	EVENT	NODES
0.674258533160316	O	n128
0.7210277529225892	E	n128;1
