TIME	EVENT	NODES
0.6810877832224427	O	n128
0.7210277529225892	E	n128;1
