TIME	EVENT	NODES
0.7117157435416385	O	n142
0.7201554690914358	E	n142;1
