TIME	EVENT	NODES
0.7564019748131889	O	n165
0.7579531713527351	E	n165;1
