TIME	EVENT	NODES
0.7571922721449752	O	n160
0.7597303949778592	S	n160;1;n167;2;n168;3
0.8164044470765601	E	n167;2
0.9437743069310279	E	n168;3
