TIME	EVENT	NODES
0.8137888577449718	O	n158
0.9334468700033874	E	n158;1
