TIME	EVENT	NODES
0.8351873723969263	O	n201
0.8460015102603748	S	n201;1;n219;2;n220;3
0.8825998228348834	S	n219;2;n231;4;n232;5
0.921954449245773	S	n231;4;n253;6;n254;7
0.9262180312867804	E	n232;5
0.9331189763794548	S	n253;6;n261;8;n262;9
0.9382537776095115	S	n254;7;n263;10;n264;11
0.9453738548637767	E	n263;10
0.9486013636009557	S	n261;8;n267;12;n268;13
0.9598159582018603	S	n220;3;n273;14;n274;15
0.9621233290640864	S	n262;9;n277;16;n278;17
0.9689023525530531	S	n273;14;n279;18;n280;19
0.971640391490068	S	n279;18;n281;20;n282;21
0.9774128112905862	E	n264;11
0.9782820672828565	I	n281;20
0.983455035698425	E	n268;13
0.9838251299642106	E	n267;12
0.9866315391651298	S	n282;21;n291;22;n292;23
0.993707679202344	S	n291;22;n299;24;n300;25
0.998644442566671	E	n281;20
1.0	F	n300;25
1.0	F	n277;16
1.0	F	n299;24
1.0	F	n280;19
1.0	F	n292;23
1.0	F	n278;17
1.0	F	n274;15
