TIME	EVENT	NODES
0.8788401266667547	O	n228
0.9814100407416381	E	n228;1
