TIME	EVENT	NODES
0.8876410403110896	O	n206
0.8886476591442899	S	n206;1;n237;2;n238;3
0.8931383056426142	E	n237;2
0.9163002425948975	E	n238;3
