TIME	EVENT	NODES
0.9131227192530637	O	n247
0.9851301504358597	E	n247;1
