TIME	EVENT	NODES
0.9159936678257569	O	n240
0.9171440668508187	S	n240;1;n251;2;n252;3
0.9711027875363744	E	n252;3
1.0	F	n251;2
