TIME	EVENT	NODES
0.9246660371147032	O	n228
0.9814100407416381	E	n228;1
