TIME	EVENT	NODES
0.926209585473819	O	n250
0.9805992605924941	E	n250;1
