TIME	EVENT	NODES
0.9592832146198766	O	n268
0.983455035698425	E	n268;1
