TIME	EVENT	NODES
0.10196062187619877	O	n8
0.1307468573352167	E	n8;1
