TIME	EVENT	NODES
0.16182202518474773	O	n9
0.1969107897114663	E	n9;1
