TIME	EVENT	NODES
0.18996725617818158	O	n9
0.1969107897114663	E	n9;1
