TIME	EVENT	NODES
0.2916280405057773	O	n28
0.32904946939963037	E	n28;1
