TIME	EVENT	NODES
0.32168479525349475	O	n28
0.32904946939963037	E	n28;1
