TIME	EVENT	NODES
0.36604326044865904	O	n45
0.43048184675792817	E	n45;1
