TIME	EVENT	NODES
0.3809072963660859	O	n46
0.4066753845391696	E	n46;1
