TIME	EVENT	NODES
0.5129042299865392	O	n84
0.5322172744577628	E	n84;1
