TIME	EVENT	NODES
0.5507957477657819	O	n87
0.5979031078146738	E	n87;1
