TIME	EVENT	NODES
0.6232802105565795	O	n73
0.6575623711300396	E	n73;1
