TIME	EVENT	NODES
0.6258300161745524	O	n95
0.8152598931994061	S	n95;1;n207;2;n208;3
0.833616160872077	E	n208;3
0.8497501771795928	E	n207;2
