TIME	EVENT	NODES
0.7216082150982721	O	n120
0.7701743730769628	S	n120;1;n175;2;n176;3
0.7722887411826787	S	n175;2;n177;4;n178;5
0.7745798703701913	E	n176;3
0.8348346185515035	E	n178;5
0.8462038436727194	E	n177;4
