TIME	EVENT	NODES
0.760804825292828	O	n167
0.8164044470765601	E	n167;1
