TIME	EVENT	NODES
0.7720274817286928	O	n144
0.7803804726594089	E	n144;1
