TIME	EVENT	NODES
0.7748991222173325	O	n179
0.7767487400746069	S	n179;1;n181;2;n182;3
0.7978498612135019	E	n182;3
0.8613693014894844	E	n181;2
