TIME	EVENT	NODES
0.8272714223799497	O	n209
0.8980060272048759	S	n209;1;n243;2;n244;3
0.927312365914823	E	n243;2
1.0	F	n244;3
