TIME	EVENT	NODES
0.8485792316165522	O	n195
0.8517224027933125	S	n195;1;n223;2;n224;3
0.8903456152832875	E	n224;3
0.9835716504478796	E	n223;2
