TIME	EVENT	NODES
0.8700405512819094	O	n145
0.8813881991268552	E	n145;1
