TIME	EVENT	NODES
0.8721685135270378	O	n225
0.8744851348059081	E	n225;1
