TIME	EVENT	NODES
0.9570483049426988	O	n258
0.9732173865347189	E	n258;1
