TIME	EVENT	NODES
0.9805491489010371	O	n283
0.9826208035981886	S	n283;1;n287;2;n288;3
0.9854537340418459	S	n288;3;n289;4;n290;5
1.0	F	n287;2
1.0	F	n289;4
1.0	F	n290;5
